{"ID": 2, "inference time": [15.146638631820679, 0.08527755737304688, 0.08307838439941406, 0.1244051456451416, 0.08387160301208496, 0.08521795272827148, 0.12338590621948242, 0.0834805965423584, 0.08655619621276855, 0.2432117462158203, 0.09186863899230957, 0.1155850887298584, 0.138336181640625, 0.08005332946777344, 0.10719633102416992, 0.11913442611694336, 0.0903313159942627, 0.12232661247253418, 0.13459038734436035, 0.08799219131469727, 0.10718202590942383, 0.16109943389892578, 0.08431720733642578, 0.11070585250854492, 0.13469648361206055, 0.09476232528686523, 0.1118001937866211, 0.14757132530212402, 0.08499956130981445, 0.11169958114624023, 0.15643763542175293, 0.09182119369506836, 0.11026406288146973, 0.14954161643981934, 0.09508895874023438, 0.11209368705749512, 0.15477371215820312, 0.08638739585876465, 0.11408400535583496, 0.1534423828125, 0.08663606643676758, 0.11241269111633301, 0.15445876121520996, 0.08779764175415039, 0.10843229293823242, 0.17701244354248047, 0.08498406410217285, 0.11873149871826172, 0.13544750213623047, 0.08826088905334473, 0.12520289421081543, 0.13764667510986328, 0.09502744674682617, 0.12154173851013184, 0.12249612808227539, 0.09411478042602539, 0.11990571022033691, 0.12249231338500977, 0.09914755821228027, 0.11628389358520508, 0.12025904655456543, 0.13155055046081543, 0.11750173568725586, 0.1320958137512207, 0.12606573104858398, 0.11811065673828125, 0.14005088806152344, 0.11601901054382324, 0.11209535598754883, 0.139082670211792, 0.12967991828918457, 0.13606929779052734, 0.1369490623474121, 0.11863231658935547, 0.13652801513671875, 0.1169435977935791, 0.10555839538574219, 0.1338789463043213, 0.09970450401306152, 0.09272933006286621, 0.13267040252685547, 0.11741065979003906, 0.10114431381225586, 0.1341402530670166, 0.09425520896911621, 0.09173011779785156, 0.14589524269104004, 0.09232831001281738, 0.0884559154510498, 0.1422278881072998, 0.1223146915435791, 0.0965888500213623, 0.14289379119873047, 0.09249567985534668, 0.09115457534790039, 0.13742995262145996, 0.09329748153686523, 0.09409809112548828, 0.1333751678466797, 0.09908604621887207, 0.08875012397766113, 0.1446857452392578, 0.09599065780639648, 0.09578704833984375, 0.1484830379486084, 0.10327386856079102, 0.08790969848632812, 0.14246034622192383, 0.11373448371887207, 0.09157776832580566, 0.15000367164611816, 0.1018824577331543, 0.09571385383605957, 0.12989068031311035, 0.09388184547424316, 0.0900733470916748, 0.1408829689025879, 0.09483551979064941, 0.09524059295654297, 0.14101696014404297, 0.09772133827209473, 0.09746599197387695, 0.14110469818115234, 0.07936501502990723, 0.09367656707763672, 0.12050604820251465, 0.10426044464111328, 0.09459567070007324, 0.14713430404663086, 0.09654688835144043, 0.09777975082397461, 0.13728713989257812, 0.09581112861633301, 0.09639310836791992, 0.1360640525817871, 0.10008859634399414, 0.08588457107543945, 0.12417793273925781, 0.09296917915344238, 0.09092307090759277, 0.13782763481140137, 0.09521985054016113, 0.09749722480773926, 0.13414716720581055, 0.09331107139587402, 0.09453368186950684, 0.13735699653625488, 0.08561182022094727, 0.08656930923461914, 0.1314706802368164, 0.08890938758850098, 0.08256125450134277, 0.1348114013671875, 0.11205863952636719, 0.09110116958618164, 0.14841437339782715, 0.08854460716247559, 0.08977484703063965, 0.13240289688110352, 0.08472347259521484, 0.0883939266204834, 0.1406722068786621, 0.09091663360595703, 0.0842437744140625, 0.12474799156188965, 0.0827786922454834, 0.09141349792480469, 0.13637185096740723, 0.08912277221679688, 0.09379291534423828, 0.13417482376098633, 0.09064292907714844, 0.09206056594848633, 0.13548970222473145, 0.08718132972717285, 0.09400510787963867, 0.13283419609069824, 0.09656691551208496, 0.09303760528564453, 0.131819486618042, 0.08960485458374023, 0.09724545478820801, 0.1400589942932129, 0.09154295921325684, 0.09453296661376953, 0.13156604766845703, 0.09540033340454102, 0.09369635581970215, 0.13033485412597656, 0.08441543579101562, 0.0915224552154541, 0.1315469741821289, 0.08833479881286621, 0.09377503395080566, 0.13913440704345703, 0.0782783031463623, 0.09484171867370605, 0.13901448249816895, 0.0948326587677002, 0.09417247772216797, 0.13433218002319336, 0.08252072334289551, 0.07940030097961426, 0.13204216957092285, 0.09082317352294922, 0.09441757202148438, 0.12182283401489258, 0.08365797996520996, 0.08605527877807617, 0.12767243385314941, 0.09173059463500977, 0.09108209609985352, 0.12509369850158691, 0.07835841178894043, 0.0841829776763916, 0.12693428993225098, 0.09926795959472656, 0.08049798011779785, 0.12549805641174316, 0.09872245788574219, 0.08401250839233398, 0.12910127639770508, 0.09006023406982422, 0.08154654502868652, 0.13557934761047363, 0.08191847801208496, 0.09748530387878418, 0.13211703300476074, 0.08112716674804688, 0.09640383720397949, 0.13198447227478027, 0.09233736991882324, 0.08721542358398438, 0.12259316444396973, 0.08150291442871094, 0.07956624031066895, 0.12138533592224121, 0.07961869239807129, 0.07834792137145996, 0.12277412414550781, 0.0834038257598877, 0.0748131275177002, 0.1380784511566162, 0.09663629531860352, 0.09324789047241211, 0.13699769973754883, 0.08748626708984375, 0.09308099746704102, 0.1241612434387207, 0.08762240409851074, 0.08098959922790527, 0.13818025588989258, 0.10461664199829102, 0.09593510627746582, 0.13132500648498535, 0.08962082862854004, 0.09690332412719727, 0.14079618453979492, 0.08594655990600586, 0.08795285224914551, 0.14168667793273926, 0.07785296440124512, 0.09239459037780762, 0.12902140617370605, 0.12429928779602051, 0.08628630638122559, 0.12656307220458984, 0.10714983940124512, 0.09623575210571289, 0.15772652626037598, 0.09596419334411621, 0.0917062759399414, 0.14214158058166504, 0.09470939636230469, 0.10770845413208008, 0.1252732276916504, 0.08306074142456055, 0.08972811698913574, 0.1203150749206543, 0.08772945404052734, 0.07296061515808105, 0.12334370613098145, 0.08912205696105957, 0.09178805351257324, 0.1232292652130127, 0.09392714500427246, 0.07964205741882324, 0.1260828971862793, 0.08636617660522461, 0.09712934494018555, 0.13617944717407227, 0.09214258193969727, 0.09934592247009277, 0.12825942039489746, 0.09125065803527832, 0.08279991149902344, 0.1293497085571289, 0.09316778182983398, 0.09340620040893555, 0.13525986671447754, 0.08072686195373535, 0.09458661079406738, 0.1249842643737793, 0.09181475639343262, 0.08958745002746582, 0.12710213661193848, 0.08029532432556152, 0.08701705932617188, 0.13692688941955566, 0.08755755424499512, 0.07849001884460449, 0.12142539024353027, 0.09231805801391602, 0.09688568115234375, 0.13115549087524414, 0.08175086975097656, 0.09294295310974121, 0.12574052810668945, 0.08125782012939453, 0.07330679893493652, 0.13422060012817383, 0.08719539642333984, 0.07591652870178223, 0.1280803680419922, 0.0914757251739502, 0.09288763999938965, 0.13023686408996582, 0.08898091316223145, 0.09672856330871582, 0.13233160972595215, 0.08814382553100586, 0.0956573486328125, 0.12948989868164062, 0.08032774925231934, 0.09211421012878418, 0.1326901912689209, 0.08712649345397949, 0.09664177894592285, 0.14154601097106934, 0.08545732498168945, 0.09718799591064453, 0.1275959014892578, 0.08934736251831055, 0.09041142463684082, 0.13660645484924316, 0.08288240432739258, 0.09402179718017578, 0.12636661529541016, 0.08062362670898438, 0.08209395408630371, 0.13031339645385742, 0.0930023193359375, 0.09511351585388184, 0.1360170841217041, 0.09245157241821289, 0.09373974800109863, 0.13364863395690918, 0.09602022171020508, 0.09566950798034668, 0.12733960151672363, 0.08341860771179199, 0.09636497497558594, 0.12517929077148438, 0.09758806228637695, 0.0972132682800293, 0.14062714576721191, 0.08860063552856445, 0.0999307632446289, 0.13120269775390625, 0.0912318229675293, 0.09119772911071777, 0.13667011260986328, 0.08306241035461426, 0.0862724781036377, 0.12521767616271973, 0.09700894355773926, 0.08782124519348145, 0.13002228736877441, 0.09410977363586426, 0.09554076194763184, 0.13087892532348633, 0.08829951286315918, 