{"ID": 6, "inference time": [0.27843332290649414, 0.28511810302734375, 0.2870950698852539, 0.280642032623291, 0.26272106170654297, 0.25530409812927246, 0.2397303581237793, 0.2685239315032959, 0.24390554428100586, 0.24677467346191406, 0.25084400177001953, 0.2576558589935303, 0.2552449703216553, 0.27857303619384766, 0.26323652267456055, 0.292539119720459, 0.2880573272705078, 0.2946181297302246, 0.28376054763793945, 0.2958686351776123, 0.32527804374694824, 0.32293033599853516, 0.4276242256164551, 0.40894126892089844, 0.4182004928588867, 0.4333195686340332, 0.4672560691833496, 0.4665203094482422, 0.44985222816467285, 0.3572690486907959, 0.2743549346923828, 0.19310355186462402, 0.21615242958068848, 0.24535584449768066, 0.22467827796936035, 0.2195594310760498, 0.2025609016418457, 0.25298261642456055, 0.23593497276306152, 0.25029969215393066, 0.22579312324523926, 0.24186086654663086, 0.22989845275878906, 0.26358485221862793, 0.22886872291564941, 0.23792815208435059, 0.23975515365600586, 0.2008647918701172, 0.256528377532959, 0.23225665092468262, 0.2512061595916748, 0.22667479515075684, 0.20617961883544922, 0.2332465648651123, 0.23069047927856445, 0.26444077491760254, 0.2170097827911377, 0.21653246879577637, 0.21233582496643066, 0.22527217864990234, 0.19815993309020996, 0.24795031547546387, 0.2115180492401123, 0.22662639617919922, 0.20644402503967285, 0.23268604278564453, 0.2212378978729248, 0.2179720401763916, 0.22409701347351074, 0.2427222728729248, 0.2848238945007324, 0.23037004470825195, 0.26172757148742676, 0.23203134536743164, 0.21797657012939453, 0.288388729095459, 0.24831271171569824, 0.2121596336364746, 0.2259984016418457, 0.22057747840881348, 0.26509690284729004, 0.2291097640991211, 0.24123287200927734, 0.25501489639282227, 0.2357468605041504, 0.24517488479614258, 0.22019743919372559, 0.19931626319885254, 0.22739744186401367, 0.23472285270690918, 0.23347878456115723, 0.21564364433288574, 0.2543964385986328, 0.2232980728149414, 0.2910776138305664, 0.3007948398590088, 0.2849843502044678, 0.24850201606750488, 0.23305344581604004, 0.23035812377929688, 0.24669408798217773, 0.25435400009155273, 0.2552528381347656, 0.22806119918823242, 0.22389006614685059, 0.22251081466674805, 0.2317354679107666, 0.2258007526397705, 0.2552001476287842, 0.2976415157318115, 0.28117990493774414, 0.26131391525268555, 0.27225327491760254, 0.26140570640563965, 0.2610774040222168, 0.24960684776306152, 0.27759265899658203, 0.24142050743103027, 0.23820924758911133, 0.25574564933776855, 0.24893975257873535, 0.22340655326843262, 0.2764272689819336, 0.27887511253356934, 0.2622253894805908, 0.24414920806884766, 0.24332571029663086, 0.2549769878387451, 0.2589414119720459, 0.26494932174682617, 0.2590460777282715, 0.25188207626342773, 0.24335575103759766, 0.27997875213623047, 0.26821088790893555, 0.2866857051849365, 0.2707531452178955, 0.2470870018005371, 0.24884366989135742, 0.26214075088500977, 0.2579007148742676, 0.2454204559326172, 0.24165654182434082, 0.2391362190246582, 0.23665571212768555, 0.24423742294311523, 0.300506591796875, 0.35648274421691895, 0.39688563346862793, 0.3919222354888916, 0.24659419059753418, 0.19450664520263672, 0.23181819915771484, 0.21704483032226562, 0.20460796356201172, 0.24832415580749512, 0.2608449459075928, 0.25883054733276367, 0.23775696754455566, 0.254777193069458, 0.22832632064819336, 0.26538944244384766, 0.26314640045166016, 0.2739284038543701, 0.3142409324645996, 0.3382420539855957, 0.23445439338684082, 0.2224440574645996, 0.19768905639648438, 0.19428682327270508, 0.20493626594543457, 0.281113862991333, 0.36536455154418945, 0.4425954818725586, 0.45235395431518555, 0.4160184860229492, 0.2118213176727295, 0.19597816467285156, 0.21935820579528809, 0.24962353706359863, 0.2618720531463623, 0.24819469451904297, 0.22159337997436523, 0.20870447158813477, 0.2243032455444336, 0.29509496688842773, 0.2511861324310303, 0.21523046493530273, 0.2897975444793701, 0.2468271255493164, 0.2325427532196045, 0.27493834495544434, 0.24925661087036133, 0.314103364944458, 0.38491320610046387, 0.40869569778442383, 0.4214043617248535, 0.3002033233642578, 0.21433615684509277, 0.19519424438476562, 0.23496174812316895, 0.32296133041381836, 0.4459500312805176, 0.47519779205322266, 0.42037272453308105, 0.43325257301330566, 0.27556586265563965, 0.19071745872497559, 0.21497106552124023, 0.271975040435791, 0.28841280937194824, 0.29662156105041504, 0.26310229301452637, 0.2398357391357422, 0.20715546607971191, 0.23387408256530762, 0.22080469131469727, 0.23284626007080078, 0.20962023735046387, 0.22217249870300293, 0.23996543884277344, 0.2234210968017578, 0.22190356254577637, 0.2641026973724365, 0.24770045280456543, 0.256270170211792, 0.2563498020172119, 0.23453378677368164, 0.22511720657348633, 0.2531929016113281, 0.29901695251464844, 0.2637326717376709, 0.2208261489868164, 0.23156356811523438, 0.23360753059387207, 0.22063517570495605, 0.25543975830078125, 0.2674422264099121, 0.2678697109222412, 0.2516505718231201, 0.2185380458831787, 0.2632877826690674, 0.23974967002868652, 0.2138512134552002, 0.22885489463806152, 0.24202561378479004, 0.2220144271850586, 0.2075357437133789, 0.2294003963470459, 0.2630143165588379, 0.274399995803833, 0.2384505271911621, 0.2095661163330078, 0.20100879669189453, 0.2538154125213623, 0.24996328353881836, 0.24428200721740723, 0.21878337860107422, 0.26525330543518066, 0.24879884719848633, 0.2437760829925537, 0.23166155815124512, 0.24908065795898438, 0.23830437660217285, 0.24791193008422852, 0.20540308952331543, 0.24222373962402344, 0.2323017120361328, 0.2772407531738281, 0.2497572898864746, 0.22065138816833496, 0.24026107788085938, 0.23352575302124023, 0.24375677108764648, 0.2466292381286621, 0.22307515144348145, 0.23661112785339355, 0.2564852237701416, 0.2868797779083252, 0.22643327713012695, 0.252178430557251, 0.2777988910675049, 0.29212331771850586, 0.27192115783691406, 0.2510206699371338, 0.20731687545776367, 0.22226762771606445, 0.2512023448944092, 0.25284504890441895, 0.27538228034973145, 0.2415769100189209, 0.30686068534851074, 0.3769052028656006, 0.40175366401672363, 0.42464327812194824, 0.42703700065612793, 0.4474196434020996, 0.42989134788513184, 0.4044184684753418, 0.26229023933410645, 0.19231200218200684, 0.2171027660369873, 0.2942798137664795, 0.38356947898864746, 0.42230892181396484, 0.39960598945617676, 0.39366960525512695, 0.43529844284057617, 0.45023608207702637, 0.44011521339416504, 0.4154958724975586, 0.4031031131744385, 0.43637776374816895, 0.4305574893951416, 0.4034421443939209, 0.4297149181365967, 0.47161364555358887, 0.47088050842285156, 0.47600746154785156, 0.4607505798339844, 0.434950590133667, 0.3865981101989746, 0.4093437194824219, 0.44045019149780273, 0.46665024757385254, 0.4332263469696045, 0.4118647575378418, 0.4184749126434326, 0.40410614013671875, 0.32543444633483887, 0.19067049026489258, 0.2056117057800293, 0.2680518627166748, 0.3193848133087158, 0.395277738571167, 0.4174802303314209, 0.4327220916748047, 0.4253723621368408, 0.4344165325164795, 0.45986032485961914, 0.44637441635131836, 0.42694640159606934, 0.4290432929992676, 0.4125187397003174, 0.4068260192871094, 0.43929386138916016, 0.43218064308166504, 0.4145817756652832, 0.45386409759521484, 0.4447963237762451, 0.44471168518066406, 0.4248483180999756, 0.42670249938964844, 0.2853083610534668, 0.2117302417755127, 0.20418405532836914, 0.27300357818603516, 0.3760039806365967, 0.42833685874938965, 0.4232447147369385, 0.41181516647338867, 0.2790660858154297, 0.18488502502441406, 0.22608375549316406, 0.2915222644805908, 0.3816859722137451, 0.43220043182373047, 0.4327218532562256, 0.4220566749572754, 0.26102709770202637, 0.19576740264892578, 0.20719385147094727, 0.22748398780822754, 0.338134765625, 0.2349255084991455, 0.20685100555419922, 0.2968170642852783, 0.3707127571105957, 0.39945363998413086, 0.41707921028137207, 0.3999602794647217, 0.2093491554260254, 0.19463038444519043, 0.24720978736877441, 0.3095262050628662, 0.32434582710266113, 0.3343045711517334, 0.34041357040405273, 