{"ID": 6, "inference time": [15.209035158157349, 0.13704943656921387, 0.09201431274414062, 0.13716506958007812, 0.10089707374572754, 0.09798574447631836, 0.14753937721252441, 0.28953099250793457, 0.12597870826721191, 0.1589221954345703, 0.11672711372375488, 0.11096048355102539, 0.15252923965454102, 0.11153960227966309, 0.1102590560913086, 0.1536576747894287, 0.12816834449768066, 0.11187529563903809, 0.15569782257080078, 0.11994004249572754, 0.10691571235656738, 0.16190314292907715, 0.10951709747314453, 0.10602784156799316, 0.15572094917297363, 0.1273958683013916, 0.10632538795471191, 0.15591049194335938, 0.11163020133972168, 0.10737442970275879, 0.15992140769958496, 0.1191258430480957, 0.10898089408874512, 0.15832805633544922, 0.10162901878356934, 0.11058402061462402, 0.16292476654052734, 0.11818051338195801, 0.11389327049255371, 0.1571660041809082, 0.1125020980834961, 0.11223244667053223, 0.1604480743408203, 0.11591339111328125, 0.11105060577392578, 0.15489983558654785, 0.11572766304016113, 0.10829663276672363, 0.1589219570159912, 0.10752010345458984, 0.11531591415405273, 0.16245245933532715, 0.11507964134216309, 0.10820460319519043, 0.16611504554748535, 0.12872314453125, 0.11060810089111328, 0.16234374046325684, 0.12176656723022461, 0.11111831665039062, 0.16311287879943848, 0.12147879600524902, 0.10657525062561035, 0.15322041511535645, 0.1255970001220703, 0.10757780075073242, 0.15856003761291504, 0.10516238212585449, 0.10567045211791992, 0.16167640686035156, 0.13111591339111328, 0.11174750328063965, 0.16271281242370605, 0.10965895652770996, 0.1139824390411377, 0.16266512870788574, 0.14639711380004883, 0.10691404342651367, 0.1638352870941162, 0.11506199836730957, 0.10850691795349121, 0.16370606422424316, 0.11246037483215332, 0.10901498794555664, 0.17055130004882812, 0.15503597259521484, 0.1153268814086914, 0.15643954277038574, 0.12902045249938965, 0.11341619491577148, 0.16478919982910156, 0.12762093544006348, 0.11696958541870117, 0.16684722900390625, 0.12217450141906738, 0.11386942863464355, 0.1646718978881836, 0.10771751403808594, 0.11060237884521484, 0.15694117546081543, 0.09743976593017578, 0.11303544044494629, 0.1652088165283203, 0.10717344284057617, 0.11183691024780273, 0.1672840118408203, 0.12551069259643555, 0.1060953140258789, 0.1682898998260498, 0.12335586547851562, 0.10781693458557129, 0.16426753997802734, 0.10544586181640625, 0.1091151237487793, 0.16226410865783691, 0.1123816967010498, 0.10502457618713379, 0.1718144416809082, 0.12322592735290527, 0.10914158821105957, 0.16479754447937012, 0.11409759521484375, 0.10905742645263672, 0.16657066345214844, 0.11277556419372559, 0.10959458351135254, 0.16524577140808105, 0.12664389610290527, 0.10616755485534668, 0.16652178764343262, 0.10600805282592773, 0.10729289054870605, 0.1662147045135498, 0.11241459846496582, 0.10896635055541992, 0.17138051986694336, 0.11648273468017578, 0.10568547248840332, 0.1661820411682129, 0.1180105209350586, 0.1081380844116211, 0.16103696823120117, 0.11654281616210938, 0.11052060127258301, 0.16645240783691406, 0.11346650123596191, 0.10574173927307129, 0.16970610618591309, 0.11312031745910645, 0.10960221290588379, 0.16613054275512695, 0.11339092254638672, 0.11144423484802246, 0.17384910583496094, 0.10834527015686035, 0.11149096488952637, 0.171644926071167, 0.11751937866210938, 0.10564398765563965, 0.1681199073791504, 0.11052179336547852, 0.10892057418823242, 0.17030835151672363, 0.1126713752746582, 0.1073005199432373, 0.17170214653015137, 0.10759162902832031, 0.10968136787414551, 0.16838860511779785, 0.1140909194946289, 0.11134815216064453, 0.16847872734069824, 0.11311483383178711, 0.10599446296691895, 0.168562650680542, 0.11227607727050781, 0.10555863380432129, 0.17317438125610352, 0.10962724685668945, 0.10952877998352051, 0.1704416275024414, 0.11881709098815918, 0.10479164123535156, 0.16814231872558594, 0.12175297737121582, 0.10501790046691895, 0.171006441116333, 0.1197967529296875, 0.10845947265625, 0.17279338836669922, 0.11215925216674805, 0.10855340957641602, 0.17887163162231445, 0.12117600440979004, 0.11177587509155273, 0.18184566497802734, 0.12330937385559082, 0.11501193046569824, 0.17072796821594238, 0.10605573654174805, 0.10615205764770508, 0.16379666328430176, 0.12343668937683105, 0.11379694938659668, 0.17603588104248047, 0.11425018310546875, 0.1111440658569336, 0.17185592651367188, 0.12445306777954102, 0.11041688919067383, 0.17860889434814453, 0.12231636047363281, 0.11506199836730957, 0.1713249683380127, 0.1174159049987793, 0.10634469985961914, 0.17126083374023438, 0.12283110618591309, 0.10695409774780273, 0.17208170890808105, 0.10923600196838379, 0.11010098457336426, 0.17232966423034668, 0.12437820434570312, 0.10663223266601562, 0.1739954948425293, 0.1272449493408203, 0.10922551155090332, 0.17505359649658203, 0.12760114669799805, 0.1119084358215332, 0.17998266220092773, 0.12411093711853027, 0.1227724552154541, 0.1796581745147705, 0.12881731986999512, 0.11356949806213379, 0.17114758491516113, 0.12786459922790527, 0.11152005195617676, 0.17348551750183105, 0.12305641174316406, 0.11450481414794922, 0.17313838005065918, 0.11487555503845215, 0.10804152488708496, 0.17386627197265625, 0.12218070030212402, 0.1102743148803711, 0.17480731010437012, 0.13110828399658203, 0.10825347900390625, 0.1751246452331543, 0.1270885467529297, 0.1093752384185791, 0.17633676528930664, 0.12743616104125977, 0.11192822456359863, 0.17579174041748047, 0.14193177223205566, 0.1143031120300293, 0.17511296272277832, 0.12642955780029297, 0.11199021339416504, 0.17555499076843262, 0.1186983585357666, 0.11078810691833496, 0.1748354434967041, 0.12592434883117676, 0.11142516136169434, 0.17796802520751953, 0.12734580039978027, 0.11249566078186035, 0.17597460746765137, 0.12739300727844238, 0.11045956611633301, 0.17635655403137207, 0.13138890266418457, 0.11080169677734375, 0.17531561851501465, 0.1297314167022705, 0.11021208763122559, 0.1750330924987793, 0.1302332878112793, 0.11154651641845703, 0.17626690864562988, 0.1529712677001953, 0.11217451095581055, 0.17559456825256348, 0.15641021728515625, 0.11494112014770508, 0.1773078441619873, 0.13808417320251465, 0.11000537872314453, 0.16990017890930176, 0.14499783515930176, 0.11067605018615723, 0.17549872398376465, 0.12723922729492188, 0.11041545867919922, 0.17356562614440918, 0.13708949089050293, 0.11081910133361816, 0.17668557167053223, 0.12879014015197754, 0.1114664077758789, 0.17697501182556152, 0.14267444610595703, 0.11228537559509277, 0.18364548683166504, 0.13125014305114746, 0.1143789291381836, 0.18068289756774902, 0.15344715118408203, 0.11039018630981445, 0.1788618564605713, 0.1356673240661621, 0.11952447891235352, 0.18635797500610352, 0.1417083740234375, 0.11156845092773438, 0.18625640869140625, 0.14484357833862305, 0.11499547958374023, 0.17565703392028809, 0.13319063186645508, 0.1120753288269043, 0.17771315574645996, 0.1411433219909668, 0.1118321418762207, 0.17705202102661133, 0.14709234237670898, 0.11087322235107422, 0.17666077613830566, 0.1444392204284668, 0.11167192459106445, 0.1758561134338379, 0.1486339569091797, 0.11678218841552734, 0.18701744079589844, 0.14954376220703125, 0.1198267936706543, 0.18323445320129395, 0.16386651992797852, 0.11347126960754395, 0.17886066436767578, 0.1365962028503418, 0.1081233024597168, 0.1775801181793213, 0.15478992462158203, 0.11109161376953125, 0.1777820587158203, 0.15593338012695312, 0.11535501480102539, 0.1783440113067627, 0.1538705825805664, 0.1157844066619873, 0.17957758903503418, 0.1522202491760254, 0.11406755447387695, 0.17914128303527832, 0.15488862991333008, 0.11254405975341797, 0.1791517734527588, 0.15096449851989746, 0.11262798309326172, 0.17773652076721191, 0.1459190845489502, 0.11655163764953613, 0.1851205825805664, 0.14441657066345215, 0.11386322975158691, 0.1844649314880371, 0.1538681983947754, 0.11782646179199219, 0.17784333229064941, 0.1558399200439453, 0.11266231536865234, 0.17847824096679688, 0.15070033073425293, 0.11455965042114258, 0.1771705150604248, 0.15409493446350098, 