{"ID": 0, "inference time": [11.945476531982422, 0.06684708595275879, 0.07567095756530762, 0.08036160469055176, 0.08164596557617188, 0.0799245834350586, 0.09546422958374023, 0.07889890670776367, 0.08617186546325684, 0.07431888580322266, 0.07442498207092285, 0.10107684135437012, 0.09470415115356445, 0.10639166831970215, 0.10851526260375977, 0.10285305976867676, 0.08995294570922852, 0.11675357818603516, 0.12157845497131348, 0.11388349533081055, 0.10651421546936035, 0.09715056419372559, 0.08719468116760254, 0.12258720397949219, 0.12105584144592285, 0.11177635192871094, 0.09784626960754395, 0.09505248069763184, 0.09352493286132812, 0.10625529289245605, 0.09043455123901367, 0.08509302139282227, 0.1049203872680664, 0.10045981407165527, 0.08390522003173828, 0.10318207740783691, 0.11104989051818848, 0.1056523323059082, 0.09512758255004883, 0.08696675300598145, 0.12339043617248535, 0.11912655830383301, 0.11916160583496094, 0.10869050025939941, 0.12220120429992676, 0.11768555641174316, 0.1157224178314209, 0.10912179946899414, 0.09586977958679199, 0.08945107460021973, 0.10224676132202148, 0.1182398796081543, 0.09267115592956543, 0.08481574058532715, 0.09373927116394043, 0.09591388702392578, 0.10242509841918945, 0.09360456466674805, 0.09392333030700684, 0.08542490005493164, 0.09304523468017578, 0.0853116512298584, 0.10853362083435059, 0.10803937911987305, 0.10080838203430176, 0.11029219627380371, 0.10935473442077637, 0.08713126182556152, 0.08321762084960938, 0.12403726577758789, 0.1245412826538086, 0.12121438980102539, 0.10322380065917969, 0.08914995193481445, 0.10768842697143555, 0.11225318908691406, 0.08492374420166016, 0.10560059547424316, 0.10342121124267578, 0.09931421279907227, 0.11178445816040039, 0.11373186111450195, 0.1117093563079834, 0.10805439949035645, 0.10678267478942871, 0.10287785530090332, 0.09878778457641602, 0.10815024375915527, 0.09184932708740234, 0.08164048194885254, 0.11038947105407715, 0.11786365509033203, 0.0994112491607666, 0.09876418113708496, 0.10941457748413086, 0.1206061840057373, 0.11065363883972168, 0.10123801231384277, 0.1163167953491211, 0.11656546592712402, 0.09627795219421387, 0.08546638488769531, 0.10523605346679688, 0.12304401397705078, 0.0923316478729248, 0.08326292037963867, 0.10530900955200195, 0.10795903205871582, 0.09596657752990723, 0.0971381664276123, 0.13003826141357422, 0.11131072044372559, 0.1254715919494629, 0.12483525276184082, 0.11302757263183594, 0.10897564888000488, 0.11179590225219727, 0.12235784530639648, 0.10382723808288574, 0.0806584358215332, 0.1115562915802002, 0.11711502075195312, 0.1018221378326416, 0.10088467597961426, 0.09278726577758789, 0.1118326187133789, 0.1094369888305664, 0.12029218673706055, 0.10760617256164551, 0.09391474723815918, 0.08927726745605469, 0.11648130416870117, 0.1007230281829834, 0.09363007545471191, 0.11829328536987305, 0.12798094749450684, 0.12395882606506348, 0.10709333419799805, 0.08628129959106445, 0.103118896484375, 0.12075471878051758, 0.09421873092651367, 0.09176349639892578, 0.11442255973815918, 0.1237483024597168, 0.0987708568572998, 0.10208702087402344, 0.12221384048461914, 0.11790204048156738, 0.10170769691467285, 0.08526086807250977, 0.11218023300170898, 0.10719943046569824, 0.09465360641479492, 0.08290553092956543, 0.10098481178283691, 0.11232233047485352, 0.09199857711791992, 0.10161137580871582, 0.11230134963989258, 0.09953832626342773, 0.0958397388458252, 0.11459040641784668, 0.11466431617736816, 0.10898494720458984, 0.0960228443145752, 0.12136697769165039, 0.12505292892456055, 0.11507058143615723, 0.10550785064697266, 0.11002349853515625, 0.10866594314575195, 0.09415435791015625, 0.0961611270904541, 0.12030291557312012, 0.12514162063598633, 0.09810256958007812, 0.09042763710021973, 0.10733246803283691, 0.11040115356445312, 0.09730744361877441, 0.0899810791015625, 0.11141109466552734, 0.11768794059753418, 0.1038055419921875, 0.09824657440185547, 0.08816003799438477, 0.09400081634521484, 0.11069130897521973, 0.11180925369262695, 0.09392976760864258, 0.08514571189880371, 0.11983513832092285, 0.12108230590820312, 0.12961339950561523, 0.11978983879089355, 0.11328887939453125, 0.12806153297424316, 0.13610172271728516, 0.13335847854614258, 0.125199556350708, 0.12104535102844238, 0.10923981666564941, 0.09180402755737305, 0.08791232109069824, 0.1050267219543457, 0.10722208023071289, 0.09052634239196777, 0.11688542366027832, 0.10793781280517578, 0.10134530067443848, 0.08676290512084961, 0.10979795455932617, 0.11789941787719727, 0.0956413745880127, 0.09594225883483887, 0.10698342323303223, 0.11700582504272461, 0.0926353931427002, 0.08929705619812012, 0.10448503494262695, 0.11010456085205078, 0.09860563278198242, 0.0918116569519043, 0.12099981307983398, 0.11561870574951172, 0.1231851577758789, 0.12146711349487305, 0.10845017433166504, 0.09145903587341309, 0.09572982788085938, 0.11487865447998047, 0.10365533828735352, 0.08667445182800293, 0.08688116073608398, 0.11291337013244629, 0.10833954811096191, 0.0894172191619873, 0.09531211853027344, 0.11411619186401367, 0.11197328567504883, 0.10489082336425781, 0.10659003257751465, 0.11491703987121582, 0.11301374435424805, 0.09377741813659668, 0.105712890625, 0.10148787498474121, 0.12203335762023926, 0.11010479927062988, 0.08399271965026855, 0.10621166229248047, 0.12124848365783691, 0.09774565696716309, 0.0890803337097168, 0.1168663501739502, 0.10466575622558594, 0.12387824058532715, 0.127824068069458, 0.12137031555175781, 0.1014707088470459, 0.09351634979248047, 0.11163330078125, 0.12426972389221191, 0.11819148063659668, 0.1294724941253662, 0.0946340560913086, 0.0926668643951416, 0.11498546600341797, 0.11777019500732422, 0.11498403549194336, 0.12108421325683594, 0.10353422164916992, 0.09913110733032227, 0.11922073364257812, 0.11043810844421387, 0.09806704521179199, 0.09369492530822754, 0.1170816421508789, 0.12305951118469238, 0.1114356517791748, 0.09627175331115723, 0.10242938995361328, 0.1192777156829834, 0.10666680335998535, 0.10547232627868652, 0.0901188850402832, 0.09900498390197754, 0.11908459663391113, 0.1211700439453125, 0.11539554595947266, 0.12248802185058594, 0.11310863494873047, 0.08354783058166504, 0.10560917854309082, 0.13318824768066406, 0.11159086227416992, 0.09789299964904785, 0.11687755584716797, 0.12614011764526367, 0.11594438552856445, 0.08599042892456055, 0.10392093658447266, 0.13222026824951172, 0.10347366333007812, 0.09798026084899902, 0.08104324340820312, 0.13129425048828125, 0.13666892051696777, 0.12197566032409668, 0.11112809181213379, 0.08889436721801758, 0.09893679618835449, 0.11715579032897949, 0.11236929893493652, 0.10599803924560547, 0.09752655029296875, 0.09797239303588867, 0.11828184127807617, 0.12086272239685059, 0.10428786277770996, 0.08289480209350586, 0.10725069046020508, 0.10931897163391113, 0.0915215015411377, 0.09328818321228027, 0.12253332138061523, 0.10487079620361328, 0.09134435653686523, 0.10870885848999023, 0.11599016189575195, 0.1177210807800293, 0.10448503494262695, 0.10116410255432129, 0.08751821517944336, 0.11753964424133301, 0.11139941215515137, 0.10577917098999023, 0.10842037200927734, 0.09789371490478516, 0.09037971496582031, 0.11254239082336426, 0.13051414489746094, 0.11494708061218262, 0.10413479804992676, 0.08066487312316895, 0.11040449142456055, 0.12439131736755371, 0.12567853927612305, 0.12183833122253418, 0.10848379135131836, 0.11279678344726562, 0.11270403861999512, 0.10526680946350098, 0.09175539016723633, 0.11788511276245117, 0.1100001335144043, 0.10810542106628418, 0.11145520210266113, 0.08697509765625, 0.11345362663269043, 0.11335468292236328, 0.09366106986999512, 0.0862271785736084, 0.11228084564208984, 0.12100458145141602, 0.11131644248962402, 0.11470675468444824, 0.0933074951171875, 0.11884117126464844, 0.12003326416015625, 0.1142420768737793, 0.11006522178649902, 0.11034107208251953, 0.08899235725402832, 0.10791325569152832, 0.10706353187561035, 0.1316525936126709, 0.11669683456420898, 0.1197824478149414, 0.13605117797851562, 0.12990188598632812, 