{"ID": 5, "inference time": [13.536745548248291, 0.12189888954162598, 0.11386442184448242, 0.09913468360900879, 0.11794376373291016, 0.13338780403137207, 0.13873553276062012, 0.1269524097442627, 0.11691975593566895, 0.08861851692199707, 0.10628414154052734, 0.11744904518127441, 0.11079287528991699, 0.09541440010070801, 0.09931254386901855, 0.12050151824951172, 0.11406278610229492, 0.09783029556274414, 0.1007533073425293, 0.1260538101196289, 0.1202402114868164, 0.1016242504119873, 0.0979459285736084, 0.1130063533782959, 0.11612892150878906, 0.10883164405822754, 0.11090707778930664, 0.08688855171203613, 0.12819743156433105, 0.14680171012878418, 0.11959409713745117, 0.10770106315612793, 0.1066586971282959, 0.13269925117492676, 0.12769651412963867, 0.14411258697509766, 0.1318824291229248, 0.12058234214782715, 0.11788153648376465, 0.1162562370300293, 0.11497926712036133, 0.11042284965515137, 0.09570598602294922, 0.11234426498413086, 0.12736201286315918, 0.12326502799987793, 0.11310434341430664, 0.10723185539245605, 0.09564757347106934, 0.10655617713928223, 0.11039328575134277, 0.10702300071716309, 0.10706806182861328, 0.11439108848571777, 0.11730742454528809, 0.12137627601623535, 0.1155233383178711, 0.11173295974731445, 0.1225581169128418, 0.1214907169342041, 0.1292104721069336, 0.1286470890045166, 0.11273837089538574, 0.1061251163482666, 0.1202235221862793, 0.1369011402130127, 0.12705039978027344, 0.12642526626586914, 0.12618494033813477, 0.11663508415222168, 0.12148165702819824, 0.10787653923034668, 0.1006155014038086, 0.12251663208007812, 0.11460113525390625, 0.11838555335998535, 0.11128783226013184, 0.10804867744445801, 0.11156582832336426, 0.10086989402770996, 0.10274672508239746, 0.10763216018676758, 0.09946870803833008, 0.11127090454101562, 0.10073995590209961, 0.0950615406036377, 0.11056399345397949, 0.1070404052734375, 0.09405970573425293, 0.09206080436706543, 0.13089752197265625, 0.12836694717407227, 0.12984299659729004, 0.10920977592468262, 0.10762691497802734, 0.12855839729309082, 0.1261303424835205, 0.12159490585327148, 0.11566829681396484, 0.12104344367980957, 0.10362005233764648, 0.10132551193237305, 0.12042498588562012, 0.1197974681854248, 0.10685896873474121, 0.11401748657226562, 0.09668612480163574, 0.10636544227600098, 0.13067007064819336, 0.11173272132873535, 0.10282444953918457, 0.10946106910705566, 0.1262054443359375, 0.13056659698486328, 0.1233673095703125, 0.11892509460449219, 0.1226799488067627, 0.10951042175292969, 0.0997316837310791, 0.12805509567260742, 0.12198877334594727, 0.13203215599060059, 0.12684178352355957, 0.15705060958862305, 0.12965941429138184, 0.1260225772857666, 0.12487196922302246, 0.10689663887023926, 0.08892440795898438, 0.12758803367614746, 0.12310194969177246, 0.12440872192382812, 0.12538504600524902, 0.10552740097045898, 0.10754179954528809, 0.1313779354095459, 0.10677647590637207, 0.10941696166992188, 0.12404870986938477, 0.12181854248046875, 0.12819695472717285, 0.13341498374938965, 0.12324810028076172, 0.12478494644165039, 0.11016345024108887, 0.09353232383728027, 0.12028217315673828, 0.12984061241149902, 0.12204885482788086, 0.11599063873291016, 0.09944915771484375, 0.1196444034576416, 0.12795758247375488, 0.11904406547546387, 0.09967398643493652, 0.12669873237609863, 0.12714743614196777, 0.1217336654663086, 0.12367534637451172, 0.12003850936889648, 0.11446571350097656, 0.13532376289367676, 0.12598109245300293, 0.12443995475769043, 0.1214914321899414, 0.10980105400085449, 0.10276913642883301, 0.1155855655670166, 0.1271495819091797, 0.1181643009185791, 0.13095951080322266, 0.12365603446960449, 0.11579084396362305, 0.1114194393157959, 0.10938072204589844, 0.09960103034973145, 0.0987858772277832, 0.11867046356201172, 0.12188458442687988, 0.12812209129333496, 0.12044072151184082, 0.10960102081298828, 0.09027266502380371, 0.11727166175842285, 0.1228179931640625, 0.10948872566223145, 0.10385012626647949, 0.10683703422546387, 0.11120033264160156, 0.11198949813842773, 0.1110231876373291, 0.10559320449829102, 0.10636043548583984, 0.11548089981079102, 0.1115121841430664, 0.1022346019744873, 0.10641193389892578, 0.10536456108093262, 0.1076514720916748, 0.10649728775024414, 0.09646058082580566, 0.10333776473999023, 0.10732722282409668, 0.11238431930541992, 0.09953856468200684, 0.10637497901916504, 0.10703468322753906, 0.10264134407043457, 0.10679340362548828, 0.11256647109985352, 0.10130524635314941, 0.10459327697753906, 0.10714459419250488, 0.09838438034057617, 0.10783672332763672, 0.10480093955993652, 0.1042625904083252, 0.11022543907165527, 0.11548471450805664, 0.11007905006408691, 0.0934300422668457, 0.09868359565734863, 0.12166333198547363, 0.12923073768615723, 0.10361361503601074, 0.1079721450805664, 0.12996315956115723, 0.12996864318847656, 0.13509821891784668, 0.12987375259399414, 0.11948823928833008, 0.135514497756958, 0.11826825141906738, 0.11925888061523438, 0.12565135955810547, 0.126420259475708, 0.1248774528503418, 0.10936093330383301, 0.09704136848449707, 0.1047050952911377, 0.12793612480163574, 0.1285240650177002, 0.12114143371582031, 0.1150510311126709, 0.10584568977355957, 0.11086225509643555, 0.13359832763671875, 0.1153249740600586, 0.14762568473815918, 0.11969590187072754, 0.12981963157653809, 0.12663912773132324, 0.12302350997924805, 0.09296774864196777, 0.10109949111938477, 0.12772250175476074, 0.12522482872009277, 0.11051654815673828, 0.09226155281066895, 0.12639999389648438, 0.11803340911865234, 0.09763002395629883, 0.09366822242736816, 0.12363648414611816, 0.12950730323791504, 0.11574721336364746, 0.10777831077575684, 0.11770153045654297, 0.10170459747314453, 0.11020064353942871, 0.12711787223815918, 0.12934231758117676, 0.09660649299621582, 0.1269540786743164, 0.13126063346862793, 0.12564706802368164, 0.1218717098236084, 0.10663390159606934, 0.11359214782714844, 0.1068427562713623, 0.11986994743347168, 0.11681962013244629, 0.1107790470123291, 0.09152865409851074, 0.1260371208190918, 0.13763785362243652, 0.12073850631713867, 0.13431644439697266, 0.11743903160095215, 0.12412548065185547, 0.11131143569946289, 0.10725593566894531, 0.1301898956298828, 0.12227201461791992, 0.12621760368347168, 0.11398768424987793, 0.11873698234558105, 0.09633684158325195, 0.11114382743835449, 0.11949491500854492, 0.10337018966674805, 0.12672734260559082, 0.1226506233215332, 0.11591458320617676, 0.10354018211364746, 0.10950398445129395, 0.13103675842285156, 0.1237180233001709, 0.11047911643981934, 0.10123777389526367, 0.09656524658203125, 0.10682058334350586, 0.1348412036895752, 0.1309645175933838, 0.13990092277526855, 0.1252143383026123, 0.10718894004821777, 0.09819316864013672, 0.09714508056640625, 0.13191437721252441, 0.13478493690490723, 0.1291043758392334, 0.12604856491088867, 0.1281728744506836, 0.12652921676635742, 0.1152639389038086, 0.11583161354064941, 0.1037607192993164, 0.09626340866088867, 0.13745784759521484, 0.14620161056518555, 0.13179874420166016, 0.12279176712036133, 0.11426353454589844, 0.1275787353515625, 0.11403894424438477, 0.10091757774353027, 0.1182093620300293, 0.11653709411621094, 0.11919450759887695, 0.1071157455444336, 0.09579682350158691, 0.11073970794677734, 0.1156461238861084, 0.1198420524597168, 0.11120390892028809, 0.09141087532043457, 0.11203193664550781, 0.12265205383300781, 0.11916208267211914, 0.09865713119506836, 0.10498356819152832, 0.13174819946289062, 0.12772727012634277, 0.12299561500549316, 0.12804889678955078, 0.12557744979858398, 0.10930705070495605, 0.10289549827575684, 0.1265854835510254, 0.12981200218200684, 0.13325786590576172, 0.1199336051940918, 0.12293362617492676, 0.12241601943969727, 0.1396348476409912, 0.13581418991088867, 0.13503122329711914, 0.11992406845092773, 0.1163480281829834, 0.11034488677978516, 0.11027884483337402, 0.1112508773803711, 0.12314128875732422, 0.12864899635314941, 0.12508797645568848, 0.12357831001281738, 0.11623096466064453, 0.11736774444580078, 0.12625789642333984, 0.13247942924499512, 0.12010955810546875, 0.10337996482849121, 