{"ID": 2, "inference time": [0.26404309272766113, 0.27506232261657715, 0.23330116271972656, 0.298067569732666, 0.30236220359802246, 0.24091529846191406, 0.21750402450561523, 0.24204730987548828, 0.23586034774780273, 0.24379277229309082, 0.25829601287841797, 0.25252747535705566, 0.23993158340454102, 0.26261305809020996, 0.20929980278015137, 0.29712653160095215, 0.2618229389190674, 0.2914915084838867, 0.2563643455505371, 0.21922516822814941, 0.2763361930847168, 0.254162073135376, 0.2053511142730713, 0.22173571586608887, 0.31462860107421875, 0.2397463321685791, 0.27199482917785645, 0.3415968418121338, 0.34532642364501953, 0.2425227165222168, 0.2624237537384033, 0.2427079677581787, 0.3170137405395508, 0.2603037357330322, 0.2248823642730713, 0.3202495574951172, 0.21313977241516113, 0.30600738525390625, 0.2563192844390869, 0.19536590576171875, 0.35990238189697266, 0.32674717903137207, 0.3279609680175781, 0.28501391410827637, 0.30545639991760254, 0.26183557510375977, 0.3366096019744873, 0.3225517272949219, 0.2502257823944092, 0.22416019439697266, 0.2600088119506836, 0.26336169242858887, 0.22999787330627441, 0.2559056282043457, 0.209946870803833, 0.2560868263244629, 0.21251296997070312, 0.25496411323547363, 0.20148658752441406, 0.3517756462097168, 0.3319411277770996, 0.2225661277770996, 0.21825051307678223, 0.27847719192504883, 0.23664402961730957, 0.2341172695159912, 0.24120783805847168, 0.22921228408813477, 0.2975943088531494, 0.2647247314453125, 0.23040342330932617, 0.22300505638122559, 0.2386786937713623, 0.21603751182556152, 0.23000812530517578, 0.20817804336547852, 0.27625513076782227, 0.23752617835998535, 0.26607275009155273, 0.25069451332092285, 0.20188426971435547, 0.23546409606933594, 0.25125861167907715, 0.22663521766662598, 0.24343109130859375, 0.2375040054321289, 0.2676124572753906, 0.23726177215576172, 0.22175073623657227, 0.21782994270324707, 0.2558162212371826, 0.24660611152648926, 0.27095794677734375, 0.21901726722717285, 0.23215937614440918, 0.24225807189941406, 0.25891661643981934, 0.22699618339538574, 0.18665051460266113, 0.2393503189086914, 0.24486017227172852, 0.23035955429077148, 0.22911834716796875, 0.21555685997009277, 0.2682969570159912, 0.2640373706817627, 0.23531198501586914, 0.307309627532959, 0.20229291915893555, 0.28525829315185547, 0.20620012283325195, 0.2925863265991211, 0.23401951789855957, 0.2507743835449219, 0.23055243492126465, 0.24285364151000977, 0.24201345443725586, 0.262645959854126, 0.23524832725524902, 0.26960325241088867, 0.2481379508972168, 0.2668931484222412, 0.24530911445617676, 0.31776905059814453, 0.2706770896911621, 0.3133416175842285, 0.21801161766052246, 0.2380235195159912, 0.2669503688812256, 0.25583481788635254, 0.18502163887023926, 0.2619493007659912, 0.2981231212615967, 0.2847900390625, 0.3417997360229492, 0.2964167594909668, 0.2638585567474365, 0.2670414447784424, 0.1954197883605957, 0.30380725860595703, 0.22751665115356445, 0.28087949752807617, 0.1918172836303711, 0.27021121978759766, 0.20421075820922852, 0.34074831008911133, 0.33125782012939453, 0.2176222801208496, 0.21404814720153809, 0.31594371795654297, 0.30451297760009766, 0.23929071426391602, 0.24311470985412598, 0.27521610260009766, 0.24146246910095215, 0.20578813552856445, 0.22794866561889648, 0.26968955993652344, 0.24164819717407227, 0.24378633499145508, 0.22762012481689453, 0.24424266815185547, 0.24789714813232422, 0.2667660713195801, 0.22581934928894043, 0.20973777770996094, 0.27114081382751465, 0.26354098320007324, 0.23952388763427734, 0.23712897300720215, 0.23037981986999512, 0.260303258895874, 0.25411081314086914, 0.25774550437927246, 0.2149350643157959, 0.26523280143737793, 0.27464866638183594, 0.30190587043762207, 0.32090210914611816, 0.30072021484375, 0.34192609786987305, 0.30875301361083984, 0.21671032905578613, 0.19703078269958496, 0.22364449501037598, 0.31603097915649414, 0.28069448471069336, 0.24351882934570312, 0.24337100982666016, 0.3011016845703125, 0.252124547958374, 0.23733973503112793, 0.23535895347595215, 0.25862836837768555, 0.2509307861328125, 0.1979353427886963, 0.3115367889404297, 0.35901641845703125, 0.34204840660095215, 0.17972469329833984, 0.20669245719909668, 0.18726706504821777, 0.23366189002990723, 0.291029691696167, 0.2784600257873535, 0.22249245643615723, 0.23085379600524902, 0.2435159683227539, 0.19303131103515625, 0.23181891441345215, 0.25116515159606934, 0.206620454788208, 0.23473691940307617, 0.22507071495056152, 0.20370793342590332, 0.20120501518249512, 0.26915550231933594, 0.20021748542785645, 0.302565336227417, 0.23415136337280273, 0.2897160053253174, 0.23894596099853516, 0.2253429889678955, 0.21857643127441406, 0.26393580436706543, 0.2541508674621582, 0.21350622177124023, 0.27112388610839844, 0.23739099502563477, 0.23521161079406738, 0.262969970703125, 0.23497629165649414, 0.24601960182189941, 0.2240447998046875, 0.2725515365600586, 0.25102972984313965, 0.24564766883850098, 0.25847387313842773, 0.2511417865753174, 0.2107255458831787, 0.2033252716064453, 0.23689889907836914, 0.21921563148498535, 0.2173919677734375, 0.276644229888916, 0.2147049903869629, 0.26892900466918945, 0.24386024475097656, 0.1995091438293457, 0.24418354034423828, 0.2592132091522217, 0.2520155906677246, 0.19702935218811035, 0.31223297119140625, 0.3075747489929199, 0.30118298530578613, 0.25302958488464355, 0.24728703498840332, 0.22801589965820312, 0.24491095542907715, 0.2710132598876953, 0.22971224784851074, 0.20165324211120605, 0.24176573753356934, 0.24557209014892578, 0.26259493827819824, 0.19583892822265625, 0.34346532821655273, 0.32551050186157227, 0.2807755470275879, 0.20676946640014648, 0.1852719783782959, 0.19410920143127441, 0.18782830238342285, 0.20494461059570312, 0.21462249755859375, 0.2504844665527344, 0.21115517616271973, 0.2739255428314209, 0.20592093467712402, 0.19796347618103027, 0.32288455963134766, 0.2812080383300781, 0.22210097312927246, 0.2542858123779297, 0.23923182487487793, 0.2667713165283203, 0.18845820426940918, 0.31543684005737305, 0.2443373203277588, 0.2505831718444824, 0.26731181144714355, 0.20260190963745117, 0.22707462310791016, 0.23662948608398438, 0.22870135307312012, 0.23560333251953125, 0.19434022903442383, 0.21250700950622559, 0.3177001476287842, 0.2636747360229492, 0.23396754264831543, 0.25481319427490234, 0.194260835647583, 0.2965359687805176, 0.26008033752441406, 0.2497408390045166, 0.27704811096191406, 0.2865104675292969, 0.21858692169189453, 0.2397921085357666, 0.26233983039855957, 0.23325777053833008, 0.23277831077575684, 0.253800630569458, 0.24490785598754883, 0.22104382514953613, 0.28336668014526367, 0.23033452033996582, 0.24788236618041992, 0.20781278610229492, 0.1987004280090332, 0.3294334411621094, 0.292830228805542, 0.2557680606842041, 0.28065061569213867, 0.22058749198913574, 0.24262046813964844, 0.20554804801940918, 0.28627872467041016, 0.26852869987487793, 0.24762320518493652, 0.23267817497253418, 0.21757006645202637, 0.21971344947814941, 0.2346813678741455, 0.23317241668701172, 0.27962160110473633, 0.24181556701660156, 0.2280740737915039, 0.24401211738586426, 0.25267767906188965, 0.24635052680969238, 0.24291563034057617, 0.25542187690734863, 0.22803330421447754, 0.2600529193878174, 0.19440388679504395, 0.27896833419799805, 0.21442937850952148, 0.2703440189361572, 0.22263836860656738, 0.2670326232910156, 0.23476791381835938, 0.20649003982543945, 0.22274518013000488, 0.27126216888427734, 0.21503210067749023, 0.24934053421020508, 0.22817540168762207, 0.25560617446899414, 0.23457551002502441, 0.2662208080291748, 0.23485517501831055, 0.2435758113861084, 0.225510835647583, 0.21793293952941895, 0.23064637184143066, 0.2534005641937256, 0.21382498741149902, 0.294126033782959, 0.27051615715026855, 0.26745080947875977, 0.2670559883117676, 0.26130056381225586, 0.24808168411254883, 0.20148015022277832, 0.2914278507232666, 0.27346324920654297, 0.261915922164917, 0.20816302299499512, 0.2693476676940918, 0.24057340621948242, 0.28894662857055664, 0.25245070457458496, 0.18959760665893555, 