{"ID": 2, "inference time": [6.709397554397583, 0.05152273178100586, 0.041847944259643555, 0.0466463565826416, 0.04526782035827637, 0.050084590911865234, 0.0458829402923584, 0.061922550201416016, 0.09926438331604004, 0.07736492156982422, 0.04237866401672363, 0.06321144104003906, 0.07889842987060547, 0.04082202911376953, 0.05885505676269531, 0.07892346382141113, 0.042119503021240234, 0.05701088905334473, 0.07798147201538086, 0.04047870635986328, 0.056905269622802734, 0.0770711898803711, 0.03978157043457031, 0.05735301971435547, 0.07792878150939941, 0.04023909568786621, 0.10863542556762695, 0.0717625617980957, 0.12519288063049316, 0.06733441352844238, 0.08115386962890625, 0.06936287879943848, 0.07732987403869629, 0.08179545402526855, 0.05429434776306152, 0.06761336326599121, 0.07734823226928711, 0.08711004257202148, 0.07826662063598633, 0.0812978744506836, 0.057350873947143555, 0.06819653511047363, 0.074127197265625, 0.05981802940368652, 0.07007670402526855, 0.07865333557128906, 0.07644176483154297, 0.07960295677185059, 0.08390045166015625, 0.06465578079223633, 0.0669853687286377, 0.0755000114440918, 0.054311275482177734, 0.0705106258392334, 0.08004069328308105, 0.08448100090026855, 0.06934714317321777, 0.07663607597351074, 0.08944511413574219, 0.07513213157653809, 0.07840204238891602, 0.08506631851196289, 0.07593822479248047, 0.0812842845916748, 0.08427858352661133, 0.07664680480957031, 0.08180427551269531, 0.07853078842163086, 0.08005881309509277, 0.08686232566833496, 0.05265450477600098, 0.06836557388305664, 0.0652918815612793, 0.04221606254577637, 0.06584692001342773, 0.07735371589660645, 0.06190681457519531, 0.06785273551940918, 0.08421730995178223, 0.06323695182800293, 0.07410836219787598, 0.08057594299316406, 0.06757974624633789, 0.08034801483154297, 0.08748245239257812, 0.05555415153503418, 0.06832528114318848, 0.07901501655578613, 0.05221676826477051, 0.06816554069519043, 0.07898974418640137, 0.07015252113342285, 0.07363176345825195, 0.08057904243469238, 0.07159042358398438, 0.08442401885986328, 0.08996987342834473, 0.0645136833190918, 0.06714868545532227, 0.06764626502990723, 0.04428243637084961, 0.06485152244567871, 0.07944011688232422, 0.09499931335449219, 0.07574009895324707, 0.08038473129272461, 0.07422113418579102, 0.0819852352142334, 0.08520889282226562, 0.0589146614074707, 0.06827235221862793, 0.06794476509094238, 0.050519466400146484, 0.06592631340026855, 0.08095812797546387, 0.07440042495727539, 0.0760498046875, 0.08904409408569336, 0.08085274696350098, 0.08430886268615723, 0.08900904655456543, 0.05792856216430664, 0.06908416748046875, 0.06564807891845703, 0.045567989349365234, 0.0687413215637207, 0.08061027526855469, 0.07589888572692871, 0.06901383399963379, 0.08248639106750488, 0.07522153854370117, 0.06798553466796875, 0.07853484153747559, 0.08967351913452148, 0.0771021842956543, 0.08634543418884277, 0.0875389575958252, 0.0864708423614502, 0.08648467063903809, 0.06796836853027344, 0.07551312446594238, 0.09285163879394531, 0.07213592529296875, 0.08587169647216797, 0.08747506141662598, 0.08669090270996094, 0.0769033432006836, 0.08814787864685059, 0.06894087791442871, 0.07876944541931152, 0.0926504135131836, 0.046720027923583984, 0.07205390930175781, 0.06696391105651855, 0.04107260704040527, 0.07295966148376465, 0.08116388320922852, 0.07564139366149902, 0.07500505447387695, 0.08686709403991699, 0.06910943984985352, 0.07792782783508301, 0.0964808464050293, 0.08513617515563965, 0.06879138946533203, 0.09116744995117188, 0.07800650596618652, 0.07778477668762207, 0.09232282638549805, 0.07153916358947754, 0.08743405342102051, 0.09645962715148926, 0.06555414199829102, 0.06932592391967773, 0.09229350090026855, 0.04789161682128906, 0.06960391998291016, 0.08707618713378906, 0.05475902557373047, 0.06917381286621094, 0.09421133995056152, 0.05655550956726074, 0.0634462833404541, 0.09362173080444336, 0.05534076690673828, 0.06978392601013184, 0.0957791805267334, 0.07537555694580078, 0.06186079978942871, 0.09177756309509277, 0.05387163162231445, 0.06263446807861328, 0.09143900871276855, 0.05576515197753906, 0.06364607810974121, 0.09036469459533691, 0.057912588119506836, 0.07423233985900879, 0.0898885726928711, 0.056613922119140625, 0.06700468063354492, 0.09126877784729004, 0.05456686019897461, 0.06743311882019043, 0.0916898250579834, 0.05665302276611328, 0.05807328224182129, 0.0922706127166748, 0.05813026428222656, 0.06296086311340332, 0.08968162536621094, 0.05731487274169922, 0.06550121307373047, 0.09185242652893066, 0.06020712852478027, 0.06668901443481445, 0.08929085731506348, 0.05566525459289551, 0.06628298759460449, 0.0905001163482666, 0.055191755294799805, 0.06572914123535156, 0.0917367935180664, 0.05788898468017578, 0.07098007202148438, 0.09090638160705566, 0.05634307861328125, 0.07044863700866699, 0.08912277221679688, 0.06429886817932129, 0.06819438934326172, 0.0924985408782959, 0.06354260444641113, 0.06981968879699707, 0.08893561363220215, 0.06034970283508301, 0.06898045539855957, 0.08987188339233398, 0.06358456611633301, 0.08492517471313477, 0.0893096923828125, 0.05585646629333496, 0.0638418197631836, 0.08945560455322266, 0.0599057674407959, 0.06786251068115234, 0.08853888511657715, 0.056188344955444336, 0.0664525032043457, 0.08978056907653809, 0.05130410194396973, 0.0634608268737793, 0.08856892585754395, 0.059355735778808594, 0.06681680679321289, 0.08872675895690918, 0.06523919105529785, 0.06741118431091309, 0.08789205551147461, 0.062046051025390625, 0.06435275077819824, 0.08894944190979004, 0.05148744583129883, 0.06452560424804688, 0.08777546882629395, 0.05927133560180664, 0.06447982788085938, 0.08882856369018555, 0.056210994720458984, 0.0606687068939209, 0.08841347694396973, 0.056761980056762695, 0.06397795677185059, 0.08806705474853516, 0.06060910224914551, 0.06257009506225586, 0.0874319076538086, 0.05967903137207031, 0.06247735023498535, 0.08835268020629883, 0.07560181617736816, 0.07402396202087402, 0.08757376670837402, 0.058870553970336914, 0.06410574913024902, 0.08888864517211914, 0.06519460678100586, 0.06687736511230469, 0.0870048999786377, 0.06051015853881836, 0.06639480590820312, 0.08832716941833496, 0.06515312194824219, 0.06332993507385254, 0.08677196502685547, 0.06653094291687012, 0.06512951850891113, 0.08848023414611816, 0.06502223014831543, 0.06445574760437012, 0.08682680130004883, 0.07181644439697266, 0.06841492652893066, 0.0881044864654541, 0.07361197471618652, 0.0687870979309082, 0.08641982078552246, 0.06816434860229492, 0.06689310073852539, 0.0866694450378418, 0.05705976486206055, 0.0664682388305664, 0.08586573600769043, 0.06515741348266602, 0.0636453628540039, 0.08768129348754883, 0.0638132095336914, 0.07884049415588379, 0.08710622787475586, 0.07818126678466797, 0.0664513111114502, 0.08679580688476562, 0.06215620040893555, 0.07079839706420898, 0.08591938018798828, 0.07703328132629395, 0.06644272804260254, 0.08687782287597656, 0.0601651668548584, 0.06875729560852051, 0.08632636070251465, 0.07373285293579102, 0.0661928653717041, 0.08713674545288086, 0.07320117950439453, 0.06558918952941895, 0.08513402938842773, 0.0673990249633789, 0.06529974937438965, 0.08690381050109863, 0.06148409843444824, 0.06670618057250977, 0.08528494834899902, 0.06353354454040527, 0.06902337074279785, 0.08727741241455078, 0.0638284683227539, 0.06894278526306152, 0.08119654655456543, 0.0629262924194336, 0.06805849075317383, 0.09212064743041992, 0.06667351722717285, 0.06689143180847168, 0.08562684059143066, 0.06822967529296875, 0.06793451309204102, 0.08945250511169434, 0.07579874992370605, 0.0724797248840332, 0.08506655693054199, 0.058336734771728516, 0.06835150718688965, 0.08711886405944824, 0.06864404678344727, 0.07025885581970215, 0.08573436737060547, 0.07338762283325195, 0.06547093391418457, 0.08593273162841797, 0.07280635833740234, 0.06494259834289551, 0.08633637428283691, 0.07849645614624023, 0.0630497932434082, 0.08651876449584961, 0.06554532051086426, 0.06451058387756348, 0.08610773086547852, 0.06985282897949219, 0.06567978858947754, 