{"ID": 5, "inference time": [9.405609130859375, 0.061434030532836914, 0.05582237243652344, 0.06811022758483887, 0.10569930076599121, 0.04163694381713867, 0.06859469413757324, 0.09975123405456543, 0.042971134185791016, 0.06782150268554688, 0.09989118576049805, 0.03877758979797363, 0.06737160682678223, 0.10137701034545898, 0.046080589294433594, 0.06701898574829102, 0.09685420989990234, 0.0434417724609375, 0.06833648681640625, 0.10437369346618652, 0.04318737983703613, 0.06737947463989258, 0.09566164016723633, 0.03792262077331543, 0.06709098815917969, 0.09571385383605957, 0.03960871696472168, 0.06797671318054199, 0.09519505500793457, 0.04393625259399414, 0.0720052719116211, 0.0965878963470459, 0.06645441055297852, 0.1042776107788086, 0.24170398712158203, 0.21247100830078125, 0.16498947143554688, 0.04232478141784668, 0.08334660530090332, 0.1612224578857422, 0.04254889488220215, 0.08104085922241211, 0.16276001930236816, 0.04590201377868652, 0.0815286636352539, 0.16230440139770508, 0.044934988021850586, 0.08213996887207031, 0.15877938270568848, 0.04545402526855469, 0.07979869842529297, 0.1625349521636963, 0.04539346694946289, 0.08068966865539551, 0.16179466247558594, 0.0463414192199707, 0.08067798614501953, 0.16221833229064941, 0.044882774353027344, 0.08094310760498047, 0.1619884967803955, 0.045070648193359375, 0.08013701438903809, 0.16146349906921387, 0.045221567153930664, 0.08128690719604492, 0.16193389892578125, 0.0457916259765625, 0.08145689964294434, 0.16179966926574707, 0.04620766639709473, 0.08104681968688965, 0.1585981845855713, 0.04848909378051758, 0.08130455017089844, 0.16228914260864258, 0.04517769813537598, 0.08142685890197754, 0.16137385368347168, 0.04572153091430664, 0.08197450637817383, 0.16548705101013184, 0.04533553123474121, 0.08222150802612305, 0.16220307350158691, 0.046142578125, 0.08151626586914062, 0.16060733795166016, 0.04548954963684082, 0.08153295516967773, 0.16127228736877441, 0.045415401458740234, 0.08263945579528809, 0.16106200218200684, 0.045575857162475586, 0.08170747756958008, 0.1608271598815918, 0.04505181312561035, 0.08219313621520996, 0.16173982620239258, 0.04428553581237793, 0.0945127010345459, 0.16269278526306152, 0.045873165130615234, 0.08513903617858887, 0.16374897956848145, 0.04539752006530762, 0.0841531753540039, 0.15981364250183105, 0.044596195220947266, 0.0824885368347168, 0.1616039276123047, 0.044809579849243164, 0.0823822021484375, 0.16098880767822266, 0.047010183334350586, 0.08308982849121094, 0.15922117233276367, 0.04424858093261719, 0.08238554000854492, 0.16092562675476074, 0.04471778869628906, 0.08102822303771973, 0.15808629989624023, 0.043294668197631836, 0.08001995086669922, 0.16063594818115234, 0.04361271858215332, 0.08439254760742188, 0.1609790325164795, 0.04516100883483887, 0.08554625511169434, 0.16211795806884766, 0.04755139350891113, 0.08192300796508789, 0.15966463088989258, 0.04398536682128906, 0.08117413520812988, 0.16113638877868652, 0.04389762878417969, 0.08217048645019531, 0.1594226360321045, 0.04146242141723633, 0.08123540878295898, 0.16179490089416504, 0.04215288162231445, 0.0797109603881836, 0.1625523567199707, 0.04182147979736328, 0.08121562004089355, 0.16111063957214355, 0.044385671615600586, 0.08528566360473633, 0.15833210945129395, 0.040045738220214844, 0.08025288581848145, 0.16246461868286133, 0.040453433990478516, 0.07931089401245117, 0.16069984436035156, 0.04681849479675293, 0.08223128318786621, 0.1583564281463623, 0.04080557823181152, 0.0832374095916748, 0.16021347045898438, 0.0444941520690918, 0.08160281181335449, 0.1594102382659912, 0.04119062423706055, 0.08178377151489258, 0.15824007987976074, 0.04088473320007324, 0.0848994255065918, 0.1616535186767578, 0.03927135467529297, 0.08189868927001953, 0.16028237342834473, 0.04021263122558594, 0.08374333381652832, 0.16084766387939453, 0.0410001277923584, 0.08376049995422363, 0.1611497402191162, 0.03914022445678711, 0.08446812629699707, 0.1602928638458252, 0.04095745086669922, 0.07918882369995117, 0.15973520278930664, 0.038564205169677734, 0.09351778030395508, 0.15866947174072266, 0.0388031005859375, 0.09225344657897949, 0.15986227989196777, 0.04528236389160156, 0.08785390853881836, 0.15948176383972168, 0.03777265548706055, 0.08473443984985352, 0.15760540962219238, 0.04121899604797363, 0.08656096458435059, 0.16002726554870605, 0.04093623161315918, 0.08053469657897949, 0.15801167488098145, 0.0384364128112793, 0.0850684642791748, 0.15710949897766113, 0.03927159309387207, 0.0856173038482666, 0.15847277641296387, 0.03856706619262695, 0.08448457717895508, 0.15836143493652344, 0.04024767875671387, 0.07831311225891113, 0.15651178359985352, 0.0390472412109375, 0.08630037307739258, 0.15664410591125488, 0.03794360160827637, 0.08844780921936035, 0.1577134132385254, 0.03836464881896973, 0.08092641830444336, 0.15768957138061523, 0.03953862190246582, 0.07894515991210938, 0.15650582313537598, 0.03882098197937012, 0.0815286636352539, 0.15511083602905273, 0.038787841796875, 0.08584070205688477, 0.15601110458374023, 0.03938937187194824, 0.08494830131530762, 0.15639519691467285, 0.03774738311767578, 0.08814072608947754, 0.15784144401550293, 0.038057565689086914, 0.08596420288085938, 0.1551363468170166, 0.03782081604003906, 0.08811020851135254, 0.1566026210784912, 0.038233041763305664, 0.08517622947692871, 0.15546965599060059, 0.03783607482910156, 0.0856320858001709, 0.15623044967651367, 0.03939247131347656, 0.08475804328918457, 0.1531696319580078, 0.03849220275878906, 0.08453917503356934, 0.15337133407592773, 0.03844332695007324, 0.08608603477478027, 0.1540229320526123, 0.03900480270385742, 0.08402466773986816, 0.15941381454467773, 0.039891958236694336, 0.08709025382995605, 0.15409612655639648, 0.03824663162231445, 0.08637118339538574, 0.15768671035766602, 0.03932547569274902, 0.09007096290588379, 0.15283727645874023, 0.03885769844055176, 0.08358097076416016, 0.1532745361328125, 0.03915667533874512, 0.08665966987609863, 0.15334820747375488, 0.03921937942504883, 0.08366274833679199, 0.15636992454528809, 0.03840470314025879, 0.0847172737121582, 0.1528158187866211, 0.038602590560913086, 0.08384084701538086, 0.1523890495300293, 0.03829669952392578, 0.08485174179077148, 0.15191936492919922, 0.03836846351623535, 0.0861518383026123, 0.1506199836730957, 0.0377805233001709, 0.08212018013000488, 0.15203428268432617, 0.03844642639160156, 0.0834646224975586, 0.15221214294433594, 0.03872513771057129, 0.08682107925415039, 0.15106678009033203, 0.03838396072387695, 0.08184576034545898, 0.15209150314331055, 0.038274526596069336, 0.08385896682739258, 0.1500241756439209, 0.03850960731506348, 0.08339715003967285, 0.1505603790283203, 0.038201093673706055, 0.08164119720458984, 0.1504826545715332, 0.03821706771850586, 0.08838295936584473, 0.15125298500061035, 0.03840136528015137, 0.08210325241088867, 0.15031027793884277, 0.03880167007446289, 0.0812978744506836, 0.1506788730621338, 0.038436174392700195, 0.08416342735290527, 0.1503002643585205, 0.038480281829833984, 0.08144164085388184, 0.15156865119934082, 0.038116455078125, 0.08117032051086426, 0.1482408046722412, 0.03870987892150879, 0.08134055137634277, 0.1492908000946045, 0.038613319396972656, 0.0783689022064209, 0.14944148063659668, 0.03818225860595703, 0.08430886268615723, 0.1503746509552002, 0.04305243492126465, 0.08062744140625, 0.1493823528289795, 0.03854489326477051, 0.08165669441223145, 0.14818358421325684, 0.03838992118835449, 0.08632826805114746, 0.14772701263427734, 0.03879952430725098, 0.08868956565856934, 0.14769864082336426, 0.03981614112854004, 0.08016133308410645, 0.14905691146850586, 0.04040193557739258, 0.07842040061950684, 0.14847826957702637, 0.03924274444580078, 0.07851123809814453, 0.14798188209533691, 0.04075813293457031, 0.08074784278869629, 0.1473534107208252, 0.04008746147155762, 0.08074092864990234, 0.14774417877197266, 0.03859114646911621, 0.07880830764770508, 0.14682888984680176, 0.04303431510925293, 0.08565998077392578, 0.14855623245239258, 0.039025306701660156, 0.0841524600982666, 