{"ID": 7, "inference time": [19.319315195083618, 0.230607271194458, 0.0827481746673584, 0.1403636932373047, 0.2263169288635254, 0.07902145385742188, 0.13827180862426758, 0.22510313987731934, 0.09425115585327148, 0.14647173881530762, 0.2243194580078125, 0.0827023983001709, 0.13603615760803223, 0.21788549423217773, 0.08139324188232422, 0.13853812217712402, 0.21929931640625, 0.08800506591796875, 0.13486480712890625, 0.22226762771606445, 0.09079384803771973, 0.14250779151916504, 0.22308659553527832, 0.09334325790405273, 0.1463029384613037, 0.22053098678588867, 0.08998942375183105, 0.15098786354064941, 0.2248702049255371, 0.09357070922851562, 0.14644956588745117, 0.2383716106414795, 0.09268379211425781, 0.14689040184020996, 0.22325944900512695, 0.08950543403625488, 0.14609122276306152, 0.23147797584533691, 0.09102725982666016, 0.14718317985534668, 0.22966980934143066, 0.09098386764526367, 0.14731049537658691, 0.22745728492736816, 0.08922982215881348, 0.14257001876831055, 0.2325582504272461, 0.0918877124786377, 0.14620304107666016, 0.2396409511566162, 0.10094857215881348, 0.14887285232543945, 0.22520160675048828, 0.09694504737854004, 0.14789772033691406, 0.2260737419128418, 0.09175825119018555, 0.14441299438476562, 0.2259366512298584, 0.09126567840576172, 0.14699673652648926, 0.2306380271911621, 0.09476256370544434, 0.14855003356933594, 0.23818492889404297, 0.08569502830505371, 0.1584017276763916, 0.23592400550842285, 0.0953822135925293, 0.15662407875061035, 0.23123407363891602, 0.09283256530761719, 0.14943647384643555, 0.23012447357177734, 0.09140396118164062, 0.1461777687072754, 0.22416305541992188, 0.08891963958740234, 0.15396785736083984, 0.22466278076171875, 0.09020686149597168, 0.14650321006774902, 0.22387051582336426, 0.08902931213378906, 0.14688730239868164, 0.23081016540527344, 0.09007883071899414, 0.14702939987182617, 0.2264554500579834, 0.08544158935546875, 0.1523749828338623, 0.2199084758758545, 0.08409428596496582, 0.15617585182189941, 0.24111676216125488, 0.09066295623779297, 0.15276479721069336, 0.22283434867858887, 0.08797526359558105, 0.15075945854187012, 0.2195878028869629, 0.08609771728515625, 0.1489732265472412, 0.22116637229919434, 0.08227896690368652, 0.14421820640563965, 0.221022367477417, 0.08315539360046387, 0.14969730377197266, 0.22666454315185547, 0.0837101936340332, 0.14356136322021484, 0.22325611114501953, 0.0834200382232666, 0.14926385879516602, 0.23140621185302734, 0.08881521224975586, 0.1556987762451172, 0.2184896469116211, 0.0751652717590332, 0.1495966911315918, 0.2232959270477295, 0.0814812183380127, 0.14291954040527344, 0.23587942123413086, 0.09421062469482422, 0.15022563934326172, 0.22207164764404297, 0.08286881446838379, 0.1509532928466797, 0.22300958633422852, 0.09088993072509766, 0.15338373184204102, 0.22321534156799316, 0.08045029640197754, 0.15250706672668457, 0.21747088432312012, 0.07949686050415039, 0.15763401985168457, 0.22748613357543945, 0.08124017715454102, 0.14389371871948242, 0.22469496726989746, 0.0810248851776123, 0.15210866928100586, 0.22536969184875488, 0.08316874504089355, 0.15680217742919922, 0.22722959518432617, 0.07990264892578125, 0.16331815719604492, 0.22814202308654785, 0.08567452430725098, 0.15291261672973633, 0.22185683250427246, 0.07560873031616211, 0.1678779125213623, 0.22107338905334473, 0.0761876106262207, 0.17157673835754395, 0.22843551635742188, 0.09157419204711914, 0.15738201141357422, 0.21973228454589844, 0.0837256908416748, 0.15577936172485352, 0.2199876308441162, 0.08466815948486328, 0.1582784652709961, 0.22613310813903809, 0.0811924934387207, 0.15336275100708008, 0.2246088981628418, 0.07423734664916992, 0.15447282791137695, 0.22101187705993652, 0.08211779594421387, 0.15747404098510742, 0.22420454025268555, 0.0782778263092041, 0.1537342071533203, 0.2214365005493164, 0.08485960960388184, 0.14453506469726562, 0.21808838844299316, 0.07465338706970215, 0.15537714958190918, 0.22052216529846191, 0.07513284683227539, 0.15718579292297363, 0.21994662284851074, 0.07333254814147949, 0.15584945678710938, 0.22075486183166504, 0.07468557357788086, 0.1512458324432373, 0.2185819149017334, 0.07540607452392578, 0.14696335792541504, 0.2197577953338623, 0.0738382339477539, 0.15296149253845215, 0.21935462951660156, 0.07853293418884277, 0.15317320823669434, 0.22919988632202148, 0.07383465766906738, 0.1584184169769287, 0.22429895401000977, 0.08775615692138672, 0.18210220336914062, 0.2213115692138672, 0.0770425796508789, 0.15952038764953613, 0.218766450881958, 0.0808560848236084, 0.15981531143188477, 0.22576045989990234, 0.08034610748291016, 0.15581512451171875, 0.22523903846740723, 0.07375597953796387, 0.1547853946685791, 0.21570730209350586, 0.07536935806274414, 0.15238022804260254, 0.21642589569091797, 0.07917046546936035, 0.16257190704345703, 0.2195892333984375, 0.08534598350524902, 0.15889692306518555, 0.23949980735778809, 0.07711958885192871, 0.1572098731994629, 0.22486114501953125, 0.07381367683410645, 0.14918017387390137, 0.22371721267700195, 0.07604312896728516, 0.1649014949798584, 0.21909570693969727, 0.07629632949829102, 0.14624428749084473, 0.2186412811279297, 0.07126235961914062, 0.14980077743530273, 0.2201385498046875, 0.0724639892578125, 0.14960694313049316, 0.2223215103149414, 0.07454276084899902, 0.13837313652038574, 0.21812701225280762, 0.07442665100097656, 0.14644098281860352, 0.21827340126037598, 0.07397866249084473, 0.1553480625152588, 0.2188575267791748, 0.07052063941955566, 0.15374541282653809, 0.22070598602294922, 0.07651543617248535, 0.14579153060913086, 0.21963858604431152, 0.07481670379638672, 0.14891886711120605, 0.21828103065490723, 0.07541322708129883, 0.14908432960510254, 0.21758389472961426, 0.07326698303222656, 0.1468510627746582, 0.21883940696716309, 0.0732722282409668, 0.1414649486541748, 0.21680021286010742, 0.07452273368835449, 0.15151476860046387, 0.21773552894592285, 0.08318066596984863, 0.14674949645996094, 0.2178807258605957, 0.07552719116210938, 0.15778660774230957, 0.22149658203125, 0.07408022880554199, 0.14721918106079102, 0.21769213676452637, 0.07738804817199707, 0.14870429039001465, 0.21892404556274414, 0.07831382751464844, 0.14961457252502441, 0.21781396865844727, 0.07245039939880371, 0.1523118019104004, 0.2193152904510498, 0.07380151748657227, 0.14153742790222168, 0.21722030639648438, 0.07520031929016113, 0.13692927360534668, 0.21867799758911133, 0.07389998435974121, 0.13752961158752441, 0.218780517578125, 0.0744020938873291, 0.1403956413269043, 0.21965837478637695, 0.07325577735900879, 0.13586091995239258, 0.21879243850708008, 0.07396936416625977, 0.13984441757202148, 0.21881675720214844, 0.07312393188476562, 0.15483522415161133, 0.2202134132385254, 0.08407020568847656, 0.16061615943908691, 0.21764278411865234, 0.07532644271850586, 0.14536356925964355, 0.21798062324523926, 0.07409548759460449, 0.14570188522338867, 0.23055386543273926, 0.0762033462524414, 0.13608050346374512, 0.21781682968139648, 0.07282495498657227, 0.1362929344177246, 0.21770095825195312, 0.07915735244750977, 0.15250921249389648, 0.21771955490112305, 0.07398200035095215, 0.14727115631103516, 0.21995139122009277, 0.07509565353393555, 0.15607428550720215, 0.218980073928833, 0.07303738594055176, 0.15682077407836914, 0.2191333770751953, 0.07537174224853516, 0.15029025077819824, 0.2213420867919922, 0.07468271255493164, 0.1532120704650879, 0.2184610366821289, 0.07475423812866211, 0.14667057991027832, 0.21224594116210938, 0.07353496551513672, 0.1517951488494873, 0.21556425094604492, 0.07309889793395996, 0.15123844146728516, 0.21622133255004883, 0.07779169082641602, 0.1479947566986084, 0.22239947319030762, 0.07237529754638672, 0.13702917098999023, 0.21724200248718262, 0.07411527633666992, 0.1378803253173828, 0.21810150146484375, 0.07572293281555176, 0.14688444137573242, 0.21781039237976074, 0.07285857200622559, 0.14678502082824707, 0.2181401252746582, 0.07671904563903809, 0.15561962127685547, 0.21654343605041504, 0.07512235641479492, 0.15700411796569824, 0.21863865852355957, 0.0724787712097168, 