{"ID": 6, "inference time": [0.29619288444519043, 0.2947883605957031, 0.28681373596191406, 0.3187880516052246, 0.3192629814147949, 0.3271291255950928, 0.33595919609069824, 0.37607574462890625, 0.37917566299438477, 0.35874271392822266, 0.3128044605255127, 0.30255889892578125, 0.2981116771697998, 0.25415754318237305, 0.2268211841583252, 0.21966886520385742, 0.23859691619873047, 0.21194124221801758, 0.24492835998535156, 0.21505069732666016, 0.221726655960083, 0.21152091026306152, 0.24125075340270996, 0.2205193042755127, 0.22818684577941895, 0.222153902053833, 0.2128617763519287, 0.22214484214782715, 0.24435639381408691, 0.2810020446777344, 0.21521234512329102, 0.27435994148254395, 0.24593615531921387, 0.2205948829650879, 0.2259976863861084, 0.21713757514953613, 0.20620226860046387, 0.20938968658447266, 0.22640466690063477, 0.2723860740661621, 0.2377607822418213, 0.23256802558898926, 0.20461034774780273, 0.22983407974243164, 0.22242474555969238, 0.2340528964996338, 0.21217942237854004, 0.23065900802612305, 0.2043473720550537, 0.24365711212158203, 0.25519609451293945, 0.22712421417236328, 0.21480631828308105, 0.23418521881103516, 0.24112367630004883, 0.22090959548950195, 0.2043297290802002, 0.20961833000183105, 0.19662189483642578, 0.2138233184814453, 0.19943714141845703, 0.20801734924316406, 0.2399892807006836, 0.23348212242126465, 0.24161028861999512, 0.2397937774658203, 0.19982624053955078, 0.21149945259094238, 0.21221637725830078, 0.2039635181427002, 0.20723581314086914, 0.20878362655639648, 0.19365572929382324, 0.21223759651184082, 0.21054744720458984, 0.21654558181762695, 0.20967578887939453, 0.2136850357055664, 0.21875643730163574, 0.19783496856689453, 0.21752119064331055, 0.20670604705810547, 0.22468900680541992, 0.19583868980407715, 0.22089171409606934, 0.20659208297729492, 0.21084141731262207, 0.19670772552490234, 0.23681330680847168, 0.23554182052612305, 0.20030713081359863, 0.19677495956420898, 0.2018885612487793, 0.20706462860107422, 0.20417165756225586, 0.20223641395568848, 0.23699498176574707, 0.22552704811096191, 0.22003746032714844, 0.20539474487304688, 0.2104039192199707, 0.19352054595947266, 0.2601461410522461, 0.28415489196777344, 0.23760581016540527, 0.21477341651916504, 0.24276208877563477, 0.22829079627990723, 0.23459601402282715, 0.20774555206298828, 0.20815706253051758, 0.19112348556518555, 0.20124244689941406, 0.20670604705810547, 0.23565006256103516, 0.20061683654785156, 0.2119598388671875, 0.20949864387512207, 0.20244479179382324, 0.20206427574157715, 0.20197105407714844, 0.21044659614562988, 0.20993256568908691, 0.20290112495422363, 0.21739983558654785, 0.22266006469726562, 0.19418048858642578, 0.20080113410949707, 0.19574666023254395, 0.21230435371398926, 0.2086188793182373, 0.23936247825622559, 0.24070477485656738, 0.22595596313476562, 0.2066175937652588, 0.2812166213989258, 0.2801551818847656, 0.22011566162109375, 0.20206308364868164, 0.22588706016540527, 0.21942853927612305, 0.2095179557800293, 0.21050238609313965, 0.1983470916748047, 0.1943340301513672, 0.19803071022033691, 0.20621562004089355, 0.20503735542297363, 0.20476007461547852, 0.19858431816101074, 0.23128461837768555, 0.21433115005493164, 0.20949316024780273, 0.21516203880310059, 0.20840930938720703, 0.20614981651306152, 0.21485590934753418, 0.19833016395568848, 0.20494985580444336, 0.21469855308532715, 0.21645593643188477, 0.20434784889221191, 0.20615720748901367, 0.20756793022155762, 0.21431636810302734, 0.1964876651763916, 0.21453261375427246, 0.20422577857971191, 0.20723819732666016, 0.1966714859008789, 0.2019798755645752, 0.19754791259765625, 0.2013697624206543, 0.24431276321411133, 0.21370410919189453, 0.21825075149536133, 0.19991660118103027, 0.21476149559020996, 0.20220088958740234, 0.20615077018737793, 0.2079174518585205, 0.22198081016540527, 0.20407867431640625, 0.20513677597045898, 0.2127242088317871, 0.20880961418151855, 0.20940399169921875, 0.20639634132385254, 0.20753049850463867, 0.19628381729125977, 0.2066652774810791, 0.22679924964904785, 0.19960761070251465, 0.20368003845214844, 0.21376490592956543, 0.20410847663879395, 0.20620012283325195, 0.2048640251159668, 0.21013140678405762, 0.21293401718139648, 0.20836758613586426, 0.22274541854858398, 0.20650696754455566, 0.2012007236480713, 0.20638823509216309, 0.20927882194519043, 0.21000099182128906, 0.20037007331848145, 0.2139739990234375, 0.20902013778686523, 0.19730734825134277, 0.19876575469970703, 0.20579743385314941, 0.20849061012268066, 0.20784950256347656, 0.2131800651550293, 0.22247910499572754, 0.21604132652282715, 0.22884440422058105, 0.20810770988464355, 0.22053098678588867, 0.21250247955322266, 0.20907950401306152, 0.20005464553833008, 0.2354145050048828, 0.21956276893615723, 0.23521661758422852, 0.24001646041870117, 0.222337007522583, 0.2105402946472168, 0.26342105865478516, 0.219771146774292, 0.2094120979309082, 0.2197887897491455, 0.29630088806152344, 0.2380526065826416, 0.21594834327697754, 0.22308850288391113, 0.20499300956726074, 0.22656702995300293, 0.2076253890991211, 0.20725727081298828, 0.21541070938110352, 0.22281360626220703, 0.2092137336730957, 0.1936805248260498, 0.2177598476409912, 0.20549654960632324, 0.2383275032043457, 0.21640968322753906, 0.18979477882385254, 0.20705795288085938, 0.1942603588104248, 0.19273686408996582, 0.2054588794708252, 0.20220613479614258, 0.22508454322814941, 0.2163231372833252, 0.20925545692443848, 0.21300196647644043, 0.20827889442443848, 0.2250983715057373, 0.19690704345703125, 0.23188257217407227, 0.21920156478881836, 0.20004630088806152, 0.21766233444213867, 0.21084117889404297, 0.19426751136779785, 0.20444393157958984, 0.21023344993591309, 0.20678210258483887, 0.23059487342834473, 0.21564364433288574, 0.2511417865753174, 0.2396831512451172, 0.2233724594116211, 0.1976933479309082, 0.2050952911376953, 0.22158145904541016, 0.21313118934631348, 0.21870946884155273, 0.22218084335327148, 0.21518731117248535, 0.20518279075622559, 0.23196935653686523, 0.2090167999267578, 0.22568082809448242, 0.2195875644683838, 0.19683384895324707, 0.20135831832885742, 0.22164154052734375, 0.20517230033874512, 0.20046424865722656, 0.20432281494140625, 0.21432948112487793, 0.2025759220123291, 0.3102593421936035, 0.3419618606567383, 0.32830381393432617, 0.34107017517089844, 0.2776224613189697, 0.2325737476348877, 0.20631098747253418, 0.20934200286865234, 0.20590925216674805, 0.2124156951904297, 0.2204904556274414, 0.20735883712768555, 0.234238862991333, 0.2297816276550293, 0.21901345252990723, 0.19797325134277344, 0.22521138191223145, 0.2024068832397461, 0.22545528411865234, 0.21133875846862793, 0.2134842872619629, 0.22625398635864258, 0.20696520805358887, 0.19751477241516113, 0.21682500839233398, 0.2065563201904297, 0.21227812767028809, 0.20996379852294922, 0.22191667556762695, 0.22162628173828125, 0.20003867149353027, 0.19701337814331055, 0.2084341049194336, 0.20469164848327637, 0.21817469596862793, 0.23526883125305176, 0.24299883842468262, 0.2154839038848877, 0.23120665550231934, 0.21165704727172852, 0.21919727325439453, 0.21111035346984863, 0.23173999786376953, 0.20762228965759277, 0.21830010414123535, 0.22035694122314453, 0.1977846622467041, 0.21590256690979004, 0.19927167892456055, 0.2062692642211914, 0.24106097221374512, 0.2190837860107422, 0.20425701141357422, 0.229661226272583, 0.20787501335144043, 0.21465516090393066, 0.2170698642730713, 0.21872520446777344, 0.19763469696044922, 0.20928692817687988, 0.1961669921875, 0.23962950706481934, 0.19682621955871582, 0.20264673233032227, 0.2351093292236328, 0.22984838485717773, 0.21013426780700684, 0.22717070579528809, 0.21143555641174316, 0.20077276229858398, 0.20251011848449707, 0.2177422046661377, 0.19492030143737793, 0.220200777053833, 0.20648956298828125, 0.2159562110900879, 0.1999053955078125, 0.2076280117034912, 0.19896340370178223, 0.205491304397583, 0.20963358879089355, 0.20184540748596191, 0.2280585765838623, 0.21855497360229492, 0.24863576889038086, 0.2198188304901123, 0.20476460456848145, 