{"ID": 7, "inference time": [16.73599123954773, 0.1349039077758789, 0.09061169624328613, 0.08586382865905762, 0.13143372535705566, 0.09266424179077148, 0.08425498008728027, 0.12400007247924805, 0.10245108604431152, 0.08336710929870605, 0.12607073783874512, 0.10621309280395508, 0.08717656135559082, 0.12649798393249512, 0.10545706748962402, 0.08875703811645508, 0.13891267776489258, 0.08126640319824219, 0.08395600318908691, 0.11930012702941895, 0.08851909637451172, 0.0858454704284668, 0.1275324821472168, 0.08629775047302246, 0.08342146873474121, 0.12395620346069336, 0.1039578914642334, 0.08348369598388672, 0.1291344165802002, 0.09272933006286621, 0.09121394157409668, 0.13274359703063965, 0.11343955993652344, 0.09461498260498047, 0.1240241527557373, 0.10267519950866699, 0.09584736824035645, 0.1323719024658203, 0.0864870548248291, 0.09255385398864746, 0.1294844150543213, 0.10266494750976562, 0.10539412498474121, 0.13597345352172852, 0.10374212265014648, 0.09397435188293457, 0.13407516479492188, 0.0860586166381836, 0.09257388114929199, 0.1502828598022461, 0.09598946571350098, 0.09200930595397949, 0.13244199752807617, 0.10850024223327637, 0.09487271308898926, 0.14769744873046875, 0.09145855903625488, 0.08736014366149902, 0.12835097312927246, 0.0986177921295166, 0.09321475028991699, 0.1345665454864502, 0.10462808609008789, 0.0973353385925293, 0.1403648853302002, 0.09736227989196777, 0.09075474739074707, 0.13023090362548828, 0.11124968528747559, 0.09204721450805664, 0.13369321823120117, 0.11344671249389648, 0.09594297409057617, 0.1333634853363037, 0.11005997657775879, 0.09209704399108887, 0.13318777084350586, 0.10418534278869629, 0.09252095222473145, 0.13427042961120605, 0.11492538452148438, 0.08905768394470215, 0.12906956672668457, 0.0881044864654541, 0.08972644805908203, 0.12404346466064453, 0.11133098602294922, 0.09642696380615234, 0.13419365882873535, 0.08855104446411133, 0.0951542854309082, 0.14202094078063965, 0.0854637622833252, 0.10424685478210449, 0.13255620002746582, 0.11087560653686523, 0.1019899845123291, 0.13177847862243652, 0.11055278778076172, 0.09181976318359375, 0.13603544235229492, 0.10266518592834473, 0.09817314147949219, 0.13785552978515625, 0.08981871604919434, 0.0918569564819336, 0.1292867660522461, 0.09366488456726074, 0.0931551456451416, 0.13444805145263672, 0.08811306953430176, 0.09293484687805176, 0.13323569297790527, 0.10170555114746094, 0.08835721015930176, 0.12884306907653809, 0.11258339881896973, 0.09692597389221191, 0.1360797882080078, 0.08613371849060059, 0.09237551689147949, 0.13725852966308594, 0.11578631401062012, 0.09476423263549805, 0.12161946296691895, 0.10576176643371582, 0.09518814086914062, 0.12531566619873047, 0.09562277793884277, 0.09155583381652832, 0.13511109352111816, 0.08465909957885742, 0.09295344352722168, 0.13404035568237305, 0.08676433563232422, 0.09384918212890625, 0.1387488842010498, 0.09108972549438477, 0.09737324714660645, 0.13096404075622559, 0.10888886451721191, 0.09245109558105469, 0.13009023666381836, 0.0953361988067627, 0.0937509536743164, 0.13315892219543457, 0.10780501365661621, 0.09435033798217773, 0.14224720001220703, 0.11149930953979492, 0.09091758728027344, 0.1407482624053955, 0.09102439880371094, 0.09180831909179688, 0.1251068115234375, 0.0960996150970459, 0.09009766578674316, 0.13705968856811523, 0.09020400047302246, 0.09110188484191895, 0.1303563117980957, 0.10968494415283203, 0.08949398994445801, 0.13714385032653809, 0.0902554988861084, 0.09189152717590332, 0.1289510726928711, 0.11354899406433105, 0.09169483184814453, 0.14007878303527832, 0.0951535701751709, 0.09087967872619629, 0.13261175155639648, 0.09843182563781738, 0.09248876571655273, 0.1332097053527832, 0.09993243217468262, 0.08724737167358398, 0.13885045051574707, 0.09970712661743164, 0.09149551391601562, 0.1396627426147461, 0.09170365333557129, 0.09502148628234863, 0.13041305541992188, 0.10308289527893066, 0.09395575523376465, 0.1358022689819336, 0.09132194519042969, 0.09427022933959961, 0.13027691841125488, 0.1048738956451416, 0.09421825408935547, 0.13782024383544922, 0.08852910995483398, 0.09502816200256348, 0.1291661262512207, 0.08512234687805176, 0.09041690826416016, 0.12153983116149902, 0.10520744323730469, 0.09185457229614258, 0.13348078727722168, 0.09535956382751465, 0.09523653984069824, 0.12812519073486328, 0.10381460189819336, 0.09076094627380371, 0.13426709175109863, 0.09174919128417969, 0.09009480476379395, 0.13532376289367676, 0.08667397499084473, 0.08989191055297852, 0.13584160804748535, 0.10545849800109863, 0.08968281745910645, 0.1403212547302246, 0.09322094917297363, 0.08940434455871582, 0.13647770881652832, 0.09542179107666016, 0.08640074729919434, 0.13327670097351074, 0.11107659339904785, 0.09528493881225586, 0.13143014907836914, 0.09513330459594727, 0.08828997611999512, 0.13581299781799316, 0.08845186233520508, 0.09457588195800781, 0.13464641571044922, 0.10695815086364746, 0.09280729293823242, 0.13572978973388672, 0.09109616279602051, 0.09180068969726562, 0.13572192192077637, 0.08623218536376953, 0.09224271774291992, 0.1379995346069336, 0.09455084800720215, 0.08892035484313965, 0.13277459144592285, 0.10796999931335449, 0.09132814407348633, 0.1370985507965088, 0.09420204162597656, 0.09201884269714355, 0.1258847713470459, 0.09054780006408691, 0.09410285949707031, 0.13432049751281738, 0.11623549461364746, 0.0849907398223877, 0.13747215270996094, 0.08821225166320801, 0.08826899528503418, 0.12462329864501953, 0.09537196159362793, 0.08652329444885254, 0.12468910217285156, 0.08925271034240723, 0.09020113945007324, 0.1325244903564453, 0.0917813777923584, 0.09652161598205566, 0.13425517082214355, 0.11239123344421387, 0.0930023193359375, 0.1334974765777588, 0.08418035507202148, 0.08745694160461426, 0.1231992244720459, 0.10832834243774414, 0.08501529693603516, 0.13505315780639648, 0.09022140502929688, 0.08435797691345215, 0.1302323341369629, 0.08495783805847168, 0.09554100036621094, 0.14002346992492676, 0.09370183944702148, 0.09263944625854492, 0.133103609085083, 0.10326671600341797, 0.09245181083679199, 0.12729263305664062, 0.09676432609558105, 0.09048676490783691, 0.13831305503845215, 0.0906212329864502, 0.09472060203552246, 0.13114547729492188, 0.08446097373962402, 0.09425950050354004, 0.13175749778747559, 0.08909440040588379, 0.08982396125793457, 0.12958502769470215, 0.08814406394958496, 0.09709048271179199, 0.13879990577697754, 0.1036078929901123, 0.08890581130981445, 0.13663434982299805, 0.09042692184448242, 0.09398126602172852, 0.13685154914855957, 0.09166884422302246, 0.08912515640258789, 0.13839030265808105, 0.09234809875488281, 0.08968544006347656, 0.12435460090637207, 0.09721946716308594, 0.08643484115600586, 0.13182497024536133, 0.09011316299438477, 0.0854494571685791, 0.13101458549499512, 0.09372067451477051, 0.09257340431213379, 0.1376965045928955, 0.084625244140625, 0.09069323539733887, 0.12152099609375, 0.0886988639831543, 0.08498692512512207, 0.13010382652282715, 0.09113669395446777, 0.09574246406555176, 0.13353252410888672, 0.08890938758850098, 0.08773589134216309, 0.1373729705810547, 0.09238648414611816, 0.08720517158508301, 0.1271975040435791, 0.09121084213256836, 0.0920569896697998, 0.1334085464477539, 0.09061694145202637, 0.09477066993713379, 0.13416171073913574, 0.092071533203125, 0.09394669532775879, 0.13704538345336914, 0.08733630180358887, 0.08772635459899902, 0.12816381454467773, 0.08394861221313477, 0.08645129203796387, 0.13039469718933105, 0.08303046226501465, 0.09176850318908691, 0.13962864875793457, 0.09265875816345215, 0.09443998336791992, 0.13573217391967773, 0.09133005142211914, 0.0857858657836914, 0.12563014030456543, 0.08147168159484863, 0.08560514450073242, 0.1311633586883545, 0.08455610275268555, 0.08942079544067383, 0.12844038009643555, 0.08665013313293457, 0.08704471588134766, 0.12507367134094238, 0.08874917030334473, 0.0900719165802002, 0.13878655433654785, 0.10308670997619629, 0.09108138084411621, 0.13683772087097168, 0.08475875854492188, 0.08431673049926758, 0.12642240524291992, 