{"ID": 5, "inference time": [0.3085463047027588, 0.319347620010376, 0.26338720321655273, 0.3371877670288086, 0.3149869441986084, 0.3421592712402344, 0.34223246574401855, 0.35669398307800293, 0.20674490928649902, 0.20941638946533203, 0.2613699436187744, 0.2281336784362793, 0.21004295349121094, 0.2281179428100586, 0.2769157886505127, 0.3027467727661133, 0.2735762596130371, 0.2621729373931885, 0.2295539379119873, 0.24162840843200684, 0.2319784164428711, 0.23717188835144043, 0.22708821296691895, 0.2508814334869385, 0.2427842617034912, 0.2545199394226074, 0.25348830223083496, 0.2362825870513916, 0.235182523727417, 0.22612953186035156, 0.2455275058746338, 0.2317519187927246, 0.21793031692504883, 0.2981984615325928, 0.26549768447875977, 0.2627124786376953, 0.2398970127105713, 0.24625062942504883, 0.24264097213745117, 0.21656584739685059, 0.21937870979309082, 0.23653864860534668, 0.2551701068878174, 0.21798181533813477, 0.23087549209594727, 0.2159111499786377, 0.23890233039855957, 0.23739004135131836, 0.25241708755493164, 0.2577049732208252, 0.20794343948364258, 0.2562253475189209, 0.2914085388183594, 0.2322072982788086, 0.23970937728881836, 0.23660755157470703, 0.2513270378112793, 0.2163538932800293, 0.22659993171691895, 0.2225496768951416, 0.23572587966918945, 0.21995115280151367, 0.20674920082092285, 0.26407861709594727, 0.23429656028747559, 0.2338428497314453, 0.268157958984375, 0.2478468418121338, 0.21491003036499023, 0.25870180130004883, 0.2423994541168213, 0.22079896926879883, 0.2409827709197998, 0.21892571449279785, 0.25768303871154785, 0.2221512794494629, 0.23426342010498047, 0.22602558135986328, 0.22262048721313477, 0.25279760360717773, 0.21973943710327148, 0.22608137130737305, 0.23604583740234375, 0.25302886962890625, 0.2191915512084961, 0.24141287803649902, 0.23853826522827148, 0.23311424255371094, 0.21990132331848145, 0.2672092914581299, 0.2702200412750244, 0.21515870094299316, 0.22179126739501953, 0.2501978874206543, 0.22436857223510742, 0.23670363426208496, 0.23019027709960938, 0.22397303581237793, 0.23256301879882812, 0.2489626407623291, 0.22254276275634766, 0.24089455604553223, 0.23294401168823242, 0.21254277229309082, 0.21413016319274902, 0.2875502109527588, 0.22811079025268555, 0.2055346965789795, 0.24340343475341797, 0.2167367935180664, 0.2296581268310547, 0.2299516201019287, 0.23345565795898438, 0.24833345413208008, 0.21934032440185547, 0.2415752410888672, 0.2259054183959961, 0.22431302070617676, 0.23055315017700195, 0.24697208404541016, 0.2328500747680664, 0.23526477813720703, 0.22377347946166992, 0.24866294860839844, 0.21202731132507324, 0.21757984161376953, 0.21769142150878906, 0.2339177131652832, 0.23204612731933594, 0.24029254913330078, 0.23950552940368652, 0.2360820770263672, 0.23256683349609375, 0.20711016654968262, 0.2515723705291748, 0.20630979537963867, 0.2056112289428711, 0.23262524604797363, 0.27776002883911133, 0.2259204387664795, 0.2268695831298828, 0.22352957725524902, 0.2193443775177002, 0.2543978691101074, 0.2479994297027588, 0.22847461700439453, 0.21821999549865723, 0.2349867820739746, 0.22128558158874512, 0.23461651802062988, 0.21257996559143066, 0.2171790599822998, 0.23438644409179688, 0.23093128204345703, 0.2342822551727295, 0.25464367866516113, 0.24814796447753906, 0.22989201545715332, 0.22463774681091309, 0.2350916862487793, 0.22912907600402832, 0.23934674263000488, 0.2247021198272705, 0.2533986568450928, 0.259354829788208, 0.22883939743041992, 0.2341902256011963, 0.22299432754516602, 0.279294490814209, 0.2505168914794922, 0.22937655448913574, 0.2501397132873535, 0.2244584560394287, 0.2145545482635498, 0.22388362884521484, 0.2456662654876709, 0.22405767440795898, 0.25254130363464355, 0.2207798957824707, 0.2218329906463623, 0.24265003204345703, 0.2447047233581543, 0.22200798988342285, 0.23601102828979492, 0.22825026512145996, 0.22826218605041504, 0.21964406967163086, 0.23290729522705078, 0.22642230987548828, 0.2426741123199463, 0.22238898277282715, 0.25201416015625, 0.22890400886535645, 0.24061942100524902, 0.24523353576660156, 0.2515542507171631, 0.22695565223693848, 0.23347759246826172, 0.24675750732421875, 0.24668622016906738, 0.2306516170501709, 0.23919224739074707, 0.2296309471130371, 0.25969648361206055, 0.24240875244140625, 0.2588174343109131, 0.21636223793029785, 0.23725438117980957, 0.2359926700592041, 0.2371962070465088, 0.2429337501525879, 0.24151945114135742, 0.2634921073913574, 0.2397172451019287, 0.23180770874023438, 0.22461915016174316, 0.22106409072875977, 0.24726057052612305, 0.217421293258667, 0.2405257225036621, 0.2538735866546631, 0.24206900596618652, 0.2534782886505127, 0.23248624801635742, 0.2407076358795166, 0.21872735023498535, 0.2308199405670166, 0.25006628036499023, 0.22000694274902344, 0.23728513717651367, 0.22026705741882324, 0.2560873031616211, 0.25964951515197754, 0.25021791458129883, 0.19683408737182617, 0.2229020595550537, 0.3058741092681885, 0.32184505462646484, 0.26052284240722656, 0.2328476905822754, 0.2086646556854248, 0.24354767799377441, 0.21995067596435547, 0.24040889739990234, 0.2292938232421875, 0.22837281227111816, 0.21008992195129395, 0.2526967525482178, 0.23553800582885742, 0.2128760814666748, 0.25110936164855957, 0.21713924407958984, 0.2203052043914795, 0.21819448471069336, 0.24595332145690918, 0.23167657852172852, 0.21634602546691895, 0.2313518524169922, 0.25885772705078125, 0.23124217987060547, 0.2535898685455322, 0.22136783599853516, 0.24665474891662598, 0.22010350227355957, 0.2734818458557129, 0.2526438236236572, 0.21596384048461914, 0.21362972259521484, 0.23160314559936523, 0.2218484878540039, 0.23250961303710938, 0.22537016868591309, 0.21697592735290527, 0.2578616142272949, 0.24233388900756836, 0.21465826034545898, 0.2754640579223633, 0.2789902687072754, 0.25556325912475586, 0.20627069473266602, 0.2431042194366455, 0.2067248821258545, 0.23419570922851562, 0.24442481994628906, 0.2770423889160156, 0.21385765075683594, 0.2709529399871826, 0.24039602279663086, 0.23044538497924805, 0.22164702415466309, 0.22276067733764648, 0.22303199768066406, 0.2551851272583008, 0.24635791778564453, 0.24901318550109863, 0.2161095142364502, 0.25139617919921875, 0.2162184715270996, 0.20180487632751465, 0.20313048362731934, 0.20508933067321777, 0.21018242835998535, 0.19938445091247559, 0.24245285987854004, 0.23030853271484375, 0.22869133949279785, 0.22872495651245117, 0.22105050086975098, 0.2215580940246582, 0.2127838134765625, 0.2132568359375, 0.21711373329162598, 0.24943852424621582, 0.21935391426086426, 0.26834845542907715, 0.2389063835144043, 0.22974824905395508, 0.2427845001220703, 0.21845793724060059, 0.22889208793640137, 0.22208786010742188, 0.21567773818969727, 0.2298567295074463, 0.22974610328674316, 0.27077794075012207, 0.24576425552368164, 0.2265939712524414, 0.2622668743133545, 0.2198629379272461, 0.22346043586730957, 0.21889519691467285, 0.22359728813171387, 0.25543785095214844, 0.21823477745056152, 0.22242450714111328, 0.2111828327178955, 0.2375199794769287, 0.21283245086669922, 0.22208380699157715, 0.2094743251800537, 0.24064278602600098, 0.23571109771728516, 0.22919774055480957, 0.23864483833312988, 0.21844792366027832, 0.24905824661254883, 0.253467321395874, 0.23512816429138184, 0.24254107475280762, 0.2542102336883545, 0.22068572044372559, 0.2184145450592041, 0.21588587760925293, 0.22110486030578613, 0.23995184898376465, 0.23927950859069824, 0.22742104530334473, 0.21598100662231445, 0.2147514820098877, 0.23345613479614258, 0.22213411331176758, 0.2323617935180664, 0.21046137809753418, 0.23587942123413086, 0.21315336227416992, 0.2259371280670166, 0.21537542343139648, 0.21940231323242188, 0.21500205993652344, 0.23680496215820312, 0.2306661605834961, 0.22108745574951172, 0.21616029739379883, 0.2554943561553955, 0.2627146244049072, 0.24021697044372559, 0.2240128517150879, 0.23450136184692383, 0.23374462127685547, 0.227555513381958, 0.2384648323059082, 0.23506522178649902, 0.21331143379211426, 0.24410700798034668, 0.22292399406433105, 0.21161866188049316, 0.20986437797546387, 