{"ID": 0, "inference time": [13.4603750705719, 0.14839696884155273, 0.13684582710266113, 0.11240720748901367, 0.11588311195373535, 0.10953021049499512, 0.10564470291137695, 0.10766315460205078, 0.1004800796508789, 0.08842897415161133, 0.10891985893249512, 0.11794304847717285, 0.09882473945617676, 0.10047173500061035, 0.10944962501525879, 0.11130404472351074, 0.11068058013916016, 0.10705685615539551, 0.10246706008911133, 0.09959936141967773, 0.09068942070007324, 0.0940389633178711, 0.10286331176757812, 0.08926939964294434, 0.1115267276763916, 0.11329841613769531, 0.10437202453613281, 0.11553573608398438, 0.09405684471130371, 0.09853434562683105, 0.12015891075134277, 0.11244893074035645, 0.1146388053894043, 0.09820771217346191, 0.12093281745910645, 0.11211776733398438, 0.10941696166992188, 0.09842658042907715, 0.09898257255554199, 0.11560249328613281, 0.1075437068939209, 0.11807656288146973, 0.11593127250671387, 0.1264331340789795, 0.10838484764099121, 0.10088634490966797, 0.1006159782409668, 0.10608530044555664, 0.1162257194519043, 0.10791969299316406, 0.12660527229309082, 0.11568665504455566, 0.11704707145690918, 0.09719491004943848, 0.10952305793762207, 0.1090536117553711, 0.11140131950378418, 0.1184687614440918, 0.0974128246307373, 0.10869908332824707, 0.12363338470458984, 0.12168669700622559, 0.10744261741638184, 0.11359167098999023, 0.0978085994720459, 0.08663415908813477, 0.11265110969543457, 0.12098073959350586, 0.1462697982788086, 0.12041854858398438, 0.1247859001159668, 0.1117696762084961, 0.10660767555236816, 0.10042381286621094, 0.10084247589111328, 0.12001657485961914, 0.12438726425170898, 0.14393281936645508, 0.11729907989501953, 0.11066794395446777, 0.11273622512817383, 0.1094217300415039, 0.10973906517028809, 0.10121846199035645, 0.11659431457519531, 0.11107277870178223, 0.10541987419128418, 0.10939741134643555, 0.11981606483459473, 0.11647272109985352, 0.11408138275146484, 0.11078572273254395, 0.08974719047546387, 0.11140036582946777, 0.12033820152282715, 0.10162758827209473, 0.09720969200134277, 0.1037287712097168, 0.11847209930419922, 0.09919357299804688, 0.09714603424072266, 0.11448502540588379, 0.12040185928344727, 0.10667777061462402, 0.09897518157958984, 0.12202620506286621, 0.12302184104919434, 0.10437178611755371, 0.08423209190368652, 0.11142683029174805, 0.12598919868469238, 0.12532496452331543, 0.117095947265625, 0.10238766670227051, 0.09970307350158691, 0.11430835723876953, 0.10654997825622559, 0.09521818161010742, 0.10525846481323242, 0.1198723316192627, 0.11946272850036621, 0.10438680648803711, 0.0962672233581543, 0.08752179145812988, 0.11330056190490723, 0.12119388580322266, 0.12161397933959961, 0.12464094161987305, 0.12936830520629883, 0.1177825927734375, 0.09989452362060547, 0.09532928466796875, 0.09954524040222168, 0.12581443786621094, 0.12182950973510742, 0.11093544960021973, 0.11405229568481445, 0.10263180732727051, 0.08904671669006348, 0.12185859680175781, 0.11588525772094727, 0.10358762741088867, 0.10748624801635742, 0.11675310134887695, 0.11817169189453125, 0.1120750904083252, 0.10046124458312988, 0.09013080596923828, 0.11082243919372559, 0.11678147315979004, 0.09192252159118652, 0.1077725887298584, 0.11605596542358398, 0.10617351531982422, 0.11229681968688965, 0.11338448524475098, 0.10009980201721191, 0.11619305610656738, 0.10847020149230957, 0.10656547546386719, 0.10184407234191895, 0.09435462951660156, 0.11030960083007812, 0.11505007743835449, 0.11942911148071289, 0.12083649635314941, 0.11731553077697754, 0.1106119155883789, 0.09612703323364258, 0.11666750907897949, 0.12322521209716797, 0.11576652526855469, 0.11078858375549316, 0.09700202941894531, 0.10843563079833984, 0.11001992225646973, 0.11493206024169922, 0.11935877799987793, 0.09984636306762695, 0.09729981422424316, 0.11156821250915527, 0.12183141708374023, 0.1128549575805664, 0.09067296981811523, 0.14076018333435059, 0.12390279769897461, 0.11840081214904785, 0.1004798412322998, 0.09253191947937012, 0.13134765625, 0.12436485290527344, 0.11597299575805664, 0.1167154312133789, 0.10652375221252441, 0.13209915161132812, 0.1388084888458252, 0.11884927749633789, 0.0996561050415039, 0.0906987190246582, 0.10918116569519043, 0.10966086387634277, 0.09728360176086426, 0.10331034660339355, 0.12623167037963867, 0.12679266929626465, 0.11700797080993652, 0.09948611259460449, 0.09552574157714844, 0.11167192459106445, 0.12485647201538086, 0.11652660369873047, 0.13373279571533203, 0.1225588321685791, 0.12263655662536621, 0.10856819152832031, 0.09592723846435547, 0.11162137985229492, 0.11408448219299316, 0.10685539245605469, 0.09432220458984375, 0.11573076248168945, 0.1182851791381836, 0.10479450225830078, 0.09649062156677246, 0.11215424537658691, 0.11929488182067871, 0.10526037216186523, 0.10685205459594727, 0.11465764045715332, 0.09727907180786133, 0.11889481544494629, 0.11395430564880371, 0.11240029335021973, 0.10539412498474121, 0.12120723724365234, 0.1110830307006836, 0.11815023422241211, 0.10177969932556152, 0.10336852073669434, 0.12160062789916992, 0.11821413040161133, 0.11474895477294922, 0.1032860279083252, 0.10047554969787598, 0.12233853340148926, 0.12911295890808105, 0.11118268966674805, 0.10968637466430664, 0.09538531303405762, 0.1196894645690918, 0.10538458824157715, 0.10707759857177734, 0.08794474601745605, 0.10034704208374023, 0.11374545097351074, 0.10068678855895996, 0.09650421142578125, 0.11895155906677246, 0.12682104110717773, 0.11168479919433594, 0.09168386459350586, 0.08761954307556152, 0.11798477172851562, 0.1210176944732666, 0.10896587371826172, 0.09859728813171387, 0.11588335037231445, 0.11167335510253906, 0.09929943084716797, 0.09741616249084473, 0.11777949333190918, 0.12944602966308594, 0.1176450252532959, 0.09503436088562012, 0.11097455024719238, 0.11783146858215332, 0.10147833824157715, 0.09676980972290039, 0.11793088912963867, 0.1337871551513672, 0.13408422470092773, 0.11778473854064941, 0.11615824699401855, 0.11551427841186523, 0.11569905281066895, 0.1127173900604248, 0.11126089096069336, 0.08837246894836426, 0.1043710708618164, 0.11661696434020996, 0.1171724796295166, 0.10994505882263184, 0.09350371360778809, 0.09871339797973633, 0.1207590103149414, 0.11305451393127441, 0.12773489952087402, 0.09710955619812012, 0.09873652458190918, 0.09805035591125488, 0.10318970680236816, 0.09352707862854004, 0.1208951473236084, 0.11393475532531738, 0.12104535102844238, 0.12227511405944824, 0.12961459159851074, 0.1181337833404541, 0.09978675842285156, 0.09224510192871094, 0.1149754524230957, 0.1323080062866211, 0.12587213516235352, 0.11812758445739746, 0.12551593780517578, 0.12190032005310059, 0.12311935424804688, 0.1347334384918213, 0.10117697715759277, 0.13072633743286133, 0.12310147285461426, 0.11997056007385254, 0.13884830474853516, 0.11039996147155762, 0.12014937400817871, 0.11002874374389648, 0.09817266464233398, 0.09784221649169922, 0.1215519905090332, 0.1159050464630127, 0.12069201469421387, 0.09550166130065918, 0.09130048751831055, 0.1053614616394043, 0.11238741874694824, 0.1065528392791748, 0.12107086181640625, 0.09887123107910156, 0.11307263374328613, 0.12963294982910156, 0.12007474899291992, 0.10011482238769531, 0.09057235717773438, 0.11117959022521973, 0.10843157768249512, 0.09143733978271484, 0.096588134765625, 0.12682032585144043, 0.11025238037109375, 0.09405207633972168, 0.09581184387207031, 0.1109166145324707, 0.11823630332946777, 0.10316944122314453, 0.10002779960632324, 0.11318254470825195, 0.10606575012207031, 0.10053515434265137, 0.0993506908416748, 0.12230634689331055, 0.11282849311828613, 0.11043715476989746, 0.08746933937072754, 0.09317421913146973, 0.11049818992614746, 0.10052800178527832, 0.10471105575561523, 0.09673213958740234, 0.09334349632263184, 0.11721086502075195, 0.1176602840423584, 0.1129605770111084, 0.10249829292297363, 0.08377838134765625, 0.12324380874633789, 0.14399433135986328, 0.11740255355834961, 0.14528989791870117, 0.1272578239440918, 0.11824917793273926, 0.12743282318115234, 0.1205282211303711, 