{"ID": 3, "inference time": [0.32250165939331055, 0.33986663818359375, 0.2733430862426758, 0.27318763732910156, 0.23341822624206543, 0.1992781162261963, 0.20636224746704102, 0.20865464210510254, 0.2782013416290283, 0.21416401863098145, 0.2561821937561035, 0.37143802642822266, 0.31371521949768066, 0.21251177787780762, 0.3289954662322998, 0.28371739387512207, 0.2835962772369385, 0.24934983253479004, 0.26094913482666016, 0.2604067325592041, 0.214644193649292, 0.2903578281402588, 0.3091471195220947, 0.2613956928253174, 0.2675352096557617, 0.2778892517089844, 0.26509976387023926, 0.25946974754333496, 0.2773396968841553, 0.2984037399291992, 0.2812528610229492, 0.2624940872192383, 0.2763960361480713, 0.25805115699768066, 0.2670712471008301, 0.2840921878814697, 0.25665807723999023, 0.23249363899230957, 0.2565770149230957, 0.31528234481811523, 0.28254127502441406, 0.24528884887695312, 0.21717500686645508, 0.2937803268432617, 0.2724437713623047, 0.2694542407989502, 0.2895047664642334, 0.2606923580169678, 0.28214335441589355, 0.22825908660888672, 0.3130195140838623, 0.25889062881469727, 0.28631043434143066, 0.2967870235443115, 0.23980259895324707, 0.25185203552246094, 0.21835923194885254, 0.27794861793518066, 0.2871212959289551, 0.276019811630249, 0.2623467445373535, 0.2850022315979004, 0.32364678382873535, 0.2992575168609619, 0.305248498916626, 0.27013373374938965, 0.23863911628723145, 0.2435302734375, 0.25309181213378906, 0.26369237899780273, 0.34745264053344727, 0.28459906578063965, 0.2778606414794922, 0.3223905563354492, 0.2582547664642334, 0.2828543186187744, 0.28099870681762695, 0.2781808376312256, 0.23643827438354492, 0.2621955871582031, 0.2776482105255127, 0.28467583656311035, 0.26351094245910645, 0.23021912574768066, 0.2461097240447998, 0.23338031768798828, 0.24502038955688477, 0.3091895580291748, 0.2807745933532715, 0.279634952545166, 0.23882412910461426, 0.23040246963500977, 0.2769501209259033, 0.2495265007019043, 0.29083919525146484, 0.25510168075561523, 0.2879669666290283, 0.30988407135009766, 0.29503464698791504, 0.19838500022888184, 0.3525519371032715, 0.21085691452026367, 0.2032320499420166, 0.2669863700866699, 0.29674553871154785, 0.2493753433227539, 0.2596457004547119, 0.22823238372802734, 0.29775214195251465, 0.27992844581604004, 0.26532506942749023, 0.25185513496398926, 0.21382522583007812, 0.2891213893890381, 0.26344919204711914, 0.29438138008117676, 0.2698943614959717, 0.2474966049194336, 0.27209043502807617, 0.24060797691345215, 0.23656511306762695, 0.19647550582885742, 0.2546865940093994, 0.24081802368164062, 0.2766580581665039, 0.23029041290283203, 0.22166204452514648, 0.24666142463684082, 0.22016119956970215, 0.29659342765808105, 0.23474478721618652, 0.2553231716156006, 0.21241497993469238, 0.2822906970977783, 0.24175643920898438, 0.2809615135192871, 0.29982900619506836, 0.2868313789367676, 0.2634708881378174, 0.22583341598510742, 0.26979517936706543, 0.24354195594787598, 0.27138471603393555, 0.27509284019470215, 0.2524449825286865, 0.25421977043151855, 0.2310492992401123, 0.28975915908813477, 0.22700095176696777, 0.27733397483825684, 0.2982630729675293, 0.25454282760620117, 0.2460174560546875, 0.25745725631713867, 0.2722792625427246, 0.24115252494812012, 0.2974860668182373, 0.26457929611206055, 0.248809814453125, 0.2549104690551758, 0.2622945308685303, 0.26609110832214355, 0.2967405319213867, 0.2695319652557373, 0.27809834480285645, 0.27022480964660645, 0.22567057609558105, 0.2856466770172119, 0.2992856502532959, 0.29873156547546387, 0.2705721855163574, 0.24449777603149414, 0.2874026298522949, 0.2748129367828369, 0.2298750877380371, 0.2946159839630127, 0.25243663787841797, 0.25411009788513184, 0.28636646270751953, 0.2769756317138672, 0.2744293212890625, 0.2287125587463379, 0.27718496322631836, 0.31322741508483887, 0.25591397285461426, 0.28802061080932617, 0.24921321868896484, 0.25014305114746094, 0.2612268924713135, 0.33987927436828613, 0.3551781177520752, 0.3500058650970459, 0.3688652515411377, 0.38579702377319336, 0.3818092346191406, 0.28232264518737793, 0.2628331184387207, 0.19623756408691406, 0.21242523193359375, 0.18568944931030273, 0.19643473625183105, 0.19970941543579102, 0.21861791610717773, 0.20447373390197754, 0.2089076042175293, 0.22095966339111328, 0.20685291290283203, 0.2172083854675293, 0.21115899085998535, 0.20707249641418457, 0.19648003578186035, 0.21305441856384277, 0.2465827465057373, 0.20166611671447754, 0.21326231956481934, 0.19388461112976074, 0.18892574310302734, 0.1953721046447754, 0.20089387893676758, 0.1922318935394287, 0.23014569282531738, 0.21667957305908203, 0.19078278541564941, 0.20153307914733887, 0.20209836959838867, 0.21158146858215332, 0.18670439720153809, 0.21419644355773926, 0.19152164459228516, 0.21795296669006348, 0.19796514511108398, 0.23990368843078613, 0.19193148612976074, 0.23477935791015625, 0.20029950141906738, 0.21709132194519043, 0.20708274841308594, 0.2605726718902588, 0.2008509635925293, 0.19943547248840332, 0.19847321510314941, 0.22321820259094238, 0.21057701110839844, 0.20122933387756348, 0.19079875946044922, 0.27100467681884766, 0.2516360282897949, 0.20765018463134766, 0.21026396751403809, 0.19788265228271484, 0.20723247528076172, 0.1997692584991455, 0.21833467483520508, 0.2086946964263916, 0.24398040771484375, 0.19797277450561523, 0.20852899551391602, 0.2004988193511963, 0.19683575630187988, 0.20363283157348633, 0.1918492317199707, 0.19859600067138672, 0.23504924774169922, 0.20029544830322266, 0.205641508102417, 0.23882627487182617, 0.19967317581176758, 0.2443990707397461, 0.2088155746459961, 0.19517970085144043, 0.20225787162780762, 0.21348023414611816, 0.19945621490478516, 0.195662260055542, 0.23459935188293457, 0.19758057594299316, 0.21881556510925293, 0.19950246810913086, 0.2032768726348877, 0.2044379711151123, 0.20951437950134277, 0.2011547088623047, 0.20297765731811523, 0.20541787147521973, 0.22616314888000488, 0.2051713466644287, 0.2126331329345703, 0.18941235542297363, 0.25946927070617676, 0.21739435195922852, 0.19536471366882324, 0.21144580841064453, 0.2102200984954834, 0.20833444595336914, 0.21281003952026367, 0.2034776210784912, 0.21158337593078613, 0.1936662197113037, 0.23159098625183105, 0.21326184272766113, 0.19792842864990234, 0.20500993728637695, 0.20650267601013184, 0.2221055030822754, 0.23351573944091797, 0.24308133125305176, 0.19247841835021973, 0.2211768627166748, 0.2134685516357422, 0.21436643600463867, 0.21245288848876953, 0.2539637088775635, 0.22585797309875488, 0.19588065147399902, 0.20946216583251953, 0.19546985626220703, 0.22575640678405762, 0.24410653114318848, 0.21599936485290527, 0.20003485679626465, 0.2525455951690674, 0.20656871795654297, 0.20743942260742188, 0.268200159072876, 0.21274900436401367, 0.22047162055969238, 0.2010958194732666, 0.20459938049316406, 0.21405696868896484, 0.2010040283203125, 0.22348737716674805, 0.2150418758392334, 0.21479034423828125, 0.1980283260345459, 0.22008919715881348, 0.2029707431793213, 0.22345352172851562, 0.21422314643859863, 0.21622204780578613, 0.1996762752532959, 0.21244096755981445, 0.20156335830688477, 0.20870471000671387, 0.21998071670532227, 0.1992032527923584, 0.21007370948791504, 0.20407342910766602, 0.22342157363891602, 0.1978130340576172, 0.20254039764404297, 0.19451475143432617, 0.21232342720031738, 0.2040877342224121, 0.22280383110046387, 0.1967029571533203, 0.22347807884216309, 0.21094560623168945, 0.19416451454162598, 0.29062652587890625, 0.2398815155029297, 0.21561050415039062, 0.19619989395141602, 0.19946527481079102, 0.2050464153289795, 0.21658039093017578, 0.19670534133911133, 0.2043924331665039, 0.20471620559692383, 0.22678232192993164, 0.2041940689086914, 0.20281076431274414, 0.19805669784545898, 0.2104642391204834, 0.22177553176879883, 0.203294038772583, 0.25121116638183594, 0.20165634155273438, 0.2398364543914795, 0.21522903442382812, 0.2148275375366211, 0.22043395042419434, 0.2146461009979248, 0.2065107822418213, 0.21030783653259277, 0.21129822731018066, 0.19948506355285645, 