{"ID": 2, "inference time": [17.784057140350342, 0.13517355918884277, 0.17048168182373047, 0.1190180778503418, 0.13604092597961426, 0.10525798797607422, 0.11517596244812012, 0.13943123817443848, 0.11039447784423828, 0.12308263778686523, 0.1406548023223877, 0.10790038108825684, 0.12524151802062988, 0.1364889144897461, 0.11137604713439941, 0.12232065200805664, 0.13249754905700684, 0.11533212661743164, 0.12301516532897949, 0.1326897144317627, 0.11794090270996094, 0.1266939640045166, 0.1466355323791504, 0.11427187919616699, 0.12650680541992188, 0.13550329208374023, 0.10575366020202637, 0.11382198333740234, 0.13151955604553223, 0.12074804306030273, 0.12785053253173828, 0.1452159881591797, 0.11561751365661621, 0.1320047378540039, 0.1290435791015625, 0.11029171943664551, 0.11763525009155273, 0.12917447090148926, 0.13471770286560059, 0.1288609504699707, 0.1351618766784668, 0.11144900321960449, 0.12298750877380371, 0.14160847663879395, 0.10808539390563965, 0.12548828125, 0.14021515846252441, 0.11042165756225586, 0.12417864799499512, 0.1272878646850586, 0.11264491081237793, 0.11920714378356934, 0.13459277153015137, 0.11690092086791992, 0.1275467872619629, 0.14244818687438965, 0.13612031936645508, 0.11687207221984863, 0.1447465419769287, 0.10473895072937012, 0.12236380577087402, 0.1428990364074707, 0.10990285873413086, 0.12849807739257812, 0.1349022388458252, 0.11816596984863281, 0.12738680839538574, 0.13817739486694336, 0.11926507949829102, 0.1193993091583252, 0.13860750198364258, 0.11871695518493652, 0.12682890892028809, 0.14670205116271973, 0.11036467552185059, 0.12247037887573242, 0.1510460376739502, 0.12216973304748535, 0.13117122650146484, 0.1494429111480713, 0.12247920036315918, 0.12567830085754395, 0.14267420768737793, 0.10862565040588379, 0.127183198928833, 0.14557170867919922, 0.1193690299987793, 0.13314414024353027, 0.14439177513122559, 0.12282729148864746, 0.12187671661376953, 0.1452805995941162, 0.11281871795654297, 0.12320208549499512, 0.14709043502807617, 0.1185760498046875, 0.12603044509887695, 0.1429004669189453, 0.11603236198425293, 0.12888288497924805, 0.14807891845703125, 0.1156609058380127, 0.12269926071166992, 0.13315725326538086, 0.1125028133392334, 0.12138056755065918, 0.15408706665039062, 0.11502885818481445, 0.12864184379577637, 0.14579343795776367, 0.11186838150024414, 0.11739444732666016, 0.1327972412109375, 0.11545372009277344, 0.12397384643554688, 0.14083623886108398, 0.10928773880004883, 0.12071990966796875, 0.13896465301513672, 0.10514044761657715, 0.12877821922302246, 0.15468335151672363, 0.12000608444213867, 0.1258561611175537, 0.15419244766235352, 0.11485862731933594, 0.12921953201293945, 0.14402103424072266, 0.11405301094055176, 0.12305188179016113, 0.1454463005065918, 0.11031937599182129, 0.12387228012084961, 0.1312716007232666, 0.10108518600463867, 0.11714386940002441, 0.15006709098815918, 0.1121985912322998, 0.132399320602417, 0.15103960037231445, 0.12021684646606445, 0.13119006156921387, 0.14859867095947266, 0.11522555351257324, 0.13070082664489746, 0.14483261108398438, 0.1116640567779541, 0.1265726089477539, 0.14150214195251465, 0.11333823204040527, 0.13463401794433594, 0.15488672256469727, 0.11465239524841309, 0.12645292282104492, 0.14977049827575684, 0.11130118370056152, 0.13855266571044922, 0.1579604148864746, 0.11227107048034668, 0.12374758720397949, 0.1466679573059082, 0.1105794906616211, 0.12950491905212402, 0.14760565757751465, 0.12566065788269043, 0.1322643756866455, 0.1525862216949463, 0.1162409782409668, 0.13196158409118652, 0.15469980239868164, 0.11911940574645996, 0.13422942161560059, 0.15718698501586914, 0.11300396919250488, 0.12929487228393555, 0.15382623672485352, 0.11216259002685547, 0.12739109992980957, 0.14435243606567383, 0.11476850509643555, 0.12105703353881836, 0.1444694995880127, 0.1178138256072998, 0.12980031967163086, 0.14653587341308594, 0.10980606079101562, 0.13160967826843262, 0.1623215675354004, 0.11456608772277832, 0.13898801803588867, 0.15669536590576172, 0.11704254150390625, 0.12747979164123535, 0.14953231811523438, 0.12257504463195801, 0.13280797004699707, 0.15383386611938477, 0.1206810474395752, 0.1343686580657959, 0.14901447296142578, 0.1135411262512207, 0.12255597114562988, 0.1485607624053955, 0.11208653450012207, 0.1285078525543213, 0.15559864044189453, 0.11818051338195801, 0.13032126426696777, 0.1450185775756836, 0.12560176849365234, 0.12318110466003418, 0.14629554748535156, 0.11337113380432129, 0.13593769073486328, 0.14882969856262207, 0.11887478828430176, 0.1338057518005371, 0.1455364227294922, 0.1273810863494873, 0.1332552433013916, 0.1539926528930664, 0.12913060188293457, 0.12958312034606934, 0.15107321739196777, 0.1105194091796875, 0.12346196174621582, 0.15069222450256348, 0.10817623138427734, 0.13074541091918945, 0.1466367244720459, 0.11245489120483398, 0.12564802169799805, 0.1524336338043213, 0.11060547828674316, 0.13127875328063965, 0.156386137008667, 0.11181330680847168, 0.1373891830444336, 0.15534377098083496, 0.1197214126586914, 0.12738823890686035, 0.15720272064208984, 0.13515639305114746, 0.12757182121276855, 0.13435149192810059, 0.10961246490478516, 0.12040019035339355, 0.14678692817687988, 0.11252498626708984, 0.12160062789916992, 0.15796685218811035, 0.12759184837341309, 0.12268590927124023, 0.14916467666625977, 0.11127114295959473, 0.12032055854797363, 0.15403199195861816, 0.11333084106445312, 0.1160118579864502, 0.13911986351013184, 0.10988426208496094, 0.1173255443572998, 0.1505279541015625, 0.11148762702941895, 0.1151738166809082, 0.15170025825500488, 0.11639285087585449, 0.1263275146484375, 0.14982819557189941, 0.11925292015075684, 0.12143373489379883, 0.1569528579711914, 0.12537860870361328, 0.12344884872436523, 0.14091157913208008, 0.11022257804870605, 0.12926435470581055, 0.15401339530944824, 0.12730956077575684, 0.12753868103027344, 0.14464759826660156, 0.1254873275756836, 0.11870908737182617, 0.15253496170043945, 0.13832378387451172, 0.118865966796875, 0.15079879760742188, 0.11884427070617676, 0.11842155456542969, 0.14158868789672852, 0.11180329322814941, 0.12590765953063965, 0.1487579345703125, 0.10362744331359863, 0.12015295028686523, 0.15387368202209473, 0.10610461235046387, 0.11832666397094727, 0.14109468460083008, 0.10868525505065918, 0.1292862892150879, 0.1510167121887207, 0.1253206729888916, 0.1176764965057373, 0.14601969718933105, 0.1159355640411377, 0.12504887580871582, 0.14259958267211914, 0.10738277435302734, 0.1202690601348877, 0.14673495292663574, 0.11077880859375, 0.11578226089477539, 0.13869690895080566, 0.11663937568664551, 0.12808465957641602, 0.1554410457611084, 0.11027789115905762, 0.12991881370544434, 0.1542644500732422, 0.11883401870727539, 0.12092256546020508, 0.15015769004821777, 0.11921191215515137, 0.11972522735595703, 0.15480613708496094, 0.11672472953796387, 0.1103663444519043, 0.14360737800598145, 0.11354613304138184, 0.11598062515258789, 0.1552734375, 0.12082743644714355, 0.13286590576171875, 0.16021370887756348, 0.11635565757751465, 0.11698317527770996, 0.1505141258239746, 0.12786412239074707, 0.12534141540527344, 0.15694165229797363, 0.11756515502929688, 0.12156224250793457, 0.1428205966949463, 0.11312532424926758, 0.12764716148376465, 0.15818428993225098, 0.11978411674499512, 0.12217450141906738, 0.1552877426147461, 0.12836170196533203, 0.1253800392150879, 0.15821051597595215, 0.1213843822479248, 0.1285545825958252, 0.14440107345581055, 0.11683225631713867, 0.1190187931060791, 0.14618873596191406, 0.11025381088256836, 0.11896085739135742, 0.14075565338134766, 0.11729574203491211, 0.12906551361083984, 0.14943790435791016, 0.1292562484741211, 0.12766003608703613, 0.15603232383728027, 0.1243281364440918, 0.1260392665863037, 0.15576815605163574, 0.1233673095703125, 0.1188046932220459, 0.15446066856384277, 0.11627388000488281, 0.12785601615905762, 0.15993499755859375, 0.11660647392272949, 0.12423896789550781, 0.15085721015930176, 0.1098623275756836, 0.1295921802520752, 0.15841960906982422, 0.11826062202453613, 0.1248924732208252, 