{"ID": 5, "inference time": [9.367180347442627, 0.040941476821899414, 0.06226849555969238, 0.04071378707885742, 0.038265228271484375, 0.06489872932434082, 0.039081573486328125, 0.03709578514099121, 0.060263872146606445, 0.04068255424499512, 0.036875247955322266, 0.07005786895751953, 0.0401005744934082, 0.036983489990234375, 0.05985879898071289, 0.038227081298828125, 0.035593271255493164, 0.056461334228515625, 0.10071682929992676, 0.0934450626373291, 0.10596418380737305, 0.09632158279418945, 0.06896638870239258, 0.11481475830078125, 0.0834798812866211, 0.037877559661865234, 0.12614202499389648, 0.1611495018005371, 0.0901942253112793, 0.12100028991699219, 0.03746628761291504, 0.03974580764770508, 0.07781291007995605, 0.03818631172180176, 0.03937077522277832, 0.09150266647338867, 0.03983163833618164, 0.040015220642089844, 0.08126592636108398, 0.037937164306640625, 0.041799068450927734, 0.09667468070983887, 0.03829765319824219, 0.03756546974182129, 0.10414695739746094, 0.04020428657531738, 0.03745698928833008, 0.10236573219299316, 0.038953304290771484, 0.0416569709777832, 0.09263372421264648, 0.04822945594787598, 0.0379023551940918, 0.11323308944702148, 0.037490129470825195, 0.03822207450866699, 0.10313177108764648, 0.04459977149963379, 0.056278228759765625, 0.08681845664978027, 0.057057857513427734, 0.051964759826660156, 0.11001324653625488, 0.04392075538635254, 0.04959297180175781, 0.11023139953613281, 0.06418395042419434, 0.04246211051940918, 0.1094672679901123, 0.06338191032409668, 0.04790663719177246, 0.1119999885559082, 0.06678295135498047, 0.04800605773925781, 0.11027026176452637, 0.055570363998413086, 0.03795981407165527, 0.1007990837097168, 0.04283618927001953, 0.03837990760803223, 0.10999441146850586, 0.04946613311767578, 0.03815412521362305, 0.09898734092712402, 0.04542112350463867, 0.03732752799987793, 0.10567212104797363, 0.038021087646484375, 0.03877758979797363, 0.10267210006713867, 0.04483151435852051, 0.04067277908325195, 0.11548328399658203, 0.03800177574157715, 0.08806014060974121, 0.12003874778747559, 0.04286813735961914, 0.07946038246154785, 0.11710858345031738, 0.04462313652038574, 0.03847694396972656, 0.10780501365661621, 0.038414716720581055, 0.04252338409423828, 0.10656619071960449, 0.04424238204956055, 0.042630672454833984, 0.10381126403808594, 0.04723548889160156, 0.04220271110534668, 0.10037732124328613, 0.038059234619140625, 0.04243826866149902, 0.09709668159484863, 0.048262596130371094, 0.08497190475463867, 0.12401604652404785, 0.05609893798828125, 0.03882884979248047, 0.11742711067199707, 0.038790225982666016, 0.04156661033630371, 0.10553622245788574, 0.04832124710083008, 0.08490180969238281, 0.12586688995361328, 0.03749656677246094, 0.04490542411804199, 0.08861351013183594, 0.04034161567687988, 0.0781242847442627, 0.11429452896118164, 0.10940909385681152, 0.03921318054199219, 0.10260343551635742, 0.039037466049194336, 0.04311251640319824, 0.10557746887207031, 0.04200243949890137, 0.06958627700805664, 0.09501481056213379, 0.1036067008972168, 0.0861823558807373, 0.12189793586730957, 0.06677889823913574, 0.04087328910827637, 0.10038423538208008, 0.03879284858703613, 0.05258464813232422, 0.09162640571594238, 0.036932945251464844, 0.041489601135253906, 0.10027408599853516, 0.03819775581359863, 0.07449483871459961, 0.09169816970825195, 0.08530950546264648, 0.05825400352478027, 0.11497235298156738, 0.044237613677978516, 0.045383453369140625, 0.09498071670532227, 0.03709721565246582, 0.0419926643371582, 0.10419917106628418, 0.038318634033203125, 0.04487895965576172, 0.10475277900695801, 0.036612749099731445, 0.040134429931640625, 0.10968565940856934, 0.04103422164916992, 0.06187272071838379, 0.08914923667907715, 0.03709292411804199, 0.04227042198181152, 0.08573055267333984, 0.0376584529876709, 0.04263472557067871, 0.09901595115661621, 0.03698015213012695, 0.042807579040527344, 0.11296606063842773, 0.04068565368652344, 0.03903818130493164, 0.10435819625854492, 0.04340171813964844, 0.08900618553161621, 0.12161469459533691, 0.037955522537231445, 0.07179403305053711, 0.09136962890625, 0.04088568687438965, 0.040572166442871094, 0.10455679893493652, 0.04008793830871582, 0.04151797294616699, 0.10588407516479492, 0.04407954216003418, 0.042372941970825195, 0.11009716987609863, 0.04094576835632324, 0.04269719123840332, 0.10029745101928711, 0.040763139724731445, 0.0823812484741211, 0.1261916160583496, 0.03969407081604004, 0.04221987724304199, 0.09370899200439453, 0.03722190856933594, 0.04005265235900879, 0.10803675651550293, 0.03937101364135742, 0.0429539680480957, 0.09083867073059082, 0.05270791053771973, 0.07193636894226074, 0.09257769584655762, 0.07973027229309082, 0.061345815658569336, 0.11401534080505371, 0.04535341262817383, 0.03970837593078613, 0.10442543029785156, 0.037226200103759766, 0.053484439849853516, 0.10720682144165039, 0.04989337921142578, 0.07666468620300293, 0.09595084190368652, 0.1045992374420166, 0.08934593200683594, 0.1189272403717041, 0.03703927993774414, 0.040551185607910156, 0.11096024513244629, 0.04839324951171875, 0.04268503189086914, 0.09965014457702637, 0.04243040084838867, 0.06464338302612305, 0.0989525318145752, 0.11521625518798828, 0.03885006904602051, 0.11512041091918945, 0.03696417808532715, 0.04258441925048828, 0.10357809066772461, 0.03802633285522461, 0.0512852668762207, 0.08254241943359375, 0.07810568809509277, 0.06162071228027344, 0.09268832206726074, 0.04327535629272461, 0.07491922378540039, 0.1247396469116211, 0.07268381118774414, 0.04130125045776367, 0.10481095314025879, 0.03959918022155762, 0.04615211486816406, 0.10549402236938477, 0.03856611251831055, 0.04703569412231445, 0.11383676528930664, 0.04049849510192871, 0.041832685470581055, 0.10673642158508301, 0.05362105369567871, 0.03915882110595703, 0.1110382080078125, 0.03826022148132324, 0.042020559310913086, 0.11068964004516602, 0.03673577308654785, 0.04232430458068848, 0.10435199737548828, 0.05044865608215332, 0.042170047760009766, 0.1098940372467041, 0.04280281066894531, 0.07902669906616211, 0.11100244522094727, 0.1153407096862793, 0.037528276443481445, 0.10817861557006836, 0.04241943359375, 0.04398989677429199, 0.10332632064819336, 0.0370335578918457, 0.04199862480163574, 0.10376214981079102, 0.044483184814453125, 0.06762099266052246, 0.0939474105834961, 0.08519625663757324, 0.07672715187072754, 0.10454416275024414, 0.09344077110290527, 0.09118008613586426, 0.11985635757446289, 0.03683924674987793, 0.042112112045288086, 0.10268926620483398, 0.03900909423828125, 0.04225420951843262, 0.08765554428100586, 0.04139256477355957, 0.04088187217712402, 0.10485196113586426, 0.036985158920288086, 0.038053035736083984, 0.10503840446472168, 0.04067039489746094, 0.05751776695251465, 0.09474945068359375, 0.038784027099609375, 0.04168558120727539, 0.1044318675994873, 0.037677764892578125, 0.07777738571166992, 0.10881638526916504, 0.09986114501953125, 0.040079593658447266, 0.11381053924560547, 0.03654313087463379, 0.04119110107421875, 0.10048961639404297, 0.037918806076049805, 0.03869056701660156, 0.10225558280944824, 0.040592193603515625, 0.08384251594543457, 0.12009453773498535, 0.03859233856201172, 0.03794670104980469, 0.10771441459655762, 0.03692436218261719, 0.07945799827575684, 0.11420178413391113, 0.11977481842041016, 0.038369178771972656, 0.1099996566772461, 0.0366358757019043, 0.04365801811218262, 0.10732746124267578, 0.03657341003417969, 0.041794776916503906, 0.10609197616577148, 0.036803245544433594, 0.038121700286865234, 0.10705423355102539, 0.0367276668548584, 0.04171633720397949, 0.10570669174194336, 0.03679084777832031, 0.036673784255981445, 0.09915757179260254, 0.03623509407043457, 0.03720498085021973, 0.09813284873962402, 0.037139892578125, 0.03793978691101074, 0.10225439071655273, 0.03677868843078613, 0.044602394104003906, 0.1039268970489502, 0.037880897521972656, 0.04186511039733887, 0.10976839065551758, 0.054361820220947266, 0.05079960823059082, 0.11306953430175781, 0.036328792572021484, 0.040235280990600586, 0.09848260879516602, 