{"ID": 5, "inference time": [7.2164306640625, 0.035108089447021484, 0.03490114212036133, 0.06580615043640137, 0.03525996208190918, 0.03451824188232422, 0.06794190406799316, 0.035961151123046875, 0.035852909088134766, 0.06671881675720215, 0.03943824768066406, 0.04342913627624512, 0.07309675216674805, 0.033527374267578125, 0.044386863708496094, 0.06646275520324707, 0.031150102615356445, 0.04240250587463379, 0.06758689880371094, 0.03285050392150879, 0.04513978958129883, 0.06738138198852539, 0.032479047775268555, 0.04479169845581055, 0.13589787483215332, 0.04594159126281738, 0.07700395584106445, 0.14429020881652832, 0.07147002220153809, 0.06944417953491211, 0.10814785957336426, 0.05961942672729492, 0.07091641426086426, 0.11682343482971191, 0.05807065963745117, 0.067230224609375, 0.11094450950622559, 0.06284976005554199, 0.06751227378845215, 0.11188602447509766, 0.060904741287231445, 0.06933426856994629, 0.11343073844909668, 0.05728459358215332, 0.080352783203125, 0.11722469329833984, 0.056800127029418945, 0.07066011428833008, 0.11663269996643066, 0.07454252243041992, 0.0691976547241211, 0.09671378135681152, 0.06907081604003906, 0.07290267944335938, 0.11998295783996582, 0.06331443786621094, 0.08188915252685547, 0.11698055267333984, 0.07080245018005371, 0.0672001838684082, 0.09353876113891602, 0.07138514518737793, 0.07014274597167969, 0.0988314151763916, 0.07494163513183594, 0.0769965648651123, 0.11657047271728516, 0.05385088920593262, 0.07587313652038574, 0.12019038200378418, 0.06549191474914551, 0.06956839561462402, 0.1130368709564209, 0.054097890853881836, 0.07954096794128418, 0.12026143074035645, 0.06582403182983398, 0.07716012001037598, 0.11928081512451172, 0.07326149940490723, 0.06513118743896484, 0.11113214492797852, 0.05827665328979492, 0.07271575927734375, 0.11431884765625, 0.05762147903442383, 0.06507682800292969, 0.1112661361694336, 0.07505297660827637, 0.07101917266845703, 0.09420084953308105, 0.07942557334899902, 0.08325982093811035, 0.12072467803955078, 0.06058621406555176, 0.06439781188964844, 0.11110091209411621, 0.08009696006774902, 0.0660390853881836, 0.09977912902832031, 0.08282279968261719, 0.07989716529846191, 0.11952590942382812, 0.05846762657165527, 0.0673072338104248, 0.11710047721862793, 0.05549216270446777, 0.0735471248626709, 0.12055468559265137, 0.07724499702453613, 0.06698775291442871, 0.09717941284179688, 0.07819581031799316, 0.06828880310058594, 0.11537051200866699, 0.07591009140014648, 0.0658731460571289, 0.11594176292419434, 0.06831765174865723, 0.06636166572570801, 0.12000513076782227, 0.06872200965881348, 0.06453657150268555, 0.1079108715057373, 0.0747828483581543, 0.07035493850708008, 0.10000395774841309, 0.07980966567993164, 0.08199524879455566, 0.1252274513244629, 0.07496380805969238, 0.06740450859069824, 0.09794783592224121, 0.07744336128234863, 0.08232402801513672, 0.12105870246887207, 0.06711316108703613, 0.06521177291870117, 0.11484551429748535, 0.06850814819335938, 0.06921768188476562, 0.09899353981018066, 0.07619476318359375, 0.07994556427001953, 0.11965537071228027, 0.06316709518432617, 0.0685281753540039, 0.11626338958740234, 0.06731390953063965, 0.06346011161804199, 0.1134195327758789, 0.08080291748046875, 0.07009482383728027, 0.1205451488494873, 0.05740094184875488, 0.07297396659851074, 0.1180570125579834, 0.05974841117858887, 0.06780815124511719, 0.11152839660644531, 0.08423113822937012, 0.08069467544555664, 0.11939787864685059, 0.057325124740600586, 0.062441110610961914, 0.11674666404724121, 0.08099579811096191, 0.06975436210632324, 0.10982680320739746, 0.08301305770874023, 0.0747976303100586, 0.1192314624786377, 0.05932307243347168, 0.06625676155090332, 0.11084318161010742, 0.08583807945251465, 0.06834530830383301, 0.10899233818054199, 0.07607889175415039, 0.08031058311462402, 0.11986470222473145, 0.07799434661865234, 0.06325030326843262, 0.11232686042785645, 0.08520388603210449, 0.0794985294342041, 0.11798834800720215, 0.06628298759460449, 0.0731661319732666, 0.11531543731689453, 0.05924081802368164, 0.06205439567565918, 0.11183786392211914, 0.07932901382446289, 0.06579327583312988, 0.09909868240356445, 0.08401870727539062, 0.074737548828125, 0.11965632438659668, 0.0528101921081543, 0.06970071792602539, 0.1152803897857666, 0.07680249214172363, 0.06291413307189941, 0.11281847953796387, 0.08657455444335938, 0.08095908164978027, 0.11995983123779297, 0.05910968780517578, 0.07491946220397949, 0.11870121955871582, 0.054440975189208984, 0.06171727180480957, 0.11047577857971191, 0.08677268028259277, 0.07849311828613281, 0.11954975128173828, 0.05762314796447754, 0.06761646270751953, 0.11279034614562988, 0.07388687133789062, 0.0629584789276123, 0.11063265800476074, 0.07703638076782227, 0.06622552871704102, 0.09259343147277832, 0.08298206329345703, 0.07882905006408691, 0.12043619155883789, 0.05432438850402832, 0.05984044075012207, 0.11363506317138672, 0.08740997314453125, 0.07663440704345703, 0.12181282043457031, 0.0595552921295166, 0.06145882606506348, 0.11411738395690918, 0.08683395385742188, 0.07736873626708984, 0.11841130256652832, 0.06037282943725586, 0.06262779235839844, 0.11147522926330566, 0.0874025821685791, 0.07593035697937012, 0.11669301986694336, 0.05941891670227051, 0.06082439422607422, 0.1098947525024414, 0.08628320693969727, 0.07623434066772461, 0.12194633483886719, 0.06808018684387207, 0.06134152412414551, 0.10941815376281738, 0.06930661201477051, 0.06277680397033691, 0.1152486801147461, 0.09092831611633301, 0.07354593276977539, 0.11961674690246582, 0.06034660339355469, 0.06393051147460938, 0.11511468887329102, 0.06151103973388672, 0.06197667121887207, 0.10661625862121582, 0.09082984924316406, 0.07171154022216797, 0.11538958549499512, 0.06094551086425781, 0.06198287010192871, 0.11367535591125488, 0.06106066703796387, 0.06584811210632324, 0.11192631721496582, 0.058747291564941406, 0.06125283241271973, 0.10867953300476074, 0.08818316459655762, 0.07586860656738281, 0.11799097061157227, 0.06842780113220215, 0.06643867492675781, 0.11147260665893555, 0.07907533645629883, 0.06381678581237793, 0.09290671348571777, 0.08328604698181152, 0.07318973541259766, 0.11883258819580078, 0.060598134994506836, 0.06001567840576172, 0.11247110366821289, 0.06821560859680176, 0.06323981285095215, 0.10467815399169922, 0.09046077728271484, 0.08166074752807617, 0.11641883850097656, 0.06481051445007324, 0.06506776809692383, 0.10681986808776855, 0.08854413032531738, 0.07500576972961426, 0.12016463279724121, 0.060578346252441406, 0.06157422065734863, 0.11069655418395996, 0.06748795509338379, 0.05895709991455078, 0.10914230346679688, 0.08621644973754883, 0.07317018508911133, 0.11365246772766113, 0.06620430946350098, 0.06615495681762695, 0.1204366683959961, 0.08722805976867676, 0.07097792625427246, 0.11516261100769043, 0.08513498306274414, 0.05954384803771973, 0.10896706581115723, 0.057875871658325195, 0.05879521369934082, 0.1111898422241211, 0.06629443168640137, 0.0594027042388916, 0.11122632026672363, 0.08816671371459961, 0.07134246826171875, 0.11765861511230469, 0.06415843963623047, 0.05872488021850586, 0.11272859573364258, 0.07311463356018066, 0.06363582611083984, 0.10556793212890625, 0.09302783012390137, 0.07998013496398926, 0.11510586738586426, 0.06250858306884766, 0.05906414985656738, 0.10411834716796875, 0.06463074684143066, 0.060181379318237305, 0.10836124420166016, 0.08361196517944336, 0.07179570198059082, 0.11900615692138672, 0.07149982452392578, 0.06425285339355469, 0.1122884750366211, 0.0749664306640625, 0.06177043914794922, 0.11059308052062988, 0.06299042701721191, 0.05965065956115723, 0.11103034019470215, 0.08028817176818848, 0.06362724304199219, 0.09268307685852051, 0.09422779083251953, 0.06977152824401855, 0.11227869987487793, 0.06902599334716797, 0.06264543533325195, 0.11145615577697754, 0.06209135055541992, 0.05823945999145508, 0.1084592342376709, 0.06849050521850586, 0.06897687911987305, 0.11507678031921387, 0.0785977840423584, 0.06473994255065918, 0.10903286933898926, 0.0746920108795166, 0.06290197372436523, 