{"ID": 5, "inference time": [11.700379133224487, 0.07828760147094727, 0.0798189640045166, 0.06918072700500488, 0.07441401481628418, 0.0716402530670166, 0.06920576095581055, 0.07644367218017578, 0.07408905029296875, 0.0764920711517334, 0.11241531372070312, 0.30629467964172363, 0.10376286506652832, 0.09813618659973145, 0.12429618835449219, 0.07229447364807129, 0.11650943756103516, 0.13663172721862793, 0.09658122062683105, 0.10964393615722656, 0.12511610984802246, 0.07805490493774414, 0.12474226951599121, 0.14335966110229492, 0.0724797248840332, 0.10523653030395508, 0.1288280487060547, 0.0746767520904541, 0.11917877197265625, 0.12616181373596191, 0.08803629875183105, 0.11000585556030273, 0.12958788871765137, 0.0857388973236084, 0.10998868942260742, 0.1272287368774414, 0.09122967720031738, 0.10975289344787598, 0.12008833885192871, 0.07802152633666992, 0.10922503471374512, 0.12565255165100098, 0.08757710456848145, 0.11043238639831543, 0.1292259693145752, 0.07652854919433594, 0.1047818660736084, 0.12214016914367676, 0.07372879981994629, 0.1071929931640625, 0.1284193992614746, 0.07831788063049316, 0.10537314414978027, 0.13637208938598633, 0.09748125076293945, 0.11404657363891602, 0.13999319076538086, 0.08687400817871094, 0.1134805679321289, 0.13335824012756348, 0.07968878746032715, 0.09217619895935059, 0.13432717323303223, 0.07658767700195312, 0.10685396194458008, 0.12972617149353027, 0.07819676399230957, 0.11236166954040527, 0.14682745933532715, 0.07504034042358398, 0.11622810363769531, 0.12669110298156738, 0.09061598777770996, 0.10922122001647949, 0.12966680526733398, 0.08778572082519531, 0.10660243034362793, 0.11064887046813965, 0.07914972305297852, 0.09225773811340332, 0.10131120681762695, 0.07428407669067383, 0.12133240699768066, 0.1296250820159912, 0.0991201400756836, 0.1091909408569336, 0.13309431076049805, 0.10396909713745117, 0.10467290878295898, 0.13351678848266602, 0.07509183883666992, 0.10344743728637695, 0.11027669906616211, 0.08071780204772949, 0.1042485237121582, 0.12670016288757324, 0.0924990177154541, 0.10260486602783203, 0.12235260009765625, 0.08192729949951172, 0.1113440990447998, 0.10821318626403809, 0.07975196838378906, 0.10943436622619629, 0.12251663208007812, 0.09131383895874023, 0.1002202033996582, 0.1289358139038086, 0.07655620574951172, 0.1095726490020752, 0.12968778610229492, 0.10950803756713867, 0.13220906257629395, 0.14173364639282227, 0.0805361270904541, 0.10427546501159668, 0.13151216506958008, 0.0863335132598877, 0.11150598526000977, 0.12912297248840332, 0.0885319709777832, 0.11030411720275879, 0.12144136428833008, 0.09820413589477539, 0.11162114143371582, 0.11402082443237305, 0.08383798599243164, 0.10019516944885254, 0.12444543838500977, 0.08423757553100586, 0.10176372528076172, 0.11551570892333984, 0.09071636199951172, 0.11162900924682617, 0.12536859512329102, 0.08776426315307617, 0.10260987281799316, 0.13552188873291016, 0.07550477981567383, 0.10636591911315918, 0.13455462455749512, 0.07638740539550781, 0.10090994834899902, 0.10902595520019531, 0.08027958869934082, 0.09857368469238281, 0.12503600120544434, 0.10899567604064941, 0.12449979782104492, 0.1322460174560547, 0.11050009727478027, 0.10812926292419434, 0.11745905876159668, 0.08221268653869629, 0.11166191101074219, 0.140458345413208, 0.07616758346557617, 0.11458492279052734, 0.13382768630981445, 0.09252667427062988, 0.10659337043762207, 0.12733960151672363, 0.08424758911132812, 0.11228179931640625, 0.14003324508666992, 0.07827520370483398, 0.1122591495513916, 0.12523961067199707, 0.08063387870788574, 0.0959014892578125, 0.13567161560058594, 0.08160901069641113, 0.11292529106140137, 0.14080047607421875, 0.08266949653625488, 0.10370445251464844, 0.13996529579162598, 0.08489227294921875, 0.12158870697021484, 0.1408524513244629, 0.09439349174499512, 0.1199808120727539, 0.13157176971435547, 0.09783291816711426, 0.10909056663513184, 0.13026881217956543, 0.06883573532104492, 0.10808229446411133, 0.1285560131072998, 0.08638644218444824, 0.1311337947845459, 0.1060481071472168, 0.07943296432495117, 0.11650609970092773, 0.13219165802001953, 0.0780024528503418, 0.1144719123840332, 0.1348271369934082, 0.09159302711486816, 0.11421799659729004, 0.1256427764892578, 0.07714104652404785, 0.11707377433776855, 0.14418983459472656, 0.08341574668884277, 0.12089252471923828, 0.12697529792785645, 0.1100459098815918, 0.11784672737121582, 0.13619542121887207, 0.09023308753967285, 0.10841965675354004, 0.13377070426940918, 0.0875544548034668, 0.11746549606323242, 0.12935876846313477, 0.10807299613952637, 0.10361051559448242, 0.13434624671936035, 0.09266924858093262, 0.12389945983886719, 0.1418302059173584, 0.08688735961914062, 0.11993575096130371, 0.12230205535888672, 0.08778095245361328, 0.12531685829162598, 0.13033461570739746, 0.1007540225982666, 0.1036076545715332, 0.13397693634033203, 0.0808415412902832, 0.11722850799560547, 0.1162722110748291, 0.08771753311157227, 0.11605119705200195, 0.14209294319152832, 0.08700013160705566, 0.12636899948120117, 0.15003275871276855, 0.08313250541687012, 0.11016702651977539, 0.12715482711791992, 0.10169816017150879, 0.10423111915588379, 0.11682510375976562, 0.08359098434448242, 0.09660553932189941, 0.11684560775756836, 0.08495974540710449, 0.10033464431762695, 0.12706494331359863, 0.11169767379760742, 0.12580204010009766, 0.13486623764038086, 0.08439159393310547, 0.10972738265991211, 0.1265408992767334, 0.09705424308776855, 0.10119175910949707, 0.11180901527404785, 0.11053943634033203, 0.12533807754516602, 0.14049959182739258, 0.09242010116577148, 0.09605050086975098, 0.11629366874694824, 0.10315918922424316, 0.11601066589355469, 0.12270188331604004, 0.10280871391296387, 0.10312700271606445, 0.1322650909423828, 0.08920550346374512, 0.10213732719421387, 0.13843560218811035, 0.10702395439147949, 0.12707853317260742, 0.13712096214294434, 0.09280228614807129, 0.11225128173828125, 0.13399219512939453, 0.10106348991394043, 0.13024258613586426, 0.13799142837524414, 0.07949662208557129, 0.10512185096740723, 0.12690281867980957, 0.0812838077545166, 0.11714434623718262, 0.13962674140930176, 0.09728670120239258, 0.1185908317565918, 0.11926865577697754, 0.0812220573425293, 0.11511540412902832, 0.12393927574157715, 0.1000833511352539, 0.1150054931640625, 0.11707234382629395, 0.10454392433166504, 0.10502791404724121, 0.12252259254455566, 0.10426068305969238, 0.11975455284118652, 0.14090538024902344, 0.10735678672790527, 0.12242937088012695, 0.12732338905334473, 0.10546112060546875, 0.11148214340209961, 0.12075996398925781, 0.09317445755004883, 0.10599994659423828, 0.11816763877868652, 0.08415770530700684, 0.11217570304870605, 0.11469697952270508, 0.1029062271118164, 0.0893714427947998, 0.12393975257873535, 0.11088943481445312, 0.11565923690795898, 0.12588930130004883, 0.1062624454498291, 0.12501049041748047, 0.13670992851257324, 0.09345817565917969, 0.11008095741271973, 0.12137794494628906, 0.11848258972167969, 0.12214207649230957, 0.13584613800048828, 0.11195826530456543, 0.11821770668029785, 0.13642382621765137, 0.10979986190795898, 0.1214299201965332, 0.1349043846130371, 0.11712932586669922, 0.11747431755065918, 0.11742734909057617, 0.09555602073669434, 0.10270953178405762, 0.12058424949645996, 0.10132241249084473, 0.10615825653076172, 0.1340169906616211, 0.09904885292053223, 0.12274384498596191, 0.13485217094421387, 0.0876467227935791, 0.09652471542358398, 0.11315274238586426, 0.10889863967895508, 0.12228560447692871, 0.14260268211364746, 0.11918258666992188, 0.12647294998168945, 0.12425494194030762, 0.12685775756835938, 0.12319731712341309, 0.12767934799194336, 0.11722230911254883, 0.12004351615905762, 0.13103342056274414, 0.11944055557250977, 0.12220072746276855, 0.1195828914642334, 0.10938739776611328, 0.12177395820617676, 0.127699613571167, 0.12456607818603516, 0.11085796356201172, 0.12878108024597168, 0.10140275955200195, 0.12906193733215332, 0.11402416229248047, 0.1167917251586914, 0.11892008781433105, 0.12281656265258789, 0.1260993480682373, 