{"ID": 2, "inference time": [0.32421302795410156, 0.24978303909301758, 0.24480700492858887, 0.22878789901733398, 0.23081159591674805, 0.25264644622802734, 0.2555732727050781, 0.2323763370513916, 0.24868202209472656, 0.24321389198303223, 0.24668645858764648, 0.2488269805908203, 0.2325572967529297, 0.2392442226409912, 0.22821593284606934, 0.23542451858520508, 0.20904183387756348, 0.2344067096710205, 0.25218653678894043, 0.22400450706481934, 0.24721837043762207, 0.24953126907348633, 0.22814273834228516, 0.24175739288330078, 0.256666898727417, 0.25112247467041016, 0.24971437454223633, 0.23285746574401855, 0.22425031661987305, 0.2597472667694092, 0.245880126953125, 0.26044130325317383, 0.2646312713623047, 0.23253536224365234, 0.24674010276794434, 0.23442840576171875, 0.23712706565856934, 0.2634623050689697, 0.22220993041992188, 0.2626032829284668, 0.25188207626342773, 0.2445998191833496, 0.22942495346069336, 0.25902533531188965, 0.2529311180114746, 0.24863052368164062, 0.2586507797241211, 0.2656846046447754, 0.21738314628601074, 0.2667992115020752, 0.2640550136566162, 0.21992850303649902, 0.26062941551208496, 0.227677583694458, 0.2553527355194092, 0.24341654777526855, 0.25830745697021484, 0.25511598587036133, 0.23528456687927246, 0.2572207450866699, 0.23961329460144043, 0.2579498291015625, 0.24183917045593262, 0.24619841575622559, 0.26067209243774414, 0.2420642375946045, 0.24757766723632812, 0.26746320724487305, 0.24208331108093262, 0.2413499355316162, 0.2640411853790283, 0.25052356719970703, 0.2293083667755127, 0.23814630508422852, 0.2346186637878418, 0.2274160385131836, 0.22609591484069824, 0.22856974601745605, 0.2173004150390625, 0.22741079330444336, 0.4370565414428711, 0.1963193416595459, 0.21625208854675293, 0.21507501602172852, 0.2503507137298584, 0.21158051490783691, 0.24857425689697266, 0.2053813934326172, 0.23394465446472168, 0.23737788200378418, 0.23446202278137207, 0.22570514678955078, 0.21448683738708496, 0.23261165618896484, 0.20804572105407715, 0.22237467765808105, 0.24470758438110352, 0.21497297286987305, 0.20583319664001465, 0.21369552612304688, 0.2178201675415039, 0.24268484115600586, 0.252777099609375, 0.21518826484680176, 0.20935344696044922, 0.21753644943237305, 0.2281508445739746, 0.2467811107635498, 0.24930691719055176, 0.22348642349243164, 0.2173166275024414, 0.24421143531799316, 0.22505760192871094, 0.19990253448486328, 0.23835182189941406, 0.21427297592163086, 0.21761631965637207, 0.22165560722351074, 0.24483823776245117, 0.20638442039489746, 0.20972180366516113, 0.2117016315460205, 0.2187056541442871, 0.23365998268127441, 0.21325421333312988, 0.22987580299377441, 0.23055768013000488, 0.2342972755432129, 0.2211322784423828, 0.21325898170471191, 0.2241663932800293, 0.24707460403442383, 0.24561572074890137, 0.2134079933166504, 0.22690844535827637, 0.22540903091430664, 0.2164921760559082, 0.20981836318969727, 0.2153642177581787, 0.2191309928894043, 0.20651698112487793, 0.2066957950592041, 0.2113039493560791, 0.1953277587890625, 0.21293997764587402, 0.21720552444458008, 0.21715450286865234, 0.23111891746520996, 0.21433496475219727, 0.2072770595550537, 0.22056293487548828, 0.2115926742553711, 0.23141026496887207, 0.209320068359375, 0.21167373657226562, 0.21744751930236816, 0.21441888809204102, 0.24816298484802246, 0.23121333122253418, 0.2234342098236084, 0.21930432319641113, 0.23346376419067383, 0.21125173568725586, 0.23043155670166016, 0.21857023239135742, 0.20842337608337402, 0.22606515884399414, 0.24409198760986328, 0.22773027420043945, 0.22707152366638184, 0.2296311855316162, 0.2259690761566162, 0.22534656524658203, 0.24560046195983887, 0.2065584659576416, 0.24691534042358398, 0.23398923873901367, 0.21797728538513184, 0.23822855949401855, 0.21656417846679688, 0.22435688972473145, 0.2519063949584961, 0.23383569717407227, 0.2329704761505127, 0.2214803695678711, 0.24593400955200195, 0.23798036575317383, 0.20877647399902344, 0.20425701141357422, 0.22284364700317383, 0.22426581382751465, 0.23004722595214844, 0.2207634449005127, 0.2118983268737793, 0.2307145595550537, 0.21500468254089355, 0.2213432788848877, 0.20966124534606934, 0.23366355895996094, 0.2372269630432129, 0.21013426780700684, 0.23030471801757812, 0.24287819862365723, 0.23308682441711426, 0.20544886589050293, 0.20669913291931152, 0.23598885536193848, 0.23165464401245117, 0.2066822052001953, 0.2135317325592041, 0.22182250022888184, 0.24441981315612793, 0.23784589767456055, 0.24455475807189941, 0.21756458282470703, 0.22095751762390137, 0.2323918342590332, 0.2364344596862793, 0.22579383850097656, 0.23254179954528809, 0.2334756851196289, 0.21585726737976074, 0.22162508964538574, 0.2353212833404541, 0.24559473991394043, 0.2351076602935791, 0.24122405052185059, 0.21055841445922852, 0.22531700134277344, 0.22960567474365234, 0.2340695858001709, 0.2328777313232422, 0.20199346542358398, 0.24895024299621582, 0.22929739952087402, 0.2150576114654541, 0.2109208106994629, 0.230147123336792, 0.2486588954925537, 0.22491717338562012, 0.24953627586364746, 0.2061457633972168, 0.2189946174621582, 0.2277541160583496, 0.22629857063293457, 0.24723553657531738, 0.24146294593811035, 0.21767950057983398, 0.22241878509521484, 0.23348689079284668, 0.24280261993408203, 0.2092134952545166, 0.24620628356933594, 0.20866990089416504, 0.23140382766723633, 0.23534846305847168, 0.20232939720153809, 0.20814180374145508, 0.21004557609558105, 0.2374553680419922, 0.21714401245117188, 0.21495461463928223, 0.2135167121887207, 0.2218480110168457, 0.20534610748291016, 0.23214268684387207, 0.24412965774536133, 0.23485398292541504, 0.2279198169708252, 0.21258974075317383, 0.22764253616333008, 0.21065688133239746, 0.23242497444152832, 0.22732019424438477, 0.23816466331481934, 0.20081472396850586, 0.2419137954711914, 0.22194719314575195, 0.2312145233154297, 0.24149107933044434, 0.2299787998199463, 0.2270357608795166, 0.22969675064086914, 0.2466263771057129, 0.2091224193572998, 0.2107715606689453, 0.21660780906677246, 0.24753594398498535, 0.22372031211853027, 0.25134944915771484, 0.2438797950744629, 0.22484874725341797, 0.21889591217041016, 0.24378395080566406, 0.2516512870788574, 0.2480764389038086, 0.24727678298950195, 0.2500014305114746, 0.24064135551452637, 0.2476053237915039, 0.21740984916687012, 0.24714207649230957, 0.22206497192382812, 0.23413515090942383, 0.24627089500427246, 0.21090054512023926, 0.2123551368713379, 0.24472641944885254, 0.23645448684692383, 0.22047138214111328, 0.23088312149047852, 0.22738051414489746, 0.2502481937408447, 0.24337458610534668, 0.22179675102233887, 0.2288973331451416, 0.22048234939575195, 0.21943259239196777, 0.22180914878845215, 0.20588469505310059, 0.2139418125152588, 0.24352526664733887, 0.21654057502746582, 0.2090167999267578, 0.20949816703796387, 0.20775794982910156, 0.23878788948059082, 0.21844887733459473, 0.22239995002746582, 0.24375414848327637, 0.23179125785827637, 0.23500776290893555, 0.23082923889160156, 0.22099924087524414, 0.24277305603027344, 0.2227191925048828, 0.223435640335083, 0.21613860130310059, 0.2365574836730957, 0.23062562942504883, 0.24878835678100586, 0.21953773498535156, 0.2496495246887207, 0.201338529586792, 0.22425556182861328, 0.21364426612854004, 0.22103238105773926, 0.24344897270202637, 0.2306828498840332, 0.23278093338012695, 0.2299637794494629, 0.2128157615661621, 0.2236921787261963, 0.20880532264709473, 0.22568464279174805, 0.22852492332458496, 0.22475171089172363, 0.22406768798828125, 0.21519875526428223, 0.24979519844055176, 0.22324252128601074, 0.22460007667541504, 0.2358853816986084, 0.23217058181762695, 0.24437618255615234, 0.2257070541381836, 0.24160122871398926, 0.2450089454650879, 0.21040630340576172, 0.24370431900024414, 0.22426581382751465, 0.23972773551940918, 0.25569725036621094, 0.21746373176574707, 0.20991039276123047, 0.23322701454162598, 0.23688697814941406, 0.24312233924865723, 0.2118997573852539, 0.2353062629699707, 0.24179434776306152, 0.20749378204345703, 0.24417710304260254, 0.21216607093811035, 0.24344086647033691, 