{"ID": 0, "inference time": [0.3306610584259033, 0.2257997989654541, 0.25641870498657227, 0.23671174049377441, 0.24033617973327637, 0.2332315444946289, 0.23429226875305176, 0.24021244049072266, 0.2546048164367676, 0.2725257873535156, 0.22321772575378418, 0.23392486572265625, 0.23488283157348633, 0.24281954765319824, 0.20952844619750977, 0.24117803573608398, 0.2298417091369629, 0.2049577236175537, 0.24117469787597656, 0.21995043754577637, 0.22645187377929688, 0.2066028118133545, 0.21024250984191895, 0.21369028091430664, 0.23810362815856934, 0.21006131172180176, 0.20923852920532227, 0.23572421073913574, 0.23726940155029297, 0.24610376358032227, 0.21575927734375, 0.2578849792480469, 0.24478602409362793, 0.2545328140258789, 0.21152043342590332, 0.20892930030822754, 0.21080994606018066, 0.23110055923461914, 0.21039724349975586, 0.27079153060913086, 0.23940277099609375, 0.21447110176086426, 0.20061612129211426, 0.23416686058044434, 0.22969627380371094, 0.22114038467407227, 0.23012351989746094, 0.24611473083496094, 0.21691417694091797, 0.23582124710083008, 0.2554957866668701, 0.2010822296142578, 0.2420036792755127, 0.20468401908874512, 0.20557665824890137, 0.2093505859375, 0.2474827766418457, 0.22547078132629395, 0.23263168334960938, 0.23050403594970703, 0.22958636283874512, 0.25443506240844727, 0.22330355644226074, 0.2290940284729004, 0.23448777198791504, 0.2261502742767334, 0.24589085578918457, 0.2508115768432617, 0.23833227157592773, 0.2500126361846924, 0.2562906742095947, 0.22350239753723145, 0.23301434516906738, 0.22636938095092773, 0.22874903678894043, 0.23437809944152832, 0.2351243495941162, 0.23853683471679688, 0.20633482933044434, 0.23187828063964844, 0.7243442535400391, 0.18512344360351562, 0.18102693557739258, 0.18074989318847656, 0.18274855613708496, 0.19339847564697266, 0.19444990158081055, 0.18556547164916992, 0.1803603172302246, 0.1922922134399414, 0.18092846870422363, 0.1917107105255127, 0.18914270401000977, 0.18744444847106934, 0.18576407432556152, 0.18339967727661133, 0.19217705726623535, 0.20921659469604492, 0.19264936447143555, 0.18164873123168945, 0.19401979446411133, 0.18816852569580078, 0.1853928565979004, 0.1757831573486328, 0.20616436004638672, 0.1941378116607666, 0.1857755184173584, 0.18747591972351074, 0.18912839889526367, 0.1940782070159912, 0.18588685989379883, 0.18072915077209473, 0.1847681999206543, 0.18943023681640625, 0.18091082572937012, 0.1878345012664795, 0.1836717128753662, 0.2103099822998047, 0.2116870880126953, 0.19880342483520508, 0.1968371868133545, 0.21181797981262207, 0.2041621208190918, 0.19472336769104004, 0.19099760055541992, 0.1858518123626709, 0.19801855087280273, 0.18536829948425293, 0.18427681922912598, 0.19367003440856934, 0.1848766803741455, 0.18334150314331055, 0.1946573257446289, 0.18784117698669434, 0.1932516098022461, 0.19755077362060547, 0.1940312385559082, 0.19065403938293457, 0.18585729598999023, 0.1908125877380371, 0.19340753555297852, 0.19142913818359375, 0.2015519142150879, 0.18044161796569824, 0.1865243911743164, 0.19812488555908203, 0.20677542686462402, 0.1842331886291504, 0.2021796703338623, 0.18730568885803223, 0.19631481170654297, 0.1917269229888916, 0.21364808082580566, 0.1971738338470459, 0.20027589797973633, 0.1920464038848877, 0.19240474700927734, 0.19031143188476562, 0.1878676414489746, 0.19596624374389648, 0.20196819305419922, 0.18464946746826172, 0.19669556617736816, 0.183760404586792, 0.18259859085083008, 0.1945939064025879, 0.19448280334472656, 0.18713617324829102, 0.18779826164245605, 0.19022870063781738, 0.18767786026000977, 0.19047307968139648, 0.18227577209472656, 0.19122719764709473, 0.20805811882019043, 0.2012794017791748, 0.1969461441040039, 0.19525790214538574, 0.18678975105285645, 0.1953425407409668, 0.20571136474609375, 0.21337628364562988, 0.1856832504272461, 0.17780399322509766, 0.18969011306762695, 0.19730496406555176, 0.20897483825683594, 0.19055771827697754, 0.19794154167175293, 0.18580222129821777, 0.18641972541809082, 0.19626259803771973, 0.1873929500579834, 0.18305611610412598, 0.20314979553222656, 0.18503212928771973, 0.18970680236816406, 0.19336724281311035, 0.18738198280334473, 0.18470525741577148, 0.1958167552947998, 0.1993556022644043, 0.1884598731994629, 0.19495511054992676, 0.18652105331420898, 0.18573355674743652, 0.19129300117492676, 0.19905638694763184, 0.20356130599975586, 0.19460511207580566, 0.1932685375213623, 0.1898972988128662, 0.18574166297912598, 0.17592167854309082, 0.18776655197143555, 0.19160914421081543, 0.1879289150238037, 0.18328475952148438, 0.19510960578918457, 0.19277739524841309, 0.1943497657775879, 0.19492673873901367, 0.2134714126586914, 0.18677568435668945, 0.18611359596252441, 0.18247580528259277, 0.19933533668518066, 0.1909644603729248, 0.18495774269104004, 0.21266794204711914, 0.2304980754852295, 0.19099736213684082, 0.19426941871643066, 0.19928407669067383, 0.1905498504638672, 0.19768953323364258, 0.19964313507080078, 0.19941377639770508, 0.19408273696899414, 0.18910741806030273, 0.19007229804992676, 0.19518780708312988, 0.19636011123657227, 0.19717073440551758, 0.1914668083190918, 0.18674468994140625, 0.20274043083190918, 0.18873119354248047, 0.21497368812561035, 0.2165083885192871, 0.18871665000915527, 0.20269155502319336, 0.20727920532226562, 0.2016596794128418, 0.20708417892456055, 0.20415806770324707, 0.20641660690307617, 0.18773221969604492, 0.19959378242492676, 0.19275498390197754, 0.22008800506591797, 0.18876361846923828, 0.20209217071533203, 0.19993233680725098, 0.2132091522216797, 0.21574664115905762, 0.201033353805542, 0.20446515083312988, 0.20676541328430176, 0.19539618492126465, 0.19386935234069824, 0.1909928321838379, 0.21030616760253906, 0.2091357707977295, 0.2062387466430664, 0.20365357398986816, 0.21116018295288086, 0.20615339279174805, 0.20299053192138672, 0.19430041313171387, 0.20287227630615234, 0.2068030834197998, 0.20112824440002441, 0.20149493217468262, 0.1959230899810791, 0.19432425498962402, 0.1948697566986084, 0.20464015007019043, 0.19613075256347656, 0.18356561660766602, 0.20740556716918945, 0.20078659057617188, 0.18798518180847168, 0.18830442428588867, 0.18527531623840332, 0.20958304405212402, 0.2000279426574707, 0.20430254936218262, 0.19788789749145508, 0.19621062278747559, 0.18591642379760742, 0.19124960899353027, 0.20078706741333008, 0.20085549354553223, 0.19923186302185059, 0.19577884674072266, 0.20367670059204102, 0.19028592109680176, 0.20716524124145508, 0.20500755310058594, 0.19736695289611816, 0.19765591621398926, 0.19365429878234863, 0.1900496482849121, 0.2111363410949707, 0.18583416938781738, 0.19769716262817383, 0.19955015182495117, 0.1946735382080078, 0.1947188377380371, 0.2040705680847168, 0.2196979522705078, 0.19406604766845703, 0.19518232345581055, 0.1924436092376709, 0.1907482147216797, 0.21193957328796387, 0.22162675857543945, 0.20015358924865723, 0.18409228324890137, 0.19345331192016602, 0.2065141201019287, 0.204298734664917, 0.18566441535949707, 0.20578789710998535, 0.22124147415161133, 0.20349574089050293, 0.19277429580688477, 0.1974480152130127, 0.2075974941253662, 0.1972801685333252, 0.21394109725952148, 0.2017369270324707, 0.1952211856842041, 0.199479341506958, 0.1838674545288086, 0.1867082118988037, 0.1844484806060791, 0.19891738891601562, 0.1835172176361084, 0.2050337791442871, 0.19086289405822754, 0.20808744430541992, 0.19864392280578613, 0.20435857772827148, 0.18056201934814453, 0.18142127990722656, 0.1836230754852295, 0.18361854553222656, 0.206834077835083, 0.19305801391601562, 0.1957402229309082, 0.18863153457641602, 0.20128560066223145, 0.18369197845458984, 0.19539141654968262, 0.1981673240661621, 0.19056487083435059, 0.1987605094909668, 0.20410919189453125, 0.19609522819519043, 0.18510913848876953, 0.19058895111083984, 0.184678316116333, 0.1824815273284912, 0.20493745803833008, 0.20411014556884766, 0.18500709533691406, 0.1950681209564209, 0.2089240550994873, 0.19419002532958984, 0.21385645866394043, 0.18903446197509766, 0.19848942756652832, 0.19041180610656738, 