{"ID": 4, "inference time": [8.180994272232056, 0.07909369468688965, 0.044091224670410156, 0.07039690017700195, 0.04292893409729004, 0.04388713836669922, 0.06806445121765137, 0.04024195671081543, 0.04528951644897461, 0.06654858589172363, 0.041651248931884766, 0.04498291015625, 0.06775641441345215, 0.03952646255493164, 0.0438075065612793, 0.06374073028564453, 0.04541611671447754, 0.04326963424682617, 0.0652010440826416, 0.04181337356567383, 0.09731435775756836, 0.06395769119262695, 0.04077625274658203, 0.16713571548461914, 0.1397254467010498, 0.040526628494262695, 0.04693317413330078, 0.06204366683959961, 0.04235529899597168, 0.058075666427612305, 0.08291506767272949, 0.04714059829711914, 0.05004429817199707, 0.061983346939086914, 0.04581856727600098, 0.0585019588470459, 0.07050609588623047, 0.04013371467590332, 0.04799389839172363, 0.0818793773651123, 0.05994558334350586, 0.06207752227783203, 0.06242871284484863, 0.04068899154663086, 0.05518317222595215, 0.08565258979797363, 0.055960655212402344, 0.06364583969116211, 0.06316423416137695, 0.039728403091430664, 0.0423738956451416, 0.07509922981262207, 0.05664253234863281, 0.06419897079467773, 0.06254243850708008, 0.039737701416015625, 0.058692216873168945, 0.07306075096130371, 0.039904117584228516, 0.04059910774230957, 0.06457185745239258, 0.0612034797668457, 0.06232571601867676, 0.07049918174743652, 0.04161858558654785, 0.0478358268737793, 0.07801461219787598, 0.05931234359741211, 0.06379485130310059, 0.06285452842712402, 0.040621042251586914, 0.052555084228515625, 0.07606363296508789, 0.0396425724029541, 0.04335141181945801, 0.060820817947387695, 0.05586695671081543, 0.0608518123626709, 0.0709843635559082, 0.04101395606994629, 0.041254281997680664, 0.0711519718170166, 0.05987071990966797, 0.0635690689086914, 0.0620114803314209, 0.04013800621032715, 0.0574183464050293, 0.07352042198181152, 0.0403745174407959, 0.0457766056060791, 0.07571721076965332, 0.06252574920654297, 0.06397724151611328, 0.05981612205505371, 0.0403599739074707, 0.05762958526611328, 0.07050585746765137, 0.041059017181396484, 0.04923892021179199, 0.0769660472869873, 0.06013083457946777, 0.06264114379882812, 0.061250925064086914, 0.04014849662780762, 0.057098388671875, 0.0694737434387207, 0.04110217094421387, 0.05663466453552246, 0.07074904441833496, 0.039728641510009766, 0.05714535713195801, 0.0681922435760498, 0.04105687141418457, 0.04320406913757324, 0.07653260231018066, 0.0630195140838623, 0.06523752212524414, 0.05945467948913574, 0.04066205024719238, 0.055928945541381836, 0.07131624221801758, 0.03981161117553711, 0.04353475570678711, 0.07343459129333496, 0.065673828125, 0.06362795829772949, 0.0661933422088623, 0.03950691223144531, 0.05678606033325195, 0.07244682312011719, 0.03980612754821777, 0.03995823860168457, 0.07233285903930664, 0.0581965446472168, 0.05847048759460449, 0.06766676902770996, 0.040933847427368164, 0.056133270263671875, 0.07166767120361328, 0.04046988487243652, 0.05475902557373047, 0.07743024826049805, 0.04143881797790527, 0.045980215072631836, 0.06086611747741699, 0.04000353813171387, 0.05756044387817383, 0.06955480575561523, 0.04126620292663574, 0.056833744049072266, 0.0744321346282959, 0.040810585021972656, 0.04128527641296387, 0.07290005683898926, 0.05637693405151367, 0.05880546569824219, 0.07186722755432129, 0.040426015853881836, 0.05363750457763672, 0.07647585868835449, 0.041670799255371094, 0.04866838455200195, 0.06260299682617188, 0.05002474784851074, 0.05726337432861328, 0.07120823860168457, 0.040863037109375, 0.043182373046875, 0.07705402374267578, 0.06086230278015137, 0.060776710510253906, 0.07054328918457031, 0.04143238067626953, 0.05578804016113281, 0.07513260841369629, 0.03901410102844238, 0.043558597564697266, 0.06750750541687012, 0.05554342269897461, 0.056488752365112305, 0.07145953178405762, 0.039878129959106445, 0.04265618324279785, 0.07236313819885254, 0.05937695503234863, 0.059332847595214844, 0.07696652412414551, 0.0400233268737793, 0.04422783851623535, 0.0684821605682373, 0.04507040977478027, 0.05066180229187012, 0.07830095291137695, 0.056308746337890625, 0.057047367095947266, 0.0775609016418457, 0.04303288459777832, 0.041779518127441406, 0.07138681411743164, 0.05077385902404785, 0.05189371109008789, 0.08434820175170898, 0.06192183494567871, 0.05540633201599121, 0.08984088897705078, 0.06572437286376953, 0.05638408660888672, 0.07824468612670898, 0.04062819480895996, 0.04617762565612793, 0.06409192085266113, 0.04824090003967285, 0.04865741729736328, 0.07617402076721191, 0.05819988250732422, 0.05183696746826172, 0.08629965782165527, 0.04764223098754883, 0.06154274940490723, 0.07699179649353027, 0.04542088508605957, 0.04980182647705078, 0.06316018104553223, 0.04023241996765137, 0.04925131797790527, 0.07815432548522949, 0.05740547180175781, 0.055856943130493164, 0.07807564735412598, 0.03913545608520508, 0.0447542667388916, 0.061856746673583984, 0.05263042449951172, 0.05589008331298828, 0.07739615440368652, 0.0402522087097168, 0.04492044448852539, 0.06561565399169922, 0.05033731460571289, 0.0548856258392334, 0.07577061653137207, 0.04042506217956543, 0.0415959358215332, 0.07294821739196777, 0.05698561668395996, 0.05728745460510254, 0.07136034965515137, 0.04015803337097168, 0.03998422622680664, 0.07155132293701172, 0.05888032913208008, 0.05767250061035156, 0.07098197937011719, 0.04129171371459961, 0.040495872497558594, 0.07100510597229004, 0.05254554748535156, 0.05952763557434082, 0.07845759391784668, 0.04348444938659668, 0.0461575984954834, 0.06334996223449707, 0.0568537712097168, 0.05753636360168457, 0.07924675941467285, 0.04158639907836914, 0.04123187065124512, 0.07878494262695312, 0.05670499801635742, 0.05563068389892578, 0.07231903076171875, 0.04128313064575195, 0.04146265983581543, 0.07460284233093262, 0.05699467658996582, 0.05597996711730957, 0.0908348560333252, 0.05918741226196289, 0.056719303131103516, 0.08978915214538574, 0.05463242530822754, 0.064788818359375, 0.07487201690673828, 0.04254031181335449, 0.041541099548339844, 0.074432373046875, 0.04154324531555176, 0.04782462120056152, 0.07563281059265137, 0.055624961853027344, 0.04912424087524414, 0.07744812965393066, 0.05667233467102051, 0.06399846076965332, 0.07554769515991211, 0.04328107833862305, 0.04532337188720703, 0.06308841705322266, 0.057120323181152344, 0.05435824394226074, 0.08984899520874023, 0.06644916534423828, 0.055524349212646484, 0.08938932418823242, 0.05164194107055664, 0.05867505073547363, 0.07136726379394531, 0.040735721588134766, 0.042772769927978516, 0.07401657104492188, 0.058655738830566406, 0.05502653121948242, 0.07440614700317383, 0.04091620445251465, 0.04547119140625, 0.07319164276123047, 0.04493999481201172, 0.05515432357788086, 0.08942389488220215, 0.06462645530700684, 0.05680584907531738, 0.08441734313964844, 0.04861140251159668, 0.055747270584106445, 0.07268452644348145, 0.04088616371154785, 0.045987844467163086, 0.06584286689758301, 0.0517573356628418, 0.05434584617614746, 0.08917665481567383, 0.05916094779968262, 0.06268978118896484, 0.07714414596557617, 0.04171872138977051, 0.03982949256896973, 0.07776618003845215, 0.06310248374938965, 0.06245565414428711, 0.08678507804870605, 0.05608654022216797, 0.05709099769592285, 0.08999061584472656, 0.05869174003601074, 0.057235002517700195, 0.06981301307678223, 0.04141855239868164, 0.039624691009521484, 0.0710151195526123, 0.05899167060852051, 0.05717158317565918, 0.09370994567871094, 0.05926370620727539, 0.059996604919433594, 0.0955653190612793, 0.0624845027923584, 0.056077003479003906, 0.08199477195739746, 0.04630398750305176, 0.06108808517456055, 0.07285261154174805, 0.04433083534240723, 0.04075217247009277, 0.07452201843261719, 0.06424641609191895, 0.05567336082458496, 0.09091997146606445, 0.06024432182312012, 0.0560758113861084, 0.08347415924072266, 0.04575157165527344, 0.05803823471069336, 0.07461118698120117, 0.04238581657409668, 0.04057478904724121, 0.07933712005615234, 0.05847644805908203, 0.05495953559875488, 0.08917427062988281, 0.058051347732543945, 