{"ID": 5, "inference time": [0.3277575969696045, 0.24291253089904785, 0.34709835052490234, 0.19405651092529297, 0.2116689682006836, 0.19077086448669434, 0.20203351974487305, 0.21479034423828125, 0.21484732627868652, 0.28301286697387695, 0.3328373432159424, 0.25689077377319336, 0.2960023880004883, 0.22425270080566406, 0.19877934455871582, 0.21178412437438965, 0.2109668254852295, 0.2490825653076172, 0.38263416290283203, 0.394956111907959, 0.32094287872314453, 0.30626440048217773, 0.24138116836547852, 0.2684330940246582, 0.27507543563842773, 0.2670719623565674, 0.27764225006103516, 0.29259777069091797, 0.33185291290283203, 0.3752121925354004, 0.33992600440979004, 0.30532050132751465, 0.27559995651245117, 0.23630023002624512, 0.24606680870056152, 0.2574591636657715, 0.2783505916595459, 0.248427152633667, 0.2250535488128662, 0.23932266235351562, 0.28505897521972656, 0.2802104949951172, 0.28679966926574707, 0.26830172538757324, 0.24835538864135742, 0.2613222599029541, 0.27571702003479004, 0.27550649642944336, 0.2796761989593506, 0.2688591480255127, 0.3262505531311035, 0.4130074977874756, 0.4025392532348633, 0.4234333038330078, 0.42043638229370117, 0.3962571620941162, 0.3848531246185303, 0.32044172286987305, 0.24678587913513184, 0.2865428924560547, 0.32801246643066406, 0.2002103328704834, 0.25003814697265625, 0.2966127395629883, 0.35001659393310547, 0.29863739013671875, 0.1900310516357422, 0.228410005569458, 0.3155648708343506, 0.3673512935638428, 0.19961071014404297, 0.18827581405639648, 0.25207066535949707, 0.29519104957580566, 0.3701786994934082, 0.40083789825439453, 0.41619014739990234, 0.4369215965270996, 0.43305206298828125, 0.4194052219390869, 0.27001166343688965, 0.1887829303741455, 0.18620562553405762, 0.2444925308227539, 0.29492807388305664, 0.3612833023071289, 0.3855631351470947, 0.37018823623657227, 0.39629507064819336, 0.3728604316711426, 0.20613694190979004, 0.19114446640014648, 0.20936059951782227, 0.19731903076171875, 0.27336931228637695, 0.3408803939819336, 0.3561837673187256, 0.24775195121765137, 0.19563841819763184, 0.18713831901550293, 0.18844914436340332, 0.20691132545471191, 0.21483993530273438, 0.24766969680786133, 0.2858846187591553, 0.33971500396728516, 0.35523009300231934, 0.33413243293762207, 0.18764567375183105, 0.21295738220214844, 0.19193768501281738, 0.2761707305908203, 0.3058803081512451, 0.2803177833557129, 0.23033976554870605, 0.22485041618347168, 0.23470234870910645, 0.22931408882141113, 0.22039437294006348, 0.23619937896728516, 0.23126792907714844, 0.24557876586914062, 0.2281506061553955, 0.23624682426452637, 0.25835323333740234, 0.2579081058502197, 0.2456204891204834, 0.2300560474395752, 0.22632646560668945, 0.22588372230529785, 0.2618834972381592, 0.2772533893585205, 0.2487180233001709, 0.2587597370147705, 0.28633975982666016, 0.2846817970275879, 0.2805471420288086, 0.3461039066314697, 0.35871124267578125, 0.3280527591705322, 0.2772512435913086, 0.32309460639953613, 0.3311948776245117, 0.32059192657470703, 0.28386449813842773, 0.2546238899230957, 0.273958683013916, 0.26578760147094727, 0.282581090927124, 0.306243896484375, 0.33937644958496094, 0.36397361755371094, 0.36897754669189453, 0.37201523780822754, 0.3609130382537842, 0.28466272354125977, 0.22021865844726562, 0.36318302154541016, 0.3664102554321289, 0.3209381103515625, 0.2018444538116455, 0.2000417709350586, 0.19814229011535645, 0.1999197006225586, 0.20339369773864746, 0.24483871459960938, 0.3324146270751953, 0.42841243743896484, 0.40009117126464844, 0.3534882068634033, 0.22821593284606934, 0.30129504203796387, 0.2861289978027344, 0.21855401992797852, 0.25180673599243164, 0.26116347312927246, 0.28264355659484863, 0.32266950607299805, 0.3769645690917969, 0.32570934295654297, 0.30736470222473145, 0.2744944095611572, 0.2325761318206787, 0.23546433448791504, 0.24353551864624023, 0.22412919998168945, 0.2484297752380371, 0.23927712440490723, 0.23670268058776855, 0.2293379306793213, 0.23031187057495117, 0.23330068588256836, 0.24066877365112305, 0.23788022994995117, 0.23595690727233887, 0.262850284576416, 0.27827882766723633, 0.2927713394165039, 0.27369189262390137, 0.26076793670654297, 0.257828950881958, 0.2769620418548584, 0.28751254081726074, 0.2698020935058594, 0.30687451362609863, 0.2853972911834717, 0.24961233139038086, 0.2712280750274658, 0.25998592376708984, 0.24846696853637695, 0.2768666744232178, 0.2873706817626953, 0.27178072929382324, 0.3082895278930664, 0.3788735866546631, 0.3938467502593994, 0.441866397857666, 0.44275975227355957, 0.4416823387145996, 0.43097710609436035, 0.42661166191101074, 0.44382548332214355, 0.42168116569519043, 0.40978097915649414, 0.44105076789855957, 0.44655728340148926, 0.4300997257232666, 0.41210412979125977, 0.40697526931762695, 0.4214048385620117, 0.39776110649108887, 0.4467430114746094, 0.4010274410247803, 0.4238409996032715, 0.39334893226623535, 0.2814364433288574, 0.1913154125213623, 0.1850261688232422, 0.19062590599060059, 0.1866002082824707, 0.19707465171813965, 0.18539142608642578, 0.18694305419921875, 0.20764565467834473, 0.19179677963256836, 0.19369268417358398, 0.1877427101135254, 0.19702410697937012, 0.1960444450378418, 0.2250652313232422, 0.19016098976135254, 0.20017290115356445, 0.20498275756835938, 0.2515106201171875, 0.3269333839416504, 0.39031100273132324, 0.407224178314209, 0.3884305953979492, 0.4385995864868164, 0.40706658363342285, 0.244614839553833, 0.19712257385253906, 0.21564316749572754, 0.2716407775878906, 0.33652377128601074, 0.4118824005126953, 0.43067145347595215, 0.432711124420166, 0.2808408737182617, 0.19135212898254395, 0.20416021347045898, 0.24054479598999023, 0.2999246120452881, 0.34985899925231934, 0.41037559509277344, 0.38245272636413574, 0.35752320289611816, 0.3096914291381836, 0.23932552337646484, 0.20352745056152344, 0.27448225021362305, 0.1889641284942627, 0.31840944290161133, 0.18860650062561035, 0.1929326057434082, 0.1903228759765625, 0.2025763988494873, 0.24765944480895996, 0.24693727493286133, 0.22579026222229004, 0.20609521865844727, 0.23019814491271973, 0.2512810230255127, 0.20998525619506836, 0.21649789810180664, 0.2124190330505371, 0.23911380767822266, 0.21922945976257324, 0.22360777854919434, 0.21416807174682617, 0.260481595993042, 0.253551721572876, 0.2693288326263428, 0.23560595512390137, 0.23676681518554688, 0.23976707458496094, 0.22385239601135254, 0.2384934425354004, 0.2332446575164795, 0.23111557960510254, 0.21779084205627441, 0.1987450122833252, 0.21201395988464355, 0.21387672424316406, 0.2148299217224121, 0.2573366165161133, 0.2695651054382324, 0.26825666427612305, 0.22920513153076172, 0.23520350456237793, 0.2727322578430176, 0.2800307273864746, 0.2707836627960205, 0.24009490013122559, 0.2127687931060791, 0.23950934410095215, 0.1999986171722412, 0.2139432430267334, 0.22929096221923828, 0.20357513427734375, 0.2158830165863037, 0.194915771484375, 0.275693416595459, 0.272996187210083, 0.2396106719970703, 0.23752593994140625, 0.2372910976409912, 0.2783513069152832, 0.2433760166168213, 0.2926640510559082, 0.25598764419555664, 0.23413777351379395, 0.2426135540008545, 0.2462913990020752, 0.25664806365966797, 0.22453022003173828, 0.2590482234954834, 0.21386480331420898, 0.24903178215026855, 0.27601051330566406, 0.25754356384277344, 0.24018478393554688, 0.22118186950683594, 0.22996926307678223, 0.21573805809020996, 0.23218441009521484, 0.20885276794433594, 0.23227286338806152, 0.22130966186523438, 0.19991850852966309, 0.2484760284423828, 0.22935771942138672, 0.23537993431091309, 0.26569294929504395, 0.26375269889831543, 0.19484972953796387, 0.22508740425109863, 0.21609210968017578, 0.2744176387786865, 0.3491671085357666, 0.3973367214202881, 0.41896510124206543, 0.42240214347839355, 0.40525293350219727, 0.4274635314941406, 0.4167137145996094, 0.41948628425598145, 0.3087291717529297, 0.1939401626586914, 0.21802139282226562, 0.2380216121673584, 0.2627105712890625, 0.30619049072265625, 0.3491783142089844, 0.4078681468963623, 0.38041067123413086, 0.3383824825286865, 0.29189491271972656, 