{"ID": 6, "inference time": [13.862805843353271, 0.10356616973876953, 0.07895755767822266, 0.10044622421264648, 0.24340224266052246, 0.09363317489624023, 0.10003137588500977, 0.1382291316986084, 0.09270358085632324, 0.1001746654510498, 0.11182165145874023, 0.07757568359375, 0.1069183349609375, 0.12439799308776855, 0.08849549293518066, 0.09981822967529297, 0.1206367015838623, 0.07307839393615723, 0.09902620315551758, 0.11773896217346191, 0.08716583251953125, 0.10798835754394531, 0.11726021766662598, 0.0927579402923584, 0.09993219375610352, 0.12355995178222656, 0.08754873275756836, 0.09874629974365234, 0.12115216255187988, 0.0807948112487793, 0.10187458992004395, 0.12727618217468262, 0.10016727447509766, 0.0998239517211914, 0.12262439727783203, 0.09692931175231934, 0.09924101829528809, 0.1155400276184082, 0.07195544242858887, 0.09967660903930664, 0.13287091255187988, 0.10424518585205078, 0.09916496276855469, 0.11468791961669922, 0.07311534881591797, 0.09991216659545898, 0.11744546890258789, 0.08139872550964355, 0.10894513130187988, 0.1195363998413086, 0.07657837867736816, 0.09740805625915527, 0.11741471290588379, 0.07966804504394531, 0.10946488380432129, 0.1391887664794922, 0.08880805969238281, 0.1062932014465332, 0.12193942070007324, 0.07752728462219238, 0.10217618942260742, 0.12101411819458008, 0.09967637062072754, 0.10274720191955566, 0.11989068984985352, 0.07684874534606934, 0.11023473739624023, 0.11726665496826172, 0.07487082481384277, 0.10191226005554199, 0.12192559242248535, 0.10215926170349121, 0.10763812065124512, 0.11935973167419434, 0.08909940719604492, 0.10859894752502441, 0.11806321144104004, 0.08184814453125, 0.10101532936096191, 0.12096071243286133, 0.09644818305969238, 0.11249041557312012, 0.11860084533691406, 0.07878494262695312, 0.10884475708007812, 0.12615418434143066, 0.08901786804199219, 0.1101224422454834, 0.12453079223632812, 0.0967259407043457, 0.11334013938903809, 0.12949204444885254, 0.0857248306274414, 0.11298513412475586, 0.12297391891479492, 0.09278082847595215, 0.11511063575744629, 0.12253308296203613, 0.10090398788452148, 0.10098028182983398, 0.1147770881652832, 0.07069611549377441, 0.09859800338745117, 0.12359023094177246, 0.11197280883789062, 0.1095731258392334, 0.11479687690734863, 0.08613443374633789, 0.11037802696228027, 0.11749887466430664, 0.07612204551696777, 0.10547900199890137, 0.12569332122802734, 0.10047745704650879, 0.11794757843017578, 0.12845611572265625, 0.07687115669250488, 0.10686612129211426, 0.1112222671508789, 0.07597136497497559, 0.10930466651916504, 0.1159353256225586, 0.07712554931640625, 0.10790538787841797, 0.11766576766967773, 0.08357810974121094, 0.11300277709960938, 0.1240236759185791, 0.07760739326477051, 0.10252761840820312, 0.11833429336547852, 0.07454252243041992, 0.10351300239562988, 0.13180017471313477, 0.10531187057495117, 0.11392712593078613, 0.11562323570251465, 0.07630062103271484, 0.10772228240966797, 0.11901712417602539, 0.07661032676696777, 0.10403585433959961, 0.12195062637329102, 0.08517885208129883, 0.10988903045654297, 0.11699843406677246, 0.08451032638549805, 0.10459160804748535, 0.1248941421508789, 0.09639620780944824, 0.11541485786437988, 0.11736106872558594, 0.08298659324645996, 0.10246753692626953, 0.11831092834472656, 0.08281445503234863, 0.1061251163482666, 0.12758445739746094, 0.08537912368774414, 0.1168820858001709, 0.11581921577453613, 0.07778811454772949, 0.11083006858825684, 0.13338708877563477, 0.09188055992126465, 0.12084627151489258, 0.11693453788757324, 0.07953119277954102, 0.10509705543518066, 0.12175869941711426, 0.08277630805969238, 0.11823272705078125, 0.11852240562438965, 0.08915162086486816, 0.11835145950317383, 0.11652040481567383, 0.08080887794494629, 0.1068885326385498, 0.1225278377532959, 0.08651185035705566, 0.11888766288757324, 0.11796689033508301, 0.10115504264831543, 0.12023591995239258, 0.11610198020935059, 0.10026955604553223, 0.11843562126159668, 0.11771392822265625, 0.08249688148498535, 0.10994744300842285, 0.12101984024047852, 0.08762860298156738, 0.1198573112487793, 0.12103819847106934, 0.08822035789489746, 0.11801362037658691, 0.11932969093322754, 0.07741165161132812, 0.12179899215698242, 0.11830568313598633, 0.08340644836425781, 0.11599349975585938, 0.11886811256408691, 0.0798807144165039, 0.11187529563903809, 0.1194002628326416, 0.09564685821533203, 0.11780023574829102, 0.11742472648620605, 0.08553600311279297, 0.10676312446594238, 0.11665678024291992, 0.08771705627441406, 0.11755967140197754, 0.11893224716186523, 0.08754205703735352, 0.10940742492675781, 0.1207437515258789, 0.09033751487731934, 0.1179661750793457, 0.11573052406311035, 0.08805513381958008, 0.11022162437438965, 0.12410783767700195, 0.10609078407287598, 0.11676502227783203, 0.11452054977416992, 0.09671330451965332, 0.11119389533996582, 0.130659818649292, 0.08872079849243164, 0.1258845329284668, 0.12024760246276855, 0.08720779418945312, 0.11252975463867188, 0.12126708030700684, 0.08584856986999512, 0.11718297004699707, 0.11819958686828613, 0.08817052841186523, 0.11365652084350586, 0.12895774841308594, 0.08993649482727051, 0.11969542503356934, 0.1189870834350586, 0.09586572647094727, 0.11258697509765625, 0.12967753410339355, 0.08630228042602539, 0.1170039176940918, 0.11597299575805664, 0.09016776084899902, 0.11515188217163086, 0.12975525856018066, 0.09751653671264648, 0.1178429126739502, 0.1194455623626709, 0.10330986976623535, 0.11875200271606445, 0.11983776092529297, 0.09613227844238281, 0.12125587463378906, 0.11889982223510742, 0.09313535690307617, 0.11075854301452637, 0.12837433815002441, 0.0979464054107666, 0.12050747871398926, 0.12257051467895508, 0.09638357162475586, 0.11860299110412598, 0.12281203269958496, 0.0834507942199707, 0.11963748931884766, 0.1176762580871582, 0.0880591869354248, 0.11487507820129395, 0.12278413772583008, 0.09736204147338867, 0.1201791763305664, 0.1192176342010498, 0.10238242149353027, 0.12049126625061035, 0.11244416236877441, 0.09043693542480469, 0.12450242042541504, 0.11775970458984375, 0.08973407745361328, 0.11519956588745117, 0.12749028205871582, 0.09753084182739258, 0.1241447925567627, 0.11533617973327637, 0.0883784294128418, 0.11066007614135742, 0.12633633613586426, 0.0901947021484375, 0.11595726013183594, 0.11476016044616699, 0.10221219062805176, 0.12112188339233398, 0.11570215225219727, 0.08921957015991211, 0.12082815170288086, 0.11902165412902832, 0.08413481712341309, 0.11171889305114746, 0.12314438819885254, 0.0890650749206543, 0.12098336219787598, 0.1141505241394043, 0.11113309860229492, 0.12206578254699707, 0.12008476257324219, 0.08986115455627441, 0.11450338363647461, 0.12491941452026367, 0.09761643409729004, 0.12102293968200684, 0.11929678916931152, 0.09907293319702148, 0.12225103378295898, 0.11785531044006348, 0.10575675964355469, 0.11499691009521484, 0.12090063095092773, 0.0882265567779541, 0.10951781272888184, 0.12106728553771973, 0.09420204162597656, 0.12399625778198242, 0.11744952201843262, 0.08867549896240234, 0.12090826034545898, 0.12162327766418457, 0.09920763969421387, 0.12126278877258301, 0.11554360389709473, 0.08460378646850586, 0.12485814094543457, 0.12293434143066406, 0.08901548385620117, 0.11221861839294434, 0.12659025192260742, 0.09083676338195801, 0.12133979797363281, 0.12209534645080566, 0.1058814525604248, 0.12109780311584473, 0.11734747886657715, 0.08556008338928223, 0.12554454803466797, 0.12081360816955566, 0.08803033828735352, 0.11380410194396973, 0.12351512908935547, 0.08764219284057617, 0.12404632568359375, 0.1184377670288086, 0.09305119514465332, 0.11697864532470703, 0.11818504333496094, 0.0904531478881836, 0.1208028793334961, 0.11726641654968262, 0.09922218322753906, 0.1270756721496582, 0.12162256240844727, 0.08423209190368652, 0.12640023231506348, 0.11741089820861816, 0.08243513107299805, 0.11465692520141602, 0.1251688003540039, 0.0782923698425293, 0.11371088027954102, 0.12458395957946777, 0.09947919845581055, 0.12263846397399902, 0.1220548152923584, 0.09246373176574707, 0.12364625930786133, 