{"ID": 7, "inference time": [0.2963840961456299, 0.23145008087158203, 0.22618961334228516, 0.3016622066497803, 0.28188133239746094, 0.26305532455444336, 0.305633544921875, 0.28928327560424805, 0.2743818759918213, 0.3065781593322754, 0.2739677429199219, 0.2695450782775879, 0.2854161262512207, 0.31882500648498535, 0.3295783996582031, 0.3140904903411865, 0.26098036766052246, 0.27759790420532227, 0.2988619804382324, 0.25413060188293457, 0.21231389045715332, 0.3467698097229004, 0.3250765800476074, 0.3236536979675293, 0.3224661350250244, 0.2961699962615967, 0.252765417098999, 0.24529051780700684, 0.26722216606140137, 0.22130203247070312, 0.2527632713317871, 0.22633075714111328, 0.20324969291687012, 0.30770158767700195, 0.27212071418762207, 0.24883365631103516, 0.2719552516937256, 0.23476910591125488, 0.20833420753479004, 0.31093597412109375, 0.27820467948913574, 0.2587106227874756, 0.27201032638549805, 0.25917625427246094, 0.211500883102417, 0.2796316146850586, 0.28369641304016113, 0.24468469619750977, 0.2861039638519287, 0.26002931594848633, 0.2232050895690918, 0.2585008144378662, 0.30106282234191895, 0.2608213424682617, 0.313199520111084, 0.29836440086364746, 0.2567157745361328, 0.25985288619995117, 0.2482142448425293, 0.2172856330871582, 0.2945823669433594, 0.23215794563293457, 0.2362375259399414, 0.26378369331359863, 0.26887989044189453, 0.22878432273864746, 0.2824721336364746, 0.2682912349700928, 0.23515892028808594, 0.269390344619751, 0.24149084091186523, 0.23794913291931152, 0.2795708179473877, 0.27869319915771484, 0.22717666625976562, 0.287264347076416, 0.2801237106323242, 0.24766111373901367, 0.283519983291626, 0.23934340476989746, 0.20891094207763672, 0.2861318588256836, 0.26604390144348145, 0.2664508819580078, 0.27079296112060547, 0.22896099090576172, 0.21823382377624512, 0.27768707275390625, 0.21959424018859863, 0.23865556716918945, 0.22751379013061523, 0.2879152297973633, 0.27587056159973145, 0.27495312690734863, 0.26583361625671387, 0.243438720703125, 0.267559289932251, 0.3019742965698242, 0.25385618209838867, 0.2616097927093506, 0.2436840534210205, 0.23270940780639648, 0.2946803569793701, 0.2547605037689209, 0.24793529510498047, 0.31307268142700195, 0.3044705390930176, 0.26020169258117676, 0.2621490955352783, 0.2469770908355713, 0.2413339614868164, 0.30608129501342773, 0.2571067810058594, 0.21576499938964844, 0.2749643325805664, 0.29072070121765137, 0.24486327171325684, 0.27404069900512695, 0.317873477935791, 0.2960045337677002, 0.29641175270080566, 0.24747371673583984, 0.20786333084106445, 0.2983219623565674, 0.2565288543701172, 0.22910547256469727, 0.29790449142456055, 0.29961633682250977, 0.2519104480743408, 0.27454543113708496, 0.24930739402770996, 0.22892117500305176, 0.28560400009155273, 0.22992539405822754, 0.2460618019104004, 0.27968549728393555, 0.25696468353271484, 0.24087238311767578, 0.2594466209411621, 0.254366397857666, 0.23177123069763184, 0.3152189254760742, 0.3083183765411377, 0.2732269763946533, 0.3143939971923828, 0.23304224014282227, 0.23285436630249023, 0.25328516960144043, 0.26206421852111816, 0.2394108772277832, 0.26333045959472656, 0.2698550224304199, 0.2226271629333496, 0.2806570529937744, 0.2685825824737549, 0.23723912239074707, 0.26467370986938477, 0.2619507312774658, 0.2536957263946533, 0.26483845710754395, 0.255079984664917, 0.2484874725341797, 0.2815113067626953, 0.282146692276001, 0.2467503547668457, 0.26549816131591797, 0.30788087844848633, 0.2636148929595947, 0.2822427749633789, 0.2634439468383789, 0.22030162811279297, 0.30489349365234375, 0.2955186367034912, 0.24862384796142578, 0.2735002040863037, 0.33259105682373047, 0.31697583198547363, 0.34183573722839355, 0.2797520160675049, 0.315995454788208, 0.301616907119751, 0.26621341705322266, 0.23662996292114258, 0.28345775604248047, 0.2970693111419678, 0.2751743793487549, 0.3008081912994385, 0.29567980766296387, 0.2501661777496338, 0.2850162982940674, 0.28737306594848633, 0.23058772087097168, 0.30840015411376953, 0.321152925491333, 0.28740978240966797, 0.2987630367279053, 0.26542019844055176, 0.21451139450073242, 0.3301231861114502, 0.34629321098327637, 0.32401227951049805, 0.3344295024871826, 0.3758699893951416, 0.32985734939575195, 0.2964048385620117, 0.42262816429138184, 0.41025400161743164, 0.40499114990234375, 0.41802978515625, 0.3843080997467041, 0.42578864097595215, 0.3574178218841553, 0.20946073532104492, 0.3408799171447754, 0.36207103729248047, 0.20462393760681152, 0.31084394454956055, 0.35245466232299805, 0.20935630798339844, 0.290480375289917, 0.27288365364074707, 0.20322513580322266, 0.2409954071044922, 0.25162291526794434, 0.21249103546142578, 0.24451136589050293, 0.27656126022338867, 0.22971177101135254, 0.24892067909240723, 0.25315237045288086, 0.2448124885559082, 0.2581651210784912, 0.21513128280639648, 0.2375955581665039, 0.19859838485717773, 0.23409628868103027, 0.24203944206237793, 0.2355360984802246, 0.22104835510253906, 0.2372419834136963, 0.23009777069091797, 0.31884026527404785, 0.19721651077270508, 0.20495820045471191, 0.26523685455322266, 0.18620061874389648, 0.28043437004089355, 0.23791909217834473, 0.23138689994812012, 0.21578049659729004, 0.20504164695739746, 0.21891570091247559, 0.22798681259155273, 0.23361730575561523, 0.22007513046264648, 0.23627734184265137, 0.3280148506164551, 0.2042710781097412, 0.23035883903503418, 0.2472085952758789, 0.24742865562438965, 0.23076105117797852, 0.2811152935028076, 0.21674084663391113, 0.22310328483581543, 0.2460010051727295, 0.2554478645324707, 0.23687124252319336, 0.24135637283325195, 0.24169087409973145, 0.21257972717285156, 0.30969929695129395, 0.27857184410095215, 0.2536311149597168, 0.2225964069366455, 0.24226593971252441, 0.2565286159515381, 0.19919133186340332, 0.23075103759765625, 0.20305657386779785, 0.3237192630767822, 0.1905663013458252, 0.25168657302856445, 0.3350861072540283, 0.2018141746520996, 0.26093029975891113, 0.28035712242126465, 0.22893810272216797, 0.24737167358398438, 0.3319418430328369, 0.19533419609069824, 0.2611837387084961, 0.2772367000579834, 0.2211911678314209, 0.21443486213684082, 0.21787595748901367, 0.2496333122253418, 0.22498559951782227, 0.2130739688873291, 0.28827571868896484, 0.24332642555236816, 0.21217846870422363, 0.24176359176635742, 0.20832085609436035, 0.19933342933654785, 0.2641458511352539, 0.23443913459777832, 0.240830659866333, 0.22220659255981445, 0.1941516399383545, 0.2956862449645996, 0.197052001953125, 0.23209929466247559, 0.19939827919006348, 0.25234055519104004, 0.22763371467590332, 0.19469976425170898, 0.2614319324493408, 0.22492313385009766, 0.18523812294006348, 0.29143691062927246, 0.2456355094909668, 0.22342181205749512, 0.22301864624023438, 0.220231294631958, 0.23145484924316406, 0.23835372924804688, 0.21292638778686523, 0.32247495651245117, 0.2553443908691406, 0.24802088737487793, 0.24703240394592285, 0.24879837036132812, 0.23668193817138672, 0.29807353019714355, 0.2395763397216797, 0.2454538345336914, 0.25563931465148926, 0.22403883934020996, 0.2187502384185791, 0.21431303024291992, 0.20628595352172852, 0.23225712776184082, 0.21767234802246094, 0.25597262382507324, 0.23404741287231445, 0.2073807716369629, 0.2318413257598877, 0.2677922248840332, 0.27164244651794434, 0.19014835357666016, 0.2400655746459961, 0.2362833023071289, 0.19643640518188477, 0.24675250053405762, 0.21344947814941406, 0.2305309772491455, 0.23182368278503418, 0.24331378936767578, 0.2249596118927002, 0.21544528007507324, 0.21404480934143066, 0.2347719669342041, 0.2165050506591797, 0.2352287769317627, 0.23416519165039062, 0.2470705509185791, 0.20774197578430176, 0.2526700496673584, 0.25890374183654785, 0.26378846168518066, 0.20382046699523926, 0.22489595413208008, 0.25397562980651855, 0.25879764556884766, 0.22182226181030273, 0.22458648681640625, 0.23778200149536133, 0.24391603469848633, 0.26305699348449707, 0.20041680335998535, 0.24701738357543945, 0.26818180084228516, 0.21327519416809082, 0.21979212760925293, 0.22959351539611816, 0.24290227890014648, 