{"ID": 6, "inference time": [11.133544206619263, 0.0794062614440918, 0.15285849571228027, 0.046675682067871094, 0.09614300727844238, 0.04098868370056152, 0.0468602180480957, 0.0966191291809082, 0.1652846336364746, 0.13943266868591309, 0.08419370651245117, 0.07051873207092285, 0.09579777717590332, 0.042997121810913086, 0.04980325698852539, 0.09122872352600098, 0.042066097259521484, 0.04368162155151367, 0.0932002067565918, 0.05045151710510254, 0.04894304275512695, 0.09606289863586426, 0.04604983329772949, 0.059627532958984375, 0.0885310173034668, 0.10419130325317383, 0.06037116050720215, 0.10358500480651855, 0.046610116958618164, 0.04152989387512207, 0.09608650207519531, 0.04993844032287598, 0.04393625259399414, 0.09372425079345703, 0.04546713829040527, 0.039975643157958984, 0.09982442855834961, 0.0436396598815918, 0.041948795318603516, 0.09969329833984375, 0.06517291069030762, 0.059392690658569336, 0.10056281089782715, 0.05247998237609863, 0.044265031814575195, 0.09677720069885254, 0.05743527412414551, 0.042362213134765625, 0.09866929054260254, 0.05863618850708008, 0.04258608818054199, 0.10049676895141602, 0.05659294128417969, 0.040247201919555664, 0.09497547149658203, 0.0789484977722168, 0.0946502685546875, 0.10959672927856445, 0.09172630310058594, 0.04949045181274414, 0.08154106140136719, 0.06074213981628418, 0.049280643463134766, 0.08537650108337402, 0.0647273063659668, 0.04607129096984863, 0.08321499824523926, 0.062096357345581055, 0.04766440391540527, 0.08109521865844727, 0.08385014533996582, 0.0491337776184082, 0.07517814636230469, 0.0682215690612793, 0.04538917541503906, 0.08506441116333008, 0.0699775218963623, 0.05051136016845703, 0.08517217636108398, 0.08602762222290039, 0.05775928497314453, 0.08624911308288574, 0.11938643455505371, 0.0428774356842041, 0.08169364929199219, 0.08072280883789062, 0.05623745918273926, 0.07994914054870605, 0.09000778198242188, 0.0584111213684082, 0.07592654228210449, 0.09220480918884277, 0.056982994079589844, 0.07574820518493652, 0.0706017017364502, 0.05433011054992676, 0.08217334747314453, 0.07841157913208008, 0.05458498001098633, 0.09216523170471191, 0.07535290718078613, 0.054689884185791016, 0.08941245079040527, 0.08582019805908203, 0.05841875076293945, 0.07725262641906738, 0.08105754852294922, 0.05474591255187988, 0.08616399765014648, 0.08465051651000977, 0.05597043037414551, 0.1144256591796875, 0.10988306999206543, 0.05781078338623047, 0.07782268524169922, 0.1074221134185791, 0.0578155517578125, 0.06901144981384277, 0.09478163719177246, 0.061397552490234375, 0.09783482551574707, 0.10291028022766113, 0.06148672103881836, 0.06542754173278809, 0.09887504577636719, 0.060066938400268555, 0.0800325870513916, 0.09994316101074219, 0.059551239013671875, 0.06345343589782715, 0.10364580154418945, 0.060686349868774414, 0.06965160369873047, 0.10673713684082031, 0.060892581939697266, 0.07714080810546875, 0.10115337371826172, 0.06112813949584961, 0.1098480224609375, 0.11804962158203125, 0.08373618125915527, 0.07853817939758301, 0.12193751335144043, 0.10262560844421387, 0.05304431915283203, 0.05749392509460449, 0.06613731384277344, 0.0785675048828125, 0.06398177146911621, 0.09630322456359863, 0.09646272659301758, 0.04249882698059082, 0.04829597473144531, 0.0964813232421875, 0.04442453384399414, 0.043399810791015625, 0.09920120239257812, 0.0507967472076416, 0.0420222282409668, 0.10391807556152344, 0.04723930358886719, 0.04616045951843262, 0.10532283782958984, 0.05457043647766113, 0.04297065734863281, 0.10249471664428711, 0.060636043548583984, 0.054511308670043945, 0.09810924530029297, 0.09729790687561035, 0.09247541427612305, 0.12083888053894043, 0.11429548263549805, 0.06242656707763672, 0.08461570739746094, 0.1333911418914795, 0.06921029090881348, 0.10569167137145996, 0.1277923583984375, 0.07404422760009766, 0.10481595993041992, 0.12684178352355957, 0.09068775177001953, 0.0905601978302002, 0.13064241409301758, 0.09641456604003906, 0.06094026565551758, 0.08740663528442383, 0.06545233726501465, 0.08464765548706055, 0.057198524475097656, 0.04713797569274902, 0.10305547714233398, 0.06515765190124512, 0.04542851448059082, 0.10866999626159668, 0.06450533866882324, 0.047306060791015625, 0.11014628410339355, 0.07380938529968262, 0.06600189208984375, 0.09464049339294434, 0.10246133804321289, 0.0627286434173584, 0.0867006778717041, 0.08324956893920898, 0.05339360237121582, 0.09409570693969727, 0.08739447593688965, 0.06440949440002441, 0.08908653259277344, 0.08509564399719238, 0.061292171478271484, 0.08528995513916016, 0.0958554744720459, 0.06963181495666504, 0.0957188606262207, 0.10483002662658691, 0.05900979042053223, 0.07919192314147949, 0.11122775077819824, 0.05850791931152344, 0.07685494422912598, 0.1080622673034668, 0.06298494338989258, 0.08656167984008789, 0.13187098503112793, 0.06078028678894043, 0.0687098503112793, 0.10642600059509277, 0.06129598617553711, 0.07966089248657227, 0.10919332504272461, 0.07699871063232422, 0.08880019187927246, 0.12254476547241211, 0.07041001319885254, 0.10780858993530273, 0.1236109733581543, 0.09328007698059082, 0.09784150123596191, 0.1302199363708496, 0.08855724334716797, 0.0966341495513916, 0.11374664306640625, 0.0656747817993164, 0.09893965721130371, 0.05718040466308594, 0.06534314155578613, 0.09038686752319336, 0.08149290084838867, 0.059682607650756836, 0.10900545120239258, 0.09369730949401855, 0.06142449378967285, 0.09138226509094238, 0.11376714706420898, 0.0749506950378418, 0.07898950576782227, 0.11124444007873535, 0.06579804420471191, 0.08165788650512695, 0.11003351211547852, 0.06701517105102539, 0.08797740936279297, 0.1269059181213379, 0.06775307655334473, 0.05989956855773926, 0.12920713424682617, 0.10568785667419434, 0.0826268196105957, 0.07475781440734863, 0.058852434158325195, 0.1022806167602539, 0.06552910804748535, 0.06009697914123535, 0.10533642768859863, 0.06406784057617188, 0.0577547550201416, 0.09171557426452637, 0.09994125366210938, 0.08192658424377441, 0.12251782417297363, 0.12451767921447754, 0.06903219223022461, 0.10800909996032715, 0.14079999923706055, 0.06663894653320312, 0.08895754814147949, 0.13846802711486816, 0.07270956039428711, 0.08654570579528809, 0.12069559097290039, 0.09828853607177734, 0.0929555892944336, 0.12848901748657227, 0.09049439430236816, 0.10283565521240234, 0.13932347297668457, 0.09528565406799316, 0.09891533851623535, 0.09567117691040039, 0.06018328666687012, 0.09553980827331543, 0.10612368583679199, 0.07365751266479492, 0.10621070861816406, 0.06376171112060547, 0.05939507484436035, 0.09491896629333496, 0.10886621475219727, 0.10375189781188965, 0.10929465293884277, 0.07591748237609863, 0.05374646186828613, 0.10119390487670898, 0.09645318984985352, 0.06496238708496094, 0.09517502784729004, 0.11777663230895996, 0.06592607498168945, 0.09444761276245117, 0.11170315742492676, 0.09783291816711426, 0.08452963829040527, 0.12362909317016602, 0.06402945518493652, 0.08013916015625, 0.11544561386108398, 0.06839251518249512, 0.0982668399810791, 0.13639068603515625, 0.07118415832519531, 0.07862353324890137, 0.11940360069274902, 0.07364439964294434, 0.10543084144592285, 0.13126373291015625, 0.07509255409240723, 0.10091114044189453, 0.13856053352355957, 0.08595967292785645, 0.09368753433227539, 0.14411163330078125, 0.0837411880493164, 0.09924054145812988, 0.11475181579589844, 0.06604743003845215, 0.0859062671661377, 0.09666299819946289, 0.10012125968933105, 0.11152315139770508, 0.08586239814758301, 0.0804145336151123, 0.11757087707519531, 0.12215662002563477, 0.07103562355041504, 0.1055757999420166, 0.1309497356414795, 0.07460784912109375, 0.10802078247070312, 0.12746477127075195, 0.09777331352233887, 0.09942078590393066, 0.1277940273284912, 0.10541415214538574, 0.08812713623046875, 0.0819237232208252, 0.06300878524780273, 0.10780620574951172, 0.06923627853393555, 0.07161283493041992, 0.10146164894104004, 0.07403779029846191, 0.06345772743225098, 0.10578703880310059, 0.07336759567260742, 0.06884193420410156, 0.09834766387939453, 0.11932945251464844, 