{"ID": 7, "inference time": [11.482992887496948, 0.13338899612426758, 0.0641930103302002, 0.11367177963256836, 0.04713034629821777, 0.06496953964233398, 0.11382865905761719, 0.13550806045532227, 0.13869118690490723, 0.1108694076538086, 0.08795571327209473, 0.09918761253356934, 0.11857914924621582, 0.0828390121459961, 0.0955038070678711, 0.11822795867919922, 0.08105802536010742, 0.09547901153564453, 0.11977505683898926, 0.08388423919677734, 0.09767627716064453, 0.11265373229980469, 0.08720946311950684, 0.08812713623046875, 0.11237859725952148, 0.08868646621704102, 0.103424072265625, 0.11821889877319336, 0.08204770088195801, 0.10003304481506348, 0.12034440040588379, 0.0830678939819336, 0.0968923568725586, 0.11909937858581543, 0.0826418399810791, 0.10382962226867676, 0.11797809600830078, 0.08289122581481934, 0.10527849197387695, 0.11786508560180664, 0.0878303050994873, 0.1049196720123291, 0.11916112899780273, 0.08450818061828613, 0.09834718704223633, 0.1178903579711914, 0.08405065536499023, 0.10002255439758301, 0.12346482276916504, 0.08513903617858887, 0.10335469245910645, 0.12378072738647461, 0.08409619331359863, 0.09744691848754883, 0.11850118637084961, 0.09001660346984863, 0.10503053665161133, 0.12890148162841797, 0.07865571975708008, 0.08996152877807617, 0.12058281898498535, 0.08640837669372559, 0.09637951850891113, 0.12299013137817383, 0.08335590362548828, 0.09360957145690918, 0.12226462364196777, 0.08511209487915039, 0.08748793601989746, 0.12951993942260742, 0.08384227752685547, 0.09052610397338867, 0.12395477294921875, 0.08791112899780273, 0.09469270706176758, 0.12434911727905273, 0.0846855640411377, 0.08635210990905762, 0.12331032752990723, 0.08234024047851562, 0.07776737213134766, 0.12532281875610352, 0.08524155616760254, 0.09269380569458008, 0.12538838386535645, 0.08764433860778809, 0.09036421775817871, 0.1289689540863037, 0.08310985565185547, 0.08954453468322754, 0.12927484512329102, 0.08203768730163574, 0.08875370025634766, 0.1233983039855957, 0.08446455001831055, 0.09236741065979004, 0.1266193389892578, 0.0850822925567627, 0.09801220893859863, 0.12560677528381348, 0.08638143539428711, 0.08430600166320801, 0.1255049705505371, 0.08362483978271484, 0.09369349479675293, 0.1279449462890625, 0.08841848373413086, 0.09746074676513672, 0.1283409595489502, 0.08320999145507812, 0.1066889762878418, 0.13675141334533691, 0.08106088638305664, 0.09160494804382324, 0.13057994842529297, 0.08045268058776855, 0.08826231956481934, 0.13274359703063965, 0.08292579650878906, 0.09520435333251953, 0.13764429092407227, 0.07964920997619629, 0.08687067031860352, 0.13443303108215332, 0.08019804954528809, 0.08563733100891113, 0.13265609741210938, 0.08030414581298828, 0.08727574348449707, 0.1327836513519287, 0.07922935485839844, 0.09044551849365234, 0.1363985538482666, 0.07945585250854492, 0.0923612117767334, 0.13409900665283203, 0.07515430450439453, 0.0972602367401123, 0.14115381240844727, 0.08147048950195312, 0.09340691566467285, 0.13823580741882324, 0.09359192848205566, 0.08796262741088867, 0.12833738327026367, 0.08619570732116699, 0.08623242378234863, 0.12110757827758789, 0.09082674980163574, 0.10314154624938965, 0.1223454475402832, 0.08712387084960938, 0.10445952415466309, 0.12095952033996582, 0.08646202087402344, 0.10553598403930664, 0.12140202522277832, 0.0872039794921875, 0.10833120346069336, 0.12140202522277832, 0.08864307403564453, 0.10880088806152344, 0.12313199043273926, 0.0880885124206543, 0.10603880882263184, 0.1332406997680664, 0.09194111824035645, 0.10041952133178711, 0.12508344650268555, 0.09406256675720215, 0.10619640350341797, 0.13704657554626465, 0.07628893852233887, 0.07992291450500488, 0.1394646167755127, 0.07693767547607422, 0.0975503921508789, 0.14413666725158691, 0.07591462135314941, 0.09504818916320801, 0.1410844326019287, 0.08385539054870605, 0.09662222862243652, 0.1444416046142578, 0.08733081817626953, 0.09145402908325195, 0.1307353973388672, 0.08969545364379883, 0.09660935401916504, 0.1276257038116455, 0.08959245681762695, 0.1047513484954834, 0.12055706977844238, 0.09161949157714844, 0.10980057716369629, 0.12392997741699219, 0.08829045295715332, 0.10614228248596191, 0.12430739402770996, 0.09039139747619629, 0.1008148193359375, 0.12976431846618652, 0.0858614444732666, 0.09624314308166504, 0.12402224540710449, 0.08762478828430176, 0.1010274887084961, 0.1307361125946045, 0.08880758285522461, 0.1015322208404541, 0.12797069549560547, 0.09044837951660156, 0.09330272674560547, 0.1290290355682373, 0.08832097053527832, 0.09702444076538086, 0.1320345401763916, 0.0785057544708252, 0.09659409523010254, 0.13178539276123047, 0.08494448661804199, 0.09338903427124023, 0.13342690467834473, 0.08128905296325684, 0.08182168006896973, 0.13964390754699707, 0.0828242301940918, 0.0932159423828125, 0.13438200950622559, 0.08566117286682129, 0.09481096267700195, 0.13401436805725098, 0.08311319351196289, 0.10048985481262207, 0.14305877685546875, 0.07773709297180176, 0.1011042594909668, 0.14450526237487793, 0.08631658554077148, 0.09685754776000977, 0.13908004760742188, 0.09914708137512207, 0.09074115753173828, 0.12572169303894043, 0.09685397148132324, 0.10604548454284668, 0.12630939483642578, 0.09735465049743652, 0.09885287284851074, 0.12331080436706543, 0.09010195732116699, 0.1060783863067627, 0.12810063362121582, 0.0925910472869873, 0.09715676307678223, 0.1368095874786377, 0.08465385437011719, 0.0964655876159668, 0.13132524490356445, 0.08609461784362793, 0.09624910354614258, 0.13398480415344238, 0.08055257797241211, 0.08378887176513672, 0.13029193878173828, 0.08532595634460449, 0.09576582908630371, 0.14737224578857422, 0.08731698989868164, 0.0975956916809082, 0.13065385818481445, 0.09415268898010254, 0.1074376106262207, 0.12620210647583008, 0.09397578239440918, 0.11100053787231445, 0.12468194961547852, 0.09484720230102539, 0.09198784828186035, 0.12074422836303711, 0.08432507514953613, 0.10630273818969727, 0.1374340057373047, 0.07578873634338379, 0.09790349006652832, 0.1399374008178711, 0.08037686347961426, 0.08672690391540527, 0.14015960693359375, 0.08281779289245605, 0.08686089515686035, 0.12143635749816895, 0.09510493278503418, 0.10455703735351562, 0.1425492763519287, 0.08668899536132812, 0.10103797912597656, 0.1451401710510254, 0.09136033058166504, 0.09401082992553711, 0.13214492797851562, 0.09482860565185547, 0.08035755157470703, 0.12061548233032227, 0.10014581680297852, 0.11122393608093262, 0.12194538116455078, 0.09397339820861816, 0.10166692733764648, 0.11963129043579102, 0.09956979751586914, 0.11188936233520508, 0.12204170227050781, 0.09227943420410156, 0.10456442832946777, 0.12864303588867188, 0.08693671226501465, 0.09867668151855469, 0.135545015335083, 0.07962679862976074, 0.09441733360290527, 0.12773847579956055, 0.09428215026855469, 0.09768033027648926, 0.13494539260864258, 0.08238410949707031, 0.09377503395080566, 0.1326279640197754, 0.07562732696533203, 0.09314370155334473, 0.1399064064025879, 0.08273434638977051, 0.10030913352966309, 0.1313021183013916, 0.07859945297241211, 0.09996914863586426, 0.14179611206054688, 0.07904314994812012, 0.09680604934692383, 0.14124202728271484, 0.081634521484375, 0.09398603439331055, 0.14420366287231445, 0.08712482452392578, 0.09286689758300781, 0.13651800155639648, 0.09705495834350586, 0.08536720275878906, 0.12190985679626465, 0.09839558601379395, 0.1139063835144043, 0.1242361068725586, 0.08449673652648926, 0.10806632041931152, 0.13508987426757812, 0.07757687568664551, 0.10100913047790527, 0.14227747917175293, 0.07868361473083496, 0.10360908508300781, 0.14602351188659668, 0.08946394920349121, 0.10396003723144531, 0.14452838897705078, 0.08706331253051758, 0.09836912155151367, 0.13325119018554688, 0.09532332420349121, 0.10973024368286133, 0.12481212615966797, 0.0989682674407959, 0.10482120513916016, 0.12192845344543457, 0.09482383728027344, 0.11176371574401855, 0.12450480461120605, 0.09359598159790039, 0.08751034736633301, 0.1202692985534668, 0.10103797912597656, 0.11159396171569824, 0.12224864959716797, 