{"ID": 5, "inference time": [0.3226604461669922, 0.21191954612731934, 0.3276369571685791, 0.20528674125671387, 0.22519588470458984, 0.20856428146362305, 0.3361630439758301, 0.21281218528747559, 0.22369170188903809, 0.23588943481445312, 0.24621224403381348, 0.22788715362548828, 0.3090376853942871, 0.21556878089904785, 0.25787878036499023, 0.24971938133239746, 0.23308277130126953, 0.21608376502990723, 0.23179006576538086, 0.22397446632385254, 0.24734854698181152, 0.23169660568237305, 0.2653169631958008, 0.21040725708007812, 0.2621192932128906, 0.2089395523071289, 0.3306417465209961, 0.21590423583984375, 0.26021432876586914, 0.20169281959533691, 0.26198816299438477, 0.20973634719848633, 0.29802680015563965, 0.2052774429321289, 0.21853113174438477, 0.21455812454223633, 0.35935068130493164, 0.2194383144378662, 0.2720322608947754, 0.20884370803833008, 0.30327320098876953, 0.20859003067016602, 0.22837233543395996, 0.20400452613830566, 0.26332521438598633, 0.21218061447143555, 0.23347902297973633, 0.21044445037841797, 0.23659706115722656, 0.20282888412475586, 0.28357505798339844, 0.19882440567016602, 0.24178075790405273, 0.22986435890197754, 0.29976534843444824, 0.20378375053405762, 0.2514488697052002, 0.2031235694885254, 0.28539180755615234, 0.20507216453552246, 0.2446150779724121, 0.20836210250854492, 0.3013131618499756, 0.21823811531066895, 0.2565267086029053, 0.21117305755615234, 0.23543405532836914, 0.2254486083984375, 0.322357177734375, 0.21297955513000488, 0.2948620319366455, 0.21808195114135742, 0.25955891609191895, 0.22701120376586914, 0.32924389839172363, 0.2166438102722168, 0.24631595611572266, 0.22855305671691895, 0.23630738258361816, 0.22685837745666504, 0.31565046310424805, 0.21696877479553223, 0.3031892776489258, 0.2091367244720459, 0.32174134254455566, 0.2152864933013916, 0.2500345706939697, 0.22051286697387695, 0.2978806495666504, 0.20481014251708984, 0.2646317481994629, 0.21147656440734863, 0.2740144729614258, 0.2052319049835205, 0.33606624603271484, 0.22072124481201172, 0.31984543800354004, 0.2106945514678955, 0.24745917320251465, 0.2013096809387207, 0.2154078483581543, 0.19822120666503906, 0.23519372940063477, 0.21479392051696777, 0.2769742012023926, 0.2077500820159912, 0.25071072578430176, 0.21248102188110352, 0.28286194801330566, 0.21130967140197754, 0.20256853103637695, 0.21708917617797852, 0.27160024642944336, 0.2117021083831787, 0.29349708557128906, 0.20663237571716309, 0.23561620712280273, 0.2340378761291504, 0.2310657501220703, 0.23711943626403809, 0.28473448753356934, 0.22027111053466797, 0.26876235008239746, 0.22884464263916016, 0.27012085914611816, 0.2202911376953125, 0.24953603744506836, 0.1993269920349121, 0.23311662673950195, 0.23682069778442383, 0.2996499538421631, 0.23875093460083008, 0.354656457901001, 0.25986576080322266, 0.21952271461486816, 0.3067500591278076, 0.19717788696289062, 0.3836808204650879, 0.2933955192565918, 0.21019506454467773, 0.19498848915100098, 0.4368433952331543, 0.3242826461791992, 0.1916189193725586, 0.3276069164276123, 0.19005656242370605, 0.3663208484649658, 0.2094111442565918, 0.27803921699523926, 0.1939833164215088, 0.322598934173584, 0.20725178718566895, 0.275160551071167, 0.20009207725524902, 0.28909778594970703, 0.20269775390625, 0.282517671585083, 0.22519254684448242, 0.2702820301055908, 0.23197150230407715, 0.2570064067840576, 0.20069289207458496, 0.33566737174987793, 0.20604205131530762, 0.2738652229309082, 0.19786787033081055, 0.256422758102417, 0.2299337387084961, 0.29123783111572266, 0.19258332252502441, 0.283247709274292, 0.2055652141571045, 0.3348972797393799, 0.20764541625976562, 0.2856471538543701, 0.2234354019165039, 0.3092927932739258, 0.24148130416870117, 0.2812366485595703, 0.2043914794921875, 0.29330992698669434, 0.23387479782104492, 0.2989461421966553, 0.19496870040893555, 0.28163599967956543, 0.19348573684692383, 0.2929539680480957, 0.2270829677581787, 0.33441591262817383, 0.1998140811920166, 0.3288156986236572, 0.20597100257873535, 0.30641937255859375, 0.20203161239624023, 0.34281492233276367, 0.2130415439605713, 0.30107688903808594, 0.23900198936462402, 0.28086137771606445, 0.1953716278076172, 0.23462414741516113, 0.22155380249023438, 0.2541670799255371, 0.23691749572753906, 0.25896501541137695, 0.20799636840820312, 0.33341503143310547, 0.2069227695465088, 0.2946150302886963, 0.19101810455322266, 0.27233362197875977, 0.231109619140625, 0.2618870735168457, 0.2067396640777588, 0.2398827075958252, 0.22985267639160156, 0.24791479110717773, 0.24999475479125977, 0.28968167304992676, 0.24800515174865723, 0.3211669921875, 0.19475841522216797, 0.2755310535430908, 0.19251704216003418, 0.31546998023986816, 0.21214652061462402, 0.2930784225463867, 0.20308494567871094, 0.2941901683807373, 0.21018290519714355, 0.29148006439208984, 0.20446228981018066, 0.3073117733001709, 0.19957447052001953, 0.2616569995880127, 0.1979987621307373, 0.3309454917907715, 0.20938682556152344, 0.29523396492004395, 0.19855523109436035, 0.3068690299987793, 0.23560667037963867, 0.29358983039855957, 0.2117323875427246, 0.2894914150238037, 0.20111727714538574, 0.27756786346435547, 0.21079015731811523, 0.28635215759277344, 0.21001935005187988, 0.29066967964172363, 0.20131564140319824, 0.2858009338378906, 0.20444941520690918, 0.30535006523132324, 0.1954047679901123, 0.2964439392089844, 0.2095484733581543, 0.2913177013397217, 0.19840478897094727, 0.3309636116027832, 0.20120716094970703, 0.347869873046875, 0.20213556289672852, 0.288907527923584, 0.21730279922485352, 0.3405582904815674, 0.21557259559631348, 0.2675333023071289, 0.20981407165527344, 0.2821812629699707, 0.19587945938110352, 0.3182809352874756, 0.2112877368927002, 0.31910181045532227, 0.21619749069213867, 0.3596491813659668, 0.30292415618896484, 0.2128591537475586, 0.21460700035095215, 0.19920706748962402, 0.23990201950073242, 0.20160746574401855, 0.23888754844665527, 0.21802377700805664, 0.23352813720703125, 0.2507295608520508, 0.22808456420898438, 0.21527719497680664, 0.27298879623413086, 0.21158957481384277, 0.2195591926574707, 0.21765685081481934, 0.24176502227783203, 0.2069091796875, 0.2558434009552002, 0.24968171119689941, 0.22383618354797363, 0.22031259536743164, 0.2655062675476074, 0.24882292747497559, 0.2263634204864502, 0.20430898666381836, 0.2571980953216553, 0.22386455535888672, 0.24549436569213867, 0.2001490592956543, 0.23994970321655273, 0.23483848571777344, 0.2891266345977783, 0.2107257843017578, 0.27310800552368164, 0.21993803977966309, 0.2602224349975586, 0.22376728057861328, 0.26846885681152344, 0.22970318794250488, 0.2288496494293213, 0.19877171516418457, 0.23273491859436035, 0.21024608612060547, 0.23213958740234375, 0.22972917556762695, 0.26038217544555664, 0.21282243728637695, 0.26744556427001953, 0.24961352348327637, 0.24968552589416504, 0.22608160972595215, 0.23942041397094727, 0.22874855995178223, 0.25742006301879883, 0.23575353622436523, 0.23326921463012695, 0.2155466079711914, 0.26387786865234375, 0.2346506118774414, 0.2434828281402588, 0.22988462448120117, 0.2668900489807129, 0.1896834373474121, 0.2646961212158203, 0.2471160888671875, 0.2195436954498291, 0.20950078964233398, 0.258181095123291, 0.22975850105285645, 0.2240893840789795, 0.2156963348388672, 0.27310800552368164, 0.24253535270690918, 0.2554910182952881, 0.2384798526763916, 0.23169565200805664, 0.23973751068115234, 0.26598572731018066, 0.22408533096313477, 0.24072003364562988, 0.242417573928833, 0.2357795238494873, 0.19922661781311035, 0.23866939544677734, 0.2114861011505127, 0.24963736534118652, 0.22581148147583008, 0.2401409149169922, 0.2172849178314209, 0.2003796100616455, 0.24234724044799805, 0.19639277458190918, 0.22018647193908691, 0.22946548461914062, 0.2264111042022705, 0.2605578899383545, 0.20588016510009766, 0.2286388874053955, 0.23586297035217285, 0.22825384140014648, 0.22097444534301758, 0.25462818145751953, 0.2565138339996338, 0.23354148864746094, 0.23808503150939941, 0.2693016529083252, 0.22872424125671387, 0.23568415641784668, 0.20772790908813477, 