{"ID": 0, "inference time": [0.23702645301818848, 0.21031785011291504, 0.2200171947479248, 0.2064650058746338, 0.1928575038909912, 0.20189642906188965, 0.20938849449157715, 0.19455981254577637, 0.23982739448547363, 0.33607983589172363, 0.2630274295806885, 0.20603251457214355, 0.20612549781799316, 0.208878755569458, 0.2055671215057373, 0.21032500267028809, 0.20253825187683105, 0.2037508487701416, 0.2014157772064209, 0.238677978515625, 0.25627875328063965, 0.19388389587402344, 0.2059154510498047, 0.20277643203735352, 0.22512269020080566, 0.21604633331298828, 0.1932213306427002, 0.20404815673828125, 0.21187639236450195, 0.23171448707580566, 0.214508056640625, 0.19669198989868164, 0.19772982597351074, 0.20688247680664062, 0.22924423217773438, 0.20849347114562988, 0.2562544345855713, 0.2277538776397705, 0.24159717559814453, 0.2141578197479248, 0.2465229034423828, 0.23583602905273438, 0.23869562149047852, 0.21487855911254883, 0.257735013961792, 0.2304072380065918, 0.19391655921936035, 0.2502419948577881, 0.22946429252624512, 0.19617605209350586, 0.2365281581878662, 0.21789860725402832, 0.22578883171081543, 0.201277494430542, 0.19881129264831543, 0.20911383628845215, 0.2104027271270752, 0.2351977825164795, 0.23237037658691406, 0.19349384307861328, 0.20432615280151367, 0.1885817050933838, 0.1927189826965332, 0.21102690696716309, 0.22890734672546387, 0.19545602798461914, 0.22486162185668945, 0.21364855766296387, 0.22446179389953613, 0.2009565830230713, 0.2050304412841797, 0.20479583740234375, 0.19145989418029785, 0.2015836238861084, 0.22529816627502441, 0.2129378318786621, 0.2323758602142334, 0.20985984802246094, 0.22846579551696777, 0.20400071144104004, 0.21950793266296387, 0.19893360137939453, 0.19199800491333008, 0.21703624725341797, 0.19716668128967285, 0.2241506576538086, 0.23871564865112305, 0.21965861320495605, 0.19331049919128418, 0.18560504913330078, 0.2078392505645752, 0.23113012313842773, 0.20519781112670898, 0.21944713592529297, 0.1893160343170166, 0.2743234634399414, 0.23974370956420898, 0.19588446617126465, 0.23263287544250488, 0.2293074131011963, 0.20225048065185547, 0.2067241668701172, 0.2263050079345703, 0.21872234344482422, 0.19101500511169434, 0.20326972007751465, 0.20635557174682617, 0.22295928001403809, 0.20191597938537598, 0.22464418411254883, 0.21028494834899902, 0.2140512466430664, 0.189467191696167, 0.1834697723388672, 0.21842598915100098, 0.21045780181884766, 0.2227458953857422, 0.20072174072265625, 0.2095954418182373, 0.19267010688781738, 0.2098395824432373, 0.2191770076751709, 0.21877312660217285, 0.25273871421813965, 0.221879243850708, 0.1973268985748291, 0.20325851440429688, 0.2191791534423828, 0.22629070281982422, 0.20926880836486816, 0.19348978996276855, 0.20006084442138672, 0.21174383163452148, 0.1864933967590332, 0.22824740409851074, 0.19641947746276855, 0.19593548774719238, 0.21825432777404785, 0.19557571411132812, 0.21269011497497559, 0.2274320125579834, 0.20556068420410156, 0.23072075843811035, 0.23259282112121582, 0.2021927833557129, 0.21393752098083496, 0.19888687133789062, 0.2044217586517334, 0.2268977165222168, 0.20701265335083008, 0.24509763717651367, 0.2404022216796875, 0.191497802734375, 0.2045447826385498, 0.19022822380065918, 0.22373270988464355, 0.2052466869354248, 0.20082926750183105, 0.21520662307739258, 0.2550628185272217, 0.22571587562561035, 0.19120192527770996, 0.18777680397033691, 0.23027467727661133, 0.20848679542541504, 0.20774507522583008, 0.21638226509094238, 0.19730210304260254, 0.20583510398864746, 0.19564485549926758, 0.2104957103729248, 0.2304394245147705, 0.19883465766906738, 0.1960277557373047, 0.23651981353759766, 0.19859981536865234, 0.20885729789733887, 0.23535537719726562, 0.1911764144897461, 0.24174213409423828, 0.19938969612121582, 0.2255861759185791, 0.2192981243133545, 0.25942540168762207, 0.2243328094482422, 0.20865869522094727, 0.22468209266662598, 0.23250746726989746, 0.21335101127624512, 0.22271513938903809, 0.21164989471435547, 0.22629070281982422, 0.196671724319458, 0.21712517738342285, 0.20418524742126465, 0.19821786880493164, 0.19625115394592285, 0.21547245979309082, 0.23812532424926758, 0.2279057502746582, 0.2541651725769043, 0.2290513515472412, 0.19836997985839844, 0.22574257850646973, 0.19778847694396973, 0.21272015571594238, 0.21087408065795898, 0.22274470329284668, 0.20164108276367188, 0.23082947731018066, 0.21295595169067383, 0.21088600158691406, 0.21686720848083496, 0.19995880126953125, 0.2126941680908203, 0.24294090270996094, 0.20584559440612793, 0.22255897521972656, 0.2089085578918457, 0.2357654571533203, 0.22324323654174805, 0.21672773361206055, 0.20047664642333984, 0.20832014083862305, 0.23864078521728516, 0.23951339721679688, 0.22706103324890137, 0.2099459171295166, 0.21253013610839844, 0.23346400260925293, 0.2009730339050293, 0.22676610946655273, 0.22495770454406738, 0.2134547233581543, 0.2081589698791504, 0.22797203063964844, 0.19434833526611328, 0.21854233741760254, 0.20471644401550293, 0.19318604469299316, 0.20386481285095215, 0.25006556510925293, 0.23502802848815918, 0.1963796615600586, 0.20186281204223633, 0.25693225860595703, 0.23460173606872559, 0.22022700309753418, 0.20193886756896973, 0.20110130310058594, 0.22868061065673828, 0.2059800624847412, 0.24465274810791016, 0.22075748443603516, 0.1928715705871582, 0.19782614707946777, 0.1973252296447754, 0.23641633987426758, 0.23362112045288086, 0.23803162574768066, 0.199845552444458, 0.19211578369140625, 0.23353362083435059, 0.22571086883544922, 0.22214365005493164, 0.2083289623260498, 0.20145773887634277, 0.24436330795288086, 0.23368000984191895, 0.220489501953125, 0.19393086433410645, 0.196580171585083, 0.19999003410339355, 0.21659159660339355, 0.20415997505187988, 0.19103121757507324, 0.22818756103515625, 0.19466757774353027, 0.20950841903686523, 0.22926759719848633, 0.23603510856628418, 0.2371673583984375, 0.2171463966369629, 0.19836926460266113, 0.22685766220092773, 0.19592547416687012, 0.20370721817016602, 0.2032935619354248, 0.2001950740814209, 0.2071688175201416, 0.25285768508911133, 0.20368576049804688, 0.21556758880615234, 0.2208566665649414, 0.2476668357849121, 0.24462032318115234, 0.21492743492126465, 0.19771313667297363, 0.22385954856872559, 0.23139452934265137, 0.20756864547729492, 0.2346494197845459, 0.19515061378479004, 0.20029497146606445, 0.24417948722839355, 0.21988463401794434, 0.20514512062072754, 0.20834088325500488, 0.1993575096130371, 0.22321224212646484, 0.23610949516296387, 0.1964566707611084, 0.20370244979858398, 0.20872163772583008, 0.2271130084991455, 0.19406819343566895, 0.22710227966308594, 0.22085022926330566, 0.20599627494812012, 0.25956010818481445, 0.2238011360168457, 0.20838332176208496, 0.23216581344604492, 0.20299386978149414, 0.1924753189086914, 0.20824503898620605, 0.23409771919250488, 0.22526860237121582, 0.2046375274658203, 0.20435786247253418, 0.2379589080810547, 0.2222917079925537, 0.2097165584564209, 0.23017597198486328, 0.20804047584533691, 0.2047731876373291, 0.20766687393188477, 0.2466142177581787, 0.21896886825561523, 0.20596909523010254, 0.19063448905944824, 0.19827985763549805, 0.198638916015625, 0.19928812980651855, 0.21616339683532715, 0.22997736930847168, 0.24425864219665527, 0.2167496681213379, 0.20554161071777344, 0.21943354606628418, 0.20040512084960938, 0.23283648490905762, 0.20085763931274414, 0.20082926750183105, 0.20528626441955566, 0.22778582572937012, 0.20252490043640137, 0.20328402519226074, 0.23030710220336914, 0.24155020713806152, 0.22044682502746582, 0.20369482040405273, 0.1925218105316162, 0.19161295890808105, 0.22789812088012695, 0.22831106185913086, 0.21439552307128906, 0.1964113712310791, 0.2289257049560547, 0.22537469863891602, 0.2161393165588379, 0.21046876907348633, 0.24614787101745605, 0.24640750885009766, 0.22669386863708496, 0.21541786193847656, 0.20259642601013184, 0.23836684226989746, 0.19504809379577637, 0.2426605224609375, 0.2360219955444336, 0.21281766891479492, 0.19124054908752441, 0.20264410972595215, 0.1956338882446289, 