{"ID": 2, "inference time": [10.607909202575684, 0.09218835830688477, 0.0718231201171875, 0.07395172119140625, 0.08621406555175781, 0.08488035202026367, 0.09070277214050293, 0.08803033828735352, 0.08890318870544434, 0.07989311218261719, 0.11771321296691895, 0.08670783042907715, 0.10142111778259277, 0.09041476249694824, 0.10410594940185547, 0.09676456451416016, 0.09618401527404785, 0.10776472091674805, 0.09029245376586914, 0.10836076736450195, 0.08490443229675293, 0.10161733627319336, 0.09021139144897461, 0.10576152801513672, 0.07668876647949219, 0.10344433784484863, 0.0892794132232666, 0.10624504089355469, 0.10245203971862793, 0.1071176528930664, 0.1045234203338623, 0.11005282402038574, 0.1104440689086914, 0.10790562629699707, 0.10808801651000977, 0.10878133773803711, 0.10384225845336914, 0.09429550170898438, 0.10546445846557617, 0.08757424354553223, 0.10619735717773438, 0.08539342880249023, 0.09845185279846191, 0.10862565040588379, 0.09918999671936035, 0.11007022857666016, 0.09920001029968262, 0.10173511505126953, 0.09435367584228516, 0.09865450859069824, 0.1051328182220459, 0.10537934303283691, 0.10892510414123535, 0.08127593994140625, 0.10787010192871094, 0.08301830291748047, 0.10538554191589355, 0.07976841926574707, 0.10844206809997559, 0.11394810676574707, 0.10761618614196777, 0.07895970344543457, 0.10021257400512695, 0.08034157752990723, 0.10967779159545898, 0.08124065399169922, 0.10563230514526367, 0.07907247543334961, 0.10882806777954102, 0.08246922492980957, 0.10741043090820312, 0.08921003341674805, 0.10729598999023438, 0.1008610725402832, 0.10455060005187988, 0.10663080215454102, 0.09621596336364746, 0.1090998649597168, 0.08944296836853027, 0.10254454612731934, 0.07895660400390625, 0.10713815689086914, 0.07429289817810059, 0.10497879981994629, 0.08559536933898926, 0.10806822776794434, 0.09501290321350098, 0.09997391700744629, 0.10824346542358398, 0.10131096839904785, 0.10643386840820312, 0.08185505867004395, 0.10991668701171875, 0.07360529899597168, 0.10689735412597656, 0.08018779754638672, 0.10020208358764648, 0.08035993576049805, 0.1083064079284668, 0.08550596237182617, 0.11004281044006348, 0.08901357650756836, 0.10743212699890137, 0.07848358154296875, 0.10427594184875488, 0.09102535247802734, 0.10382461547851562, 0.10116720199584961, 0.09905695915222168, 0.1073155403137207, 0.10689210891723633, 0.10598993301391602, 0.10752081871032715, 0.10161566734313965, 0.10561728477478027, 0.11216545104980469, 0.1070411205291748, 0.11368227005004883, 0.1105051040649414, 0.10319328308105469, 0.10922980308532715, 0.10421133041381836, 0.10642766952514648, 0.10216951370239258, 0.0945734977722168, 0.10611581802368164, 0.09728121757507324, 0.10770106315612793, 0.07871747016906738, 0.10378527641296387, 0.08397960662841797, 0.1067514419555664, 0.09162259101867676, 0.11048388481140137, 0.08995962142944336, 0.1124117374420166, 0.0930933952331543, 0.10237598419189453, 0.10677814483642578, 0.10624194145202637, 0.1116182804107666, 0.09219217300415039, 0.10912299156188965, 0.09291577339172363, 0.10884499549865723, 0.09131908416748047, 0.10456109046936035, 0.07744431495666504, 0.10538482666015625, 0.0890662670135498, 0.10343384742736816, 0.09311819076538086, 0.09665060043334961, 0.09786677360534668, 0.10307908058166504, 0.11629366874694824, 0.10815858840942383, 0.10860896110534668, 0.0990147590637207, 0.10104870796203613, 0.10352563858032227, 0.1081545352935791, 0.10271739959716797, 0.10864782333374023, 0.0981144905090332, 0.10655426979064941, 0.10376977920532227, 0.10818028450012207, 0.10503983497619629, 0.10638213157653809, 0.09986734390258789, 0.1057136058807373, 0.0994102954864502, 0.10560774803161621, 0.10917806625366211, 0.10247206687927246, 0.09888219833374023, 0.10686874389648438, 0.10103702545166016, 0.10846734046936035, 0.10007095336914062, 0.1088571548461914, 0.09322929382324219, 0.10674738883972168, 0.0905914306640625, 0.10693192481994629, 0.09484410285949707, 0.10725855827331543, 0.08855366706848145, 0.10708856582641602, 0.08438682556152344, 0.11236786842346191, 0.09608268737792969, 0.10662126541137695, 0.09302902221679688, 0.11206531524658203, 0.0948793888092041, 0.10120010375976562, 0.11129927635192871, 0.10553240776062012, 0.10209774971008301, 0.10792970657348633, 0.09255838394165039, 0.10216665267944336, 0.10699105262756348, 0.10903477668762207, 0.10220551490783691, 0.1127619743347168, 0.09761571884155273, 0.10748696327209473, 0.1058647632598877, 0.10717225074768066, 0.10396361351013184, 0.10528707504272461, 0.0982520580291748, 0.10368084907531738, 0.10723567008972168, 0.10185813903808594, 0.10289692878723145, 0.10170936584472656, 0.10979008674621582, 0.09846925735473633, 0.11688780784606934, 0.10396862030029297, 0.09665560722351074, 0.10483932495117188, 0.1009364128112793, 0.1043393611907959, 0.10947442054748535, 0.10013747215270996, 0.10722088813781738, 0.10143184661865234, 0.1103522777557373, 0.09805536270141602, 0.11565279960632324, 0.11093640327453613, 0.10940718650817871, 0.1117544174194336, 0.11016249656677246, 0.11140251159667969, 0.0999760627746582, 0.10484099388122559, 0.10169649124145508, 0.10316753387451172, 0.10753989219665527, 0.1120767593383789, 0.10164809226989746, 0.11083507537841797, 0.09560585021972656, 0.10867905616760254, 0.0899355411529541, 0.10222768783569336, 0.11318302154541016, 0.09823989868164062, 0.10535049438476562, 0.10026860237121582, 0.10524344444274902, 0.09010910987854004, 0.10907244682312012, 0.0876626968383789, 0.10847616195678711, 0.09050154685974121, 0.11074590682983398, 0.10553216934204102, 0.11052560806274414, 0.09848475456237793, 0.11166143417358398, 0.10213637351989746, 0.10413527488708496, 0.1054990291595459, 0.10928225517272949, 0.11190533638000488, 0.10403013229370117, 0.10743927955627441, 0.10393190383911133, 0.09652352333068848, 0.10515046119689941, 0.10571765899658203, 0.10828042030334473, 0.1038665771484375, 0.1003882884979248, 0.11040449142456055, 0.10102486610412598, 0.10685300827026367, 0.10171985626220703, 0.10339140892028809, 0.10257863998413086, 0.10874319076538086, 0.10200643539428711, 0.10362958908081055, 0.10387873649597168, 0.10377335548400879, 0.10213017463684082, 0.10848736763000488, 0.10546684265136719, 0.11385512351989746, 0.09613537788391113, 0.11113810539245605, 0.1035165786743164, 0.10693550109863281, 0.10315799713134766, 0.1092832088470459, 0.08888101577758789, 0.11318707466125488, 0.09174203872680664, 0.10838603973388672, 0.09136772155761719, 0.10472726821899414, 0.10066914558410645, 0.10049009323120117, 0.10799336433410645, 0.10466170310974121, 0.11064839363098145, 0.1078486442565918, 0.08304572105407715, 0.11131453514099121, 0.10053420066833496, 0.11252498626708984, 0.09825778007507324, 0.11008548736572266, 0.08669018745422363, 0.11360669136047363, 0.09723925590515137, 0.10965585708618164, 0.09681296348571777, 0.1088559627532959, 0.10314702987670898, 0.10751891136169434, 0.10778927803039551, 0.10455131530761719, 0.10505247116088867, 0.11056900024414062, 0.1061708927154541, 0.11203598976135254, 0.09524679183959961, 0.10695433616638184, 0.09888505935668945, 0.10891556739807129, 0.10005402565002441, 0.10483145713806152, 0.11329340934753418, 0.10406637191772461, 0.1023111343383789, 0.11008358001708984, 0.09058666229248047, 0.10628581047058105, 0.10701751708984375, 0.10325074195861816, 0.10536551475524902, 0.10585784912109375, 0.10669946670532227, 0.11047029495239258, 0.1030888557434082, 0.10657835006713867, 0.11007022857666016, 0.1117405891418457, 0.09032869338989258, 0.11289262771606445, 0.10746932029724121, 0.10985088348388672, 0.092437744140625, 0.0999598503112793, 0.08643007278442383, 0.11084842681884766, 0.08693981170654297, 0.11121129989624023, 0.09222245216369629, 0.1093132495880127, 0.08216691017150879, 0.1119527816772461, 0.09769225120544434, 0.11180329322814941, 0.09289193153381348, 0.10977387428283691, 0.08841228485107422, 0.10951781272888184, 0.10014700889587402, 0.10215449333190918, 0.10919332504272461, 0.10909438133239746, 0.08915090560913086, 0.10656189918518066, 