{"ID": 6, "inference time": [13.261603832244873, 0.0868527889251709, 0.09532880783081055, 0.13448548316955566, 0.09057044982910156, 0.08727741241455078, 0.13710403442382812, 0.09229516983032227, 0.10032486915588379, 0.13267254829406738, 0.09067368507385254, 0.09927010536193848, 0.13280868530273438, 0.09905624389648438, 0.3142237663269043, 0.33436083793640137, 0.26230335235595703, 0.13689947128295898, 0.19225358963012695, 0.1230628490447998, 0.13098883628845215, 0.19477581977844238, 0.11126875877380371, 0.13973402976989746, 0.20297837257385254, 0.12238502502441406, 0.13355422019958496, 0.19255709648132324, 0.11225318908691406, 0.13405275344848633, 0.201676607131958, 0.11434245109558105, 0.13247990608215332, 0.19154763221740723, 0.1111140251159668, 0.13814377784729004, 0.19550681114196777, 0.1327211856842041, 0.1517484188079834, 0.18009233474731445, 0.1527414321899414, 0.16535234451293945, 0.17863869667053223, 0.15805411338806152, 0.1683957576751709, 0.17022180557250977, 0.15204215049743652, 0.16106104850769043, 0.1716911792755127, 0.1619114875793457, 0.16561079025268555, 0.17740345001220703, 0.16023826599121094, 0.17312026023864746, 0.1677844524383545, 0.14390349388122559, 0.1736772060394287, 0.17080998420715332, 0.14436125755310059, 0.17079830169677734, 0.17232275009155273, 0.14902210235595703, 0.17312002182006836, 0.17180609703063965, 0.14556479454040527, 0.17073321342468262, 0.15589570999145508, 0.14680981636047363, 0.1504988670349121, 0.15667247772216797, 0.14310026168823242, 0.15229511260986328, 0.16725921630859375, 0.12995195388793945, 0.1511857509613037, 0.1557300090789795, 0.13011479377746582, 0.15866589546203613, 0.15760397911071777, 0.1266324520111084, 0.1558399200439453, 0.16353797912597656, 0.1253502368927002, 0.14934682846069336, 0.1650381088256836, 0.13376760482788086, 0.1542196273803711, 0.1681363582611084, 0.13962316513061523, 0.14388418197631836, 0.15941166877746582, 0.13089990615844727, 0.1511533260345459, 0.1685335636138916, 0.12213611602783203, 0.1482994556427002, 0.14968252182006836, 0.12330150604248047, 0.146925687789917, 0.16556406021118164, 0.12327289581298828, 0.14547181129455566, 0.1673870086669922, 0.12139582633972168, 0.14574432373046875, 0.1500856876373291, 0.1079409122467041, 0.14880967140197754, 0.16902470588684082, 0.12211918830871582, 0.16485309600830078, 0.1693096160888672, 0.12079381942749023, 0.15503382682800293, 0.16522622108459473, 0.11759519577026367, 0.15069293975830078, 0.17163419723510742, 0.1250743865966797, 0.14760780334472656, 0.17978358268737793, 0.11792874336242676, 0.14693236351013184, 0.17468643188476562, 0.12220382690429688, 0.14984798431396484, 0.1687617301940918, 0.11847901344299316, 0.15481996536254883, 0.16315698623657227, 0.11202120780944824, 0.14635539054870605, 0.1691722869873047, 0.11284995079040527, 0.14592623710632324, 0.16439175605773926, 0.11565423011779785, 0.1475229263305664, 0.17032527923583984, 0.11177349090576172, 0.15104198455810547, 0.17369484901428223, 0.11243939399719238, 0.14867401123046875, 0.1755225658416748, 0.10727143287658691, 0.1472177505493164, 0.17593860626220703, 0.11349606513977051, 0.14893174171447754, 0.17365455627441406, 0.1154012680053711, 0.14633989334106445, 0.1709580421447754, 0.10939455032348633, 0.14980649948120117, 0.17761778831481934, 0.11296868324279785, 0.15043854713439941, 0.17905044555664062, 0.1134188175201416, 0.15094280242919922, 0.17104029655456543, 0.11071062088012695, 0.1472611427307129, 0.17244863510131836, 0.11266160011291504, 0.15185022354125977, 0.17757701873779297, 0.10584497451782227, 0.14726972579956055, 0.17951607704162598, 0.10791993141174316, 0.14916396141052246, 0.16784214973449707, 0.11090683937072754, 0.14932799339294434, 0.16868162155151367, 0.10890388488769531, 0.1527409553527832, 0.17284917831420898, 0.09656667709350586, 0.15216541290283203, 0.17685508728027344, 0.10735869407653809, 0.14983391761779785, 0.1723799705505371, 0.10698151588439941, 0.15059208869934082, 0.17429494857788086, 0.11048293113708496, 0.15154576301574707, 0.17090845108032227, 0.11088347434997559, 0.15116262435913086, 0.17061781883239746, 0.11630749702453613, 0.15289020538330078, 0.17572593688964844, 0.10712265968322754, 0.15117120742797852, 0.17308592796325684, 0.10915756225585938, 0.15201115608215332, 0.17226433753967285, 0.11353611946105957, 0.15417075157165527, 0.16897797584533691, 0.10724592208862305, 0.15273404121398926, 0.1735997200012207, 0.11574339866638184, 0.15341997146606445, 0.17331528663635254, 0.11656808853149414, 0.15162062644958496, 0.1758284568786621, 0.10833311080932617, 0.15123867988586426, 0.17383122444152832, 0.11257624626159668, 0.15799164772033691, 0.1751391887664795, 0.11525821685791016, 0.15633845329284668, 0.16529107093811035, 0.1099238395690918, 0.15436291694641113, 0.17387008666992188, 0.10702800750732422, 0.15523457527160645, 0.17348098754882812, 0.10829520225524902, 0.1518871784210205, 0.16972708702087402, 0.1114814281463623, 0.15193772315979004, 0.17554807662963867, 0.11275100708007812, 0.15240192413330078, 0.174591064453125, 0.11413359642028809, 0.15061306953430176, 0.17406320571899414, 0.12188959121704102, 0.15445661544799805, 0.17545199394226074, 0.11245107650756836, 0.15758037567138672, 0.18543291091918945, 0.11773419380187988, 0.14981627464294434, 0.1722550392150879, 0.11005568504333496, 0.14946913719177246, 0.17917776107788086, 0.11016058921813965, 0.14577102661132812, 0.16934943199157715, 0.10972952842712402, 0.15393829345703125, 0.17153310775756836, 0.10903525352478027, 0.148972749710083, 0.17022323608398438, 0.11208820343017578, 0.1477808952331543, 0.1644153594970703, 0.11129999160766602, 0.14911317825317383, 0.16420817375183105, 0.11077284812927246, 0.14937996864318848, 0.16844439506530762, 0.11412167549133301, 0.1512007713317871, 0.16481900215148926, 0.10374593734741211, 0.15099239349365234, 0.16882109642028809, 0.11524438858032227, 0.15003156661987305, 0.16264629364013672, 0.11156058311462402, 0.15763258934020996, 0.16299104690551758, 0.12265634536743164, 0.14440155029296875, 0.1636815071105957, 0.10688924789428711, 0.14946794509887695, 0.16081452369689941, 0.11250877380371094, 0.1557466983795166, 0.16749310493469238, 0.11606240272521973, 0.15317678451538086, 0.16694927215576172, 0.11797785758972168, 0.14610576629638672, 0.16478657722473145, 0.11578869819641113, 0.15430951118469238, 0.15676140785217285, 0.11623072624206543, 0.1512603759765625, 0.16199779510498047, 0.11031937599182129, 0.15238118171691895, 0.166182279586792, 0.11740446090698242, 0.1503133773803711, 0.16069483757019043, 0.11883091926574707, 0.1561131477355957, 0.16115093231201172, 0.11712265014648438, 0.15731501579284668, 0.16712450981140137, 0.11835932731628418, 0.15674281120300293, 0.1617903709411621, 0.11636900901794434, 0.14542174339294434, 0.1520841121673584, 0.11279797554016113, 0.1542811393737793, 0.15915894508361816, 0.11588144302368164, 0.15316200256347656, 0.15599727630615234, 0.1147916316986084, 0.15511727333068848, 0.15675640106201172, 0.11768698692321777, 0.15276050567626953, 0.1607227325439453, 0.11531209945678711, 0.14806103706359863, 0.151627779006958, 0.1157996654510498, 0.15335917472839355, 0.15308928489685059, 0.11730790138244629, 0.15790677070617676, 0.15514922142028809, 0.12280511856079102, 0.15379619598388672, 0.15250539779663086, 0.1246786117553711, 0.15695500373840332, 0.15336251258850098, 0.1288137435913086, 0.15262436866760254, 0.15527844429016113, 0.11845803260803223, 0.15518641471862793, 0.15576553344726562, 0.12054443359375, 0.14885759353637695, 0.156022310256958, 0.11972570419311523, 0.14967679977416992, 0.14743494987487793, 0.12414264678955078, 0.15691733360290527, 0.15310263633728027, 0.12078070640563965, 0.1500568389892578, 0.1519317626953125, 0.12028813362121582, 0.1456587314605713, 0.1465435028076172, 0.12099313735961914, 0.15511488914489746, 0.15124225616455078, 0.12235403060913086, 0.15205979347229004, 0.1486496925354004, 0.12593555450439453, 0.15343451499938965, 0.14338016510009766, 0.1268453598022461, 