{"ID": 2, "inference time": [0.29225659370422363, 0.3337283134460449, 0.2247321605682373, 0.22310638427734375, 0.2257091999053955, 0.21751117706298828, 0.21932220458984375, 0.21289825439453125, 0.30005741119384766, 0.3006272315979004, 0.35061073303222656, 0.24454188346862793, 0.21765780448913574, 0.3305530548095703, 0.26421141624450684, 0.26542139053344727, 0.21050167083740234, 0.2754249572753906, 0.21558189392089844, 0.2719120979309082, 0.26699113845825195, 0.2515561580657959, 0.20723247528076172, 0.22658348083496094, 0.2964181900024414, 0.2234971523284912, 0.20172381401062012, 0.21080946922302246, 0.21257853507995605, 0.23100042343139648, 0.2745022773742676, 0.24646902084350586, 0.2384786605834961, 0.249373197555542, 0.24902653694152832, 0.255540132522583, 0.2665400505065918, 0.24955344200134277, 0.25182223320007324, 0.2178041934967041, 0.2666652202606201, 0.24853944778442383, 0.24226593971252441, 0.2228853702545166, 0.2584035396575928, 0.23169493675231934, 0.26967954635620117, 0.2738003730773926, 0.2340242862701416, 0.22516250610351562, 0.23532891273498535, 0.2264397144317627, 0.2932746410369873, 0.24975991249084473, 0.2592179775238037, 0.25955796241760254, 0.2085585594177246, 0.24265718460083008, 0.3588991165161133, 0.2204434871673584, 0.1892561912536621, 0.19748997688293457, 0.29146504402160645, 0.2247159481048584, 0.2517833709716797, 0.1936781406402588, 0.2574045658111572, 0.21807026863098145, 0.24738073348999023, 0.22981667518615723, 0.22580552101135254, 0.20789885520935059, 0.21087384223937988, 0.24391388893127441, 0.23206663131713867, 0.23460125923156738, 0.24882006645202637, 0.20142102241516113, 0.2405393123626709, 0.21426606178283691, 0.19906306266784668, 0.22347402572631836, 0.2294902801513672, 0.20079803466796875, 0.26785755157470703, 0.24435162544250488, 0.2245640754699707, 0.20063376426696777, 0.2068767547607422, 0.20304322242736816, 0.26187753677368164, 0.29178524017333984, 0.22783303260803223, 0.20360064506530762, 0.20700764656066895, 0.304398775100708, 0.2555723190307617, 0.23922181129455566, 0.23865199089050293, 0.20657968521118164, 0.2531867027282715, 0.21480035781860352, 0.26698899269104004, 0.2318284511566162, 0.21303510665893555, 0.2280435562133789, 0.20799636840820312, 0.2157735824584961, 0.23091793060302734, 0.2596273422241211, 0.19463729858398438, 0.2827925682067871, 0.30780792236328125, 0.23960256576538086, 0.23131346702575684, 0.2261641025543213, 0.22942352294921875, 0.2293529510498047, 0.2193889617919922, 0.20008516311645508, 0.22730183601379395, 0.24835848808288574, 0.227921724319458, 0.24320149421691895, 0.21842575073242188, 0.21428847312927246, 0.24863576889038086, 0.24180078506469727, 0.2064988613128662, 0.21216416358947754, 0.22005105018615723, 0.24210333824157715, 0.23543238639831543, 0.22670841217041016, 0.22355103492736816, 0.1999683380126953, 0.23331165313720703, 0.2089400291442871, 0.2070157527923584, 0.2755591869354248, 0.23846173286437988, 0.21125030517578125, 0.24768495559692383, 0.2616608142852783, 0.2089543342590332, 0.20600152015686035, 0.24897265434265137, 0.2246382236480713, 0.24983668327331543, 0.19883298873901367, 0.30906128883361816, 0.22610926628112793, 0.1943511962890625, 0.1872730255126953, 0.24514365196228027, 0.27071237564086914, 0.19075751304626465, 0.19682884216308594, 0.3006246089935303, 0.27570056915283203, 0.20620393753051758, 0.2006855010986328, 0.2061474323272705, 0.2078700065612793, 0.2391037940979004, 0.23662018775939941, 0.24228358268737793, 0.21351957321166992, 0.2099926471710205, 0.22565841674804688, 0.21352624893188477, 0.24275469779968262, 0.22342181205749512, 0.28322935104370117, 0.2584090232849121, 0.2268519401550293, 0.23358917236328125, 0.22227001190185547, 0.2167520523071289, 0.2698523998260498, 0.22525548934936523, 0.26063036918640137, 0.2527589797973633, 0.24443745613098145, 0.228257417678833, 0.24902129173278809, 0.23364710807800293, 0.217848539352417, 0.23892569541931152, 0.23648571968078613, 0.2621438503265381, 0.2566211223602295, 0.22683334350585938, 0.24938178062438965, 0.20168566703796387, 0.30794715881347656, 0.2520577907562256, 0.20989084243774414, 0.28161001205444336, 0.2247319221496582, 0.27367568016052246, 0.20803403854370117, 0.21252679824829102, 0.25292253494262695, 0.24611663818359375, 0.2057490348815918, 0.2339310646057129, 0.20515894889831543, 0.23341012001037598, 0.26021647453308105, 0.21558785438537598, 0.2780749797821045, 0.24481487274169922, 0.23993945121765137, 0.19868922233581543, 0.26308655738830566, 0.2275996208190918, 0.21279025077819824, 0.24678349494934082, 0.259357213973999, 0.22054553031921387, 0.239760160446167, 0.24930024147033691, 0.24329471588134766, 0.22689557075500488, 0.22021722793579102, 0.2553861141204834, 0.19438529014587402, 0.2366623878479004, 0.2271430492401123, 0.2144019603729248, 0.22494006156921387, 0.25107431411743164, 0.2425069808959961, 0.22779250144958496, 0.255720853805542, 0.26120781898498535, 0.226104736328125, 0.20384550094604492, 0.2199845314025879, 0.22661352157592773, 0.2402207851409912, 0.24486613273620605, 0.2313551902770996, 0.25568652153015137, 0.2741396427154541, 0.24918627738952637, 0.24750709533691406, 0.25934839248657227, 0.24884963035583496, 0.23011112213134766, 0.20131564140319824, 0.2580432891845703, 0.23406672477722168, 0.2413632869720459, 0.2100355625152588, 0.2523231506347656, 0.25361132621765137, 0.27911853790283203, 0.23859715461730957, 0.2326211929321289, 0.24393725395202637, 0.24091887474060059, 0.2685236930847168, 0.21446776390075684, 0.20830988883972168, 0.20758795738220215, 0.2628593444824219, 0.25248026847839355, 0.24414849281311035, 0.22636175155639648, 0.2420365810394287, 0.21956157684326172, 0.22156810760498047, 0.23249244689941406, 0.2302846908569336, 0.24810290336608887, 0.1975555419921875, 0.2609264850616455, 0.27567458152770996, 0.2750508785247803, 0.27086329460144043, 0.28587889671325684, 0.2175743579864502, 0.20959043502807617, 0.24765348434448242, 0.19652318954467773, 0.2192230224609375, 0.22322940826416016, 0.22736716270446777, 0.2376708984375, 0.18772125244140625, 0.25326061248779297, 0.29225659370422363, 0.2834048271179199, 0.2868661880493164, 0.2531905174255371, 0.19135212898254395, 0.20797467231750488, 0.25064826011657715, 0.23106956481933594, 0.239790678024292, 0.2522871494293213, 0.24957847595214844, 0.2513301372528076, 0.2370133399963379, 0.21046066284179688, 0.23975229263305664, 0.235917329788208, 0.27617335319519043, 0.2546427249908447, 0.32541680335998535, 0.23359298706054688, 0.26691317558288574, 0.2768387794494629, 0.22309041023254395, 0.24186468124389648, 0.22927069664001465, 0.19285273551940918, 0.2804286479949951, 0.2247297763824463, 0.22385096549987793, 0.2627439498901367, 0.19576311111450195, 0.25287485122680664, 0.2577540874481201, 0.2342996597290039, 0.24466633796691895, 0.23461651802062988, 0.2710151672363281, 0.283128023147583, 0.24345636367797852, 0.227189302444458, 0.2716543674468994, 0.2068469524383545, 0.24078941345214844, 0.22728896141052246, 0.22783851623535156, 0.2465524673461914, 0.19632911682128906, 0.3295106887817383, 0.2704470157623291, 0.2571597099304199, 0.19891738891601562, 0.2440488338470459, 0.2414400577545166, 0.23114275932312012, 0.23914599418640137, 0.2126450538635254, 0.2819838523864746, 0.231370210647583, 0.24683594703674316, 0.20920228958129883, 0.19991731643676758, 0.25969648361206055, 0.27907395362854004, 0.2554152011871338, 0.2374889850616455, 0.23996591567993164, 0.26816534996032715, 0.2518784999847412, 0.1966853141784668, 0.29253244400024414, 0.29496097564697266, 0.2582979202270508, 0.23386836051940918, 0.24756479263305664, 0.19623851776123047, 0.26629018783569336, 0.22243738174438477, 0.3009908199310303, 0.2517092227935791, 0.27131128311157227, 0.24521684646606445, 0.2530205249786377, 0.22052979469299316, 0.2855987548828125, 0.3328666687011719, 0.240692138671875, 0.2653317451477051, 0.2602829933166504, 0.2362837791442871, 0.2057950496673584, 0.31424927711486816, 0.24520492553710938, 0.2615220546722412, 0.24972081184387207, 