{"ID": 5, "inference time": [0.3290858268737793, 0.3464500904083252, 0.33490467071533203, 0.34969353675842285, 0.31131672859191895, 0.30476880073547363, 0.3245697021484375, 0.3214094638824463, 0.2823057174682617, 0.2787806987762451, 0.3207855224609375, 0.33301639556884766, 0.2368922233581543, 0.317277193069458, 0.2997584342956543, 0.32006239891052246, 0.29221272468566895, 0.33614611625671387, 0.27852487564086914, 0.2771608829498291, 0.2964746952056885, 0.31558680534362793, 0.3133728504180908, 0.3354978561401367, 0.3301868438720703, 0.3145143985748291, 0.33435964584350586, 0.340090274810791, 0.3155202865600586, 0.2554347515106201, 0.31122732162475586, 0.28888845443725586, 0.2828078269958496, 0.2878875732421875, 0.2660062313079834, 0.2697572708129883, 0.2690598964691162, 0.27521824836730957, 0.271883487701416, 0.2819831371307373, 0.28510379791259766, 0.269728422164917, 0.2798023223876953, 0.28609204292297363, 0.2562549114227295, 0.24165558815002441, 0.26144886016845703, 0.2606534957885742, 0.2490859031677246, 0.2620368003845215, 0.2518575191497803, 0.266007661819458, 0.2746100425720215, 0.2659282684326172, 0.25509214401245117, 0.28104305267333984, 0.2808711528778076, 0.281085729598999, 0.3171060085296631, 0.3389780521392822, 0.35001611709594727, 0.3191215991973877, 0.2905616760253906, 0.27769923210144043, 0.2883644104003906, 0.26587677001953125, 0.24163413047790527, 0.24542713165283203, 0.28452372550964355, 0.27185797691345215, 0.2552051544189453, 0.2830679416656494, 0.2811729907989502, 0.26785707473754883, 0.24016594886779785, 0.26046204566955566, 0.2931697368621826, 0.27413105964660645, 0.2608487606048584, 0.2487640380859375, 0.28331804275512695, 0.2641942501068115, 0.2739386558532715, 0.2588984966278076, 0.268963098526001, 0.26450610160827637, 0.24277925491333008, 0.28667211532592773, 0.31699633598327637, 0.29129838943481445, 0.25168585777282715, 0.2732250690460205, 0.26729416847229004, 0.27851152420043945, 0.27284908294677734, 0.2717890739440918, 0.24892807006835938, 0.2785637378692627, 0.25712156295776367, 0.2535285949707031, 0.2693033218383789, 0.23366189002990723, 0.2696106433868408, 0.27660250663757324, 0.2858591079711914, 0.27321553230285645, 0.25231266021728516, 0.27137303352355957, 0.24739551544189453, 0.30231213569641113, 0.2907264232635498, 0.2915315628051758, 0.2983396053314209, 0.3040580749511719, 0.2608764171600342, 0.27025437355041504, 0.2731893062591553, 0.25740528106689453, 0.25338077545166016, 0.26961255073547363, 0.24666094779968262, 0.27750325202941895, 0.2776815891265869, 0.26037025451660156, 0.26640772819519043, 0.27720165252685547, 0.2737100124359131, 0.2508819103240967, 0.28850340843200684, 0.2822704315185547, 0.2938554286956787, 0.28853511810302734, 0.26620912551879883, 0.24819159507751465, 0.2514078617095947, 0.29080700874328613, 0.24622225761413574, 0.28172731399536133, 0.2853055000305176, 0.2851746082305908, 0.25852441787719727, 0.26096343994140625, 0.2875237464904785, 0.2740452289581299, 0.2854161262512207, 0.2745206356048584, 0.29077696800231934, 0.26218175888061523, 0.27978086471557617, 0.2694225311279297, 0.290820837020874, 0.3135969638824463, 0.3038930892944336, 0.29268693923950195, 0.27907466888427734, 0.2777881622314453, 0.2801542282104492, 0.2717883586883545, 0.2748546600341797, 0.25998735427856445, 0.3180222511291504, 0.3244457244873047, 0.24599003791809082, 0.30223870277404785, 0.31264734268188477, 0.2629702091217041, 0.2508277893066406, 0.2848236560821533, 0.28342342376708984, 0.2420516014099121, 0.25907230377197266, 0.2842590808868408, 0.2897365093231201, 0.2874476909637451, 0.2587859630584717, 0.2233281135559082, 0.3001689910888672, 0.25701379776000977, 0.2750391960144043, 0.2628204822540283, 0.24587774276733398, 0.2701535224914551, 0.27304983139038086, 0.26977109909057617, 0.25408148765563965, 0.25827622413635254, 0.2623474597930908, 0.26699376106262207, 0.25107312202453613, 0.2803497314453125, 0.2722361087799072, 0.2710299491882324, 0.2410264015197754, 0.2824409008026123, 0.27762746810913086, 0.29485630989074707, 0.2519824504852295, 0.26885247230529785, 0.2735295295715332, 0.26912784576416016, 0.30756044387817383, 0.26066088676452637, 0.27082109451293945, 0.2565321922302246, 0.29364585876464844, 0.2720956802368164, 0.2436668872833252, 0.25812268257141113, 0.24859142303466797, 0.2861044406890869, 0.27086782455444336, 0.2797853946685791, 0.2560403347015381, 0.2672004699707031, 0.2677450180053711, 0.26657652854919434, 0.25429391860961914, 0.26667261123657227, 0.2753727436065674, 0.2775440216064453, 0.2718493938446045, 0.27823781967163086, 0.275515079498291, 0.2663559913635254, 0.2557206153869629, 0.2727346420288086, 0.2977311611175537, 0.27697181701660156, 0.24852967262268066, 0.2754945755004883, 0.2777862548828125, 0.23095011711120605, 0.272442102432251, 0.26285314559936523, 0.2452995777130127, 0.28047680854797363, 0.2666501998901367, 0.25978732109069824, 0.28762316703796387, 0.2799971103668213, 0.2554779052734375, 0.2785952091217041, 0.2520594596862793, 0.2948477268218994, 0.265880823135376, 0.26793718338012695, 0.2697484493255615, 0.27065467834472656, 0.2750124931335449, 0.2444014549255371, 0.2609062194824219, 0.2707061767578125, 0.2546248435974121, 0.2623007297515869, 0.28409409523010254, 0.2692699432373047, 0.2535665035247803, 0.25866007804870605, 0.2846527099609375, 0.2843811511993408, 0.27790069580078125, 0.2636275291442871, 0.26021385192871094, 0.28653478622436523, 0.2792792320251465, 0.28334903717041016, 0.27200841903686523, 0.2658226490020752, 0.2761497497558594, 0.2746851444244385, 0.27990150451660156, 0.2676253318786621, 0.23679399490356445, 0.2908935546875, 0.2706117630004883, 0.23915457725524902, 0.2964494228363037, 0.2909376621246338, 0.300081729888916, 0.28456950187683105, 0.28856372833251953, 0.2933061122894287, 0.301785945892334, 0.27840733528137207, 0.28543853759765625, 0.3047916889190674, 0.29729652404785156, 0.2791111469268799, 0.25786447525024414, 0.2599935531616211, 0.2668430805206299, 0.27881646156311035, 0.28304243087768555, 0.27698493003845215, 0.3024747371673584, 0.2847003936767578, 0.2773473262786865, 0.28545713424682617, 0.2685666084289551, 0.2763814926147461, 0.289226770401001, 0.29026126861572266, 0.2871513366699219, 0.2623589038848877, 0.25673985481262207, 0.28504014015197754, 0.27524757385253906, 0.26766347885131836, 0.2556931972503662, 0.26534128189086914, 0.30088162422180176, 0.3048591613769531, 0.3020627498626709, 0.27900242805480957, 0.26328372955322266, 0.26012134552001953, 0.25550007820129395, 0.260089635848999, 0.27170896530151367, 0.27582836151123047, 0.266416072845459, 0.2729358673095703, 0.2586638927459717, 0.3009202480316162, 0.30164670944213867, 0.2698240280151367, 0.2483980655670166, 0.25685882568359375, 0.2534000873565674, 0.2648451328277588, 0.2728996276855469, 0.30724287033081055, 0.2824234962463379, 0.30110788345336914, 0.27256155014038086, 0.2729020118713379, 0.2587394714355469, 0.263502836227417, 0.29080915451049805, 0.29474568367004395, 0.3040440082550049, 0.2795276641845703, 0.27123260498046875, 0.2687215805053711, 0.2679715156555176, 0.287339448928833, 0.2924182415008545, 0.2973902225494385, 0.27195310592651367, 0.2762935161590576, 0.2811119556427002, 0.27021098136901855, 0.31198549270629883, 0.27759337425231934, 0.2741992473602295, 0.29225683212280273, 0.27202749252319336, 0.2583475112915039, 0.2718009948730469, 0.28691625595092773, 0.2929401397705078, 0.2861301898956299, 0.29704999923706055, 0.29134130477905273, 0.2720150947570801, 0.2851717472076416, 0.30755090713500977, 0.294905424118042, 0.30999088287353516, 0.2748982906341553, 0.290088415145874, 0.2850377559661865, 0.2812821865081787, 0.27713871002197266, 0.26595354080200195, 0.27259182929992676, 0.28263163566589355, 0.3071277141571045, 0.2858555316925049, 0.2778482437133789, 0.2756803035736084, 0.27966737747192383, 0.29589033126831055, 0.29715895652770996, 0.28745603561401367, 0.27562928199768066, 0.27370500564575195, 0.2906363010406494, 0.26138734817504883, 0.2742500305175781, 0.2951185703277588, 