{"ID": 0, "inference time": [10.270999908447266, 0.09737348556518555, 0.08576130867004395, 0.08433866500854492, 0.08067488670349121, 0.08503389358520508, 0.08692598342895508, 0.08925700187683105, 0.08929014205932617, 0.08780312538146973, 0.09921908378601074, 0.12994027137756348, 0.1096792221069336, 0.1088714599609375, 0.10415863990783691, 0.10705113410949707, 0.10213780403137207, 0.10075545310974121, 0.11105871200561523, 0.10114097595214844, 0.10733890533447266, 0.10051941871643066, 0.10791516304016113, 0.10251235961914062, 0.10796523094177246, 0.09830689430236816, 0.10898470878601074, 0.10344314575195312, 0.11061906814575195, 0.10635709762573242, 0.11082911491394043, 0.10322427749633789, 0.11023259162902832, 0.10271310806274414, 0.11048269271850586, 0.10539579391479492, 0.10467219352722168, 0.10474348068237305, 0.09747719764709473, 0.10900616645812988, 0.09613418579101562, 0.10680556297302246, 0.10122251510620117, 0.09982657432556152, 0.10464930534362793, 0.10135269165039062, 0.10850739479064941, 0.09695124626159668, 0.10658526420593262, 0.08958840370178223, 0.09467077255249023, 0.09415793418884277, 0.10310649871826172, 0.10287117958068848, 0.09708523750305176, 0.11246061325073242, 0.10773158073425293, 0.1123197078704834, 0.10293221473693848, 0.11186933517456055, 0.11199212074279785, 0.10926604270935059, 0.10729670524597168, 0.11274528503417969, 0.10858297348022461, 0.11021947860717773, 0.10744738578796387, 0.10882925987243652, 0.10770130157470703, 0.11039566993713379, 0.1055295467376709, 0.11177611351013184, 0.10476279258728027, 0.10988092422485352, 0.1061861515045166, 0.11175298690795898, 0.10527849197387695, 0.10022330284118652, 0.10982561111450195, 0.09846735000610352, 0.1081380844116211, 0.10113644599914551, 0.11287975311279297, 0.10703730583190918, 0.11544108390808105, 0.10835504531860352, 0.11459875106811523, 0.10324525833129883, 0.10017728805541992, 0.1036522388458252, 0.10508561134338379, 0.11176371574401855, 0.10061979293823242, 0.11698126792907715, 0.10625839233398438, 0.11278414726257324, 0.105133056640625, 0.10869336128234863, 0.10358977317810059, 0.1175079345703125, 0.10732436180114746, 0.10849928855895996, 0.10922384262084961, 0.11018562316894531, 0.10594606399536133, 0.1080472469329834, 0.10262918472290039, 0.1086878776550293, 0.1053164005279541, 0.10076498985290527, 0.10459613800048828, 0.1063685417175293, 0.10518169403076172, 0.1053769588470459, 0.1040196418762207, 0.10389924049377441, 0.10457301139831543, 0.11373686790466309, 0.10792231559753418, 0.10666918754577637, 0.1077880859375, 0.11172604560852051, 0.10392165184020996, 0.10824775695800781, 0.10475397109985352, 0.1002345085144043, 0.10430693626403809, 0.10082340240478516, 0.10826778411865234, 0.10240650177001953, 0.10932779312133789, 0.10331559181213379, 0.11776256561279297, 0.11012911796569824, 0.10831427574157715, 0.10582590103149414, 0.10885286331176758, 0.10523843765258789, 0.10263872146606445, 0.1091310977935791, 0.09990406036376953, 0.10718321800231934, 0.10169196128845215, 0.11005187034606934, 0.10236716270446777, 0.1047518253326416, 0.09812355041503906, 0.10919833183288574, 0.10090065002441406, 0.11202454566955566, 0.1072077751159668, 0.10929369926452637, 0.09714365005493164, 0.0939333438873291, 0.09373307228088379, 0.10001587867736816, 0.10911345481872559, 0.11125969886779785, 0.10659289360046387, 0.10396337509155273, 0.10772490501403809, 0.10502362251281738, 0.10762548446655273, 0.10278129577636719, 0.10863208770751953, 0.10372400283813477, 0.10847926139831543, 0.1043386459350586, 0.10844063758850098, 0.10380172729492188, 0.10851550102233887, 0.104034423828125, 0.1076347827911377, 0.1024477481842041, 0.1098167896270752, 0.10678815841674805, 0.10297751426696777, 0.10070443153381348, 0.11182332038879395, 0.10537266731262207, 0.11151409149169922, 0.10444164276123047, 0.10917234420776367, 0.10305571556091309, 0.10813546180725098, 0.10162901878356934, 0.11088228225708008, 0.10233807563781738, 0.11042284965515137, 0.10264086723327637, 0.11004757881164551, 0.10414385795593262, 0.11057281494140625, 0.10931897163391113, 0.11220169067382812, 0.1066737174987793, 0.10941791534423828, 0.10479545593261719, 0.10762906074523926, 0.11124181747436523, 0.10889434814453125, 0.10755157470703125, 0.10992431640625, 0.1069340705871582, 0.10617566108703613, 0.1085960865020752, 0.10741353034973145, 0.10763025283813477, 0.11136651039123535, 0.10688424110412598, 0.1071934700012207, 0.10820364952087402, 0.10572385787963867, 0.10864877700805664, 0.10930871963500977, 0.1074063777923584, 0.10734415054321289, 0.10906577110290527, 0.10411906242370605, 0.10652494430541992, 0.10400986671447754, 0.10968852043151855, 0.10167121887207031, 0.11165595054626465, 0.1084141731262207, 0.10760498046875, 0.10660386085510254, 0.10324883460998535, 0.10724091529846191, 0.10500049591064453, 0.10177254676818848, 0.10554909706115723, 0.10349655151367188, 0.11189007759094238, 0.09899044036865234, 0.10807561874389648, 0.10843539237976074, 0.11077594757080078, 0.11076593399047852, 0.10825872421264648, 0.10936307907104492, 0.10785436630249023, 0.10722827911376953, 0.10760760307312012, 0.10744929313659668, 0.10790634155273438, 0.11066746711730957, 0.10972023010253906, 0.10988259315490723, 0.10937619209289551, 0.11136889457702637, 0.1031801700592041, 0.10625433921813965, 0.11598730087280273, 0.09836578369140625, 0.10881352424621582, 0.10306668281555176, 0.11033821105957031, 0.10318183898925781, 0.11037945747375488, 0.1088552474975586, 0.1126244068145752, 0.10803532600402832, 0.11121535301208496, 0.10921645164489746, 0.1096193790435791, 0.10840153694152832, 0.10941362380981445, 0.10684800148010254, 0.10424518585205078, 0.11154675483703613, 0.10642671585083008, 0.11050987243652344, 0.10797739028930664, 0.10883522033691406, 0.10935640335083008, 0.10610699653625488, 0.10497212409973145, 0.10653448104858398, 0.1076054573059082, 0.1066586971282959, 0.1015315055847168, 0.10924267768859863, 0.10609889030456543, 0.10911393165588379, 0.10535597801208496, 0.10556697845458984, 0.10494780540466309, 0.1091313362121582, 0.1067812442779541, 0.10610365867614746, 0.10662174224853516, 0.10895681381225586, 0.1050264835357666, 0.10975980758666992, 0.10410332679748535, 0.11198711395263672, 0.10018038749694824, 0.1115119457244873, 0.10613059997558594, 0.11177873611450195, 0.10167908668518066, 0.11202073097229004, 0.10193920135498047, 0.11356592178344727, 0.10370779037475586, 0.11129283905029297, 0.10625624656677246, 0.10671114921569824, 0.10722684860229492, 0.10631728172302246, 0.1091916561126709, 0.10616588592529297, 0.11165142059326172, 0.1114192008972168, 0.10544419288635254, 0.11233901977539062, 0.10989594459533691, 0.11173009872436523, 0.11071968078613281, 0.11103534698486328, 0.10516500473022461, 0.11225223541259766, 0.10927152633666992, 0.11679887771606445, 0.11014437675476074, 0.11123180389404297, 0.10892415046691895, 0.10631966590881348, 0.10723066329956055, 0.11440277099609375, 0.11031365394592285, 0.10956311225891113, 0.10996603965759277, 0.1121368408203125, 0.11049270629882812, 0.10794782638549805, 0.10786104202270508, 0.10950875282287598, 0.10827970504760742, 0.10511326789855957, 0.10722208023071289, 0.10856842994689941, 0.11322498321533203, 0.11082029342651367, 0.10959172248840332, 0.10752463340759277, 0.1096639633178711, 0.1096045970916748, 0.11034941673278809, 0.10903811454772949, 0.10962080955505371, 0.11372852325439453, 0.11024308204650879, 0.1106863021850586, 0.11147832870483398, 0.1098930835723877, 0.1109013557434082, 0.1170656681060791, 0.11135005950927734, 0.11237740516662598, 0.10338449478149414, 0.10915398597717285, 0.10847926139831543, 0.11155128479003906, 0.11274361610412598, 0.11199474334716797, 0.10587859153747559, 0.1119377613067627, 0.10586953163146973, 0.11194491386413574, 0.1095430850982666, 0.11179018020629883, 0.10418295860290527, 0.11300277709960938, 0.10899925231933594, 0.11004281044006348, 0.10705327987670898, 0.10807609558105469, 0.11214923858642578, 0.1105661392211914, 0.10704421997070312, 