{"ID": 6, "inference time": [9.44803261756897, 0.0836038589477539, 0.050463199615478516, 0.05203676223754883, 0.04735898971557617, 0.046796560287475586, 0.04864835739135742, 0.04720902442932129, 0.05076026916503906, 0.04925847053527832, 0.0469362735748291, 0.049796342849731445, 0.04557657241821289, 0.05332064628601074, 0.057649850845336914, 0.052214860916137695, 0.04900717735290527, 0.05156898498535156, 0.05041098594665527, 0.04724717140197754, 0.0515904426574707, 0.05079460144042969, 0.04725527763366699, 0.04368710517883301, 0.0447688102722168, 0.04523658752441406, 0.05145382881164551, 0.052292585372924805, 0.048854827880859375, 0.04551386833190918, 0.04296565055847168, 0.044388771057128906, 0.043031930923461914, 0.046746253967285156, 0.044891357421875, 0.08596682548522949, 0.1286458969116211, 0.16074657440185547, 0.062335968017578125, 0.04969215393066406, 0.07308340072631836, 0.07685422897338867, 0.06471514701843262, 0.08999395370483398, 0.08516836166381836, 0.060546875, 0.08446693420410156, 0.0643918514251709, 0.05810403823852539, 0.08231258392333984, 0.07635736465454102, 0.054039955139160156, 0.07436394691467285, 0.08295321464538574, 0.0433344841003418, 0.07612419128417969, 0.05128812789916992, 0.04916858673095703, 0.07539772987365723, 0.07888269424438477, 0.05522632598876953, 0.08726119995117188, 0.08531761169433594, 0.05710244178771973, 0.07040596008300781, 0.06438612937927246, 0.06778311729431152, 0.07701444625854492, 0.08200430870056152, 0.060472726821899414, 0.07460999488830566, 0.0671846866607666, 0.05654764175415039, 0.0761559009552002, 0.08847856521606445, 0.06898927688598633, 0.08405828475952148, 0.07821106910705566, 0.05507183074951172, 0.08774733543395996, 0.07768511772155762, 0.07038331031799316, 0.08559894561767578, 0.0886380672454834, 0.06411480903625488, 0.08807849884033203, 0.07966756820678711, 0.06674027442932129, 0.08536505699157715, 0.07808589935302734, 0.04191470146179199, 0.0822756290435791, 0.08855581283569336, 0.06098318099975586, 0.08526897430419922, 0.08766984939575195, 0.05988574028015137, 0.08970332145690918, 0.07000517845153809, 0.060013771057128906, 0.07935619354248047, 0.08851265907287598, 0.05950021743774414, 0.08907294273376465, 0.0859980583190918, 0.07391214370727539, 0.08603072166442871, 0.08667635917663574, 0.07799625396728516, 0.08156037330627441, 0.07860326766967773, 0.05240941047668457, 0.07620048522949219, 0.08499479293823242, 0.07432365417480469, 0.07831954956054688, 0.07527780532836914, 0.0645296573638916, 0.08695483207702637, 0.08777761459350586, 0.06171989440917969, 0.08018374443054199, 0.07032060623168945, 0.08006954193115234, 0.07580852508544922, 0.08222699165344238, 0.052867889404296875, 0.08630919456481934, 0.08169245719909668, 0.046864986419677734, 0.08216452598571777, 0.07281303405761719, 0.07680892944335938, 0.08993411064147949, 0.0858924388885498, 0.0697171688079834, 0.08312821388244629, 0.08324432373046875, 0.04177260398864746, 0.08426713943481445, 0.0872654914855957, 0.06069803237915039, 0.0735166072845459, 0.08364105224609375, 0.06017470359802246, 0.06225419044494629, 0.07450604438781738, 0.07120490074157715, 0.09263944625854492, 0.07373642921447754, 0.05046677589416504, 0.08734750747680664, 0.08985209465026855, 0.07380032539367676, 0.09124445915222168, 0.08331036567687988, 0.05794095993041992, 0.08001351356506348, 0.08364486694335938, 0.06760454177856445, 0.08646893501281738, 0.08643126487731934, 0.06763625144958496, 0.07727575302124023, 0.05903458595275879, 0.0517573356628418, 0.0861043930053711, 0.07398676872253418, 0.04663515090942383, 0.08115506172180176, 0.0802469253540039, 0.07146096229553223, 0.08660364151000977, 0.08475875854492188, 0.07732200622558594, 0.08835697174072266, 0.07602548599243164, 0.0667273998260498, 0.06152629852294922, 0.08536767959594727, 0.05324888229370117, 0.08744239807128906, 0.08892655372619629, 0.0754389762878418, 0.08445572853088379, 0.07635331153869629, 0.0860595703125, 0.08703470230102539, 0.09607148170471191, 0.043503761291503906, 0.08571887016296387, 0.08888959884643555, 0.08037090301513672, 0.07762837409973145, 0.09226012229919434, 0.07118082046508789, 0.07945990562438965, 0.0674891471862793, 0.05573105812072754, 0.07503008842468262, 0.07394194602966309, 0.06985044479370117, 0.07708430290222168, 0.08868718147277832, 0.07424378395080566, 0.08344411849975586, 0.08037662506103516, 0.046509742736816406, 0.052678823471069336, 0.08208036422729492, 0.045964956283569336, 0.07973241806030273, 0.08247756958007812, 0.06851458549499512, 0.07674193382263184, 0.07121896743774414, 0.05863785743713379, 0.07669949531555176, 0.06604290008544922, 0.05143117904663086, 0.08719921112060547, 0.08209824562072754, 0.0628046989440918, 0.07091593742370605, 0.06939697265625, 0.06562089920043945, 0.0775301456451416, 0.08693408966064453, 0.06601738929748535, 0.07655906677246094, 0.04916882514953613, 0.04399752616882324, 0.08395910263061523, 0.07704591751098633, 0.07168126106262207, 0.06534242630004883, 0.0758352279663086, 0.0764007568359375, 0.0775911808013916, 0.07936811447143555, 0.06443405151367188, 0.08161592483520508, 0.0831451416015625, 0.056520938873291016, 0.07483720779418945, 0.08297133445739746, 0.06327056884765625, 0.07734251022338867, 0.07706737518310547, 0.059333086013793945, 0.07619881629943848, 0.07842612266540527, 0.047867536544799805, 0.07645416259765625, 0.08460164070129395, 0.0733187198638916, 0.0827183723449707, 0.08265066146850586, 0.06555700302124023, 0.07060050964355469, 0.08127498626708984, 0.06692790985107422, 0.07579445838928223, 0.08333325386047363, 0.06445717811584473, 0.08186554908752441, 0.07700729370117188, 0.06877732276916504, 0.09372735023498535, 0.07735252380371094, 0.05962514877319336, 0.0783836841583252, 0.07071137428283691, 0.08264684677124023, 0.08468842506408691, 0.07602429389953613, 0.059873342514038086, 0.07586216926574707, 0.07517290115356445, 0.0640859603881836, 0.06664061546325684, 0.0768289566040039, 0.047449588775634766, 0.07773184776306152, 0.07146453857421875, 0.049256324768066406, 0.08417701721191406, 0.0823507308959961, 0.07431674003601074, 0.07366299629211426, 0.07643818855285645, 0.08000421524047852, 0.08371877670288086, 0.07675647735595703, 0.05713009834289551, 0.0777120590209961, 0.08526182174682617, 0.05636429786682129, 0.0792531967163086, 0.07876062393188477, 0.07267975807189941, 0.0831153392791748, 0.07632231712341309, 0.05246615409851074, 0.07657861709594727, 0.061499834060668945, 0.04489469528198242, 0.0763857364654541, 0.08263564109802246, 0.05413103103637695, 0.08032560348510742, 0.08020710945129395, 0.05539560317993164, 0.08262062072753906, 0.07727718353271484, 0.07222628593444824, 0.08347964286804199, 0.0882561206817627, 0.051149845123291016, 0.0746302604675293, 0.0817556381225586, 0.06162548065185547, 0.07083892822265625, 0.07945609092712402, 0.05086827278137207, 0.07979702949523926, 0.08223390579223633, 0.061377763748168945, 0.0834193229675293, 0.08363032341003418, 0.06627225875854492, 0.08326292037963867, 0.07145571708679199, 0.07492470741271973, 0.08170843124389648, 0.07634377479553223, 0.05031752586364746, 0.07871532440185547, 0.08139991760253906, 0.04787254333496094, 0.07680702209472656, 0.07866120338439941, 0.04316234588623047, 0.07965946197509766, 0.08586907386779785, 0.06281852722167969, 0.08506131172180176, 0.0803079605102539, 0.05393505096435547, 0.07554388046264648, 0.08340167999267578, 0.05867767333984375, 0.08292460441589355, 0.08031702041625977, 0.06322908401489258, 0.08447527885437012, 0.08899283409118652, 0.04281020164489746, 0.0818471908569336, 0.08163642883300781, 0.053893327713012695, 0.07773685455322266, 0.09033536911010742, 0.05915474891662598, 0.08866739273071289, 0.08112335205078125, 0.07207942008972168, 0.08400678634643555, 0.0792081356048584, 0.0712885856628418, 0.08113670349121094, 0.07606267929077148, 0.06430745124816895, 0.08544540405273438, 0.08388519287109375, 0.05120563507080078, 0.07401800155639648, 0.0675513744354248, 0.043874502182006836, 0.06597185134887695, 0.08254623413085938, 