{"ID": 5, "inference time": [0.25723862648010254, 0.20469927787780762, 0.21695995330810547, 0.23011064529418945, 0.1966252326965332, 0.23245835304260254, 0.20426201820373535, 0.24579834938049316, 0.2043135166168213, 0.26174426078796387, 0.20439791679382324, 0.26023364067077637, 0.21770954132080078, 0.24949407577514648, 0.2173161506652832, 0.2107691764831543, 0.2312929630279541, 0.2103888988494873, 0.24375104904174805, 0.2045128345489502, 0.2560689449310303, 0.21648192405700684, 0.20472955703735352, 0.21561837196350098, 0.19565486907958984, 0.21692156791687012, 0.20250368118286133, 0.2403559684753418, 0.2059168815612793, 0.2480616569519043, 0.2141895294189453, 0.2664978504180908, 0.1963205337524414, 0.26492857933044434, 0.19932007789611816, 0.2116560935974121, 0.20194172859191895, 0.1996011734008789, 0.24029231071472168, 0.19854497909545898, 0.242919921875, 0.20131850242614746, 0.2387559413909912, 0.20404958724975586, 0.23319673538208008, 0.19556760787963867, 0.23618698120117188, 0.20059585571289062, 0.21468329429626465, 0.20586609840393066, 0.24391460418701172, 0.19591689109802246, 0.23808884620666504, 0.20285892486572266, 0.22550415992736816, 0.20209169387817383, 0.23304033279418945, 0.21022772789001465, 0.23866748809814453, 0.1851515769958496, 0.2379467487335205, 0.19425392150878906, 0.21961188316345215, 0.19422340393066406, 0.2313365936279297, 0.19860529899597168, 0.2285301685333252, 0.2098090648651123, 0.20453166961669922, 0.19582080841064453, 0.20487046241760254, 0.20743966102600098, 0.19929933547973633, 0.19591593742370605, 0.20520377159118652, 0.20159196853637695, 0.2018451690673828, 0.24486732482910156, 0.1901545524597168, 0.23142409324645996, 0.19430232048034668, 0.22386431694030762, 0.1960136890411377, 0.20880341529846191, 0.1915912628173828, 0.22336220741271973, 0.1928422451019287, 0.23735618591308594, 0.20349431037902832, 0.20308279991149902, 0.1984870433807373, 0.22392654418945312, 0.19588637351989746, 0.22938227653503418, 0.2017989158630371, 0.21229815483093262, 0.19086170196533203, 0.21681594848632812, 0.19582509994506836, 0.23001670837402344, 0.20873308181762695, 0.20867156982421875, 0.20252323150634766, 0.21431565284729004, 0.19309234619140625, 0.20684385299682617, 0.24961638450622559, 0.1911766529083252, 0.21787667274475098, 0.20559334754943848, 0.2220921516418457, 0.2082204818725586, 0.20277619361877441, 0.19527411460876465, 0.20090532302856445, 0.19527149200439453, 0.22899341583251953, 0.18973040580749512, 0.23610281944274902, 0.19424748420715332, 0.23556947708129883, 0.20055699348449707, 0.2139134407043457, 0.18776416778564453, 0.23579931259155273, 0.19505643844604492, 0.2165393829345703, 0.19661355018615723, 0.24023175239562988, 0.2018289566040039, 0.20326662063598633, 0.21251177787780762, 0.19408416748046875, 0.24867773056030273, 0.19754672050476074, 0.23869585990905762, 0.20023608207702637, 0.22501659393310547, 0.19089579582214355, 0.2028348445892334, 0.20258069038391113, 0.20423221588134766, 0.20745444297790527, 0.1965622901916504, 0.2611997127532959, 0.19489645957946777, 0.23198390007019043, 0.20189833641052246, 0.23000073432922363, 0.1879253387451172, 0.22693824768066406, 0.21664786338806152, 0.20652103424072266, 0.19951653480529785, 0.2048938274383545, 0.23377656936645508, 0.19521164894104004, 0.256854772567749, 0.2017078399658203, 0.2311103343963623, 0.20134758949279785, 0.21310877799987793, 0.2137126922607422, 0.22280144691467285, 0.19285297393798828, 0.20724272727966309, 0.20520591735839844, 0.20952129364013672, 0.19604206085205078, 0.23088407516479492, 0.1952965259552002, 0.21996498107910156, 0.19175505638122559, 0.22325778007507324, 0.19745564460754395, 0.22638893127441406, 0.19435834884643555, 0.19830799102783203, 0.19481420516967773, 0.2154524326324463, 0.2528541088104248, 0.20309853553771973, 0.2283797264099121, 0.19933700561523438, 0.20314335823059082, 0.19688725471496582, 0.18941020965576172, 0.19849610328674316, 0.1984727382659912, 0.19585156440734863, 0.2002730369567871, 0.24277591705322266, 0.19367218017578125, 0.22424769401550293, 0.1934356689453125, 0.21475839614868164, 0.19618010520935059, 0.19907498359680176, 0.22859978675842285, 0.19981622695922852, 0.244126558303833, 0.2026515007019043, 0.23429608345031738, 0.19928908348083496, 0.22480344772338867, 0.19135546684265137, 0.24259257316589355, 0.20249223709106445, 0.2407217025756836, 0.1995406150817871, 0.2235243320465088, 0.19083213806152344, 0.2350759506225586, 0.1904749870300293, 0.22038578987121582, 0.19509458541870117, 0.2140798568725586, 0.19138503074645996, 0.23535585403442383, 0.20572161674499512, 0.19499540328979492, 0.2079792022705078, 0.20552897453308105, 0.24086451530456543, 0.19324421882629395, 0.24666142463684082, 0.19466710090637207, 0.22636985778808594, 0.18973708152770996, 0.19376063346862793, 0.19580459594726562, 0.20473837852478027, 0.19655513763427734, 0.19811320304870605, 0.24310803413391113, 0.20877361297607422, 0.22881603240966797, 0.2001800537109375, 0.21909618377685547, 0.19971179962158203, 0.22622156143188477, 0.20719242095947266, 0.23108816146850586, 0.1903219223022461, 0.22415685653686523, 0.2183973789215088, 0.20946741104125977, 0.21053695678710938, 0.20418715476989746, 0.2013561725616455, 0.23184657096862793, 0.19186043739318848, 0.21976947784423828, 0.19618892669677734, 0.23953604698181152, 0.21231389045715332, 0.24540448188781738, 0.19052600860595703, 0.2329411506652832, 0.20702028274536133, 0.2446887493133545, 0.19110655784606934, 0.2301185131072998, 0.19324660301208496, 0.2210547924041748, 0.19098639488220215, 0.18985986709594727, 0.20270061492919922, 0.19149136543273926, 0.20297932624816895, 0.21150588989257812, 0.23476743698120117, 0.20376086235046387, 0.2368478775024414, 0.21225857734680176, 0.23978447914123535, 0.1987473964691162, 0.20014166831970215, 0.1955420970916748, 0.20000219345092773, 0.20121169090270996, 0.2047736644744873, 0.20095157623291016, 0.20593667030334473, 0.2113971710205078, 0.20317649841308594, 0.24313855171203613, 0.19916391372680664, 0.23169755935668945, 0.20115160942077637, 0.2165977954864502, 0.20215678215026855, 0.19916868209838867, 0.204345703125, 0.2110583782196045, 0.24046564102172852, 0.19854354858398438, 0.25562334060668945, 0.20792460441589355, 0.24847173690795898, 0.21023988723754883, 0.23627710342407227, 0.19056129455566406, 0.22051596641540527, 0.1984398365020752, 0.2150886058807373, 0.2056879997253418, 0.2123103141784668, 0.19868087768554688, 0.20828747749328613, 0.18567109107971191, 0.19312644004821777, 0.21124887466430664, 0.19118523597717285, 0.2418835163116455, 0.1979808807373047, 0.22980833053588867, 0.19643425941467285, 0.22670888900756836, 0.20255231857299805, 0.22147321701049805, 0.1975841522216797, 0.20751428604125977, 0.19477605819702148, 0.23482275009155273, 0.20627784729003906, 0.22153925895690918, 0.19550514221191406, 0.21835565567016602, 0.20554137229919434, 0.20456981658935547, 0.19483542442321777, 0.18961834907531738, 0.2001638412475586, 0.20755791664123535, 0.26233935356140137, 0.20493745803833008, 0.225142240524292, 0.1931607723236084, 0.22980999946594238, 0.20750021934509277, 0.22660160064697266, 0.18919110298156738, 0.21079373359680176, 0.20215344429016113, 0.2355506420135498, 0.1992020606994629, 0.23169279098510742, 0.20141005516052246, 0.2085568904876709, 0.18983864784240723, 0.21672415733337402, 0.21043872833251953, 0.19462943077087402, 0.20997071266174316, 0.21184301376342773, 0.2102656364440918, 0.20753836631774902, 0.19005322456359863, 0.21382927894592285, 0.20866942405700684, 0.19730448722839355, 0.22078204154968262, 0.20514392852783203, 0.23991942405700684, 0.20331335067749023, 0.2314455509185791, 0.20136499404907227, 0.2318863868713379, 0.20417141914367676, 0.21796345710754395, 0.1999070644378662, 0.2320542335510254, 0.20502758026123047, 0.23587560653686523, 0.2091224193572998, 0.21880888938903809, 0.1988074779510498, 0.22172236442565918, 0.19793224334716797, 0.23939943313598633, 0.20430254936218262, 0.23128366470336914, 0.2059488296508789, 