{"ID": 0, "inference time": [14.297917127609253, 0.09003090858459473, 0.20751690864562988, 0.10968708992004395, 0.10337305068969727, 0.09552407264709473, 0.07747268676757812, 0.0951530933380127, 0.13709545135498047, 0.09929823875427246, 0.12194275856018066, 0.13171720504760742, 0.10230422019958496, 0.11290407180786133, 0.12457442283630371, 0.11545395851135254, 0.11899757385253906, 0.11849164962768555, 0.19793486595153809, 0.13106465339660645, 0.13998079299926758, 0.09917068481445312, 0.14298343658447266, 0.16553187370300293, 0.0967872142791748, 0.1104278564453125, 0.13363194465637207, 0.13010668754577637, 0.10195350646972656, 0.17803144454956055, 0.08340334892272949, 0.11675667762756348, 0.13428354263305664, 0.11884045600891113, 0.12709283828735352, 0.15195679664611816, 0.09712052345275879, 0.11901450157165527, 0.16235613822937012, 0.11333584785461426, 0.12485480308532715, 0.15972900390625, 0.17959356307983398, 0.12562012672424316, 0.1362137794494629, 0.10185623168945312, 0.1371750831604004, 0.16953158378601074, 0.10751700401306152, 0.14173126220703125, 0.15767431259155273, 0.13601922988891602, 0.12102174758911133, 0.1765885353088379, 0.08233976364135742, 0.11525321006774902, 0.16730499267578125, 0.10531234741210938, 0.12932682037353516, 0.12606215476989746, 0.07754778861999512, 0.11560964584350586, 0.1345818042755127, 0.09783482551574707, 0.12262535095214844, 0.1658463478088379, 0.13203740119934082, 0.10575604438781738, 0.17241954803466797, 0.0966036319732666, 0.12575864791870117, 0.12394046783447266, 0.08932042121887207, 0.11310148239135742, 0.17078828811645508, 0.12424731254577637, 0.1357734203338623, 0.13847088813781738, 0.10618329048156738, 0.12429690361022949, 0.13954424858093262, 0.07876038551330566, 0.12352371215820312, 0.13738608360290527, 0.0896453857421875, 0.13175439834594727, 0.16009759902954102, 0.0769658088684082, 0.1149592399597168, 0.1463027000427246, 0.12183976173400879, 0.11301326751708984, 0.15517377853393555, 0.16018915176391602, 0.08550763130187988, 0.12884974479675293, 0.08697199821472168, 0.1168673038482666, 0.1539018154144287, 0.1334230899810791, 0.143693208694458, 0.17006206512451172, 0.10766124725341797, 0.14648938179016113, 0.16626811027526855, 0.09630060195922852, 0.12045979499816895, 0.13813543319702148, 0.08446383476257324, 0.1206517219543457, 0.13919472694396973, 0.0746757984161377, 0.11633110046386719, 0.13502192497253418, 0.09389996528625488, 0.11501359939575195, 0.1507878303527832, 0.13073325157165527, 0.11874079704284668, 0.1690537929534912, 0.12025761604309082, 0.1282181739807129, 0.14156770706176758, 0.0799856185913086, 0.11915898323059082, 0.16232967376708984, 0.09872722625732422, 0.13519597053527832, 0.16240978240966797, 0.07153749465942383, 0.11996626853942871, 0.16017413139343262, 0.07835507392883301, 0.1220099925994873, 0.1380612850189209, 0.09053444862365723, 0.12330770492553711, 0.13855218887329102, 0.11694669723510742, 0.1374967098236084, 0.16682934761047363, 0.09750580787658691, 0.1285717487335205, 0.15519094467163086, 0.13016247749328613, 0.12653732299804688, 0.14373326301574707, 0.11134886741638184, 0.14109563827514648, 0.1724867820739746, 0.13241362571716309, 0.1150369644165039, 0.1778256893157959, 0.08540201187133789, 0.1099233627319336, 0.1301558017730713, 0.10679149627685547, 0.11609101295471191, 0.13536739349365234, 0.11037755012512207, 0.12429165840148926, 0.16005992889404297, 0.1278979778289795, 0.11162805557250977, 0.14626002311706543, 0.10470700263977051, 0.12116837501525879, 0.15413570404052734, 0.11818051338195801, 0.11658954620361328, 0.15169858932495117, 0.08373212814331055, 0.13080167770385742, 0.15710902214050293, 0.10858440399169922, 0.09651064872741699, 0.13975811004638672, 0.08921337127685547, 0.11763739585876465, 0.13330984115600586, 0.0811460018157959, 0.11616659164428711, 0.1269533634185791, 0.10153818130493164, 0.11638402938842773, 0.15967011451721191, 0.10941481590270996, 0.1083371639251709, 0.15912127494812012, 0.08062553405761719, 0.1342301368713379, 0.1513690948486328, 0.12535381317138672, 0.12438106536865234, 0.13873505592346191, 0.0865468978881836, 0.1300499439239502, 0.15414929389953613, 0.08542394638061523, 0.12360787391662598, 0.16386055946350098, 0.07145428657531738, 0.12703585624694824, 0.1288161277770996, 0.11963343620300293, 0.13131117820739746, 0.18082404136657715, 0.0876016616821289, 0.1333460807800293, 0.16353225708007812, 0.11042356491088867, 0.12420153617858887, 0.1455211639404297, 0.10268592834472656, 0.14357519149780273, 0.16106915473937988, 0.0906517505645752, 0.11947250366210938, 0.15645623207092285, 0.12791109085083008, 0.10425448417663574, 0.146561861038208, 0.09076905250549316, 0.1285257339477539, 0.12037062644958496, 0.11749005317687988, 0.14233064651489258, 0.15631890296936035, 0.1488809585571289, 0.10764622688293457, 0.16089749336242676, 0.1091926097869873, 0.13106274604797363, 0.14275264739990234, 0.11169838905334473, 0.13233017921447754, 0.15962815284729004, 0.10320734977722168, 0.11261296272277832, 0.11106562614440918, 0.08179950714111328, 0.1354210376739502, 0.16155648231506348, 0.07600903511047363, 0.13213896751403809, 0.1513528823852539, 0.13544726371765137, 0.13135957717895508, 0.16872072219848633, 0.08106780052185059, 0.12133264541625977, 0.11861991882324219, 0.09845924377441406, 0.12428164482116699, 0.17296576499938965, 0.08394074440002441, 0.10035204887390137, 0.12702393531799316, 0.08296561241149902, 0.12349700927734375, 0.1536703109741211, 0.11652636528015137, 0.14765286445617676, 0.14091825485229492, 0.07849287986755371, 0.11702084541320801, 0.14866042137145996, 0.09091544151306152, 0.10934686660766602, 0.12934350967407227, 0.08408999443054199, 0.13424444198608398, 0.15988898277282715, 0.09609079360961914, 0.11968445777893066, 0.14316272735595703, 0.09292030334472656, 0.13911843299865723, 0.1704998016357422, 0.0860452651977539, 0.1237797737121582, 0.11980605125427246, 0.10138916969299316, 0.12748026847839355, 0.1587357521057129, 0.10658884048461914, 0.11632204055786133, 0.16074109077453613, 0.08031439781188965, 0.14027976989746094, 0.1327064037322998, 0.1268327236175537, 0.12810134887695312, 0.15490102767944336, 0.08030581474304199, 0.12091636657714844, 0.15734076499938965, 0.10832452774047852, 0.12576746940612793, 0.16025209426879883, 0.09519004821777344, 0.14789891242980957, 0.15236735343933105, 0.0862126350402832, 0.14099383354187012, 0.15767502784729004, 0.0814049243927002, 0.14778995513916016, 0.13207221031188965, 0.07955121994018555, 0.13871359825134277, 0.15606260299682617, 0.07906961441040039, 0.12653422355651855, 0.13753485679626465, 0.09831070899963379, 0.13848209381103516, 0.15285801887512207, 0.08088135719299316, 0.13713669776916504, 0.16095900535583496, 0.07087540626525879, 0.12002110481262207, 0.1683330535888672, 0.08145618438720703, 0.09550952911376953, 0.16623282432556152, 0.07755112648010254, 0.11586332321166992, 0.13464093208312988, 0.11611008644104004, 0.13475251197814941, 0.14972758293151855, 0.09150123596191406, 0.1325058937072754, 0.15686488151550293, 0.09418320655822754, 0.13159894943237305, 0.16367411613464355, 0.07885003089904785, 0.11739730834960938, 0.11362004280090332, 0.09019970893859863, 0.1417546272277832, 0.17551445960998535, 0.08243274688720703, 0.1177363395690918, 0.11541414260864258, 0.09916138648986816, 0.13959956169128418, 0.17892193794250488, 0.08635902404785156, 0.12523651123046875, 0.1270742416381836, 0.11895155906677246, 0.14520001411437988, 0.16332077980041504, 0.08243656158447266, 0.13414883613586426, 0.14684581756591797, 0.10891199111938477, 0.14805340766906738, 0.14438796043395996, 0.07094430923461914, 0.13779067993164062, 0.15509748458862305, 0.12159299850463867, 0.12651872634887695, 0.15468907356262207, 0.10500979423522949, 0.11997628211975098, 0.16816997528076172, 0.09155869483947754, 0.11780047416687012, 0.13704538345336914, 0.09610867500305176, 0.12873530387878418, 0.16085529327392578, 0.07636404037475586, 0.14004874229431152, 0.13699078559875488, 0.08324742317199707, 0.14206457138061523, 