{"ID": 4, "inference time": [1.9106082916259766, 0.17417430877685547, 0.145294189453125, 0.1801764965057373, 0.1446993350982666, 0.16124844551086426, 0.16597509384155273, 0.13804864883422852, 0.14812302589416504, 0.1593637466430664, 0.13820672035217285, 0.15320611000061035, 0.16614460945129395, 0.13764166831970215, 0.1524486541748047, 0.17772507667541504, 0.14359426498413086, 0.14814209938049316, 0.17534565925598145, 0.15341615676879883, 0.14823031425476074, 0.17489171028137207, 0.14789700508117676, 0.14920377731323242, 0.1725773811340332, 0.13869357109069824, 0.15209674835205078, 0.16258025169372559, 0.13485193252563477, 0.1526494026184082, 0.16158843040466309, 0.14505815505981445, 0.17571139335632324, 0.152116060256958, 0.1384127140045166, 0.175431489944458, 0.1482102870941162, 0.1416945457458496, 0.1790637969970703, 0.14159464836120605, 0.13533639907836914, 0.196702241897583, 0.14356112480163574, 0.15977740287780762, 0.21088647842407227, 0.14348936080932617, 0.17183637619018555, 0.1427600383758545, 0.1553816795349121, 0.18444371223449707, 0.13974356651306152, 0.1748664379119873, 0.1574702262878418, 0.13814759254455566, 0.17140889167785645, 0.17550897598266602, 0.13926100730895996, 0.16949105262756348, 0.14722943305969238, 0.14350509643554688, 0.17136740684509277, 0.18977570533752441, 0.14516067504882812, 0.190582275390625, 0.18222713470458984, 0.2160332202911377, 0.13368940353393555, 0.1822049617767334, 0.15607953071594238, 0.13831043243408203, 0.1751255989074707, 0.14483356475830078, 0.14019417762756348, 0.18509531021118164, 0.14623737335205078, 0.15804696083068848, 0.19807219505310059, 0.14342546463012695, 0.1831352710723877, 0.14064717292785645, 0.1551189422607422, 0.1708681583404541, 0.1383213996887207, 0.1646873950958252, 0.1638638973236084, 0.13329076766967773, 0.1565721035003662, 0.17446184158325195, 0.13935089111328125, 0.16065621376037598, 0.16813373565673828, 0.13906121253967285, 0.16454219818115234, 0.16153430938720703, 0.13503098487854004, 0.1794891357421875, 0.1562206745147705, 0.13961315155029297, 0.17429733276367188, 0.14551639556884766, 0.13709592819213867, 0.16929173469543457, 0.14629650115966797, 0.14556384086608887, 0.17645859718322754, 0.13524556159973145, 0.15532636642456055, 0.18071722984313965, 0.1346127986907959, 0.1504652500152588, 0.18417024612426758, 0.13278865814208984, 0.1491689682006836, 0.1544172763824463, 0.13839149475097656, 0.15584635734558105, 0.16029143333435059, 0.13785552978515625, 0.14957857131958008, 0.1522808074951172, 0.13729190826416016, 0.1502394676208496, 0.1692960262298584, 0.13367462158203125, 0.15041446685791016, 0.1530604362487793, 0.145538330078125, 0.1522541046142578, 0.15050697326660156, 0.13429832458496094, 0.14910364151000977, 0.16327738761901855, 0.13576579093933105, 0.15137815475463867, 0.15950727462768555, 0.14511752128601074, 0.15266108512878418, 0.14873170852661133, 0.14366388320922852, 0.15387940406799316, 0.1745600700378418, 0.14080214500427246, 0.15653324127197266, 0.15765953063964844, 0.1390063762664795, 0.15886306762695312, 0.16810274124145508, 0.13739490509033203, 0.1554737091064453, 0.1826636791229248, 0.13495421409606934, 0.15566015243530273, 0.15460491180419922, 0.13950228691101074, 0.16418957710266113, 0.15718960762023926, 0.14685988426208496, 0.36762499809265137, 0.19661688804626465, 0.16790175437927246, 0.21221256256103516, 0.16164302825927734, 0.2213881015777588, 0.15706777572631836, 0.21672749519348145, 0.1518852710723877, 0.22240424156188965, 0.15221381187438965, 0.20473051071166992, 0.15929961204528809, 0.17025232315063477, 0.23911237716674805, 0.17369675636291504, 0.21801424026489258, 0.17415976524353027, 0.21934032440185547, 0.16710829734802246, 0.20277786254882812, 0.15481972694396973, 0.19388985633850098, 0.16207361221313477, 0.16844725608825684, 0.21069931983947754, 0.15528512001037598, 0.19723081588745117, 0.1536118984222412, 0.1854236125946045, 0.1842799186706543, 0.16112613677978516, 0.2027266025543213, 0.1565110683441162, 0.18863677978515625, 0.16932177543640137, 0.15838241577148438, 0.2188882827758789, 0.15217041969299316, 0.2086958885192871, 0.1452488899230957, 0.21765685081481934, 0.15380430221557617, 0.1992020606994629, 0.19896674156188965, 0.1708087921142578, 0.20038414001464844, 0.1617281436920166, 0.20174884796142578, 0.15099620819091797, 0.19045782089233398, 0.2143537998199463, 0.16159534454345703, 0.20474743843078613, 0.14956235885620117, 0.19057154655456543, 0.21697282791137695, 0.167877197265625, 0.1956925392150879, 0.16088223457336426, 0.19278240203857422, 0.16592049598693848, 0.15838360786437988, 0.21172022819519043, 0.16721844673156738, 0.22574520111083984, 0.1818525791168213, 0.20525217056274414, 0.17180252075195312, 0.1794893741607666, 0.19891023635864258, 0.14240598678588867, 0.20972442626953125, 0.15679645538330078, 0.1773214340209961, 0.21687746047973633, 0.1605525016784668, 0.22374939918518066, 0.1598491668701172, 0.22219085693359375, 0.1768341064453125, 0.23214340209960938, 0.3104879856109619, 0.22334957122802734, 0.16972684860229492, 0.21373534202575684, 0.16904950141906738, 0.19390249252319336, 0.15982437133789062, 0.21045541763305664, 0.16056537628173828, 0.19176864624023438, 0.18359971046447754, 0.16290998458862305, 0.19864583015441895, 0.1615893840789795, 0.17212486267089844, 0.21747064590454102, 0.16476058959960938, 0.21166706085205078, 0.15103650093078613, 0.194411039352417, 0.2135465145111084, 0.1617281436920166, 0.2098855972290039, 0.15911531448364258, 0.22383975982666016, 0.16351747512817383, 0.21318554878234863, 0.15371108055114746, 0.22435617446899414, 0.15990877151489258, 0.17562460899353027, 0.19230890274047852, 0.1665182113647461, 0.19211483001708984, 0.18685698509216309, 0.16545939445495605, 0.1763441562652588, 0.17930293083190918, 0.1796576976776123, 0.1817164421081543, 0.1904277801513672, 0.19482135772705078, 0.16735243797302246, 0.24608087539672852, 0.19102168083190918, 0.20236515998840332, 0.1594855785369873, 0.2020552158355713, 0.16226744651794434, 0.19965600967407227, 0.17327260971069336, 0.18369650840759277, 0.17490410804748535, 0.1888425350189209, 0.1986396312713623, 0.18333935737609863, 0.16498255729675293, 0.188493013381958, 0.18042826652526855, 0.18892455101013184, 0.2012026309967041, 0.1685771942138672, 0.2125396728515625, 0.1599104404449463, 0.19935345649719238, 0.15168118476867676, 0.1667628288269043, 0.19499444961547852, 0.1526498794555664, 0.20690536499023438, 0.15084028244018555, 0.19585847854614258, 0.19341135025024414, 0.17299246788024902, 0.21823930740356445, 0.18237090110778809, 0.22327017784118652, 0.19609522819519043, 0.20978617668151855, 0.170928955078125, 0.20440101623535156, 0.15523552894592285, 0.20894122123718262, 0.15159392356872559, 0.1967144012451172, 0.2005622386932373, 0.18220925331115723, 0.22368311882019043, 0.18685102462768555, 0.1904439926147461, 0.17880582809448242, 0.2078235149383545, 0.16470646858215332, 0.21839165687561035, 0.15161347389221191, 0.1956501007080078, 0.21676850318908691, 0.18404936790466309, 0.2290349006652832, 0.17038607597351074, 0.2024984359741211, 0.15688371658325195, 0.3775303363800049, 0.23054265975952148, 0.17781329154968262, 0.18103456497192383, 0.17258739471435547, 0.1930091381072998, 0.17888951301574707, 0.22556161880493164, 0.17308640480041504, 0.1973857879638672, 0.16588544845581055, 0.2377634048461914, 0.18816804885864258, 0.16934680938720703, 0.18198037147521973, 0.20314884185791016, 0.15908217430114746, 0.21440768241882324, 0.15852785110473633, 0.21207070350646973, 0.15108776092529297, 0.1993122100830078, 0.18069005012512207, 0.18116044998168945, 0.21582388877868652, 0.16605257987976074, 0.20798468589782715, 0.15422582626342773, 0.20907998085021973, 0.15680146217346191, 0.1748971939086914, 0.19826984405517578, 0.16147422790527344, 0.2188107967376709, 0.14943909645080566, 0.23166799545288086, 0.14521050453186035, 0.20334672927856445, 0.19048666954040527, 0.18254804611206055, 0.16519927978515625, 0.1558237075805664, 0.20519304275512695, 0.1404407024383545, 