{"ID": 6, "inference time": [0.20782470703125, 0.2218320369720459, 0.1781296730041504, 0.2526726722717285, 0.17819643020629883, 0.14254021644592285, 0.1486649513244629, 0.1792590618133545, 0.13977813720703125, 0.15847373008728027, 0.16252851486206055, 0.1434798240661621, 0.16100358963012695, 0.16543197631835938, 0.14347147941589355, 0.16787934303283691, 0.1693572998046875, 0.13995862007141113, 0.1643519401550293, 0.16328740119934082, 0.14611315727233887, 0.15694403648376465, 0.16620850563049316, 0.14485383033752441, 0.1671452522277832, 0.15615177154541016, 0.14381933212280273, 0.16168904304504395, 0.1570115089416504, 0.14467263221740723, 0.16568875312805176, 0.14282608032226562, 0.1463620662689209, 0.15604257583618164, 0.15275096893310547, 0.14933133125305176, 0.16406035423278809, 0.15817952156066895, 0.14607477188110352, 0.17537283897399902, 0.14829659461975098, 0.15026354789733887, 0.15800976753234863, 0.14707112312316895, 0.15435075759887695, 0.15503716468811035, 0.14570927619934082, 0.18538975715637207, 0.13561654090881348, 0.16075658798217773, 0.17486810684204102, 0.13605546951293945, 0.18236088752746582, 0.15488624572753906, 0.1405620574951172, 0.1916184425354004, 0.1386575698852539, 0.15033960342407227, 0.16929221153259277, 0.13957834243774414, 0.15323686599731445, 0.15792012214660645, 0.14331531524658203, 0.15393304824829102, 0.1645355224609375, 0.14053082466125488, 0.16114544868469238, 0.16703128814697266, 0.14487338066101074, 0.42655515670776367, 0.18462419509887695, 0.13381433486938477, 0.17452454566955566, 0.15003204345703125, 0.13941049575805664, 0.17136859893798828, 0.13900971412658691, 0.15340876579284668, 0.1529216766357422, 0.14311790466308594, 0.17196178436279297, 0.13780665397644043, 0.14809799194335938, 0.1825425624847412, 0.13130664825439453, 0.16356372833251953, 0.1711742877960205, 0.13310933113098145, 0.16469907760620117, 0.1641702651977539, 0.13000988960266113, 0.16963982582092285, 0.16361737251281738, 0.13638091087341309, 0.16902685165405273, 0.16928744316101074, 0.1351020336151123, 0.1805713176727295, 0.15748810768127441, 0.13532733917236328, 0.1689009666442871, 0.1543407440185547, 0.1358625888824463, 0.18464159965515137, 0.14348626136779785, 0.14322280883789062, 0.17308306694030762, 0.14654016494750977, 0.14716053009033203, 0.18868160247802734, 0.14023399353027344, 0.14982271194458008, 0.17028117179870605, 0.14018630981445312, 0.15378427505493164, 0.1601884365081787, 0.1374349594116211, 0.15447735786437988, 0.15238404273986816, 0.1409776210784912, 0.15192484855651855, 0.1498088836669922, 0.1391751766204834, 0.1604151725769043, 0.1497182846069336, 0.14000701904296875, 0.152496337890625, 0.1549701690673828, 0.14152765274047852, 0.15803289413452148, 0.1571500301361084, 0.14116954803466797, 0.15565991401672363, 0.15319538116455078, 0.14249658584594727, 0.15418171882629395, 0.15453624725341797, 0.14170575141906738, 0.15609335899353027, 0.15420198440551758, 0.13512849807739258, 0.1590888500213623, 0.17387866973876953, 0.13348388671875, 0.16139984130859375, 0.14904475212097168, 0.14270687103271484, 0.15741395950317383, 0.15066742897033691, 0.1412801742553711, 0.15140414237976074, 0.15301299095153809, 0.1413114070892334, 0.1415722370147705, 0.15695571899414062, 0.13422203063964844, 0.15807008743286133, 0.1669321060180664, 0.13755226135253906, 0.15256905555725098, 0.15735983848571777, 0.5105626583099365, 0.21288752555847168, 0.16410613059997559, 0.23299288749694824, 0.16113495826721191, 0.20856451988220215, 0.15684032440185547, 0.21885323524475098, 0.15154051780700684, 0.20990657806396484, 0.14884471893310547, 0.2031557559967041, 0.1675262451171875, 0.1625683307647705, 0.2374861240386963, 0.17519116401672363, 0.22671961784362793, 0.17564725875854492, 0.21993279457092285, 0.16708898544311523, 0.20332670211791992, 0.15915131568908691, 0.17916560173034668, 0.16333675384521484, 0.16872572898864746, 0.21424245834350586, 0.15700411796569824, 0.1988062858581543, 0.15344643592834473, 0.1836698055267334, 0.18559837341308594, 0.15842390060424805, 0.19878554344177246, 0.1548476219177246, 0.18918800354003906, 0.16368436813354492, 0.15642690658569336, 0.2199265956878662, 0.15175437927246094, 0.20354366302490234, 0.1410214900970459, 0.21587395668029785, 0.14799976348876953, 0.19542360305786133, 0.18601489067077637, 0.16660523414611816, 0.19942212104797363, 0.1693286895751953, 0.20058917999267578, 0.14668750762939453, 0.18583250045776367, 0.21445345878601074, 0.16460108757019043, 0.20772647857666016, 0.15581488609313965, 0.18813157081604004, 0.2278766632080078, 0.16964936256408691, 0.19569063186645508, 0.14725446701049805, 0.19466876983642578, 0.16719341278076172, 0.15227675437927246, 0.21631908416748047, 0.16591835021972656, 0.23467588424682617, 0.17991399765014648, 0.19536209106445312, 0.17179584503173828, 0.18115711212158203, 0.19697785377502441, 0.1372547149658203, 0.21013188362121582, 0.13836908340454102, 0.17097187042236328, 0.22382855415344238, 0.15994668006896973, 0.2240893840789795, 0.1739497184753418, 0.2279672622680664, 0.1753852367401123, 0.22049188613891602, 0.31249165534973145, 0.22617506980895996, 0.1704854965209961, 0.2099905014038086, 0.16461539268493652, 0.1955399513244629, 0.1536726951599121, 0.203291654586792, 0.14997148513793945, 0.163161039352417, 0.17165565490722656, 0.16290044784545898, 0.19523954391479492, 0.15923523902893066, 0.17546391487121582, 0.1960134506225586, 0.16579151153564453, 0.21416211128234863, 0.15029501914978027, 0.1905808448791504, 0.21901416778564453, 0.1552739143371582, 0.21082305908203125, 0.15351104736328125, 0.21918559074401855, 0.16205668449401855, 0.20455694198608398, 0.14990592002868652, 0.20711731910705566, 0.15062904357910156, 0.1763761043548584, 0.18296265602111816, 0.16794300079345703, 0.19248223304748535, 0.1799297332763672, 0.17161178588867188, 0.18261361122131348, 0.18259429931640625, 0.17928552627563477, 0.17805862426757812, 0.18608641624450684, 0.19361186027526855, 0.15651273727416992, 0.25695085525512695, 0.18865036964416504, 0.18372535705566406, 0.1611328125, 0.1960604190826416, 0.15668487548828125, 0.1965041160583496, 0.17076420783996582, 0.18713903427124023, 0.17531490325927734, 0.18742990493774414, 0.20832514762878418, 0.18280434608459473, 0.15838122367858887, 0.19087982177734375, 0.1785569190979004, 0.1913621425628662, 0.19493627548217773, 0.16695427894592285, 0.20709943771362305, 0.15807867050170898, 0.1957249641418457, 0.1648237705230713, 0.1729278564453125, 0.20567059516906738, 0.1529388427734375, 0.20091605186462402, 0.15154647827148438, 0.19362092018127441, 0.19084739685058594, 0.17218589782714844, 0.2178332805633545, 0.18636775016784668, 0.18472957611083984, 0.1930992603302002, 0.21085071563720703, 0.1696178913116455, 0.20758509635925293, 0.14691996574401855, 0.2020559310913086, 0.15342378616333008, 0.1971898078918457, 0.1816856861114502, 0.1787705421447754, 0.23355913162231445, 0.18581938743591309, 0.1815018653869629, 0.18027567863464355, 0.19649934768676758, 0.16464900970458984, 0.2187669277191162, 0.1532435417175293, 0.18940377235412598, 0.21883296966552734, 0.17613649368286133, 0.21752476692199707, 0.16716885566711426, 0.19294428825378418, 0.15115094184875488, 0.3748922348022461, 0.2271742820739746, 0.17325568199157715, 0.16841745376586914, 0.168015718460083, 0.1762838363647461, 0.17989325523376465, 0.1963951587677002, 0.17336201667785645, 0.19707226753234863, 0.1629023551940918, 0.24377107620239258, 0.18252182006835938, 0.14296722412109375, 0.18126320838928223, 0.2193145751953125, 0.16091132164001465, 0.20800566673278809, 0.15122652053833008, 0.2157437801361084, 0.14462876319885254, 0.1987621784210205, 0.20081019401550293, 0.18553829193115234, 0.22764015197753906, 0.16736960411071777, 0.2111518383026123, 0.1546623706817627, 0.20388197898864746, 0.16298294067382812, 0.17744827270507812, 0.20381402969360352, 0.16479921340942383, 0.23074579238891602, 0.14963197708129883, 0.23591923713684082, 0.14682865142822266, 0.20511341094970703, 0.1984398365020752, 0.1909935474395752, 