{"ID": 7, "inference time": [14.463486433029175, 0.1999189853668213, 0.20461773872375488, 0.13057756423950195, 0.11278653144836426, 0.10793924331665039, 0.13550972938537598, 0.09894251823425293, 0.10931515693664551, 0.12552809715270996, 0.11892008781433105, 0.10372519493103027, 0.12950730323791504, 0.11922740936279297, 0.1191403865814209, 0.14865922927856445, 0.13809561729431152, 0.1134042739868164, 0.1321730613708496, 0.138139009475708, 0.11908721923828125, 0.14082860946655273, 0.14253950119018555, 0.11305665969848633, 0.13364624977111816, 0.1385338306427002, 0.12095355987548828, 0.1404104232788086, 0.13582444190979004, 0.11441898345947266, 0.1454026699066162, 0.13017058372497559, 0.10720109939575195, 0.12848520278930664, 0.13671183586120605, 0.10766124725341797, 0.13620638847351074, 0.1401503086090088, 0.11708903312683105, 0.14194083213806152, 0.1362590789794922, 0.12117505073547363, 0.1319279670715332, 0.12327814102172852, 0.1271228790283203, 0.1360018253326416, 0.11712217330932617, 0.11352849006652832, 0.14345192909240723, 0.11599373817443848, 0.10337710380554199, 0.13487529754638672, 0.12123942375183105, 0.11213469505310059, 0.14886188507080078, 0.11199355125427246, 0.10838556289672852, 0.13784289360046387, 0.1343095302581787, 0.11245036125183105, 0.13615846633911133, 0.14363741874694824, 0.11640262603759766, 0.14490151405334473, 0.13872790336608887, 0.11014485359191895, 0.14690589904785156, 0.11338424682617188, 0.11203336715698242, 0.13424134254455566, 0.1291513442993164, 0.11599397659301758, 0.14159083366394043, 0.13714146614074707, 0.10778307914733887, 0.13593101501464844, 0.11326289176940918, 0.11466860771179199, 0.13888931274414062, 0.12140297889709473, 0.11859488487243652, 0.13902688026428223, 0.13600683212280273, 0.12275123596191406, 0.14621448516845703, 0.14198946952819824, 0.12271714210510254, 0.1408398151397705, 0.11551499366760254, 0.1197209358215332, 0.14647531509399414, 0.13031220436096191, 0.12047076225280762, 0.1417231559753418, 0.11242890357971191, 0.11736345291137695, 0.14556336402893066, 0.11815285682678223, 0.10804176330566406, 0.13843011856079102, 0.12167024612426758, 0.10599398612976074, 0.14003682136535645, 0.1380167007446289, 0.11246824264526367, 0.14237523078918457, 0.12424421310424805, 0.11249637603759766, 0.1435246467590332, 0.12384963035583496, 0.11393213272094727, 0.13488006591796875, 0.11659097671508789, 0.11144065856933594, 0.14613127708435059, 0.11673116683959961, 0.10969161987304688, 0.13151144981384277, 0.12150311470031738, 0.10964560508728027, 0.1381053924560547, 0.1362898349761963, 0.11697554588317871, 0.14635705947875977, 0.1335897445678711, 0.1143496036529541, 0.1440887451171875, 0.1332550048828125, 0.11849832534790039, 0.14046978950500488, 0.13564157485961914, 0.10787749290466309, 0.13970017433166504, 0.10715532302856445, 0.11023449897766113, 0.13820219039916992, 0.11797165870666504, 0.1095433235168457, 0.1357433795928955, 0.12899518013000488, 0.11736845970153809, 0.14762091636657715, 0.13575315475463867, 0.12275505065917969, 0.13571739196777344, 0.1379106044769287, 0.10867023468017578, 0.13635587692260742, 0.13044452667236328, 0.11228537559509277, 0.1427171230316162, 0.13786721229553223, 0.13074040412902832, 0.14789390563964844, 0.1358778476715088, 0.11960816383361816, 0.1503734588623047, 0.13982892036437988, 0.11958026885986328, 0.14136147499084473, 0.1332685947418213, 0.11485052108764648, 0.14601731300354004, 0.12601232528686523, 0.10869121551513672, 0.12790751457214355, 0.1318674087524414, 0.11160755157470703, 0.14263415336608887, 0.1450638771057129, 0.12513017654418945, 0.14033746719360352, 0.1450495719909668, 0.11529326438903809, 0.13948678970336914, 0.11382198333740234, 0.11198949813842773, 0.13847804069519043, 0.11354279518127441, 0.11782336235046387, 0.14481568336486816, 0.13063836097717285, 0.10564684867858887, 0.13004803657531738, 0.11593794822692871, 0.11649847030639648, 0.14060401916503906, 0.12287569046020508, 0.1026465892791748, 0.13145923614501953, 0.13361191749572754, 0.10621213912963867, 0.13942241668701172, 0.1298379898071289, 0.11755704879760742, 0.14149069786071777, 0.13433146476745605, 0.11695981025695801, 0.13999342918395996, 0.1258707046508789, 0.11603569984436035, 0.1360485553741455, 0.12099242210388184, 0.11562871932983398, 0.14222288131713867, 0.11995172500610352, 0.10714364051818848, 0.12560701370239258, 0.11158347129821777, 0.11622881889343262, 0.14092159271240234, 0.11349368095397949, 0.1123661994934082, 0.13109207153320312, 0.1218869686126709, 0.12030529975891113, 0.14326190948486328, 0.12096214294433594, 0.12561821937561035, 0.1494147777557373, 0.12980318069458008, 0.1100165843963623, 0.13398075103759766, 0.11149716377258301, 0.10164427757263184, 0.1387631893157959, 0.11945319175720215, 0.11569905281066895, 0.13178682327270508, 0.11729168891906738, 0.11162495613098145, 0.1396942138671875, 0.12706422805786133, 0.11199617385864258, 0.1388685703277588, 0.12293648719787598, 0.11316919326782227, 0.14179348945617676, 0.10692739486694336, 0.10768270492553711, 0.13544964790344238, 0.11374974250793457, 0.10912728309631348, 0.13870596885681152, 0.11356759071350098, 0.11372137069702148, 0.14123010635375977, 0.11768054962158203, 0.11511850357055664, 0.13706254959106445, 0.11409592628479004, 0.11339807510375977, 0.13924074172973633, 0.13668346405029297, 0.1158757209777832, 0.14436030387878418, 0.11806154251098633, 0.11299777030944824, 0.13910984992980957, 0.12046670913696289, 0.11755943298339844, 0.1430654525756836, 0.1135561466217041, 0.10659241676330566, 0.145233154296875, 0.1263411045074463, 0.10233592987060547, 0.13108515739440918, 0.13074779510498047, 0.10782742500305176, 0.1361536979675293, 0.10133600234985352, 0.11258888244628906, 0.14198660850524902, 0.1292426586151123, 0.11871862411499023, 0.14497852325439453, 0.1170969009399414, 0.10463714599609375, 0.13907933235168457, 0.12911319732666016, 0.11007952690124512, 0.14481329917907715, 0.11535525321960449, 0.10278439521789551, 0.1418006420135498, 0.11766433715820312, 0.11293411254882812, 0.14797139167785645, 0.11762809753417969, 0.10253429412841797, 0.13694524765014648, 0.11792349815368652, 0.11093711853027344, 0.1452031135559082, 0.10506844520568848, 0.10025167465209961, 0.14021992683410645, 0.13088512420654297, 0.11340212821960449, 0.13994240760803223, 0.130706787109375, 0.11928391456604004, 0.14418578147888184, 0.11911702156066895, 0.10307097434997559, 0.1411888599395752, 0.10079383850097656, 0.11091732978820801, 0.14012694358825684, 0.09760189056396484, 0.10762476921081543, 0.1427021026611328, 0.09941697120666504, 0.1016690731048584, 0.13979697227478027, 0.10184717178344727, 0.10002613067626953, 0.14027690887451172, 0.10190057754516602, 0.10347223281860352, 0.14147305488586426, 0.12725210189819336, 0.09985113143920898, 0.13994407653808594, 0.11870622634887695, 0.10028600692749023, 0.13427734375, 0.09679365158081055, 0.10414981842041016, 0.14398598670959473, 0.0913550853729248, 0.10959959030151367, 0.1438603401184082, 0.09574103355407715, 0.09796500205993652, 0.14200472831726074, 0.11942100524902344, 0.1164250373840332, 0.14716458320617676, 0.11334085464477539, 0.11250972747802734, 0.15169191360473633, 0.09893608093261719, 0.10076260566711426, 0.14064979553222656, 0.10581183433532715, 0.10067486763000488, 0.1470026969909668, 0.09261822700500488, 0.10092735290527344, 0.14379119873046875, 0.09639406204223633, 0.10146784782409668, 0.14988970756530762, 0.12228870391845703, 0.10442519187927246, 0.14564800262451172, 0.08947014808654785, 0.10445594787597656, 0.14371657371520996, 0.1085653305053711, 0.10915708541870117, 0.1461024284362793, 0.10534143447875977, 0.1022489070892334, 0.14390301704406738, 0.09729886054992676, 0.10004019737243652, 0.1392054557800293, 0.12238836288452148, 0.10567665100097656, 0.14321088790893555, 0.08788394927978516, 0.1003420352935791, 0.14629697799682617, 0.0958700180053711, 0.10521197319030762, 0.14357423782348633, 0.09441280364990234, 0.09760546684265137, 0.14094328880310059, 0.11978292465209961, 