{"ID": 7, "inference time": [0.19297170639038086, 0.16389179229736328, 0.13681268692016602, 0.19907307624816895, 0.15300941467285156, 0.1423475742340088, 0.19492316246032715, 0.14758706092834473, 0.14368534088134766, 0.2025432586669922, 0.15287113189697266, 0.1444549560546875, 0.19642066955566406, 0.15459394454956055, 0.15108895301818848, 0.20809340476989746, 0.16348862648010254, 0.14232158660888672, 0.19420194625854492, 0.1542043685913086, 0.1449601650238037, 0.19715547561645508, 0.14827466011047363, 0.1405017375946045, 0.19241786003112793, 0.15346765518188477, 0.1474897861480713, 0.2024707794189453, 0.15606451034545898, 0.1465446949005127, 0.19940710067749023, 0.15271234512329102, 0.15061378479003906, 0.20141315460205078, 0.1620039939880371, 0.14736104011535645, 0.19646263122558594, 0.15220260620117188, 0.14224529266357422, 0.19100213050842285, 0.15128517150878906, 0.1456775665283203, 0.19509243965148926, 0.15656709671020508, 0.14267301559448242, 0.19568514823913574, 0.1587214469909668, 0.14470887184143066, 0.18877482414245605, 0.15345025062561035, 0.14352774620056152, 0.1954631805419922, 0.1592695713043213, 0.14365887641906738, 0.19705557823181152, 0.1512444019317627, 0.14293980598449707, 0.18796133995056152, 0.1528635025024414, 0.1443037986755371, 0.19759058952331543, 0.15546703338623047, 0.14432454109191895, 0.19284796714782715, 0.15788817405700684, 0.14706683158874512, 0.20071768760681152, 0.15442299842834473, 0.1459207534790039, 0.19839906692504883, 0.15479063987731934, 0.1442420482635498, 0.19235682487487793, 0.15374279022216797, 0.1481318473815918, 0.18912076950073242, 0.15135788917541504, 0.14701414108276367, 0.20021319389343262, 0.1555640697479248, 0.14576148986816406, 0.19846653938293457, 0.15662169456481934, 0.1396498680114746, 0.19539523124694824, 0.1473095417022705, 0.14059233665466309, 0.19847774505615234, 0.16038298606872559, 0.14407944679260254, 0.1974329948425293, 0.14968633651733398, 0.1460869312286377, 0.20083928108215332, 0.16080689430236816, 0.14469146728515625, 0.19008922576904297, 0.15647530555725098, 0.14609193801879883, 0.1970961093902588, 0.14803147315979004, 0.14259648323059082, 0.19947123527526855, 0.15268635749816895, 0.14441943168640137, 0.20003509521484375, 0.15070605278015137, 0.14635419845581055, 0.19864678382873535, 0.15568208694458008, 0.15189576148986816, 0.19632577896118164, 0.15410923957824707, 0.14839386940002441, 0.19400501251220703, 0.14836788177490234, 0.1452808380126953, 0.19672465324401855, 0.16189098358154297, 0.14621424674987793, 0.19570446014404297, 0.16137456893920898, 0.14468789100646973, 0.1906743049621582, 0.16231560707092285, 0.14006996154785156, 0.1959085464477539, 0.15690970420837402, 0.14566469192504883, 0.1931750774383545, 0.14990592002868652, 0.14055943489074707, 0.19723129272460938, 0.15373730659484863, 0.14830660820007324, 0.18802690505981445, 0.15320491790771484, 0.14426827430725098, 0.1950223445892334, 0.15045762062072754, 0.14503169059753418, 0.20087003707885742, 0.1533050537109375, 0.1447434425354004, 0.1886301040649414, 0.1472020149230957, 0.14902281761169434, 0.20378971099853516, 0.15311479568481445, 0.1433253288269043, 0.19672060012817383, 0.15909862518310547, 0.13854146003723145, 0.18982338905334473, 0.15565872192382812, 0.13912653923034668, 0.18569302558898926, 0.15189123153686523, 0.15343356132507324, 0.1925804615020752, 0.15217328071594238, 0.1438755989074707, 0.19564557075500488, 0.16153645515441895, 0.14562082290649414, 0.19489216804504395, 0.15183448791503906, 0.14385724067687988, 0.1930093765258789, 0.15126466751098633, 0.14140772819519043, 0.19562673568725586, 0.16170406341552734, 0.14462900161743164, 0.191756010055542, 0.16109180450439453, 0.14485502243041992, 0.1909959316253662, 0.16398310661315918, 0.14412403106689453, 0.20051217079162598, 0.1639115810394287, 0.14637494087219238, 0.19163274765014648, 0.15075898170471191, 0.13863921165466309, 0.1905803680419922, 0.15650320053100586, 0.1440114974975586, 0.19187688827514648, 0.15593838691711426, 0.14663052558898926, 0.19156265258789062, 0.15355300903320312, 0.1441669464111328, 0.18935823440551758, 0.1534721851348877, 0.14372611045837402, 0.19277334213256836, 0.1663053035736084, 0.13734745979309082, 0.20114541053771973, 0.16753005981445312, 0.14400362968444824, 0.19360947608947754, 0.15992021560668945, 0.14273405075073242, 0.2029433250427246, 0.15298843383789062, 0.1421823501586914, 0.19361186027526855, 0.16556334495544434, 0.14949560165405273, 0.19853925704956055, 0.15443944931030273, 0.14128923416137695, 0.20214486122131348, 0.1566622257232666, 0.14604687690734863, 0.1995542049407959, 0.15542054176330566, 0.14258980751037598, 0.19889187812805176, 0.16115617752075195, 0.14693665504455566, 0.18748235702514648, 0.15384793281555176, 0.14307045936584473, 0.1875452995300293, 0.15078282356262207, 0.14461994171142578, 0.20113086700439453, 0.14760422706604004, 0.1509239673614502, 0.2008986473083496, 0.15409231185913086, 0.1470963954925537, 0.20074081420898438, 0.15145349502563477, 0.1425316333770752, 0.1984851360321045, 0.15213322639465332, 0.1441962718963623, 0.1948692798614502, 0.15354418754577637, 0.14061737060546875, 0.1997060775756836, 0.15175509452819824, 0.14815974235534668, 0.19471502304077148, 0.15497612953186035, 0.1419060230255127, 0.1921098232269287, 0.14073801040649414, 0.14115691184997559, 0.19296574592590332, 0.14981484413146973, 0.14655041694641113, 0.1974799633026123, 0.14877605438232422, 0.14798331260681152, 0.18869757652282715, 0.15009403228759766, 0.14463162422180176, 0.18947911262512207, 0.1489725112915039, 0.14329218864440918, 0.19477033615112305, 0.15288305282592773, 0.14821267127990723, 0.19955968856811523, 0.15353059768676758, 0.14490890502929688, 0.19394683837890625, 0.14956235885620117, 0.14955902099609375, 0.19719958305358887, 0.1517772674560547, 0.14385533332824707, 0.18844962120056152, 0.14281129837036133, 0.14278388023376465, 0.1884458065032959, 0.14454364776611328, 0.14387249946594238, 0.19731903076171875, 0.14780330657958984, 0.14743590354919434, 0.19150733947753906, 0.15133976936340332, 0.14313054084777832, 0.1860029697418213, 0.14632892608642578, 0.1424860954284668, 0.19916605949401855, 0.15033316612243652, 0.1417245864868164, 0.1940774917602539, 0.13802003860473633, 0.13828110694885254, 0.19313311576843262, 0.15058231353759766, 0.1412646770477295, 0.18657898902893066, 0.14316558837890625, 0.1424412727355957, 0.19263243675231934, 0.15484046936035156, 0.1437685489654541, 0.1922926902770996, 0.14115285873413086, 0.14901065826416016, 0.1857285499572754, 0.15462589263916016, 0.14493227005004883, 0.20304465293884277, 0.15056419372558594, 0.14638638496398926, 0.19619512557983398, 0.16060161590576172, 0.1447582244873047, 0.18042421340942383, 0.14651823043823242, 0.14536809921264648, 0.19515633583068848, 0.1526777744293213, 0.14464879035949707, 0.18939924240112305, 0.1436295509338379, 0.13999104499816895, 0.19196009635925293, 0.14945363998413086, 0.14204883575439453, 0.19445466995239258, 0.15042614936828613, 0.14516329765319824, 0.19460535049438477, 0.15045785903930664, 0.14232850074768066, 0.1917743682861328, 0.15653181076049805, 0.1397244930267334, 0.19595742225646973, 0.14714336395263672, 0.1421346664428711, 0.19466519355773926, 0.14430689811706543, 0.14876317977905273, 0.19323348999023438, 0.14970016479492188, 0.14298272132873535, 0.19851279258728027, 0.14313316345214844, 0.14370274543762207, 0.19681358337402344, 0.14925646781921387, 0.1392195224761963, 0.1918168067932129, 0.1546781063079834, 0.14554214477539062, 0.19642305374145508, 0.14972162246704102, 0.14934635162353516, 0.189530611038208, 0.15087199211120605, 0.14001989364624023, 0.19135141372680664, 0.14530539512634277, 0.14372825622558594, 0.19777941703796387, 0.15231704711914062, 0.14470767974853516, 0.2015361785888672, 0.1523756980895996, 0.14337515830993652, 0.19957923889160156, 0.14597249031066895, 0.14221477508544922, 0.19240307807922363, 0.14778614044189453, 0.14045119285583496, 0.1864180564880371, 0.14205169677734375, 0.141310453414917,