{"ID": 0, "inference time": [0.19322872161865234, 0.16827130317687988, 0.1658637523651123, 0.16572260856628418, 0.16316652297973633, 0.16602706909179688, 0.17275404930114746, 0.16183257102966309, 0.16135358810424805, 0.16398954391479492, 0.16461849212646484, 0.16901350021362305, 0.1665632724761963, 0.16181397438049316, 0.16408395767211914, 0.1689901351928711, 0.1640150547027588, 0.16944289207458496, 0.15759515762329102, 0.162217378616333, 0.1565549373626709, 0.17142295837402344, 0.17288970947265625, 0.16575980186462402, 0.16961312294006348, 0.16890621185302734, 0.1667792797088623, 0.1634352207183838, 0.15837359428405762, 0.1682896614074707, 0.17252397537231445, 0.16627764701843262, 0.16272449493408203, 0.16261029243469238, 0.16163086891174316, 0.16436314582824707, 0.1639561653137207, 0.16200518608093262, 0.15791654586791992, 0.1580193042755127, 0.16001439094543457, 0.16574621200561523, 0.1587202548980713, 0.17023849487304688, 0.16380572319030762, 0.16390299797058105, 0.15889334678649902, 0.16665434837341309, 0.15857172012329102, 0.1603400707244873, 0.16161751747131348, 0.1655123233795166, 0.16350483894348145, 0.1699509620666504, 0.1638782024383545, 0.1593639850616455, 0.1573629379272461, 0.16187596321105957, 0.16465139389038086, 0.16651511192321777, 0.16448092460632324, 0.1649312973022461, 0.15470242500305176, 0.1608269214630127, 0.161773681640625, 0.16697335243225098, 0.16179275512695312, 0.15761113166809082, 0.1596980094909668, 0.15957999229431152, 0.15961837768554688, 0.16343212127685547, 0.16136503219604492, 0.1575310230255127, 0.1626262664794922, 0.15884971618652344, 0.15697050094604492, 0.16025614738464355, 0.16349267959594727, 0.16479849815368652, 0.15708351135253906, 0.16443800926208496, 0.16622138023376465, 0.16699671745300293, 0.1587963104248047, 0.16012120246887207, 0.16467952728271484, 0.1663196086883545, 0.15890073776245117, 0.16669702529907227, 0.16272568702697754, 0.16269445419311523, 0.15781044960021973, 0.15911412239074707, 0.15836548805236816, 0.1576704978942871, 0.16169452667236328, 0.1628262996673584, 0.1607663631439209, 0.16809964179992676, 0.1604781150817871, 0.16508197784423828, 0.16682839393615723, 0.16254973411560059, 0.16091084480285645, 0.16602826118469238, 0.1613924503326416, 0.1650981903076172, 0.1650395393371582, 0.16164231300354004, 0.16144180297851562, 0.16773462295532227, 0.1589522361755371, 0.15813899040222168, 0.15457630157470703, 0.16684174537658691, 0.15987253189086914, 0.15578269958496094, 0.16305303573608398, 0.15557193756103516, 0.16351914405822754, 0.1621711254119873, 0.1649913787841797, 0.16313648223876953, 0.16387629508972168, 0.16630172729492188, 0.16108942031860352, 0.16620874404907227, 0.16016340255737305, 0.16231083869934082, 0.15503954887390137, 0.16121602058410645, 0.15878605842590332, 0.16213417053222656, 0.16265082359313965, 0.1794431209564209, 0.16191506385803223, 0.1545250415802002, 0.15832877159118652, 0.16187381744384766, 0.16216802597045898, 0.16388726234436035, 0.16023612022399902, 0.15897130966186523, 0.15947699546813965, 0.15854406356811523, 0.1614515781402588, 0.17075037956237793, 0.1622476577758789, 0.16340136528015137, 0.16085267066955566, 0.16549229621887207, 0.15812206268310547, 0.16340398788452148, 0.16344451904296875, 0.1618032455444336, 0.16054391860961914, 0.15921473503112793, 0.16502666473388672, 0.16405248641967773, 0.16120433807373047, 0.16655540466308594, 0.16581392288208008, 0.17169523239135742, 0.16212701797485352, 0.1621692180633545, 0.1652052402496338, 0.1622304916381836, 0.16103649139404297, 0.16275620460510254, 0.16084671020507812, 0.1748027801513672, 0.16176891326904297, 0.1614210605621338, 0.16413402557373047, 0.16953730583190918, 0.164107084274292, 0.16046738624572754, 0.1578221321105957, 0.15848040580749512, 0.1613936424255371, 0.15918350219726562, 0.15607285499572754, 0.1612539291381836, 0.16005206108093262, 0.1638031005859375, 0.16332316398620605, 0.16183686256408691, 0.16921496391296387, 0.16341066360473633, 0.16554594039916992, 0.16066431999206543, 0.1583542823791504, 0.16164398193359375, 0.15862345695495605, 0.1680610179901123, 0.1648552417755127, 0.16412043571472168, 0.16884541511535645, 0.1676630973815918, 0.16607379913330078, 0.16536831855773926, 0.1603543758392334, 0.17103099822998047, 0.15775752067565918, 0.1614842414855957, 0.16754484176635742, 0.15983223915100098, 0.16202378273010254, 0.1639089584350586, 0.15492725372314453, 0.16587328910827637, 0.15551328659057617, 0.16831040382385254, 0.1600501537322998, 0.16402482986450195, 0.15587639808654785, 0.1594393253326416, 0.15959382057189941, 0.16988134384155273, 0.1626284122467041, 0.1628398895263672, 0.1695713996887207, 0.16732263565063477, 0.17468929290771484, 0.17002272605895996, 0.1558682918548584, 0.16612982749938965, 0.16356134414672852, 0.1579587459564209, 0.16106796264648438, 0.16143059730529785, 0.157667875289917, 0.16823363304138184, 0.1578350067138672, 0.1565237045288086, 0.16216206550598145, 0.17082619667053223, 0.1650257110595703, 0.16472983360290527, 0.15872883796691895, 0.15850186347961426, 0.16286492347717285, 0.15801477432250977, 0.16576504707336426, 0.16812562942504883, 0.1602325439453125, 0.1593465805053711, 0.16280603408813477, 0.1587224006652832, 0.16343116760253906, 0.16537237167358398, 0.16285920143127441, 0.16415929794311523, 0.16278529167175293, 0.16066932678222656, 0.16315603256225586, 0.16353392601013184, 0.16588068008422852, 0.1590595245361328, 0.15863656997680664, 0.15751004219055176, 0.16390633583068848, 0.16397833824157715, 0.16626620292663574, 0.16358542442321777, 0.16302895545959473, 0.15979933738708496, 0.16791749000549316, 0.1685197353363037, 0.16663551330566406, 0.16222333908081055, 0.16130805015563965, 0.16170859336853027, 0.1661241054534912, 0.16118597984313965, 0.16210246086120605, 0.1614224910736084, 0.1568441390991211, 0.16109752655029297, 0.15690016746520996, 0.16257572174072266, 0.16461777687072754, 0.16574859619140625, 0.1665349006652832, 0.16133737564086914, 0.1641554832458496, 0.16584181785583496, 0.15891289710998535, 0.1629321575164795, 0.15985941886901855, 0.16440391540527344, 0.15804362297058105, 0.1654660701751709, 0.16267180442810059, 0.16511058807373047, 0.15970206260681152, 0.1580498218536377, 0.16249561309814453, 0.16130852699279785, 0.1622622013092041, 0.15998053550720215, 0.16268229484558105, 0.16176581382751465, 0.1586756706237793, 0.16611671447753906, 0.1616506576538086, 0.16335630416870117, 0.1628704071044922, 0.1640794277191162, 0.16544890403747559, 0.16112089157104492, 0.15913820266723633, 0.16636133193969727, 0.15954256057739258, 0.15999484062194824, 0.1583089828491211, 0.1610405445098877, 0.157362699508667, 0.16504240036010742, 0.16281485557556152, 0.16185951232910156, 0.15981197357177734, 0.16195225715637207, 0.16671991348266602, 0.15778589248657227, 0.15684986114501953, 0.1624598503112793, 0.16636061668395996, 0.15681719779968262, 0.1637110710144043, 0.1580946445465088, 0.15729236602783203, 0.16321349143981934, 0.16254782676696777, 0.15877556800842285, 0.15674304962158203, 0.15631318092346191, 0.16124176979064941, 0.16038775444030762, 0.16024494171142578, 0.1653740406036377, 0.16278505325317383, 0.1640024185180664, 0.15606093406677246, 0.1616837978363037, 0.1560225486755371, 0.1668694019317627, 0.15967082977294922, 0.16277575492858887, 0.16790318489074707, 0.1685640811920166, 0.16264104843139648, 0.16893792152404785, 0.15735483169555664, 0.15990924835205078, 0.16381502151489258, 0.1671130657196045, 0.16837596893310547, 0.16399121284484863, 0.1583724021911621, 0.1633162498474121, 0.16431164741516113, 0.16957545280456543, 0.16507267951965332, 0.16588854789733887, 0.1611931324005127, 0.15890860557556152, 0.15535879135131836, 0.16338205337524414, 0.16368961334228516, 0.1667485237121582, 0.16515827178955078, 0.16639399528503418, 0.15915560722351074, 0.1704576015472412, 0.1637125015258789, 0.1702122688293457, 0.16198968887329102, 0.1643993854522705, 0.1657247543334961, 0.16796517372131348, 0.1741349697113037, 0.1707165241241455, 0.1636199951171875, 