{"ID": 6, "inference time": [0.25919032096862793, 0.30342555046081543, 0.2639193534851074, 0.2609536647796631, 0.23714089393615723, 0.2411510944366455, 0.24101734161376953, 0.22539567947387695, 0.24881815910339355, 0.27576136589050293, 0.24274492263793945, 0.229994535446167, 0.23807144165039062, 0.21459603309631348, 0.28045153617858887, 0.21569204330444336, 0.25610828399658203, 0.23005127906799316, 0.22532010078430176, 0.2439742088317871, 0.24274325370788574, 0.2588975429534912, 0.255495548248291, 0.25763773918151855, 0.23305940628051758, 0.23934221267700195, 0.23029708862304688, 0.25722312927246094, 0.26429009437561035, 0.24744367599487305, 0.2281496524810791, 0.2725818157196045, 0.32091784477233887, 0.20113873481750488, 0.17776226997375488, 0.17138314247131348, 0.16369175910949707, 0.17064833641052246, 0.1686255931854248, 0.20467305183410645, 0.2334733009338379, 0.21292376518249512, 0.22393059730529785, 0.19125032424926758, 0.2077498435974121, 0.1908116340637207, 0.18828034400939941, 0.16561245918273926, 0.19340276718139648, 0.21544837951660156, 0.19523239135742188, 0.18001461029052734, 0.2223060131072998, 0.20133233070373535, 0.1660308837890625, 0.20781302452087402, 0.18990349769592285, 0.19890356063842773, 0.19761347770690918, 0.1846318244934082, 0.19287991523742676, 0.17705821990966797, 0.18982243537902832, 0.18785595893859863, 0.18638205528259277, 0.20499181747436523, 0.1992349624633789, 0.1841259002685547, 0.19375848770141602, 0.1879415512084961, 0.19150376319885254, 0.1832261085510254, 0.19481682777404785, 0.1820387840270996, 0.19534850120544434, 0.18983078002929688, 0.20011329650878906, 0.1804032325744629, 0.20289254188537598, 0.1818101406097412, 0.20830774307250977, 0.18965816497802734, 0.20111751556396484, 0.199174165725708, 0.1918039321899414, 0.18014931678771973, 0.20270085334777832, 0.17865300178527832, 0.1750500202178955, 0.20777034759521484, 0.1825721263885498, 0.16988611221313477, 0.19266247749328613, 0.18638825416564941, 0.2057490348815918, 0.1803746223449707, 0.20375347137451172, 0.18791651725769043, 0.17957544326782227, 0.19134998321533203, 0.1856212615966797, 0.16946649551391602, 0.20138835906982422, 0.18465185165405273, 0.19105029106140137, 0.1749556064605713, 0.20042634010314941, 0.19370770454406738, 0.20414257049560547, 0.19178318977355957, 0.1809840202331543, 0.18297433853149414, 0.2089519500732422, 0.18954896926879883, 0.18228363990783691, 0.19432640075683594, 0.21149325370788574, 0.19516754150390625, 0.19410324096679688, 0.2003178596496582, 0.19413995742797852, 0.18442940711975098, 0.18920159339904785, 0.17609596252441406, 0.2062997817993164, 0.2044811248779297, 0.1805269718170166, 0.19900846481323242, 0.20923089981079102, 0.16664981842041016, 0.19998955726623535, 0.17045164108276367, 0.1942901611328125, 0.21940875053405762, 0.1909334659576416, 0.20073914527893066, 0.19552111625671387, 0.18611359596252441, 0.1936345100402832, 0.1829509735107422, 0.19475197792053223, 0.20351219177246094, 0.20274901390075684, 0.18196654319763184, 0.20291924476623535, 0.1937575340270996, 0.20049142837524414, 0.22496891021728516, 0.22373652458190918, 0.18853044509887695, 0.19678616523742676, 0.1955738067626953, 0.19080114364624023, 0.19237661361694336, 0.18253636360168457, 0.18580865859985352, 0.19370770454406738, 0.19368648529052734, 0.19740557670593262, 0.19710683822631836, 0.18112802505493164, 0.21187758445739746, 0.220933198928833, 0.2038719654083252, 0.18523716926574707, 0.1851820945739746, 0.18889331817626953, 0.19231677055358887, 0.1875166893005371, 0.20385432243347168, 0.20644736289978027, 0.1750631332397461, 0.1896038055419922, 0.18242120742797852, 0.17700862884521484, 0.2067852020263672, 0.18855857849121094, 0.18146681785583496, 0.23055696487426758, 0.2230696678161621, 0.2080695629119873, 0.1909043788909912, 0.2028639316558838, 0.2176966667175293, 0.20550203323364258, 0.20722317695617676, 0.18999147415161133, 0.1821460723876953, 0.20470547676086426, 0.17940044403076172, 0.1889786720275879, 0.2052934169769287, 0.19159650802612305, 0.19471287727355957, 0.2265336513519287, 0.1987152099609375, 0.16645145416259766, 0.2021639347076416, 0.2151503562927246, 0.20129966735839844, 0.17599987983703613, 0.19115781784057617, 0.1804044246673584, 0.18737244606018066, 0.20546436309814453, 0.19307899475097656, 0.1816556453704834, 0.20126056671142578, 0.2024071216583252, 0.20028901100158691, 0.21113109588623047, 0.18946290016174316, 0.1730489730834961, 0.18692874908447266, 0.18559551239013672, 0.20904231071472168, 0.19942092895507812, 0.18793272972106934, 0.1875474452972412, 0.19784164428710938, 0.19047021865844727, 0.17702388763427734, 0.1898941993713379, 0.18540406227111816, 0.17520952224731445, 0.19338345527648926, 0.18144965171813965, 0.20154500007629395, 0.18645167350769043, 0.18271756172180176, 0.17946362495422363, 0.18514752388000488, 0.17956304550170898, 0.20091700553894043, 0.184067964553833, 0.18903374671936035, 0.1708676815032959, 0.18576288223266602, 0.1852245330810547, 0.16865229606628418, 0.19873690605163574, 0.19633960723876953, 0.1822984218597412, 0.1930093765258789, 0.18432235717773438, 0.1906740665435791, 0.1799914836883545, 0.21553635597229004, 0.2159740924835205, 0.1813809871673584, 0.19161510467529297, 0.2144026756286621, 0.17574763298034668, 0.184586763381958, 0.19751834869384766, 0.20385241508483887, 0.20467424392700195, 0.22029924392700195, 0.21265482902526855, 0.1922011375427246, 0.18472003936767578, 0.2011115550994873, 0.1803584098815918, 0.1938319206237793, 0.1962902545928955, 0.19490432739257812, 0.19616365432739258, 0.2074425220489502, 0.19300031661987305, 0.2022264003753662, 0.2101747989654541, 0.19576787948608398, 0.20112371444702148, 0.19836878776550293, 0.1961517333984375, 0.19240832328796387, 0.1944417953491211, 0.18319463729858398, 0.17654705047607422, 0.17870378494262695, 0.21239328384399414, 0.18335795402526855, 0.1889030933380127, 0.19535493850708008, 0.2026071548461914, 0.1978609561920166, 0.19765496253967285, 0.19514751434326172, 0.17962646484375, 0.18325138092041016, 0.19862699508666992, 0.17098164558410645, 0.19388580322265625, 0.2065589427947998, 0.18644356727600098, 0.18558430671691895, 0.19586586952209473, 0.19125843048095703, 0.17505669593811035, 0.19549870491027832, 0.2496626377105713, 0.2365732192993164, 0.19717693328857422, 0.1917586326599121, 0.1929166316986084, 0.19490647315979004, 0.17218899726867676, 0.19586944580078125, 0.18395709991455078, 0.2117297649383545, 0.19140315055847168, 0.17671847343444824, 0.2137620449066162, 0.19794321060180664, 0.1758558750152588, 0.19577789306640625, 0.20045161247253418, 0.1806800365447998, 0.19357824325561523, 0.17961621284484863, 0.18585419654846191, 0.1825122833251953, 0.1890699863433838, 0.18142437934875488, 0.19149446487426758, 0.19978809356689453, 0.18848896026611328, 0.18920445442199707, 0.17401766777038574, 0.18102383613586426, 0.19925665855407715, 0.20542192459106445, 0.19323015213012695, 0.17290973663330078, 0.2277531623840332, 0.2365434169769287, 0.2269740104675293, 0.21419596672058105, 0.20513510704040527, 0.17398929595947266, 0.1905803680419922, 0.19257879257202148, 0.17532134056091309, 0.21488261222839355, 0.19918060302734375, 0.1743631362915039, 0.20926618576049805, 0.1770155429840088, 0.2030959129333496, 0.20341229438781738, 0.184173583984375, 0.19254398345947266, 0.2145063877105713, 0.19551992416381836, 0.17485618591308594, 0.16419053077697754, 0.1655275821685791, 0.21851658821105957, 0.27569031715393066, 0.3339698314666748, 0.20949864387512207, 0.17398500442504883, 0.17036056518554688, 0.23118114471435547, 0.2889561653137207, 0.3359496593475342, 0.1715836524963379, 0.17232203483581543, 0.310441255569458, 0.30301356315612793, 0.27639245986938477, 0.2893636226654053, 0.29183459281921387, 0.28667163848876953, 0.2946605682373047, 0.2791321277618408, 0.27584338188171387, 0.30838537216186523, 0.3513941764831543, 0.1939103603363037, 0.15954136848449707, 0.19407081604003906, 0.3005106449127197, 0.27925896644592285, 0.28214001655578613, 0.2679178714752197, 