{"ID": 2, "inference time": [14.909900188446045, 0.0959477424621582, 0.10253572463989258, 0.0782155990600586, 0.0900413990020752, 0.08399820327758789, 0.20450377464294434, 0.09333562850952148, 0.13317131996154785, 0.09229302406311035, 0.09861207008361816, 0.13054585456848145, 0.09235191345214844, 0.09534978866577148, 0.13251709938049316, 0.06986331939697266, 0.09393119812011719, 0.14916682243347168, 0.07053494453430176, 0.10448336601257324, 0.1457386016845703, 0.08359551429748535, 0.09898996353149414, 0.12717819213867188, 0.07552933692932129, 0.0989229679107666, 0.1274852752685547, 0.09572672843933105, 0.10281610488891602, 0.1383974552154541, 0.09883928298950195, 0.10312461853027344, 0.1270766258239746, 0.09376096725463867, 0.09931826591491699, 0.13446378707885742, 0.09270071983337402, 0.10222554206848145, 0.12713027000427246, 0.09146690368652344, 0.09830713272094727, 0.1314542293548584, 0.10046768188476562, 0.10263609886169434, 0.13459324836730957, 0.08764076232910156, 0.10165238380432129, 0.13542485237121582, 0.08563399314880371, 0.1031639575958252, 0.13552403450012207, 0.08911252021789551, 0.10910296440124512, 0.1342315673828125, 0.09693074226379395, 0.10036230087280273, 0.14040160179138184, 0.07715749740600586, 0.09821009635925293, 0.14591002464294434, 0.08550763130187988, 0.0972599983215332, 0.13793087005615234, 0.07383298873901367, 0.09940671920776367, 0.13077235221862793, 0.080230712890625, 0.09509110450744629, 0.12297797203063965, 0.09565997123718262, 0.10301637649536133, 0.1207737922668457, 0.09506630897521973, 0.1053018569946289, 0.12751388549804688, 0.1058499813079834, 0.10200119018554688, 0.12701177597045898, 0.10355663299560547, 0.10241818428039551, 0.11625146865844727, 0.09685349464416504, 0.10321617126464844, 0.11943674087524414, 0.09382200241088867, 0.10499286651611328, 0.11205196380615234, 0.1021568775177002, 0.10669493675231934, 0.13300299644470215, 0.10727500915527344, 0.09840130805969238, 0.13598132133483887, 0.12597441673278809, 0.10677027702331543, 0.1256730556488037, 0.0962674617767334, 0.10549783706665039, 0.1218111515045166, 0.10745596885681152, 0.11064839363098145, 0.12964677810668945, 0.10778689384460449, 0.10392928123474121, 0.11664938926696777, 0.10823917388916016, 0.10487127304077148, 0.1138303279876709, 0.10396504402160645, 0.11387205123901367, 0.1228184700012207, 0.10834980010986328, 0.1037759780883789, 0.12848877906799316, 0.11569809913635254, 0.09820127487182617, 0.1268630027770996, 0.09147286415100098, 0.10095691680908203, 0.11815190315246582, 0.10401344299316406, 0.11132216453552246, 0.12093830108642578, 0.0913388729095459, 0.10395169258117676, 0.116912841796875, 0.08906817436218262, 0.10090994834899902, 0.1141202449798584, 0.09801030158996582, 0.0995490550994873, 0.11716866493225098, 0.10402679443359375, 0.1020348072052002, 0.1386106014251709, 0.09527826309204102, 0.09659028053283691, 0.13599872589111328, 0.1126561164855957, 0.104827880859375, 0.12095332145690918, 0.09208226203918457, 0.10620284080505371, 0.11307835578918457, 0.09342551231384277, 0.10280179977416992, 0.12044334411621094, 0.0968332290649414, 0.1050262451171875, 0.12434101104736328, 0.08844923973083496, 0.09766626358032227, 0.13370609283447266, 0.10719513893127441, 0.1020665168762207, 0.12900042533874512, 0.09406781196594238, 0.09591388702392578, 0.1156003475189209, 0.08889245986938477, 0.10620832443237305, 0.11639642715454102, 0.10531187057495117, 0.11148381233215332, 0.11555814743041992, 0.09994006156921387, 0.10412025451660156, 0.11518216133117676, 0.0949106216430664, 0.09457564353942871, 0.11142563819885254, 0.09171223640441895, 0.11172986030578613, 0.11610841751098633, 0.10314130783081055, 0.10521411895751953, 0.11734867095947266, 0.10826253890991211, 0.11131620407104492, 0.11771965026855469, 0.09654808044433594, 0.1197662353515625, 0.1336517333984375, 0.09421896934509277, 0.10479307174682617, 0.1157834529876709, 0.09710192680358887, 0.11768507957458496, 0.1179347038269043, 0.1013193130493164, 0.10747480392456055, 0.11142587661743164, 0.09617328643798828, 0.1077260971069336, 0.12177681922912598, 0.0908818244934082, 0.11054706573486328, 0.12781786918640137, 0.09244751930236816, 0.09978485107421875, 0.11992120742797852, 0.09034991264343262, 0.10233116149902344, 0.10600638389587402, 0.10168313980102539, 0.10857295989990234, 0.12021231651306152, 0.09096193313598633, 0.10488557815551758, 0.12119555473327637, 0.08445572853088379, 0.09967327117919922, 0.12565088272094727, 0.08989143371582031, 0.10112214088439941, 0.12494802474975586, 0.08887481689453125, 0.10161232948303223, 0.12502694129943848, 0.09095382690429688, 0.1076498031616211, 0.12677431106567383, 0.09557056427001953, 0.11043953895568848, 0.12749123573303223, 0.0947110652923584, 0.10706710815429688, 0.12964200973510742, 0.10275793075561523, 0.11251473426818848, 0.12404918670654297, 0.09544634819030762, 0.1102149486541748, 0.12050032615661621, 0.0856943130493164, 0.10513544082641602, 0.1198420524597168, 0.0996396541595459, 0.10668110847473145, 0.12376213073730469, 0.09460854530334473, 0.1034233570098877, 0.11829161643981934, 0.10327005386352539, 0.10724782943725586, 0.11124610900878906, 0.10561633110046387, 0.12178421020507812, 0.1214749813079834, 0.10870051383972168, 0.10819840431213379, 0.1132514476776123, 0.09538698196411133, 0.10692191123962402, 0.11846065521240234, 0.09287405014038086, 0.10262823104858398, 0.12165188789367676, 0.10575008392333984, 0.11113095283508301, 0.11905813217163086, 0.1021280288696289, 0.11716842651367188, 0.12604379653930664, 0.11089253425598145, 0.11104917526245117, 0.11829376220703125, 0.10422277450561523, 0.10698866844177246, 0.11615157127380371, 0.0959005355834961, 0.10291051864624023, 0.1144564151763916, 0.09945130348205566, 0.1084432601928711, 0.11053729057312012, 0.08659982681274414, 0.11387038230895996, 0.1244049072265625, 0.10332822799682617, 0.10992145538330078, 0.11752557754516602, 0.09962797164916992, 0.10938405990600586, 0.12823700904846191, 0.11448931694030762, 0.1091156005859375, 0.1150827407836914, 0.09454631805419922, 0.10159158706665039, 0.11291384696960449, 0.11278104782104492, 0.10539793968200684, 0.11529278755187988, 0.09227538108825684, 0.11146974563598633, 0.1113901138305664, 0.09380555152893066, 0.11529064178466797, 0.11832737922668457, 0.10683321952819824, 0.10978388786315918, 0.11817026138305664, 0.09015822410583496, 0.11421608924865723, 0.11266589164733887, 0.10733556747436523, 0.10643148422241211, 0.1152956485748291, 0.11522412300109863, 0.11293697357177734, 0.12179946899414062, 0.10565018653869629, 0.10379958152770996, 0.11236834526062012, 0.10657787322998047, 0.10800671577453613, 0.11616063117980957, 0.10366272926330566, 0.1120443344116211, 0.11170792579650879, 0.09415125846862793, 0.11132144927978516, 0.1168968677520752, 0.09677267074584961, 0.10374784469604492, 0.11972212791442871, 0.0920250415802002, 0.10485363006591797, 0.10754537582397461, 0.09449505805969238, 0.1106102466583252, 0.11182188987731934, 0.09395003318786621, 0.11200332641601562, 0.09981012344360352, 0.0931098461151123, 0.11209368705749512, 0.1024179458618164, 0.10491704940795898, 0.10725045204162598, 0.1118783950805664, 0.0937952995300293, 0.10891413688659668, 0.11547207832336426, 0.09513497352600098, 0.10625338554382324, 0.11331892013549805, 0.10234999656677246, 0.11534714698791504, 0.10325884819030762, 0.10596346855163574, 0.1152811050415039, 0.11548686027526855, 0.08871603012084961, 0.10429596900939941, 0.10828661918640137, 0.09137320518493652, 0.10853958129882812, 0.12111520767211914, 0.09231805801391602, 0.10453319549560547, 0.1160585880279541, 0.09655928611755371, 0.1048121452331543, 0.1207883358001709, 0.1054074764251709, 0.10976338386535645, 0.12248039245605469, 0.10514116287231445, 0.1057746410369873, 0.12027549743652344, 0.10528922080993652, 0.11142992973327637, 0.12202191352844238, 0.09657526016235352, 0.11852359771728516, 0.10489439964294434, 0.09238648414611816, 0.10998749732971191, 0.10869598388671875, 0.0915224552154541, 0.10380721092224121, 