{"ID": 6, "inference time": [17.447827100753784, 0.17198896408081055, 0.18610882759094238, 0.12582731246948242, 0.18018722534179688, 0.18802380561828613, 0.12304544448852539, 0.17561841011047363, 0.19225454330444336, 0.12028670310974121, 0.16790986061096191, 0.19439005851745605, 0.11548304557800293, 0.16492199897766113, 0.18775510787963867, 0.1414785385131836, 0.17427825927734375, 0.19475317001342773, 0.11953401565551758, 0.16225218772888184, 0.21621274948120117, 0.13445472717285156, 0.16496849060058594, 0.20007705688476562, 0.13622522354125977, 0.1722404956817627, 0.1876986026763916, 0.13059520721435547, 0.18099427223205566, 0.18279480934143066, 0.13623356819152832, 0.17187166213989258, 0.19481897354125977, 0.13746428489685059, 0.15871810913085938, 0.19418644905090332, 0.12252306938171387, 0.17845702171325684, 0.1959216594696045, 0.12735414505004883, 0.15822052955627441, 0.1879730224609375, 0.1246039867401123, 0.169478178024292, 0.194854736328125, 0.1297616958618164, 0.16052985191345215, 0.19160175323486328, 0.13764166831970215, 0.17943692207336426, 0.18892621994018555, 0.13530945777893066, 0.17425298690795898, 0.19588398933410645, 0.14740467071533203, 0.17539763450622559, 0.19247984886169434, 0.13213062286376953, 0.17203164100646973, 0.18708014488220215, 0.13704133033752441, 0.17249488830566406, 0.19434523582458496, 0.11755037307739258, 0.17327237129211426, 0.19103527069091797, 0.1109466552734375, 0.17324090003967285, 0.18699955940246582, 0.12112569808959961, 0.1573348045349121, 0.2063767910003662, 0.14487099647521973, 0.1777355670928955, 0.19443011283874512, 0.13062310218811035, 0.1596517562866211, 0.19370269775390625, 0.1286637783050537, 0.17793631553649902, 0.18657279014587402, 0.14317989349365234, 0.17736244201660156, 0.18825840950012207, 0.12877869606018066, 0.1751394271850586, 0.19082093238830566, 0.11441206932067871, 0.15877175331115723, 0.1895287036895752, 0.12150835990905762, 0.17195439338684082, 0.19306707382202148, 0.1448667049407959, 0.18166565895080566, 0.2032022476196289, 0.13520550727844238, 0.17995190620422363, 0.19953393936157227, 0.13750004768371582, 0.16851353645324707, 0.18459844589233398, 0.12549996376037598, 0.15979695320129395, 0.1871347427368164, 0.13002276420593262, 0.17622661590576172, 0.1978600025177002, 0.11386561393737793, 0.16030240058898926, 0.20339035987854004, 0.13900089263916016, 0.1718888282775879, 0.18851041793823242, 0.12189388275146484, 0.16936016082763672, 0.18368911743164062, 0.12822580337524414, 0.1687028408050537, 0.1869065761566162, 0.14163875579833984, 0.17849254608154297, 0.19731783866882324, 0.14213848114013672, 0.17624235153198242, 0.18929314613342285, 0.13348650932312012, 0.1797654628753662, 0.18338751792907715, 0.12438297271728516, 0.16350674629211426, 0.2038862705230713, 0.12862372398376465, 0.17604279518127441, 0.18927979469299316, 0.13904714584350586, 0.16899871826171875, 0.1923680305480957, 0.12399125099182129, 0.16399574279785156, 0.20166254043579102, 0.11384844779968262, 0.17972803115844727, 0.19461297988891602, 0.12279987335205078, 0.1651322841644287, 0.19367218017578125, 0.12231254577636719, 0.16106438636779785, 0.20806002616882324, 0.12891817092895508, 0.17922115325927734, 0.18942713737487793, 0.13413143157958984, 0.1751420497894287, 0.1888284683227539, 0.14141249656677246, 0.17962360382080078, 0.19817352294921875, 0.13006091117858887, 0.15711021423339844, 0.19919395446777344, 0.12690043449401855, 0.17499542236328125, 0.18953227996826172, 0.1455690860748291, 0.17334365844726562, 0.19510936737060547, 0.12394428253173828, 0.16865992546081543, 0.19347882270812988, 0.12831521034240723, 0.17163753509521484, 0.18770575523376465, 0.13161706924438477, 0.16848516464233398, 0.18726539611816406, 0.15165066719055176, 0.16839838027954102, 0.1931147575378418, 0.13338112831115723, 0.1705338954925537, 0.18805932998657227, 0.12139463424682617, 0.16428136825561523, 0.18887042999267578, 0.11491227149963379, 0.15887928009033203, 0.20058369636535645, 0.1279163360595703, 0.18048739433288574, 0.18772506713867188, 0.1211700439453125, 0.17373323440551758, 0.1850905418395996, 0.1390519142150879, 0.16855239868164062, 0.19189763069152832, 0.11429548263549805, 0.15690016746520996, 0.187150239944458, 0.12068772315979004, 0.1742386817932129, 0.18635320663452148, 0.11993932723999023, 0.17081499099731445, 0.1778576374053955, 0.12215638160705566, 0.17365717887878418, 0.17944669723510742, 0.12373185157775879, 0.17566823959350586, 0.18619942665100098, 0.12556958198547363, 0.16515803337097168, 0.18301129341125488, 0.11051344871520996, 0.16528987884521484, 0.18731117248535156, 0.11612129211425781, 0.1715855598449707, 0.17950010299682617, 0.11316633224487305, 0.1695265769958496, 0.18581843376159668, 0.12617182731628418, 0.175323486328125, 0.19078898429870605, 0.11407113075256348, 0.1708061695098877, 0.18891024589538574, 0.11885309219360352, 0.16694331169128418, 0.18026018142700195, 0.11869525909423828, 0.17494726181030273, 0.18430805206298828, 0.11835932731628418, 0.1760387420654297, 0.18838977813720703, 0.12160372734069824, 0.17047858238220215, 0.18692660331726074, 0.12293434143066406, 0.15926432609558105, 0.18685007095336914, 0.1566462516784668, 0.17673540115356445, 0.18735527992248535, 0.12845373153686523, 0.17274713516235352, 0.1838665008544922, 0.13357830047607422, 0.17771244049072266, 0.18242239952087402, 0.12608551979064941, 0.1713871955871582, 0.18134522438049316, 0.11860823631286621, 0.17073297500610352, 0.1818068027496338, 0.11395978927612305, 0.16547608375549316, 0.1858832836151123, 0.11781764030456543, 0.17132925987243652, 0.19166970252990723, 0.11497926712036133, 0.16311955451965332, 0.19269490242004395, 0.12798261642456055, 0.17620086669921875, 0.1819305419921875, 0.11937904357910156, 0.1700899600982666, 0.17846441268920898, 0.1097869873046875, 0.16867828369140625, 0.18900179862976074, 0.12169098854064941, 0.16767454147338867, 0.1825549602508545, 0.1134042739868164, 0.17608332633972168, 0.17769670486450195, 0.14705753326416016, 0.17252206802368164, 0.1831817626953125, 0.12695097923278809, 0.16492843627929688, 0.1971597671508789, 0.10824704170227051, 0.1697983741760254, 0.18514728546142578, 0.11239361763000488, 0.17455124855041504, 0.19444775581359863, 0.14565205574035645, 0.17431235313415527, 0.19370388984680176, 0.1353771686553955, 0.16993451118469238, 0.17821145057678223, 0.12031793594360352, 0.1781456470489502, 0.18284082412719727, 0.1337575912475586, 0.17360973358154297, 0.1855008602142334, 0.11696910858154297, 0.1688070297241211, 0.1840980052947998, 0.1130530834197998, 0.15977692604064941, 0.1998443603515625, 0.11820316314697266, 0.17153716087341309, 0.1815943717956543, 0.12071084976196289, 0.16862177848815918, 0.18716073036193848, 0.14292001724243164, 0.16657185554504395, 0.18950605392456055, 0.12202239036560059, 0.17309141159057617, 0.19037604331970215, 0.11220312118530273, 0.16018152236938477, 0.18404340744018555, 0.1205301284790039, 0.16556000709533691, 0.19837450981140137, 0.12307333946228027, 0.1670060157775879, 0.18410730361938477, 0.12266659736633301, 0.16344714164733887, 0.17429780960083008, 0.11866331100463867, 0.16391634941101074, 0.1808938980102539, 0.1459791660308838, 0.17557263374328613, 0.18563580513000488, 0.11449742317199707, 0.16851258277893066, 0.18675017356872559, 0.12056255340576172, 0.16002368927001953, 0.1849079132080078, 0.11330056190490723, 0.17031478881835938, 0.18303179740905762, 0.12106823921203613, 0.17065119743347168, 0.17263102531433105, 0.11005544662475586, 0.16861844062805176, 0.18634653091430664, 0.1208188533782959, 0.16374588012695312, 0.17876744270324707, 0.11961555480957031, 0.17151761054992676, 0.17943143844604492, 0.12541604042053223, 0.17539262771606445, 0.18584060668945312, 0.13451766967773438, 0.16135501861572266, 0.1828000545501709, 0.13137221336364746, 0.17482280731201172, 0.1722850799560547, 0.1269359588623047, 0.16109061241149902, 0.17769980430603027, 0.1314716339111328, 0.17307829856872559, 0.179063081741333, 0.11939144134521484, 0.16937756538391113, 