{"ID": 5, "inference time": [0.31000709533691406, 0.3463935852050781, 0.3247644901275635, 0.31237220764160156, 0.28305625915527344, 0.26196837425231934, 0.27860331535339355, 0.2687385082244873, 0.2926042079925537, 0.3140873908996582, 0.2783827781677246, 0.28080081939697266, 0.273390531539917, 0.26593875885009766, 0.3079676628112793, 0.28021740913391113, 0.3023965358734131, 0.2755091190338135, 0.2911818027496338, 0.30101990699768066, 0.2950785160064697, 0.3041701316833496, 0.29438042640686035, 0.27956175804138184, 0.28890109062194824, 0.2842390537261963, 0.2684328556060791, 0.2894749641418457, 0.3173966407775879, 0.28562402725219727, 0.27478790283203125, 0.29935407638549805, 0.3586409091949463, 0.3504483699798584, 0.3415975570678711, 0.258685827255249, 0.3732602596282959, 0.3485538959503174, 0.28817224502563477, 0.24552536010742188, 0.20292115211486816, 0.20809412002563477, 0.24030089378356934, 0.24465656280517578, 0.22138690948486328, 0.23004698753356934, 0.28084897994995117, 0.31032633781433105, 0.2319200038909912, 0.21390867233276367, 0.21784305572509766, 0.23562955856323242, 0.2189176082611084, 0.25964808464050293, 0.25550103187561035, 0.20830965042114258, 0.2370140552520752, 0.22135472297668457, 0.21013498306274414, 0.22916793823242188, 0.2127087116241455, 0.22304606437683105, 0.20626282691955566, 0.20757722854614258, 0.2209005355834961, 0.20032095909118652, 0.24452447891235352, 0.23641371726989746, 0.22300934791564941, 0.2368335723876953, 0.23318004608154297, 0.24051904678344727, 0.19820189476013184, 0.24609804153442383, 0.2119767665863037, 0.2325305938720703, 0.21667885780334473, 0.23078703880310059, 0.21829819679260254, 0.20346617698669434, 0.22832727432250977, 0.23525166511535645, 0.20186662673950195, 0.23138856887817383, 0.21290373802185059, 0.2322990894317627, 0.22350716590881348, 0.22798395156860352, 0.24477052688598633, 0.21622514724731445, 0.21300292015075684, 0.2469794750213623, 0.20268464088439941, 0.21103763580322266, 0.20162034034729004, 0.24831557273864746, 0.22977685928344727, 0.22479653358459473, 0.22346758842468262, 0.20694565773010254, 0.2026200294494629, 0.24210405349731445, 0.21071529388427734, 0.21678638458251953, 0.210188627243042, 0.24707317352294922, 0.20859599113464355, 0.21070027351379395, 0.2047882080078125, 0.23402905464172363, 0.20689129829406738, 0.22335314750671387, 0.21184825897216797, 0.21036458015441895, 0.2632324695587158, 0.25336503982543945, 0.22576117515563965, 0.2413191795349121, 0.21981239318847656, 0.2255244255065918, 0.23062491416931152, 0.2337353229522705, 0.21036076545715332, 0.24477505683898926, 0.21971702575683594, 0.23310041427612305, 0.22920870780944824, 0.22801685333251953, 0.20091700553894043, 0.23318028450012207, 0.2097635269165039, 0.2307441234588623, 0.20556020736694336, 0.20295429229736328, 0.2256004810333252, 0.2353224754333496, 0.22266173362731934, 0.23337435722351074, 0.22533011436462402, 0.21306753158569336, 0.20470380783081055, 0.20273494720458984, 0.2099313735961914, 0.2450859546661377, 0.21216273307800293, 0.2386326789855957, 0.24267125129699707, 0.24050498008728027, 0.20040583610534668, 0.22733521461486816, 0.23852944374084473, 0.22836065292358398, 0.19938087463378906, 0.21455907821655273, 0.2302107810974121, 0.21721959114074707, 0.2086184024810791, 0.21310973167419434, 0.20456242561340332, 0.20465326309204102, 0.2399153709411621, 0.2090299129486084, 0.20348501205444336, 0.2345752716064453, 0.23657655715942383, 0.21576666831970215, 0.23840713500976562, 0.2352743148803711, 0.24257183074951172, 0.22417187690734863, 0.20572829246520996, 0.24285054206848145, 0.20333218574523926, 0.23012804985046387, 0.22839999198913574, 0.22934985160827637, 0.25547099113464355, 0.2291102409362793, 0.20049309730529785, 0.22327160835266113, 0.22742438316345215, 0.24279165267944336, 0.21533489227294922, 0.22433233261108398, 0.2168269157409668, 0.22056150436401367, 0.2072291374206543, 0.227614164352417, 0.2028977870941162, 0.22130203247070312, 0.21666550636291504, 0.23845744132995605, 0.21831607818603516, 0.22447848320007324, 0.2077925205230713, 0.19812822341918945, 0.266857385635376, 0.2242569923400879, 0.21322250366210938, 0.20185256004333496, 0.2167048454284668, 0.20991873741149902, 0.2206096649169922, 0.2438032627105713, 0.2167646884918213, 0.2184915542602539, 0.21885466575622559, 0.2268238067626953, 0.2091970443725586, 0.2328493595123291, 0.2022230625152588, 0.20127415657043457, 0.22457194328308105, 0.2013232707977295, 0.2248213291168213, 0.2115612030029297, 0.2305896282196045, 0.2403240203857422, 0.24464917182922363, 0.22565197944641113, 0.24414849281311035, 0.24083924293518066, 0.22770237922668457, 0.2214057445526123, 0.25205516815185547, 0.21244168281555176, 0.2353522777557373, 0.2249314785003662, 0.21582531929016113, 0.23514890670776367, 0.20442819595336914, 0.21121883392333984, 0.22771930694580078, 0.20812225341796875, 0.24126458168029785, 0.23212933540344238, 0.24052739143371582, 0.20012903213500977, 0.21303153038024902, 0.2503683567047119, 0.22665786743164062, 0.2204430103302002, 0.24866509437561035, 0.2444605827331543, 0.2333691120147705, 0.22433733940124512, 0.23911309242248535, 0.2098555564880371, 0.22806978225708008, 0.24196696281433105, 0.2047274112701416, 0.21286487579345703, 0.21654701232910156, 0.216902494430542, 0.21456027030944824, 0.22736096382141113, 0.2378091812133789, 0.2362053394317627, 0.1997969150543213, 0.2615020275115967, 0.23839163780212402, 0.2053225040435791, 0.2415018081665039, 0.22504734992980957, 0.22653436660766602, 0.22838830947875977, 0.21826386451721191, 0.20246100425720215, 0.2189617156982422, 0.21596217155456543, 0.22152447700500488, 0.2298755645751953, 0.2389357089996338, 0.20418930053710938, 0.20637059211730957, 0.21946072578430176, 0.21985936164855957, 0.21875643730163574, 0.23656582832336426, 0.22824335098266602, 0.2108445167541504, 0.2312328815460205, 0.21048879623413086, 0.22999119758605957, 0.20505976676940918, 0.22418832778930664, 0.2315378189086914, 0.2211287021636963, 0.2128467559814453, 0.21119117736816406, 0.20060372352600098, 0.23687481880187988, 0.21355056762695312, 0.1985466480255127, 0.21843719482421875, 0.20629358291625977, 0.20317530632019043, 0.21899795532226562, 0.24691390991210938, 0.24922585487365723, 0.22042179107666016, 0.20471858978271484, 0.20658612251281738, 0.23209905624389648, 0.22772669792175293, 0.21695661544799805, 0.21084070205688477, 0.19750523567199707, 0.235748291015625, 0.20197749137878418, 0.2106611728668213, 0.2658524513244629, 0.204207181930542, 0.2242450714111328, 0.23770666122436523, 0.21626639366149902, 0.22341394424438477, 0.23462128639221191, 0.23221516609191895, 0.22636938095092773, 0.21753215789794922, 0.2170569896697998, 0.21992826461791992, 0.2119441032409668, 0.2032175064086914, 0.205244779586792, 0.21229243278503418, 0.21403002738952637, 0.22951436042785645, 0.21261000633239746, 0.20742583274841309, 0.2292473316192627, 0.25093770027160645, 0.24540305137634277, 0.21728873252868652, 0.20294976234436035, 0.21182632446289062, 0.19680500030517578, 0.19624972343444824, 0.26285862922668457, 0.21087956428527832, 0.2455906867980957, 0.24744749069213867, 0.21895313262939453, 0.2092266082763672, 0.26833558082580566, 0.2156994342803955, 0.21651673316955566, 0.24156975746154785, 0.21336102485656738, 0.22751545906066895, 0.2206118106842041, 0.22910594940185547, 0.20738983154296875, 0.33272790908813477, 0.3796701431274414, 0.41027069091796875, 0.40936899185180664, 0.4116075038909912, 0.38171839714050293, 0.407468318939209, 0.41982388496398926, 0.4008212089538574, 0.4013175964355469, 0.35144877433776855, 0.31249475479125977, 0.2977416515350342, 0.29369688034057617, 0.2774474620819092, 0.2811410427093506, 0.27990055084228516, 0.2890055179595947, 0.28991198539733887, 0.2712399959564209, 0.2613823413848877, 0.29377079010009766, 0.3305394649505615, 0.35891032218933105, 0.31552624702453613, 0.2956583499908447, 0.29259657859802246, 0.25414276123046875, 0.27283430099487305, 0.2532491683959961, 0.2231428623199463, 0.23470044136047363, 