{"ID": 5, "inference time": [0.34244728088378906, 0.36963915824890137, 0.3076953887939453, 0.3480987548828125, 0.2799077033996582, 0.35671305656433105, 0.284482479095459, 0.26927828788757324, 0.31510186195373535, 0.3013448715209961, 0.286376953125, 0.32912516593933105, 0.2940964698791504, 0.25694966316223145, 0.2949559688568115, 0.2709841728210449, 0.33918309211730957, 0.3313314914703369, 0.23949766159057617, 0.2763328552246094, 0.21854305267333984, 0.3220357894897461, 0.2495415210723877, 0.2729783058166504, 0.24371552467346191, 0.25687241554260254, 0.2756650447845459, 0.2647702693939209, 0.25957560539245605, 0.27799463272094727, 0.2708745002746582, 0.31156301498413086, 0.27318859100341797, 0.2551448345184326, 0.26021313667297363, 0.251384973526001, 0.2958066463470459, 0.252871036529541, 0.27971458435058594, 0.26153016090393066, 0.23056912422180176, 0.2802889347076416, 0.25666046142578125, 0.28566408157348633, 0.2805483341217041, 0.24471330642700195, 0.24945735931396484, 0.25406455993652344, 0.24747848510742188, 0.25162172317504883, 0.2906050682067871, 0.25011420249938965, 0.24648189544677734, 0.2765953540802002, 0.2505800724029541, 0.27881312370300293, 0.2505033016204834, 0.2642385959625244, 0.22981643676757812, 0.22832655906677246, 0.2725830078125, 0.2552804946899414, 0.2562985420227051, 0.24830293655395508, 0.23871779441833496, 0.2746849060058594, 0.24369597434997559, 0.2663290500640869, 0.2506566047668457, 0.2631833553314209, 0.27570414543151855, 0.2740154266357422, 0.26647138595581055, 0.2857034206390381, 0.22958850860595703, 0.26371169090270996, 0.23583769798278809, 0.27487874031066895, 0.2956218719482422, 0.24668121337890625, 0.27344489097595215, 0.25046205520629883, 0.24477291107177734, 0.26911425590515137, 0.2620201110839844, 0.27602052688598633, 0.24480533599853516, 0.2809326648712158, 0.26340293884277344, 0.2670016288757324, 0.24422812461853027, 0.2615828514099121, 0.2868168354034424, 0.2235579490661621, 0.3041367530822754, 0.2627880573272705, 0.249908447265625, 0.2544896602630615, 0.27556586265563965, 0.2748095989227295, 0.24096465110778809, 0.2713785171508789, 0.20693755149841309, 0.3002889156341553, 0.2327561378479004, 0.2825157642364502, 0.25496673583984375, 0.2496798038482666, 0.28043603897094727, 0.2744874954223633, 0.25739598274230957, 0.25950098037719727, 0.2684791088104248, 0.29058337211608887, 0.2624530792236328, 0.25064754486083984, 0.2975296974182129, 0.22962713241577148, 0.3192875385284424, 0.28279829025268555, 0.21040701866149902, 0.3121941089630127, 0.24593567848205566, 0.24241971969604492, 0.26664280891418457, 0.26200079917907715, 0.2613041400909424, 0.28305530548095703, 0.28827691078186035, 0.2764866352081299, 0.2528355121612549, 0.24284577369689941, 0.2731437683105469, 0.28413844108581543, 0.26524877548217773, 0.25641965866088867, 0.24054527282714844, 0.2789127826690674, 0.23481011390686035, 0.2915661334991455, 0.26885104179382324, 0.2864389419555664, 0.2953763008117676, 0.23290085792541504, 0.2916982173919678, 0.26163387298583984, 0.27155447006225586, 0.2620100975036621, 0.27000999450683594, 0.2779428958892822, 0.2704317569732666, 0.2760767936706543, 0.2675015926361084, 0.265209436416626, 0.27785611152648926, 0.2500791549682617, 0.2859821319580078, 0.2680644989013672, 0.24949932098388672, 0.29810643196105957, 0.23201227188110352, 0.2986898422241211, 0.254894495010376, 0.25916552543640137, 0.27919745445251465, 0.2610771656036377, 0.2714200019836426, 0.2661576271057129, 0.24993228912353516, 0.2748534679412842, 0.2609539031982422, 0.2795712947845459, 0.25669264793395996, 0.26046133041381836, 0.27969813346862793, 0.25572824478149414, 0.2701761722564697, 0.28040266036987305, 0.24078083038330078, 0.28855347633361816, 0.28026819229125977, 0.22371244430541992, 0.3039681911468506, 0.2751483917236328, 0.2888803482055664, 0.25391149520874023, 0.2832784652709961, 0.2892022132873535, 0.3110992908477783, 0.2770249843597412, 0.2636990547180176, 0.2774782180786133, 0.3162813186645508, 0.28653645515441895, 0.25609707832336426, 0.30659961700439453, 0.3020517826080322, 0.2857038974761963, 0.24285292625427246, 0.29277706146240234, 0.292327880859375, 0.2956986427307129, 0.2562739849090576, 0.26477479934692383, 0.3047184944152832, 0.2706935405731201, 0.28519272804260254, 0.27545857429504395, 0.28209567070007324, 0.27814769744873047, 0.2738673686981201, 0.28569531440734863, 0.29141712188720703, 0.28119349479675293, 0.24574756622314453, 0.26470208168029785, 0.2788972854614258, 0.26250553131103516, 0.3007817268371582, 0.2871830463409424, 0.29552245140075684, 0.2512364387512207, 0.2795586585998535, 0.2934286594390869, 0.24706745147705078, 0.2791106700897217, 0.31090497970581055, 0.2604384422302246, 0.25766706466674805, 0.26678943634033203, 0.28047728538513184, 0.2632451057434082, 0.2377631664276123, 0.30658459663391113, 0.2795107364654541, 0.2644507884979248, 0.2572808265686035, 0.28988122940063477, 0.24867010116577148, 0.29656147956848145, 0.29941344261169434, 0.27564358711242676, 0.263700008392334, 0.2763657569885254, 0.2831869125366211, 0.24294614791870117, 0.30657029151916504, 0.2976968288421631, 0.2762155532836914, 0.27195239067077637, 0.2748756408691406, 0.2826838493347168, 0.2793281078338623, 0.23458242416381836, 0.3391730785369873, 0.3021364212036133, 0.2733910083770752, 0.28401780128479004, 0.25015783309936523, 0.31203579902648926, 0.3045675754547119, 0.28696727752685547, 0.2310473918914795, 0.30600762367248535, 0.24989843368530273, 0.2833287715911865, 0.25102734565734863, 0.28357410430908203, 0.25530195236206055, 0.2616922855377197, 0.27330613136291504, 0.2424912452697754, 0.2765824794769287, 0.28739500045776367, 0.3001708984375, 0.2606821060180664, 0.2851905822753906, 0.27309250831604004, 0.2698965072631836, 0.30067992210388184, 0.2951791286468506, 0.26303529739379883, 0.2821223735809326, 0.2751171588897705, 0.25551748275756836, 0.27783966064453125, 0.2923579216003418, 0.3042004108428955, 0.27926063537597656, 0.2620112895965576, 0.2616841793060303, 0.27063536643981934, 0.2552337646484375, 0.2862999439239502, 0.2802093029022217, 0.2793614864349365, 0.32364797592163086, 0.29131412506103516, 0.2767341136932373, 0.26468467712402344, 0.2804841995239258, 0.2620124816894531, 0.3040480613708496, 0.2768239974975586, 0.2801177501678467, 0.28598904609680176, 0.3156895637512207, 0.2738223075866699, 0.27745485305786133, 0.27503275871276855, 0.2734107971191406, 0.29921746253967285, 0.31349897384643555, 0.27586841583251953, 0.2679722309112549, 0.29539012908935547, 0.2825660705566406, 0.2854325771331787, 0.2807762622833252, 0.2853865623474121, 0.2747187614440918, 0.28781723976135254, 0.31969738006591797, 0.29971981048583984, 0.26920366287231445, 0.26434326171875, 0.2826521396636963, 0.2898061275482178, 0.2727696895599365, 0.3289024829864502, 0.2783191204071045, 0.2964174747467041, 0.2679331302642822, 0.3137986660003662, 0.3237268924713135, 0.2821469306945801, 0.29946351051330566, 0.3026163578033447, 0.28229665756225586, 0.28035640716552734, 0.2578771114349365, 0.2578551769256592, 0.2765207290649414, 0.28124117851257324, 0.294513463973999, 0.25699782371520996, 0.29512453079223633, 0.2789328098297119, 0.29029321670532227, 0.30309200286865234, 0.3199501037597656, 0.32996702194213867, 0.28776025772094727, 0.2699708938598633, 0.27147459983825684, 0.3128395080566406, 0.33054637908935547, 0.3143458366394043, 0.3213212490081787, 0.2998518943786621, 0.25295424461364746, 0.2994716167449951, 0.27468395233154297, 0.26546430587768555, 0.27019548416137695, 0.28915834426879883, 0.25141119956970215, 0.2927281856536865, 0.306563138961792, 0.2515580654144287, 0.2706334590911865, 0.2539682388305664, 0.29567980766296387, 0.2775568962097168, 0.2722024917602539, 0.311720609664917, 0.2717580795288086, 0.27902674674987793, 0.2787919044494629, 0.24023056030273438, 0.2990739345550537, 0.29447507858276367, 0.27464818954467773, 0.26988863945007324, 0.25751423835754395, 0.2932703495025635, 0.2927889823913574, 0.27571773529052734, 0.2705416679382324, 0.32050347328186035, 