{"ID": 7, "inference time": [13.45405626296997, 0.11717104911804199, 0.12508273124694824, 0.11062765121459961, 0.11323833465576172, 0.11525678634643555, 0.09836530685424805, 0.10397815704345703, 0.11800003051757812, 0.10845422744750977, 0.12494111061096191, 0.15498828887939453, 0.10236454010009766, 0.12483429908752441, 0.0989990234375, 0.1216280460357666, 0.12994623184204102, 0.10489583015441895, 0.11706876754760742, 0.12928223609924316, 0.09887504577636719, 0.12075400352478027, 0.13059043884277344, 0.1218709945678711, 0.11064887046813965, 0.12883901596069336, 0.12665915489196777, 0.11339354515075684, 0.1297752857208252, 0.10536956787109375, 0.1204233169555664, 0.1327986717224121, 0.10356402397155762, 0.1147909164428711, 0.13162565231323242, 0.11433219909667969, 0.11168956756591797, 0.13244080543518066, 0.11775016784667969, 0.11253523826599121, 0.1331465244293213, 0.10794281959533691, 0.11214518547058105, 0.12782645225524902, 0.09850144386291504, 0.11354541778564453, 0.13178277015686035, 0.10720133781433105, 0.11652326583862305, 0.13384389877319336, 0.102020263671875, 0.1100301742553711, 0.135270357131958, 0.10194969177246094, 0.11165380477905273, 0.140181303024292, 0.11717939376831055, 0.10370206832885742, 0.13210272789001465, 0.122589111328125, 0.10392379760742188, 0.1267716884613037, 0.12077832221984863, 0.11713099479675293, 0.11980295181274414, 0.12769412994384766, 0.10419774055480957, 0.12746977806091309, 0.12530016899108887, 0.10972881317138672, 0.13692760467529297, 0.12624430656433105, 0.1122598648071289, 0.12671947479248047, 0.12979578971862793, 0.11541533470153809, 0.1288440227508545, 0.12696123123168945, 0.11423707008361816, 0.13048863410949707, 0.13693475723266602, 0.11913228034973145, 0.13031387329101562, 0.12305665016174316, 0.12228846549987793, 0.13043618202209473, 0.12125468254089355, 0.11095523834228516, 0.12079739570617676, 0.1246180534362793, 0.11574435234069824, 0.12057805061340332, 0.10846662521362305, 0.11038517951965332, 0.11793017387390137, 0.10973644256591797, 0.11342811584472656, 0.1323091983795166, 0.1201319694519043, 0.11534237861633301, 0.1327674388885498, 0.12148523330688477, 0.11688685417175293, 0.13857173919677734, 0.11880993843078613, 0.11799836158752441, 0.13051080703735352, 0.11907458305358887, 0.11887335777282715, 0.1353466510772705, 0.11781835556030273, 0.11715912818908691, 0.1301875114440918, 0.12032485008239746, 0.11754059791564941, 0.13411617279052734, 0.12511157989501953, 0.11408138275146484, 0.13162994384765625, 0.12857866287231445, 0.11837911605834961, 0.1280524730682373, 0.11430501937866211, 0.11696386337280273, 0.12758994102478027, 0.1200418472290039, 0.10991621017456055, 0.1373910903930664, 0.12804508209228516, 0.11133933067321777, 0.1278669834136963, 0.11222696304321289, 0.1160740852355957, 0.1311187744140625, 0.11518692970275879, 0.10817527770996094, 0.12537884712219238, 0.11346936225891113, 0.12173914909362793, 0.13457894325256348, 0.1202847957611084, 0.12079286575317383, 0.13274264335632324, 0.1150960922241211, 0.11458873748779297, 0.12385177612304688, 0.10800743103027344, 0.11207079887390137, 0.13092994689941406, 0.11206603050231934, 0.11546754837036133, 0.12402606010437012, 0.11340951919555664, 0.1217343807220459, 0.13166213035583496, 0.11502575874328613, 0.12053680419921875, 0.1293947696685791, 0.11765384674072266, 0.11960959434509277, 0.12752652168273926, 0.11279749870300293, 0.11855530738830566, 0.12834572792053223, 0.11418676376342773, 0.11381173133850098, 0.12665557861328125, 0.11845660209655762, 0.12115025520324707, 0.13400554656982422, 0.12170076370239258, 0.11876344680786133, 0.13287591934204102, 0.12552452087402344, 0.1158909797668457, 0.12105417251586914, 0.12125825881958008, 0.11906743049621582, 0.13146138191223145, 0.11531758308410645, 0.11709904670715332, 0.12459707260131836, 0.11118769645690918, 0.11954236030578613, 0.12957978248596191, 0.11572670936584473, 0.12157464027404785, 0.12624454498291016, 0.1170504093170166, 0.12088513374328613, 0.1297910213470459, 0.1128079891204834, 0.11660432815551758, 0.12839436531066895, 0.11305570602416992, 0.11079788208007812, 0.12380814552307129, 0.11904120445251465, 0.11530017852783203, 0.11963224411010742, 0.11128354072570801, 0.11981344223022461, 0.1374211311340332, 0.1125950813293457, 0.11542391777038574, 0.1309192180633545, 0.11526274681091309, 0.12372207641601562, 0.12676715850830078, 0.11109280586242676, 0.11855149269104004, 0.12471771240234375, 0.11178874969482422, 0.11394810676574707, 0.12593865394592285, 0.10818290710449219, 0.11195659637451172, 0.12433528900146484, 0.10952925682067871, 0.11231398582458496, 0.11509156227111816, 0.1057734489440918, 0.10554981231689453, 0.125960111618042, 0.10630607604980469, 0.1175987720489502, 0.11788749694824219, 0.10777926445007324, 0.11472105979919434, 0.1236112117767334, 0.11155319213867188, 0.1101841926574707, 0.12910819053649902, 0.11710882186889648, 0.11778831481933594, 0.12750244140625, 0.10752558708190918, 0.11271905899047852, 0.1208803653717041, 0.10790252685546875, 0.11137056350708008, 0.12418699264526367, 0.10926485061645508, 0.11405420303344727, 0.13109087944030762, 0.10938167572021484, 0.11497163772583008, 0.1230459213256836, 0.10810303688049316, 0.10994267463684082, 0.12738823890686035, 0.10917448997497559, 0.10965704917907715, 0.11882328987121582, 0.10919332504272461, 0.11452150344848633, 0.12260770797729492, 0.10986924171447754, 0.11984395980834961, 0.13091087341308594, 0.11322879791259766, 0.11542177200317383, 0.12492251396179199, 0.11788272857666016, 0.12110114097595215, 0.1292133331298828, 0.10734391212463379, 0.1143805980682373, 0.12490105628967285, 0.10908818244934082, 0.11866879463195801, 0.13016653060913086, 0.10807347297668457, 0.11300277709960938, 0.12334442138671875, 0.10998225212097168, 0.11551475524902344, 0.13056111335754395, 0.11870765686035156, 0.12474703788757324, 0.12933111190795898, 0.12166023254394531, 0.12710881233215332, 0.13275480270385742, 0.10837936401367188, 0.11906266212463379, 0.12727141380310059, 0.11008381843566895, 0.11597132682800293, 0.11585307121276855, 0.10692334175109863, 0.1210930347442627, 0.11549997329711914, 0.10901355743408203, 0.10976076126098633, 0.12699484825134277, 0.10867977142333984, 0.11078572273254395, 0.1235499382019043, 0.11116552352905273, 0.11528372764587402, 0.12636923789978027, 0.11168885231018066, 0.11728310585021973, 0.11846232414245605, 0.11647629737854004, 0.11446690559387207, 0.12929701805114746, 0.11032271385192871, 0.11249828338623047, 0.12613892555236816, 0.12022161483764648, 0.12213969230651855, 0.13313603401184082, 0.12030339241027832, 0.12155747413635254, 0.1327800750732422, 0.12172102928161621, 0.11982345581054688, 0.12492823600769043, 0.11260223388671875, 0.11616683006286621, 0.13360929489135742, 0.11608028411865234, 0.1209721565246582, 0.1392214298248291, 0.12468504905700684, 0.12355732917785645, 0.13588881492614746, 0.12811660766601562, 0.125396728515625, 0.13859272003173828, 0.11383962631225586, 0.11968326568603516, 0.1334836483001709, 0.12378168106079102, 0.12218403816223145, 0.14056944847106934, 0.11810731887817383, 0.120758056640625, 0.14000415802001953, 0.1241459846496582, 0.1268775463104248, 0.12599706649780273, 0.11038804054260254, 0.11458539962768555, 0.12429308891296387, 0.11629080772399902, 0.11786222457885742, 0.130263090133667, 0.10741496086120605, 0.12108087539672852, 0.12247681617736816, 0.11130237579345703, 0.11386609077453613, 0.11684632301330566, 0.10956668853759766, 0.1148679256439209, 0.11571264266967773, 0.10865235328674316, 0.11350607872009277, 0.12417221069335938, 0.10827016830444336, 0.1151583194732666, 0.12029194831848145, 0.11057496070861816, 0.11586284637451172, 0.12534427642822266, 0.10941052436828613, 0.1231679916381836, 0.13226079940795898, 0.12151169776916504, 0.1273200511932373, 0.13887882232666016, 0.1181175708770752, 0.11519026756286621, 0.12859153747558594, 0.10784912109375, 0.11418604850769043, 0.1161797046661377, 0.10961437225341797, 0.11114001274108887, 0.11770462989807129, 