{"ID": 0, "inference time": [15.5776207447052, 0.12181401252746582, 0.11912178993225098, 0.15946149826049805, 0.12094879150390625, 0.12935900688171387, 0.16794776916503906, 0.16687750816345215, 0.13757634162902832, 0.14661169052124023, 0.15761590003967285, 0.12930011749267578, 0.15093064308166504, 0.1261448860168457, 0.12859511375427246, 0.15708494186401367, 0.13124442100524902, 0.12520432472229004, 0.16011643409729004, 0.13163161277770996, 0.12694501876831055, 0.15306615829467773, 0.12604165077209473, 0.13350343704223633, 0.15092992782592773, 0.1257927417755127, 0.13281965255737305, 0.154768705368042, 0.12091493606567383, 0.13556194305419922, 0.16255998611450195, 0.12167596817016602, 0.13910984992980957, 0.15837860107421875, 0.13031601905822754, 0.12772846221923828, 0.15973901748657227, 0.12182116508483887, 0.12819886207580566, 0.15777897834777832, 0.12034296989440918, 0.12546730041503906, 0.15935921669006348, 0.12278580665588379, 0.12967562675476074, 0.16046667098999023, 0.1254725456237793, 0.13036036491394043, 0.1601545810699463, 0.12444424629211426, 0.136488676071167, 0.16348814964294434, 0.12654852867126465, 0.12944412231445312, 0.16313505172729492, 0.1227419376373291, 0.12793207168579102, 0.16874909400939941, 0.12105178833007812, 0.12932181358337402, 0.16393542289733887, 0.12480616569519043, 0.13001346588134766, 0.16495680809020996, 0.10442733764648438, 0.12779498100280762, 0.16400861740112305, 0.11960601806640625, 0.12532305717468262, 0.16481304168701172, 0.1048135757446289, 0.12964653968811035, 0.16631364822387695, 0.10512065887451172, 0.1263751983642578, 0.157179594039917, 0.11114692687988281, 0.13174748420715332, 0.15695929527282715, 0.13397002220153809, 0.12828755378723145, 0.1705470085144043, 0.10706257820129395, 0.12186884880065918, 0.15255498886108398, 0.14386940002441406, 0.13354992866516113, 0.17833590507507324, 0.13081979751586914, 0.14780592918395996, 0.14761567115783691, 0.14196300506591797, 0.13417458534240723, 0.14731478691101074, 0.1268303394317627, 0.13715243339538574, 0.15115880966186523, 0.1477816104888916, 0.13211655616760254, 0.15210437774658203, 0.1257014274597168, 0.1305074691772461, 0.1520404815673828, 0.12490582466125488, 0.12981128692626953, 0.15000343322753906, 0.11985540390014648, 0.13236093521118164, 0.15918183326721191, 0.10908913612365723, 0.13005614280700684, 0.15520715713500977, 0.11825132369995117, 0.13419604301452637, 0.16946673393249512, 0.12703466415405273, 0.13169240951538086, 0.16042113304138184, 0.12392854690551758, 0.13883423805236816, 0.16164135932922363, 0.11034965515136719, 0.12725543975830078, 0.16218280792236328, 0.11012506484985352, 0.1304798126220703, 0.16118192672729492, 0.10344099998474121, 0.13309144973754883, 0.16228961944580078, 0.09564614295959473, 0.13315057754516602, 0.16314935684204102, 0.11687111854553223, 0.13023757934570312, 0.16260313987731934, 0.12218689918518066, 0.13209199905395508, 0.16419649124145508, 0.12356328964233398, 0.1400134563446045, 0.16466093063354492, 0.12697958946228027, 0.13353228569030762, 0.16512107849121094, 0.1112370491027832, 0.13419246673583984, 0.16698527336120605, 0.1262805461883545, 0.1340925693511963, 0.16322684288024902, 0.12056446075439453, 0.13299012184143066, 0.16845273971557617, 0.11262798309326172, 0.1327226161956787, 0.16688251495361328, 0.09511089324951172, 0.13367748260498047, 0.165635347366333, 0.10744857788085938, 0.12387371063232422, 0.1538097858428955, 0.12770771980285645, 0.1359727382659912, 0.16907858848571777, 0.10294151306152344, 0.13174057006835938, 0.17379474639892578, 0.10094952583312988, 0.13482999801635742, 0.16624093055725098, 0.10743284225463867, 0.1368694305419922, 0.17090487480163574, 0.12050032615661621, 0.13276410102844238, 0.15577077865600586, 0.12496185302734375, 0.13779878616333008, 0.16816163063049316, 0.10649728775024414, 0.13007640838623047, 0.16965103149414062, 0.10672855377197266, 0.12706804275512695, 0.1564023494720459, 0.11856412887573242, 0.13223934173583984, 0.17179298400878906, 0.1077268123626709, 0.13737893104553223, 0.1788158416748047, 0.11641812324523926, 0.14987802505493164, 0.15684080123901367, 0.13058876991271973, 0.14404559135437012, 0.14617061614990234, 0.12831687927246094, 0.1446216106414795, 0.1431424617767334, 0.12372589111328125, 0.14503002166748047, 0.16263198852539062, 0.10207700729370117, 0.1342618465423584, 0.16234731674194336, 0.10336184501647949, 0.13616156578063965, 0.16149020195007324, 0.1251201629638672, 0.13108086585998535, 0.16008543968200684, 0.11057448387145996, 0.1367664337158203, 0.16492724418640137, 0.11491131782531738, 0.13149666786193848, 0.1641840934753418, 0.12117195129394531, 0.13338613510131836, 0.16400575637817383, 0.10675454139709473, 0.13328313827514648, 0.16341304779052734, 0.10406064987182617, 0.1347332000732422, 0.16049933433532715, 0.11104941368103027, 0.12891149520874023, 0.16383838653564453, 0.10999512672424316, 0.13656234741210938, 0.17043614387512207, 0.10535264015197754, 0.12505722045898438, 0.1717674732208252, 0.11790847778320312, 0.13521528244018555, 0.1666874885559082, 0.136000394821167, 0.14947009086608887, 0.15042376518249512, 0.1355152130126953, 0.14969730377197266, 0.1558361053466797, 0.11153316497802734, 0.13668179512023926, 0.14776158332824707, 0.11313700675964355, 0.14094924926757812, 0.15867877006530762, 0.12162089347839355, 0.14216017723083496, 0.1676771640777588, 0.11765193939208984, 0.1354219913482666, 0.16799545288085938, 0.10449671745300293, 0.13509154319763184, 0.16723108291625977, 0.10917806625366211, 0.13720941543579102, 0.1674051284790039, 0.10629129409790039, 0.1377582550048828, 0.1590871810913086, 0.10798859596252441, 0.13573217391967773, 0.15388846397399902, 0.10917305946350098, 0.13817429542541504, 0.1630847454071045, 0.10838675498962402, 0.1367027759552002, 0.16111063957214355, 0.10668349266052246, 0.13278841972351074, 0.15452933311462402, 0.1127173900604248, 0.1405632495880127, 0.1600942611694336, 0.1060628890991211, 0.14122653007507324, 0.16994857788085938, 0.10559916496276855, 0.14011287689208984, 0.16160798072814941, 0.10953640937805176, 0.13894009590148926, 0.1629321575164795, 0.11141228675842285, 0.12731432914733887, 0.15499544143676758, 0.13088774681091309, 0.14479446411132812, 0.16727972030639648, 0.10743522644042969, 0.13900399208068848, 0.1659834384918213, 0.10652637481689453, 0.1399674415588379, 0.16251277923583984, 0.10887837409973145, 0.13911104202270508, 0.15890860557556152, 0.11179780960083008, 0.13989782333374023, 0.1623060703277588, 0.11154580116271973, 0.14127612113952637, 0.16220784187316895, 0.11399340629577637, 0.14061856269836426, 0.16259264945983887, 0.1157224178314209, 0.1406419277191162, 0.16925334930419922, 0.10678386688232422, 0.1386280059814453, 0.1701209545135498, 0.11372685432434082, 0.1279900074005127, 0.15303683280944824, 0.11236357688903809, 0.15064167976379395, 0.1701657772064209, 0.11309218406677246, 0.1348404884338379, 0.16997981071472168, 0.10809183120727539, 0.13589072227478027, 0.16197705268859863, 0.11847782135009766, 0.1448497772216797, 0.16342830657958984, 0.13575959205627441, 0.1412665843963623, 0.1457970142364502, 0.14223837852478027, 0.16116952896118164, 0.15758419036865234, 0.12119078636169434, 0.15594148635864258, 0.16962051391601562, 0.11051702499389648, 0.1390061378479004, 0.16845297813415527, 0.11037659645080566, 0.1383974552154541, 0.16798901557922363, 0.1030123233795166, 0.14196419715881348, 0.16935157775878906, 0.1065378189086914, 0.14267778396606445, 0.15941476821899414, 0.11455702781677246, 0.13852286338806152, 0.16523075103759766, 0.1123666763305664, 0.1372973918914795, 0.16972780227661133, 0.11605215072631836, 0.14829707145690918, 0.1537473201751709, 0.11473822593688965, 0.14458084106445312, 0.16127872467041016, 0.12828564643859863, 0.14954042434692383, 0.1588420867919922, 0.12327885627746582, 0.15143966674804688, 0.15517663955688477, 0.12119340896606445, 0.14527368545532227, 0.15463972091674805, 0.12427711486816406, 0.14699244499206543, 0.14926457405090332, 0.12315082550048828, 