{"ID": 2, "inference time": [13.18725299835205, 0.13015127182006836, 0.1480875015258789, 0.09803962707519531, 0.12455892562866211, 0.13538146018981934, 0.09759664535522461, 0.12114214897155762, 0.21923160552978516, 0.12407851219177246, 0.12247586250305176, 0.16411185264587402, 0.1318206787109375, 0.13654398918151855, 0.16968727111816406, 0.16234302520751953, 0.14782953262329102, 0.14963340759277344, 0.1662309169769287, 0.13634109497070312, 0.15755081176757812, 0.1347644329071045, 0.13858985900878906, 0.16430950164794922, 0.13865303993225098, 0.1352393627166748, 0.1598219871520996, 0.14281821250915527, 0.13905000686645508, 0.15548372268676758, 0.1343233585357666, 0.14161229133605957, 0.16017985343933105, 0.13325047492980957, 0.1390087604522705, 0.16123652458190918, 0.1284952163696289, 0.13990449905395508, 0.16638445854187012, 0.13141298294067383, 0.1375746726989746, 0.163621187210083, 0.13596248626708984, 0.13244223594665527, 0.16534638404846191, 0.12955284118652344, 0.1358504295349121, 0.16533303260803223, 0.12770318984985352, 0.14208292961120605, 0.16745352745056152, 0.12962079048156738, 0.1382439136505127, 0.16547060012817383, 0.13006925582885742, 0.13796520233154297, 0.16556000709533691, 0.12627625465393066, 0.14316558837890625, 0.17053961753845215, 0.12866616249084473, 0.13486719131469727, 0.17008543014526367, 0.12707901000976562, 0.14183545112609863, 0.175858736038208, 0.13265323638916016, 0.1366443634033203, 0.17122960090637207, 0.1303114891052246, 0.1345815658569336, 0.17054343223571777, 0.11753392219543457, 0.13644742965698242, 0.17162370681762695, 0.1358199119567871, 0.1392507553100586, 0.18085861206054688, 0.12984871864318848, 0.13550448417663574, 0.17049384117126465, 0.11371040344238281, 0.1328878402709961, 0.16138648986816406, 0.12527775764465332, 0.13245177268981934, 0.16710281372070312, 0.136016845703125, 0.14183759689331055, 0.1785140037536621, 0.13170671463012695, 0.12811684608459473, 0.1541898250579834, 0.1468183994293213, 0.14256048202514648, 0.1769719123840332, 0.1370561122894287, 0.15291452407836914, 0.1561598777770996, 0.14811182022094727, 0.15041828155517578, 0.15980291366577148, 0.13914108276367188, 0.1356651782989502, 0.16086053848266602, 0.15539073944091797, 0.13733720779418945, 0.15862083435058594, 0.13712358474731445, 0.13971209526062012, 0.15685606002807617, 0.13112783432006836, 0.13534808158874512, 0.1571950912475586, 0.13138294219970703, 0.13966941833496094, 0.16428422927856445, 0.1252272129058838, 0.13585615158081055, 0.16646242141723633, 0.1269688606262207, 0.14795207977294922, 0.17496061325073242, 0.13425850868225098, 0.13791418075561523, 0.1705927848815918, 0.12914466857910156, 0.14071345329284668, 0.1655139923095703, 0.11761021614074707, 0.13788437843322754, 0.16738414764404297, 0.12004804611206055, 0.13876724243164062, 0.16582870483398438, 0.11561417579650879, 0.13781189918518066, 0.17098426818847656, 0.1307997703552246, 0.13338494300842285, 0.16835498809814453, 0.12650680541992188, 0.13877654075622559, 0.17301702499389648, 0.12299585342407227, 0.13976716995239258, 0.16696786880493164, 0.14244675636291504, 0.14313030242919922, 0.1677567958831787, 0.13099217414855957, 0.14053058624267578, 0.17395353317260742, 0.12354469299316406, 0.14217805862426758, 0.16642236709594727, 0.13261151313781738, 0.14232373237609863, 0.1681957244873047, 0.12325239181518555, 0.14516544342041016, 0.17126727104187012, 0.12374353408813477, 0.14090442657470703, 0.17131304740905762, 0.10126161575317383, 0.14537358283996582, 0.16962361335754395, 0.11425232887268066, 0.12927699089050293, 0.15990424156188965, 0.13367056846618652, 0.14191627502441406, 0.1754446029663086, 0.1199331283569336, 0.13749313354492188, 0.17700839042663574, 0.10946321487426758, 0.14031243324279785, 0.17113995552062988, 0.11757254600524902, 0.13768744468688965, 0.1737678050994873, 0.12016987800598145, 0.1302657127380371, 0.1634068489074707, 0.1373291015625, 0.14304637908935547, 0.17382478713989258, 0.10617637634277344, 0.1380298137664795, 0.1767733097076416, 0.11900949478149414, 0.13064813613891602, 0.16203570365905762, 0.12283062934875488, 0.14127111434936523, 0.17426824569702148, 0.11559724807739258, 0.1517808437347412, 0.17645978927612305, 0.12549781799316406, 0.15284442901611328, 0.16117167472839355, 0.1322638988494873, 0.1505603790283203, 0.15892505645751953, 0.14060068130493164, 0.15080499649047852, 0.14873433113098145, 0.13213324546813965, 0.15175652503967285, 0.1732797622680664, 0.10940051078796387, 0.14208340644836426, 0.16761398315429688, 0.11542034149169922, 0.1434626579284668, 0.1682279109954834, 0.13030004501342773, 0.14067935943603516, 0.17210054397583008, 0.12286615371704102, 0.13883662223815918, 0.16751980781555176, 0.1226816177368164, 0.14200711250305176, 0.16853618621826172, 0.13069462776184082, 0.1410207748413086, 0.16945886611938477, 0.11124634742736816, 0.13950181007385254, 0.16715431213378906, 0.10961580276489258, 0.14348816871643066, 0.16275572776794434, 0.11842703819274902, 0.13294458389282227, 0.1635301113128662, 0.1162252426147461, 0.1422579288482666, 0.17515301704406738, 0.11101889610290527, 0.13153719902038574, 0.17117738723754883, 0.137542724609375, 0.1429452896118164, 0.17934584617614746, 0.14454174041748047, 0.1562047004699707, 0.1668529510498047, 0.13836288452148438, 0.15380501747131348, 0.15882468223571777, 0.11657047271728516, 0.14161181449890137, 0.15673518180847168, 0.12307906150817871, 0.14620089530944824, 0.16744232177734375, 0.1261608600616455, 0.14774012565612793, 0.17006802558898926, 0.12234830856323242, 0.1457369327545166, 0.17145729064941406, 0.11303877830505371, 0.1461479663848877, 0.17102789878845215, 0.11022591590881348, 0.14437127113342285, 0.16964435577392578, 0.11240053176879883, 0.14662814140319824, 0.16708970069885254, 0.11289143562316895, 0.1384599208831787, 0.16222190856933594, 0.11917400360107422, 0.1423015594482422, 0.1685011386871338, 0.11299681663513184, 0.1423511505126953, 0.16661882400512695, 0.11086583137512207, 0.13795065879821777, 0.16224074363708496, 0.11597347259521484, 0.14869976043701172, 0.16581153869628906, 0.1103050708770752, 0.14653396606445312, 0.17758417129516602, 0.11732029914855957, 0.14362502098083496, 0.1675102710723877, 0.11543655395507812, 0.14238810539245605, 0.16580796241760254, 0.12263774871826172, 0.13478875160217285, 0.1599893569946289, 0.13130807876586914, 0.15044045448303223, 0.18062853813171387, 0.11762619018554688, 0.14370107650756836, 0.17118191719055176, 0.11074376106262207, 0.1459980010986328, 0.1678166389465332, 0.11141300201416016, 0.1411740779876709, 0.1643972396850586, 0.12014603614807129, 0.14441728591918945, 0.16667866706848145, 0.11479926109313965, 0.14593911170959473, 0.16857409477233887, 0.12009167671203613, 0.14426517486572266, 0.17062783241271973, 0.12228608131408691, 0.1460731029510498, 0.17911386489868164, 0.11783623695373535, 0.14565396308898926, 0.17811131477355957, 0.11636996269226074, 0.1308457851409912, 0.16121625900268555, 0.11480998992919922, 0.1472640037536621, 0.17640376091003418, 0.12775921821594238, 0.15016889572143555, 0.17753100395202637, 0.11368894577026367, 0.14602065086364746, 0.16888689994812012, 0.13027119636535645, 0.15133261680603027, 0.17008113861083984, 0.13654232025146484, 0.14752721786499023, 0.15213537216186523, 0.1496598720550537, 0.16528081893920898, 0.15893268585205078, 0.1273648738861084, 0.16072320938110352, 0.17689800262451172, 0.11369562149047852, 0.14405250549316406, 0.17377161979675293, 0.11432123184204102, 0.14531302452087402, 0.17357993125915527, 0.12064266204833984, 0.1530749797821045, 0.17474865913391113, 0.11051106452941895, 0.14784502983093262, 0.16677117347717285, 0.11919212341308594, 0.1391909122467041, 0.16721892356872559, 0.1106417179107666, 0.1486799716949463, 0.17405438423156738, 0.11753296852111816, 0.15268492698669434, 0.15775132179260254, 0.11877202987670898, 0.1504802703857422, 0.16214895248413086, 0.12811970710754395, 0.16254234313964844, 0.163590669631958, 0.13216686248779297, 0.15544390678405762, 0.15793323516845703, 