{"ID": 7, "inference time": [16.179558992385864, 0.12991809844970703, 0.11113786697387695, 0.11765313148498535, 0.1237034797668457, 0.12336397171020508, 0.12125992774963379, 0.1312427520751953, 0.09905028343200684, 0.1063227653503418, 0.12935805320739746, 0.1205296516418457, 0.10782814025878906, 0.12086749076843262, 0.10509085655212402, 0.12487268447875977, 0.1280381679534912, 0.1331043243408203, 0.11515617370605469, 0.11895561218261719, 0.10618734359741211, 0.11798691749572754, 0.1180880069732666, 0.09794259071350098, 0.11882281303405762, 0.1227421760559082, 0.11097598075866699, 0.09973788261413574, 0.14240789413452148, 0.13708162307739258, 0.11651873588562012, 0.11809563636779785, 0.11925959587097168, 0.10724306106567383, 0.13692522048950195, 0.12912583351135254, 0.12120819091796875, 0.12592172622680664, 0.10849857330322266, 0.13346123695373535, 0.12732505798339844, 0.12669038772583008, 0.12508702278137207, 0.13771533966064453, 0.13581275939941406, 0.11151409149169922, 0.13103103637695312, 0.10768866539001465, 0.12277841567993164, 0.12012958526611328, 0.10538792610168457, 0.14663481712341309, 0.13140296936035156, 0.13378524780273438, 0.11677765846252441, 0.12749648094177246, 0.14140033721923828, 0.11086225509643555, 0.15052509307861328, 0.14110445976257324, 0.10691356658935547, 0.12704825401306152, 0.13828682899475098, 0.11323714256286621, 0.12940478324890137, 0.11070656776428223, 0.12005734443664551, 0.11722135543823242, 0.11479973793029785, 0.11516022682189941, 0.15224003791809082, 0.11935925483703613, 0.11388826370239258, 0.12485766410827637, 0.12442350387573242, 0.11238861083984375, 0.11806678771972656, 0.12491559982299805, 0.11820578575134277, 0.12182044982910156, 0.1336500644683838, 0.11066985130310059, 0.13187050819396973, 0.13081836700439453, 0.11594986915588379, 0.13482451438903809, 0.12918305397033691, 0.10637736320495605, 0.13813304901123047, 0.14338946342468262, 0.11136054992675781, 0.12333798408508301, 0.11607861518859863, 0.10989260673522949, 0.13177108764648438, 0.1383223533630371, 0.10845088958740234, 0.11821722984313965, 0.10519170761108398, 0.11286687850952148, 0.12024998664855957, 0.13004469871520996, 0.1131429672241211, 0.13387608528137207, 0.13741064071655273, 0.10017037391662598, 0.14637327194213867, 0.1348576545715332, 0.10801410675048828, 0.11056303977966309, 0.1159067153930664, 0.11212491989135742, 0.146439790725708, 0.12730693817138672, 0.10975098609924316, 0.14604902267456055, 0.13687896728515625, 0.11041140556335449, 0.12194657325744629, 0.1234736442565918, 0.11037611961364746, 0.15312552452087402, 0.1441938877105713, 0.10582160949707031, 0.12993073463439941, 0.10958313941955566, 0.11968517303466797, 0.11920738220214844, 0.12532711029052734, 0.11057710647583008, 0.14393234252929688, 0.15137028694152832, 0.10120248794555664, 0.12435245513916016, 0.1575620174407959, 0.10644340515136719, 0.11671590805053711, 0.129652738571167, 0.12340998649597168, 0.11962175369262695, 0.12462067604064941, 0.10941267013549805, 0.15123343467712402, 0.1558058261871338, 0.10922908782958984, 0.1429271697998047, 0.1557450294494629, 0.11689400672912598, 0.12693023681640625, 0.15079617500305176, 0.11339187622070312, 0.12500691413879395, 0.130082368850708, 0.1058797836303711, 0.15420007705688477, 0.14380097389221191, 0.11000299453735352, 0.11611318588256836, 0.10430788993835449, 0.10882282257080078, 0.10604429244995117, 0.13588643074035645, 0.11632013320922852, 0.11038064956665039, 0.14139485359191895, 0.10868620872497559, 0.12010884284973145, 0.1244511604309082, 0.10728669166564941, 0.10921406745910645, 0.1279292106628418, 0.1103367805480957, 0.1570889949798584, 0.16184759140014648, 0.10402774810791016, 0.11486673355102539, 0.10658574104309082, 0.11591768264770508, 0.1154026985168457, 0.12850308418273926, 0.10946297645568848, 0.1518998146057129, 0.14296746253967285, 0.10706830024719238, 0.12136960029602051, 0.10518836975097656, 0.10866761207580566, 0.15064144134521484, 0.14989805221557617, 0.11162066459655762, 0.1278848648071289, 0.11591625213623047, 0.11942219734191895, 0.11008739471435547, 0.13158822059631348, 0.1044313907623291, 0.15669536590576172, 0.15208125114440918, 0.11097955703735352, 0.12148785591125488, 0.11764883995056152, 0.10266256332397461, 0.14749789237976074, 0.1468963623046875, 0.1102607250213623, 0.1490781307220459, 0.15276002883911133, 0.10628771781921387, 0.11584806442260742, 0.12470126152038574, 0.10111784934997559, 0.13379240036010742, 0.15156960487365723, 0.11435389518737793, 0.10449600219726562, 0.12907695770263672, 0.10623455047607422, 0.14115047454833984, 0.14183759689331055, 0.10710644721984863, 0.11537718772888184, 0.10645818710327148, 0.10802531242370605, 0.13423538208007812, 0.1417708396911621, 0.1115257740020752, 0.1152353286743164, 0.12341666221618652, 0.1092081069946289, 0.13061952590942383, 0.1321265697479248, 0.11530423164367676, 0.10860466957092285, 0.1314539909362793, 0.10994458198547363, 0.11731195449829102, 0.09864163398742676, 0.11385488510131836, 0.10906171798706055, 0.13083410263061523, 0.10022282600402832, 0.14246630668640137, 0.1560347080230713, 0.10987544059753418, 0.13462185859680176, 0.09661245346069336, 0.10049676895141602, 0.1304795742034912, 0.1283881664276123, 0.10980749130249023, 0.1183018684387207, 0.09666275978088379, 0.10649728775024414, 0.14757347106933594, 0.15056133270263672, 0.10718011856079102, 0.10718584060668945, 0.10877490043640137, 0.12072467803955078, 0.11011147499084473, 0.1292884349822998, 0.11032366752624512, 0.12239861488342285, 0.11427903175354004, 0.11070561408996582, 0.14847946166992188, 0.15278387069702148, 0.10821795463562012, 0.12343811988830566, 0.11199641227722168, 0.10382556915283203, 0.14421916007995605, 0.1332075595855713, 0.10352206230163574, 0.11232542991638184, 0.1216740608215332, 0.11600017547607422, 0.1348743438720703, 0.1177828311920166, 0.10764837265014648, 0.09318971633911133, 0.1303114891052246, 0.10278058052062988, 0.14476418495178223, 0.1333322525024414, 0.09913969039916992, 0.12128829956054688, 0.13122153282165527, 0.10232877731323242, 0.14805364608764648, 0.13429927825927734, 0.10581159591674805, 0.11481237411499023, 0.12455034255981445, 0.10182404518127441, 0.14448118209838867, 0.144364595413208, 0.10399603843688965, 0.11329150199890137, 0.11446189880371094, 0.10750865936279297, 0.14294743537902832, 0.15885519981384277, 0.09920477867126465, 0.11326432228088379, 0.10233688354492188, 0.10046672821044922, 0.14023447036743164, 0.1524195671081543, 0.09760665893554688, 0.12790369987487793, 0.10006260871887207, 0.12064409255981445, 0.11101508140563965, 0.12968993186950684, 0.09952044486999512, 0.1409928798675537, 0.14707422256469727, 0.09972357749938965, 0.11450719833374023, 0.11288666725158691, 0.1108238697052002, 0.15082526206970215, 0.15331196784973145, 0.1007380485534668, 0.1075277328491211, 0.11195969581604004, 0.10130786895751953, 0.14983320236206055, 0.13507699966430664, 0.10537004470825195, 0.11519813537597656, 0.13787579536437988, 0.09779214859008789, 0.14281606674194336, 0.14083099365234375, 0.10752296447753906, 0.12923693656921387, 0.10145282745361328, 0.11492705345153809, 0.11797475814819336, 0.12276172637939453, 0.11307072639465332, 0.14584016799926758, 0.1489732265472412, 0.10799717903137207, 0.12612605094909668, 0.11137771606445312, 0.11182022094726562, 0.10605859756469727, 0.12168240547180176, 0.10855317115783691, 0.12132906913757324, 0.11712980270385742, 0.11140322685241699, 0.11376810073852539, 0.14064717292785645, 0.10868978500366211, 0.1296396255493164, 0.09829545021057129, 0.11539888381958008, 0.11841368675231934, 0.12595891952514648, 0.10810422897338867, 0.12877535820007324, 0.10232973098754883, 0.11374211311340332, 0.11067318916320801, 0.11263751983642578, 0.10097146034240723, 0.12252092361450195, 0.09762454032897949, 0.10243916511535645, 0.10825300216674805, 0.11008167266845703, 0.10259413719177246, 0.11052799224853516, 0.09010434150695801, 0.10640335083007812, 0.1434798240661621, 0.14609837532043457, 0.10788106918334961, 