{"ID": 6, "inference time": [13.389538764953613, 0.1171104907989502, 0.08672475814819336, 0.11944842338562012, 0.1114346981048584, 0.11132311820983887, 0.08931350708007812, 0.09377050399780273, 0.11684608459472656, 0.10141253471374512, 0.0904390811920166, 0.1105501651763916, 0.11638045310974121, 0.09584379196166992, 0.10965704917907715, 0.11551547050476074, 0.12067174911499023, 0.12436246871948242, 0.11369109153747559, 0.1079714298248291, 0.11200833320617676, 0.11849427223205566, 0.09852480888366699, 0.10197639465332031, 0.12117815017700195, 0.11206173896789551, 0.10745859146118164, 0.11536908149719238, 0.09621977806091309, 0.12346315383911133, 0.12804722785949707, 0.11704373359680176, 0.10867643356323242, 0.09632444381713867, 0.12017440795898438, 0.1404564380645752, 0.14542269706726074, 0.13117456436157227, 0.11297154426574707, 0.1097860336303711, 0.12170696258544922, 0.11230707168579102, 0.12192535400390625, 0.10134720802307129, 0.09617137908935547, 0.1279604434967041, 0.12859582901000977, 0.12078976631164551, 0.10778260231018066, 0.10865402221679688, 0.09334874153137207, 0.11455345153808594, 0.1219329833984375, 0.09838747978210449, 0.09718489646911621, 0.12072181701660156, 0.12987661361694336, 0.12420368194580078, 0.12034273147583008, 0.10877561569213867, 0.1124417781829834, 0.10089755058288574, 0.12146902084350586, 0.1228640079498291, 0.11475682258605957, 0.1184992790222168, 0.1056361198425293, 0.08853006362915039, 0.1037137508392334, 0.11429262161254883, 0.12485671043395996, 0.11842012405395508, 0.1003103256225586, 0.10290074348449707, 0.11527585983276367, 0.11396670341491699, 0.1079564094543457, 0.10180974006652832, 0.11508989334106445, 0.12132453918457031, 0.11112594604492188, 0.1157217025756836, 0.09552621841430664, 0.08473467826843262, 0.12181282043457031, 0.12800312042236328, 0.10778427124023438, 0.10350871086120605, 0.10053682327270508, 0.10886311531066895, 0.12316322326660156, 0.11221480369567871, 0.08888030052185059, 0.12184858322143555, 0.10841512680053711, 0.0997457504272461, 0.10298466682434082, 0.10816693305969238, 0.1130669116973877, 0.1121978759765625, 0.09362673759460449, 0.10065245628356934, 0.11014008522033691, 0.09854626655578613, 0.10039424896240234, 0.10710740089416504, 0.10045909881591797, 0.09973430633544922, 0.11450862884521484, 0.09624671936035156, 0.0988154411315918, 0.10926532745361328, 0.09996151924133301, 0.09103751182556152, 0.11407709121704102, 0.0969245433807373, 0.08356738090515137, 0.12112665176391602, 0.11162161827087402, 0.1031649112701416, 0.09185218811035156, 0.11260747909545898, 0.12236142158508301, 0.11275386810302734, 0.11796426773071289, 0.10343527793884277, 0.10921692848205566, 0.10420083999633789, 0.09768295288085938, 0.11581778526306152, 0.13480377197265625, 0.11127376556396484, 0.11184310913085938, 0.10472679138183594, 0.0944051742553711, 0.1220090389251709, 0.1395401954650879, 0.11261796951293945, 0.11762642860412598, 0.09469246864318848, 0.07867836952209473, 0.11961221694946289, 0.11453866958618164, 0.0948801040649414, 0.10501766204833984, 0.10676097869873047, 0.11732053756713867, 0.1103055477142334, 0.08693194389343262, 0.10373497009277344, 0.11276555061340332, 0.0899810791015625, 0.10517120361328125, 0.12266182899475098, 0.12821483612060547, 0.12170863151550293, 0.12079215049743652, 0.09915375709533691, 0.09228205680847168, 0.11063432693481445, 0.11473727226257324, 0.10533714294433594, 0.09413456916809082, 0.11449527740478516, 0.10939884185791016, 0.10600066184997559, 0.10152626037597656, 0.10540127754211426, 0.09270071983337402, 0.09973478317260742, 0.11224031448364258, 0.10038018226623535, 0.08953857421875, 0.09668898582458496, 0.09917831420898438, 0.0937044620513916, 0.10048270225524902, 0.10764551162719727, 0.10591578483581543, 0.09048748016357422, 0.09988641738891602, 0.11022615432739258, 0.09049654006958008, 0.08780527114868164, 0.09269595146179199, 0.08885788917541504, 0.09131455421447754, 0.08776378631591797, 0.0881497859954834, 0.09949922561645508, 0.09765625, 0.09726834297180176, 0.09404397010803223, 0.09525847434997559, 0.1010739803314209, 0.10104084014892578, 0.09140563011169434, 0.09362339973449707, 0.09050846099853516, 0.09029150009155273, 0.08843684196472168, 0.09105110168457031, 0.08847737312316895, 0.09255814552307129, 0.09175276756286621, 0.09116554260253906, 0.09079408645629883, 0.09085488319396973, 0.09033966064453125, 0.0919041633605957, 0.08829426765441895, 0.08668112754821777, 0.09278678894042969, 0.08641767501831055, 0.09604907035827637, 0.09720921516418457, 0.08947038650512695, 0.09212422370910645, 0.0891411304473877, 0.0885922908782959, 0.09134531021118164, 0.09145879745483398, 0.08716726303100586, 0.08696722984313965, 0.08850669860839844, 0.0941460132598877, 0.08865189552307129, 0.08810997009277344, 0.08835077285766602, 0.08696341514587402, 0.0909268856048584, 0.08920526504516602, 0.09264802932739258, 0.09081530570983887, 0.09018492698669434, 0.08742094039916992, 0.09203147888183594, 0.09397053718566895, 0.08946537971496582, 0.09027767181396484, 0.09236979484558105, 0.08650350570678711, 0.0955054759979248, 0.09588193893432617, 0.08826088905334473, 0.09097886085510254, 0.09480118751525879, 0.08531785011291504, 0.09114360809326172, 0.10320425033569336, 0.10010123252868652, 0.10032987594604492, 0.10212206840515137, 0.09058952331542969, 0.08888769149780273, 0.09134984016418457, 0.09811258316040039, 0.09493279457092285, 0.09893679618835449, 0.09780764579772949, 0.1174015998840332, 0.0948493480682373, 0.09373068809509277, 0.09336137771606445, 0.10383009910583496, 0.08944320678710938, 0.09188103675842285, 0.0914609432220459, 0.0861823558807373, 0.09031534194946289, 0.09284448623657227, 0.08912968635559082, 0.08971762657165527, 0.09727668762207031, 0.09041261672973633, 0.09134030342102051, 0.10034537315368652, 0.09005618095397949, 0.08984971046447754, 0.09116744995117188, 0.08871173858642578, 0.09212279319763184, 0.09872055053710938, 0.09952306747436523, 0.09366655349731445, 0.10127830505371094, 0.09383773803710938, 0.09077763557434082, 0.0925748348236084, 0.10635018348693848, 0.09179472923278809, 0.08991432189941406, 0.08899116516113281, 0.09048199653625488, 0.09130358695983887, 0.08529114723205566, 0.09089779853820801, 0.090728759765625, 0.09240865707397461, 0.08840131759643555, 0.09240484237670898, 0.09081101417541504, 0.09014105796813965, 0.09696626663208008, 0.08992505073547363, 0.09119820594787598, 0.09180665016174316, 0.08775782585144043, 0.09181547164916992, 0.09145689010620117, 0.08926844596862793, 0.10201811790466309, 0.08829617500305176, 0.08902883529663086, 0.0899043083190918, 0.09011387825012207, 0.09179329872131348, 0.09379816055297852, 0.09982943534851074, 0.09901118278503418, 0.09340500831604004, 0.09188175201416016, 0.08968496322631836, 0.09180402755737305, 0.0932166576385498, 0.09152650833129883, 0.0915985107421875, 0.10748624801635742, 0.09207534790039062, 0.08959174156188965, 0.09357810020446777, 0.09130311012268066, 0.09227752685546875, 0.10270237922668457, 0.09091854095458984, 0.09365510940551758, 0.09652256965637207, 0.10047101974487305, 0.09490108489990234, 0.10927534103393555, 0.09211945533752441, 0.08733487129211426, 0.11182641983032227, 0.10644125938415527, 0.09748721122741699, 0.09310054779052734, 0.10851263999938965, 0.0952463150024414, 0.09664177894592285, 0.10880494117736816, 0.10480809211730957, 0.09672403335571289, 0.09949898719787598, 0.11973428726196289, 0.11318206787109375, 0.10850691795349121, 0.09350728988647461, 0.09225201606750488, 0.11745357513427734, 0.10889244079589844, 0.09349179267883301, 0.11140298843383789, 0.12475752830505371, 0.11084222793579102, 0.09250211715698242, 0.07971334457397461, 0.11731839179992676, 0.12696433067321777, 0.11596202850341797, 0.1266939640045166, 0.11515021324157715, 0.11695432662963867, 0.11049914360046387, 0.09180688858032227, 0.0947725772857666, 0.11926722526550293, 0.12095427513122559, 0.11967635154724121, 0.10593366622924805, 0.09494376182556152, 0.11244750022888184, 0.13951826095581055, 