{"ID": 5, "inference time": [11.81700873374939, 0.07521820068359375, 0.07137608528137207, 0.07622385025024414, 0.07558560371398926, 0.07336974143981934, 0.07734465599060059, 0.07403278350830078, 0.0763697624206543, 0.07624673843383789, 0.1093902587890625, 0.15580177307128906, 0.11892032623291016, 0.10682797431945801, 0.09639692306518555, 0.10653567314147949, 0.08991098403930664, 0.08266663551330566, 0.10622668266296387, 0.10303306579589844, 0.09082818031311035, 0.11783862113952637, 0.11122918128967285, 0.10493135452270508, 0.09816217422485352, 0.1117398738861084, 0.08243846893310547, 0.08875226974487305, 0.13200020790100098, 0.12280988693237305, 0.11719703674316406, 0.11477446556091309, 0.11634516716003418, 0.10066676139831543, 0.10030102729797363, 0.09506583213806152, 0.11246562004089355, 0.1043405532836914, 0.09282541275024414, 0.10912632942199707, 0.11292243003845215, 0.10634708404541016, 0.09462714195251465, 0.09332156181335449, 0.12129640579223633, 0.11305499076843262, 0.10337138175964355, 0.0938720703125, 0.09555459022521973, 0.11568593978881836, 0.09950113296508789, 0.10352706909179688, 0.0880734920501709, 0.08338189125061035, 0.09371304512023926, 0.09983110427856445, 0.11537313461303711, 0.11344122886657715, 0.10091686248779297, 0.09884119033813477, 0.08992433547973633, 0.08710122108459473, 0.10703539848327637, 0.11844420433044434, 0.11188101768493652, 0.1290123462677002, 0.11414337158203125, 0.10053849220275879, 0.11878418922424316, 0.1283268928527832, 0.11623454093933105, 0.11761879920959473, 0.1118311882019043, 0.11179542541503906, 0.10260152816772461, 0.09730339050292969, 0.11131954193115234, 0.11189603805541992, 0.1017909049987793, 0.09727644920349121, 0.09621238708496094, 0.09557080268859863, 0.11786270141601562, 0.10939931869506836, 0.10100317001342773, 0.09355831146240234, 0.09683012962341309, 0.0881357192993164, 0.10430550575256348, 0.11912083625793457, 0.11605644226074219, 0.12150120735168457, 0.10636615753173828, 0.0926356315612793, 0.09415483474731445, 0.10357546806335449, 0.10394048690795898, 0.08753156661987305, 0.0869600772857666, 0.0916130542755127, 0.09831404685974121, 0.09826278686523438, 0.10568928718566895, 0.10379219055175781, 0.0896000862121582, 0.0923464298248291, 0.09330868721008301, 0.0894312858581543, 0.0923466682434082, 0.08702635765075684, 0.09090709686279297, 0.09669733047485352, 0.09578895568847656, 0.09980249404907227, 0.11015582084655762, 0.09827041625976562, 0.08096122741699219, 0.11183643341064453, 0.11218547821044922, 0.11447501182556152, 0.09955263137817383, 0.0827476978302002, 0.11831808090209961, 0.12216591835021973, 0.11767816543579102, 0.11629343032836914, 0.11046338081359863, 0.08682703971862793, 0.10577178001403809, 0.11690044403076172, 0.11238217353820801, 0.10459542274475098, 0.10651087760925293, 0.10715126991271973, 0.12951064109802246, 0.11759114265441895, 0.10302090644836426, 0.10603976249694824, 0.09314346313476562, 0.09499764442443848, 0.10459041595458984, 0.09491634368896484, 0.08824992179870605, 0.09216880798339844, 0.10868287086486816, 0.11261987686157227, 0.11033248901367188, 0.11613845825195312, 0.1188821792602539, 0.10436058044433594, 0.09738874435424805, 0.11006760597229004, 0.10142755508422852, 0.10412311553955078, 0.11118125915527344, 0.09423375129699707, 0.09244370460510254, 0.1112220287322998, 0.11462831497192383, 0.08907270431518555, 0.08385801315307617, 0.09070158004760742, 0.10537266731262207, 0.11256098747253418, 0.10080218315124512, 0.09094738960266113, 0.10308384895324707, 0.10393095016479492, 0.09577083587646484, 0.09892821311950684, 0.08524608612060547, 0.11214280128479004, 0.11614155769348145, 0.10484790802001953, 0.08983278274536133, 0.08567571640014648, 0.11078143119812012, 0.13278985023498535, 0.1103217601776123, 0.13174033164978027, 0.1079716682434082, 0.0930180549621582, 0.09321379661560059, 0.08688521385192871, 0.11975932121276855, 0.1107330322265625, 0.12179136276245117, 0.11122488975524902, 0.10761404037475586, 0.09182453155517578, 0.07646656036376953, 0.12003660202026367, 0.12650418281555176, 0.10823869705200195, 0.10714268684387207, 0.10696792602539062, 0.08073115348815918, 0.10845732688903809, 0.10983657836914062, 0.10665607452392578, 0.09471893310546875, 0.11498856544494629, 0.12781691551208496, 0.10667896270751953, 0.09669113159179688, 0.11066579818725586, 0.11074376106262207, 0.10714125633239746, 0.10074257850646973, 0.1010274887084961, 0.10059213638305664, 0.1013648509979248, 0.10458683967590332, 0.09238052368164062, 0.09056639671325684, 0.09407925605773926, 0.0889883041381836, 0.08548521995544434, 0.09236860275268555, 0.09162497520446777, 0.0864098072052002, 0.09383058547973633, 0.09855794906616211, 0.09673476219177246, 0.10182714462280273, 0.08472442626953125, 0.09353065490722656, 0.11963915824890137, 0.12071895599365234, 0.12428593635559082, 0.11010599136352539, 0.11515021324157715, 0.12223291397094727, 0.1056220531463623, 0.09803390502929688, 0.10257148742675781, 0.09261512756347656, 0.09438323974609375, 0.11716794967651367, 0.12616276741027832, 0.12404561042785645, 0.1167902946472168, 0.10959744453430176, 0.11542606353759766, 0.10142898559570312, 0.09595084190368652, 0.09855151176452637, 0.09764838218688965, 0.10283255577087402, 0.1141664981842041, 0.11459708213806152, 0.1228330135345459, 0.1089630126953125, 0.1037282943725586, 0.10854530334472656, 0.10706639289855957, 0.08231568336486816, 0.09874296188354492, 0.10626769065856934, 0.08543825149536133, 0.092498779296875, 0.09884524345397949, 0.0855712890625, 0.09566664695739746, 0.1099400520324707, 0.10949540138244629, 0.09419727325439453, 0.08419561386108398, 0.10146927833557129, 0.10152983665466309, 0.09093570709228516, 0.10862255096435547, 0.10296821594238281, 0.09127020835876465, 0.09323811531066895, 0.09571719169616699, 0.08840537071228027, 0.1131141185760498, 0.11776018142700195, 0.10076069831848145, 0.07883429527282715, 0.11922907829284668, 0.1150057315826416, 0.11892271041870117, 0.11150074005126953, 0.10642313957214355, 0.08578348159790039, 0.09139680862426758, 0.11609506607055664, 0.11005330085754395, 0.10838437080383301, 0.08806395530700684, 0.10304498672485352, 0.08550453186035156, 0.11880826950073242, 0.11840224266052246, 0.08427548408508301, 0.11288094520568848, 0.11657500267028809, 0.11275482177734375, 0.09963250160217285, 0.09177780151367188, 0.12338972091674805, 0.11667609214782715, 0.10196518898010254, 0.08857917785644531, 0.10788917541503906, 0.10897636413574219, 0.09549808502197266, 0.10289597511291504, 0.08578252792358398, 0.1200110912322998, 0.1223306655883789, 0.12099409103393555, 0.1145622730255127, 0.11380863189697266, 0.10478782653808594, 0.09121847152709961, 0.09362602233886719, 0.1023416519165039, 0.10122156143188477, 0.09841060638427734, 0.08942532539367676, 0.11655950546264648, 0.11453604698181152, 0.11909770965576172, 0.09993457794189453, 0.10033464431762695, 0.09511756896972656, 0.08979558944702148, 0.10712099075317383, 0.10729765892028809, 0.08902788162231445, 0.09760785102844238, 0.08841395378112793, 0.10506391525268555, 0.1144111156463623, 0.10306453704833984, 0.10073995590209961, 0.10046958923339844, 0.08825492858886719, 0.10705304145812988, 0.1161041259765625, 0.1055145263671875, 0.08743977546691895, 0.0911860466003418, 0.10765576362609863, 0.09580516815185547, 0.09244942665100098, 0.10718178749084473, 0.11492586135864258, 0.0876460075378418, 0.08579230308532715, 0.12131094932556152, 0.12104940414428711, 0.11238241195678711, 0.11701035499572754, 0.09965205192565918, 0.1020052433013916, 0.09525036811828613, 0.10071468353271484, 0.10364294052124023, 0.10308527946472168, 0.09322738647460938, 0.10451674461364746, 0.09183979034423828, 0.09375214576721191, 0.09889912605285645, 0.08955955505371094, 0.0871126651763916, 0.10489583015441895, 0.1141500473022461, 0.11346054077148438, 0.11656522750854492, 0.10927033424377441, 0.0981447696685791, 0.08468365669250488, 0.0948188304901123, 0.1077122688293457, 0.11353421211242676, 0.10790562629699707, 0.08871340751647949, 