{"ID": 2, "inference time": [9.667062520980835, 0.0688931941986084, 0.04840373992919922, 0.043830156326293945, 0.08668279647827148, 0.04814648628234863, 0.043283700942993164, 0.08091521263122559, 0.04989194869995117, 0.04430842399597168, 0.08252406120300293, 0.044574737548828125, 0.04226422309875488, 0.0858910083770752, 0.04619145393371582, 0.03885388374328613, 0.07798171043395996, 0.04461956024169922, 0.03848719596862793, 0.07680153846740723, 0.04418802261352539, 0.040042877197265625, 0.08029532432556152, 0.04621005058288574, 0.04125356674194336, 0.0830087661743164, 0.09293341636657715, 0.1539924144744873, 0.09017729759216309, 0.06508207321166992, 0.09404349327087402, 0.10225987434387207, 0.07121562957763672, 0.09164166450500488, 0.09824514389038086, 0.08409643173217773, 0.09313106536865234, 0.10322809219360352, 0.06995940208435059, 0.09291625022888184, 0.0988914966583252, 0.07349300384521484, 0.09155583381652832, 0.09395575523376465, 0.0726003646850586, 0.09346413612365723, 0.10243868827819824, 0.07574677467346191, 0.0949239730834961, 0.11180758476257324, 0.07264828681945801, 0.10780978202819824, 0.08567023277282715, 0.07253456115722656, 0.10658478736877441, 0.08310794830322266, 0.07375860214233398, 0.10813689231872559, 0.08173584938049316, 0.07625150680541992, 0.10338568687438965, 0.10082054138183594, 0.07384157180786133, 0.10538029670715332, 0.08455491065979004, 0.0731668472290039, 0.10746598243713379, 0.08229923248291016, 0.07339978218078613, 0.10771012306213379, 0.08203506469726562, 0.07605290412902832, 0.10771727561950684, 0.07846260070800781, 0.07632565498352051, 0.10605525970458984, 0.09048986434936523, 0.07384562492370605, 0.10837388038635254, 0.08259296417236328, 0.0691843032836914, 0.1069180965423584, 0.07763051986694336, 0.06879329681396484, 0.10775923728942871, 0.0835721492767334, 0.07339286804199219, 0.10662245750427246, 0.08092498779296875, 0.07386183738708496, 0.10848426818847656, 0.08247661590576172, 0.07364535331726074, 0.10609698295593262, 0.07806921005249023, 0.06877541542053223, 0.10515379905700684, 0.07889866828918457, 0.07014775276184082, 0.10685944557189941, 0.08333039283752441, 0.07341861724853516, 0.10679459571838379, 0.08173656463623047, 0.07317185401916504, 0.10712957382202148, 0.07641100883483887, 0.07786297798156738, 0.1083230972290039, 0.07618498802185059, 0.07713532447814941, 0.09831070899963379, 0.08978676795959473, 0.07264018058776855, 0.09135293960571289, 0.07880520820617676, 0.07336282730102539, 0.09914088249206543, 0.09511423110961914, 0.06985855102539062, 0.09816288948059082, 0.08992862701416016, 0.07199740409851074, 0.09360504150390625, 0.10186767578125, 0.0668492317199707, 0.09519815444946289, 0.09591817855834961, 0.07538151741027832, 0.09238696098327637, 0.0984649658203125, 0.07230019569396973, 0.09868407249450684, 0.09271693229675293, 0.07751941680908203, 0.09492921829223633, 0.09640026092529297, 0.06875991821289062, 0.10088396072387695, 0.10012555122375488, 0.06904077529907227, 0.09299159049987793, 0.09623074531555176, 0.07114458084106445, 0.09509611129760742, 0.09735584259033203, 0.08075499534606934, 0.08907246589660645, 0.09849405288696289, 0.0762643814086914, 0.0929403305053711, 0.09685492515563965, 0.07202506065368652, 0.09146356582641602, 0.09832930564880371, 0.07918715476989746, 0.09775543212890625, 0.10006070137023926, 0.07146644592285156, 0.09256649017333984, 0.10136961936950684, 0.06699252128601074, 0.09259867668151855, 0.09930729866027832, 0.07016372680664062, 0.09196329116821289, 0.09930920600891113, 0.06879663467407227, 0.09138298034667969, 0.10090994834899902, 0.07108187675476074, 0.09178900718688965, 0.10201430320739746, 0.07245874404907227, 0.09047889709472656, 0.10156774520874023, 0.0785067081451416, 0.0885000228881836, 0.09928202629089355, 0.06785988807678223, 0.09298539161682129, 0.10068678855895996, 0.06490635871887207, 0.09392499923706055, 0.10027146339416504, 0.07495260238647461, 0.09193158149719238, 0.09701967239379883, 0.07308340072631836, 0.09649896621704102, 0.09807753562927246, 0.06556200981140137, 0.09046125411987305, 0.09427857398986816, 0.0730597972869873, 0.09267807006835938, 0.09735727310180664, 0.06465935707092285, 0.09096169471740723, 0.09839010238647461, 0.06582927703857422, 0.09151697158813477, 0.09523177146911621, 0.0626986026763916, 0.08963584899902344, 0.09828019142150879, 0.06418085098266602, 0.0907902717590332, 0.0915977954864502, 0.07435822486877441, 0.09019970893859863, 0.10261416435241699, 0.06353235244750977, 0.08957433700561523, 0.09427428245544434, 0.06440973281860352, 0.08867263793945312, 0.0985560417175293, 0.05974864959716797, 0.09003829956054688, 0.09432315826416016, 0.07672381401062012, 0.0898127555847168, 0.09421491622924805, 0.07294344902038574, 0.0957643985748291, 0.09342551231384277, 0.07511186599731445, 0.09010529518127441, 0.09018325805664062, 0.06473302841186523, 0.09145951271057129, 0.09468984603881836, 0.0594332218170166, 0.0911567211151123, 0.09124374389648438, 0.05826377868652344, 0.08942961692810059, 0.09350204467773438, 0.06514835357666016, 0.0907740592956543, 0.08889627456665039, 0.05943417549133301, 0.08920955657958984, 0.08826875686645508, 0.0693962574005127, 0.08960819244384766, 0.09456133842468262, 0.06226968765258789, 0.09167337417602539, 0.09005165100097656, 0.07374405860900879, 0.09035444259643555, 0.09564423561096191, 0.06749987602233887, 0.09189271926879883, 0.09100604057312012, 0.06533145904541016, 0.09210968017578125, 0.09029340744018555, 0.07217073440551758, 0.09026145935058594, 0.09459209442138672, 0.06370377540588379, 0.08947992324829102, 0.08868026733398438, 0.07056331634521484, 0.08988356590270996, 0.08519840240478516, 0.07751345634460449, 0.08864879608154297, 0.09040236473083496, 0.06667590141296387, 0.08913397789001465, 0.09070110321044922, 0.06162071228027344, 0.09137558937072754, 0.08410167694091797, 0.06722140312194824, 0.09742045402526855, 0.08573508262634277, 0.06075263023376465, 0.09114646911621094, 0.08608746528625488, 0.07277607917785645, 0.09086465835571289, 0.08711767196655273, 0.06738066673278809, 0.08902120590209961, 0.0836634635925293, 0.06401205062866211, 0.08951187133789062, 0.08809137344360352, 0.07414031028747559, 0.08923721313476562, 0.08726048469543457, 0.07349634170532227, 0.09026718139648438, 0.08954381942749023, 0.06418395042419434, 0.09076070785522461, 0.08550739288330078, 0.06802630424499512, 0.0889749526977539, 0.0875239372253418, 0.06868648529052734, 0.08884620666503906, 0.08712506294250488, 0.0740964412689209, 0.08977413177490234, 0.08864951133728027, 0.06093406677246094, 0.08968448638916016, 0.08904838562011719, 0.05873703956604004, 0.09069061279296875, 0.08858990669250488, 0.05660247802734375, 0.08914923667907715, 0.08397984504699707, 0.08476543426513672, 0.09013533592224121, 0.08561038970947266, 0.06093096733093262, 0.08943724632263184, 0.08753585815429688, 0.057845115661621094, 0.08887910842895508, 0.08450198173522949, 0.06428885459899902, 0.08867430686950684, 0.08803796768188477, 0.06103014945983887, 0.09031939506530762, 0.08487844467163086, 0.06283283233642578, 0.09078645706176758, 0.0827627182006836, 0.07552552223205566, 0.08914303779602051, 0.08514070510864258, 0.07567071914672852, 0.08970093727111816, 0.08298015594482422, 0.0590212345123291, 0.08949923515319824, 0.08397245407104492, 0.07926130294799805, 0.09062886238098145, 0.08094167709350586, 0.07961440086364746, 0.0896296501159668, 0.08460688591003418, 0.0777735710144043, 0.09198856353759766, 0.07978034019470215, 0.07988977432250977, 0.09107804298400879, 0.07940173149108887, 0.07167363166809082, 0.08943581581115723, 0.08264446258544922, 0.07985115051269531, 0.08901858329772949, 0.07995033264160156, 0.07119393348693848, 0.08793258666992188, 0.07889437675476074, 0.06541562080383301, 0.0874779224395752, 0.0787818431854248, 0.06380629539489746, 0.08646011352539062, 0.08242344856262207, 0.06085920333862305, 0.08344435691833496, 0.08444380760192871, 0.05588197708129883, 0.08710360527038574, 0.06180000305175781, 0.05781126022338867, 