{"ID": 5, "inference time": [0.25367212295532227, 0.2226269245147705, 0.24489831924438477, 0.22166824340820312, 0.2229461669921875, 0.21153879165649414, 0.23922967910766602, 0.2427198886871338, 0.20932340621948242, 0.2718503475189209, 0.21893095970153809, 0.20570731163024902, 0.28786492347717285, 0.22882914543151855, 0.22481656074523926, 0.23927569389343262, 0.20711302757263184, 0.2605907917022705, 0.20299673080444336, 0.27539801597595215, 0.22586488723754883, 0.2200164794921875, 0.24507379531860352, 0.20018649101257324, 0.2759265899658203, 0.21449899673461914, 0.24294185638427734, 0.299652099609375, 0.25758910179138184, 0.2097148895263672, 0.21880340576171875, 0.29341602325439453, 0.27512264251708984, 0.2151646614074707, 0.315540075302124, 0.3161349296569824, 0.27107763290405273, 0.2619922161102295, 0.2473921775817871, 0.2838907241821289, 0.29820990562438965, 0.2799570560455322, 0.2170860767364502, 0.2609851360321045, 0.2202448844909668, 0.30016112327575684, 0.24939632415771484, 0.2731902599334717, 0.24866771697998047, 0.29393434524536133, 0.33138227462768555, 0.3433389663696289, 0.33922719955444336, 0.29086756706237793, 0.28023529052734375, 0.2470536231994629, 0.2289271354675293, 0.21246719360351562, 0.24265098571777344, 0.26439452171325684, 0.3011503219604492, 0.2374706268310547, 0.2550539970397949, 0.25828981399536133, 0.26041531562805176, 0.2455434799194336, 0.2670729160308838, 0.24234580993652344, 0.26566529273986816, 0.2570953369140625, 0.23105597496032715, 0.2895040512084961, 0.2789433002471924, 0.2677741050720215, 0.2285611629486084, 0.3022017478942871, 0.31633973121643066, 0.32536983489990234, 0.3336050510406494, 0.3223378658294678, 0.3358449935913086, 0.3361647129058838, 0.3405752182006836, 0.30150842666625977, 0.24886393547058105, 0.2326676845550537, 0.2643852233886719, 0.25193238258361816, 0.2233266830444336, 0.2718648910522461, 0.22899913787841797, 0.27257728576660156, 0.2852182388305664, 0.25653576850891113, 0.27251243591308594, 0.2626924514770508, 0.26068782806396484, 0.2487647533416748, 0.28150320053100586, 0.2297205924987793, 0.2685997486114502, 0.21552562713623047, 0.2599945068359375, 0.24071764945983887, 0.26053881645202637, 0.24671268463134766, 0.22657370567321777, 0.24091315269470215, 0.27329063415527344, 0.26868557929992676, 0.26349425315856934, 0.2202303409576416, 0.2663135528564453, 0.24889111518859863, 0.24616026878356934, 0.22977948188781738, 0.2609574794769287, 0.21529126167297363, 0.2842140197753906, 0.256075382232666, 0.20157480239868164, 0.2532186508178711, 0.27176713943481445, 0.259899377822876, 0.24972796440124512, 0.26885437965393066, 0.22958993911743164, 0.26967597007751465, 0.23405694961547852, 0.2519874572753906, 0.24223566055297852, 0.2463371753692627, 0.2728385925292969, 0.2543649673461914, 0.23048806190490723, 0.282879114151001, 0.21958494186401367, 0.26663827896118164, 0.23445630073547363, 0.2602424621582031, 0.26444196701049805, 0.2808094024658203, 0.24633550643920898, 0.25384521484375, 0.2582733631134033, 0.24621248245239258, 0.21835947036743164, 0.27857184410095215, 0.2399909496307373, 0.2779428958892822, 0.2550811767578125, 0.24748873710632324, 0.26662707328796387, 0.241943359375, 0.25116658210754395, 0.2446730136871338, 0.2806246280670166, 0.2757265567779541, 0.25327014923095703, 0.24256134033203125, 0.2713167667388916, 0.25932979583740234, 0.2554001808166504, 0.25408315658569336, 0.2625160217285156, 0.2337179183959961, 0.2807025909423828, 0.2458195686340332, 0.28377270698547363, 0.3094756603240967, 0.28702878952026367, 0.26509952545166016, 0.2118527889251709, 0.25700926780700684, 0.2795853614807129, 0.2574648857116699, 0.29915332794189453, 0.3138730525970459, 0.3074769973754883, 0.34006452560424805, 0.3563964366912842, 0.29860782623291016, 0.23540854454040527, 0.20631074905395508, 0.26417016983032227, 0.24056434631347656, 0.23111844062805176, 0.2544286251068115, 0.2220616340637207, 0.26181864738464355, 0.2138049602508545, 0.2685661315917969, 0.23588848114013672, 0.22006654739379883, 0.25396275520324707, 0.24669981002807617, 0.23474931716918945, 0.24057435989379883, 0.23440909385681152, 0.22631239891052246, 0.2169051170349121, 0.21528291702270508, 0.2332751750946045, 0.24076557159423828, 0.22885608673095703, 0.2022993564605713, 0.2717437744140625, 0.21894145011901855, 0.26226234436035156, 0.26198554039001465, 0.23376703262329102, 0.2132112979888916, 0.24918341636657715, 0.22540950775146484, 0.24515891075134277, 0.23504233360290527, 0.21848392486572266, 0.24923920631408691, 0.23036956787109375, 0.20138907432556152, 0.23446917533874512, 0.23367762565612793, 0.20086193084716797, 0.25064992904663086, 0.20755577087402344, 0.23774099349975586, 0.23972296714782715, 0.2283926010131836, 0.216705322265625, 0.23286700248718262, 0.20781159400939941, 0.2850513458251953, 0.27907752990722656, 0.2836952209472656, 0.30123066902160645, 0.3153972625732422, 0.3337552547454834, 0.29984188079833984, 0.2566704750061035, 0.23502421379089355, 0.2305617332458496, 0.28316807746887207, 0.29529476165771484, 0.3024146556854248, 0.2848021984100342, 0.29069018363952637, 0.25339436531066895, 0.25512146949768066, 0.24577879905700684, 0.2522704601287842, 0.25783562660217285, 0.25049376487731934, 0.2649657726287842, 0.27086973190307617, 0.23387455940246582, 0.25768613815307617, 0.21653366088867188, 0.2473287582397461, 0.26163196563720703, 0.24938106536865234, 0.23485136032104492, 0.27525758743286133, 0.24049901962280273, 0.24173235893249512, 0.23109912872314453, 0.2696964740753174, 0.25418543815612793, 0.2527487277984619, 0.22301959991455078, 0.25429272651672363, 0.23760652542114258, 0.2648022174835205, 0.21610808372497559, 0.2522006034851074, 0.24195647239685059, 0.2199563980102539, 0.24752473831176758, 0.25606465339660645, 0.22352290153503418, 0.26602911949157715, 0.26696062088012695, 0.24783897399902344, 0.24221372604370117, 0.26394224166870117, 0.24155259132385254, 0.23328113555908203, 0.24669241905212402, 0.2215735912322998, 0.23895668983459473, 0.20479583740234375, 0.2615034580230713, 0.242600679397583, 0.2471776008605957, 0.2512691020965576, 0.2687554359436035, 0.2535991668701172, 0.2376105785369873, 0.24248623847961426, 0.2529635429382324, 0.2288987636566162, 0.2689979076385498, 0.22939014434814453, 0.27301478385925293, 0.256497859954834, 0.24493670463562012, 0.2609384059906006, 0.2627871036529541, 0.23804640769958496, 0.23819375038146973, 0.26679491996765137, 0.2581043243408203, 0.23987245559692383, 0.26759910583496094, 0.2357320785522461, 0.2430272102355957, 0.22159862518310547, 0.26991963386535645, 0.2220172882080078, 0.2609097957611084, 0.21632933616638184, 0.27765345573425293, 0.2994351387023926, 0.31731462478637695, 0.309049129486084, 0.31729745864868164, 0.32360124588012695, 0.32651352882385254, 0.3092925548553467, 0.3022136688232422, 0.2915468215942383, 0.2586843967437744, 0.27638673782348633, 0.2618293762207031, 0.32016944885253906, 0.29105114936828613, 0.2919926643371582, 0.30640292167663574, 0.29338836669921875, 0.2811737060546875, 0.27049756050109863, 0.3138277530670166, 0.3342113494873047, 0.330031156539917, 0.29080867767333984, 0.31436777114868164, 0.32887792587280273, 0.38037967681884766, 0.34920239448547363, 0.3158550262451172, 0.3348217010498047, 0.33300018310546875, 0.340287446975708, 0.26022863388061523, 0.3682115077972412, 0.3194913864135742, 0.28458476066589355, 0.25731468200683594, 0.21095585823059082, 0.2581911087036133, 0.2613224983215332, 0.2281627655029297, 0.19951844215393066, 0.24533748626708984, 0.22526288032531738, 0.22952914237976074, 0.21007466316223145, 0.2490694522857666, 0.20386433601379395, 0.25050783157348633, 0.2315065860748291, 0.21674752235412598, 0.2808504104614258, 0.27399349212646484, 0.24759650230407715, 0.26157116889953613, 0.2844679355621338, 0.25541234016418457, 0.21318674087524414, 0.26453733444213867, 0.2735927104949951, 0.2733135223388672, 0.27165651321411133, 0.21634721755981445, 0.20648980140686035, 0.27431511878967285, 0.2506418228149414, 0.21337676048278809, 