{"ID": 7, "inference time": [12.120833396911621, 0.19473528861999512, 0.08087635040283203, 0.12230157852172852, 0.10267806053161621, 0.0820469856262207, 0.1144406795501709, 0.1289372444152832, 0.08629488945007324, 0.11731982231140137, 0.10866117477416992, 0.09701395034790039, 0.1281890869140625, 0.09961771965026855, 0.08162403106689453, 0.16171813011169434, 0.11371588706970215, 0.08669495582580566, 0.12350010871887207, 0.1344141960144043, 0.08621335029602051, 0.13969707489013672, 0.09961295127868652, 0.09046769142150879, 0.1292405128479004, 0.12648439407348633, 0.07518649101257324, 0.13866639137268066, 0.1072854995727539, 0.08667373657226562, 0.1446826457977295, 0.11178827285766602, 0.0912485122680664, 0.13053274154663086, 0.1446981430053711, 0.08523988723754883, 0.12084341049194336, 0.12027597427368164, 0.09796619415283203, 0.138230562210083, 0.10896992683410645, 0.09022116661071777, 0.13055682182312012, 0.1411595344543457, 0.08624935150146484, 0.13112545013427734, 0.1131734848022461, 0.09765863418579102, 0.12749505043029785, 0.1467597484588623, 0.08394289016723633, 0.14310836791992188, 0.11326384544372559, 0.09356999397277832, 0.14313292503356934, 0.14883899688720703, 0.09057879447937012, 0.12445974349975586, 0.13361144065856934, 0.09781098365783691, 0.13660669326782227, 0.15924358367919922, 0.09364962577819824, 0.12863564491271973, 0.13399243354797363, 0.08569788932800293, 0.14071011543273926, 0.10410571098327637, 0.09602570533752441, 0.12916350364685059, 0.12569451332092285, 0.09364986419677734, 0.1397690773010254, 0.1342153549194336, 0.09592556953430176, 0.12922406196594238, 0.14227938652038574, 0.08084511756896973, 0.1449878215789795, 0.10739755630493164, 0.09961414337158203, 0.12843656539916992, 0.1533212661743164, 0.08982181549072266, 0.14038372039794922, 0.09240126609802246, 0.0868678092956543, 0.13077950477600098, 0.14628100395202637, 0.08841896057128906, 0.13009428977966309, 0.13036894798278809, 0.09036064147949219, 0.13583707809448242, 0.12397909164428711, 0.09337854385375977, 0.13154268264770508, 0.12491106986999512, 0.09967470169067383, 0.13657259941101074, 0.10370826721191406, 0.09208202362060547, 0.13012290000915527, 0.132948637008667, 0.08191823959350586, 0.13999271392822266, 0.10753393173217773, 0.09557366371154785, 0.13466501235961914, 0.1339571475982666, 0.09290027618408203, 0.13953042030334473, 0.11335229873657227, 0.0987861156463623, 0.13447928428649902, 0.1390244960784912, 0.08550572395324707, 0.1379404067993164, 0.12724685668945312, 0.09415149688720703, 0.13237214088439941, 0.15377092361450195, 0.095550537109375, 0.12792587280273438, 0.13814306259155273, 0.08571028709411621, 0.13934707641601562, 0.12432527542114258, 0.09423685073852539, 0.1302940845489502, 0.13844776153564453, 0.0879054069519043, 0.13719463348388672, 0.10183072090148926, 0.0922853946685791, 0.1260850429534912, 0.1229712963104248, 0.09625053405761719, 0.14026761054992676, 0.13303875923156738, 0.0932929515838623, 0.1327519416809082, 0.1384282112121582, 0.09771251678466797, 0.14050769805908203, 0.10569357872009277, 0.09184622764587402, 0.1203470230102539, 0.14033126831054688, 0.08647751808166504, 0.13840866088867188, 0.09916090965270996, 0.10005831718444824, 0.13489198684692383, 0.13570356369018555, 0.08676481246948242, 0.12422823905944824, 0.10842585563659668, 0.09321284294128418, 0.13371562957763672, 0.1347212791442871, 0.08163785934448242, 0.13999223709106445, 0.09886765480041504, 0.09198188781738281, 0.1303858757019043, 0.13412976264953613, 0.08413195610046387, 0.13934850692749023, 0.10814166069030762, 0.09717702865600586, 0.13268756866455078, 0.1451871395111084, 0.0883798599243164, 0.12157106399536133, 0.1229712963104248, 0.08014655113220215, 0.13694286346435547, 0.10278534889221191, 0.0971531867980957, 0.13704991340637207, 0.14739036560058594, 0.08538579940795898, 0.13621044158935547, 0.09969329833984375, 0.09473586082458496, 0.13345599174499512, 0.14314913749694824, 0.0875241756439209, 0.12294197082519531, 0.0950160026550293, 0.09998011589050293, 0.13599371910095215, 0.1415390968322754, 0.08625364303588867, 0.13655805587768555, 0.10977053642272949, 0.09315085411071777, 0.13159894943237305, 0.1470475196838379, 0.09022164344787598, 0.134476900100708, 0.08053350448608398, 0.09638571739196777, 0.1306324005126953, 0.14580965042114258, 0.08695626258850098, 0.13433265686035156, 0.10549330711364746, 0.09434628486633301, 0.13522696495056152, 0.15663838386535645, 0.09273147583007812, 0.11647295951843262, 0.13392233848571777, 0.09084033966064453, 0.1189732551574707, 0.12943601608276367, 0.08152961730957031, 0.13790535926818848, 0.1135108470916748, 0.0973351001739502, 0.1340343952178955, 0.14580965042114258, 0.0866694450378418, 0.13845014572143555, 0.0962836742401123, 0.09381675720214844, 0.1272578239440918, 0.1300365924835205, 0.08275413513183594, 0.1368398666381836, 0.10954880714416504, 0.09634041786193848, 0.12408733367919922, 0.1318662166595459, 0.08243513107299805, 0.13282108306884766, 0.09387660026550293, 0.09627962112426758, 0.13219332695007324, 0.13291144371032715, 0.0767819881439209, 0.13971281051635742, 0.1088552474975586, 0.09733152389526367, 0.1361379623413086, 0.14549803733825684, 0.0941011905670166, 0.1262354850769043, 0.12154412269592285, 0.09711503982543945, 0.13927507400512695, 0.12257957458496094, 0.08809185028076172, 0.13781213760375977, 0.10118627548217773, 0.09011340141296387, 0.1300063133239746, 0.12250828742980957, 0.09078741073608398, 0.13038897514343262, 0.13875293731689453, 0.0857088565826416, 0.1419224739074707, 0.09384489059448242, 0.09283566474914551, 0.13559627532958984, 0.1308608055114746, 0.09792923927307129, 0.12945318222045898, 0.14008641242980957, 0.0973360538482666, 0.11464047431945801, 0.1325840950012207, 0.10650038719177246, 0.1431436538696289, 0.0990300178527832, 0.09547758102416992, 0.13050270080566406, 0.14443659782409668, 0.09529542922973633, 0.1262502670288086, 0.14122724533081055, 0.09026241302490234, 0.14007925987243652, 0.09807300567626953, 0.09806013107299805, 0.13187479972839355, 0.13959956169128418, 0.09527087211608887, 0.11813116073608398, 0.12801694869995117, 0.1054067611694336, 0.1482851505279541, 0.10272383689880371, 0.09765028953552246, 0.1398613452911377, 0.12083888053894043, 0.09712505340576172, 0.14604401588439941, 0.1414656639099121, 0.08533287048339844, 0.14107179641723633, 0.1153266429901123, 0.09975504875183105, 0.13353371620178223, 0.153717041015625, 0.08868265151977539, 0.13348722457885742, 0.10576176643371582, 0.10166335105895996, 0.12963652610778809, 0.1406419277191162, 0.08833193778991699, 0.13515424728393555, 0.10396504402160645, 0.09838271141052246, 0.13867974281311035, 0.14565587043762207, 0.08595538139343262, 0.14183282852172852, 0.09244656562805176, 0.0970768928527832, 0.13507437705993652, 0.1378498077392578, 0.09944295883178711, 0.12579751014709473, 0.12265324592590332, 0.08569025993347168, 0.1387169361114502, 0.1118462085723877, 0.10202860832214355, 0.1382613182067871, 0.13364481925964355, 0.08790302276611328, 0.14209580421447754, 0.0993340015411377, 0.09262251853942871, 0.13182735443115234, 0.12299180030822754, 0.0949249267578125, 0.1448352336883545, 0.10662531852722168, 0.09521174430847168, 0.12567353248596191, 0.1246795654296875, 0.09294724464416504, 0.14290499687194824, 0.10864639282226562, 0.09483456611633301, 0.1298229694366455, 0.12320995330810547, 0.09549307823181152, 0.14332365989685059, 0.1420445442199707, 0.09386110305786133, 0.1366124153137207, 0.10934114456176758, 0.09487152099609375, 0.12902069091796875, 0.11097407341003418, 0.08918499946594238, 0.13615751266479492, 0.13233637809753418, 0.08145952224731445, 0.14311885833740234, 0.1057436466217041, 0.09543251991271973, 0.1365058422088623, 0.14961028099060059, 0.08771800994873047, 0.14290428161621094, 0.10471439361572266, 0.09690356254577637, 0.12884759902954102, 0.13669538497924805, 0.09163236618041992, 0.1427295207977295, 0.09648442268371582, 0.090545654296875, 0.13270902633666992, 0.11609172821044922, 0.09641051292419434, 