{"ID": 7, "inference time": [15.9721097946167, 0.28983068466186523, 0.2516505718231201, 0.07109475135803223, 0.14648914337158203, 0.22098088264465332, 0.07172298431396484, 0.15143251419067383, 0.2164154052734375, 0.07265329360961914, 0.1515655517578125, 0.22454404830932617, 0.06948351860046387, 0.14642786979675293, 0.21883082389831543, 0.067962646484375, 0.151261568069458, 0.22264742851257324, 0.07921361923217773, 0.16327238082885742, 0.23386931419372559, 0.07348060607910156, 0.16266894340515137, 0.22545218467712402, 0.08040642738342285, 0.16312313079833984, 0.23026084899902344, 0.07498621940612793, 0.16168785095214844, 0.23039960861206055, 0.08728647232055664, 0.1452791690826416, 0.22841644287109375, 0.07140803337097168, 0.14952516555786133, 0.22529339790344238, 0.072845458984375, 0.15276384353637695, 0.2254023551940918, 0.06871438026428223, 0.1491248607635498, 0.2196033000946045, 0.07178092002868652, 0.1445302963256836, 0.21498703956604004, 0.07296252250671387, 0.1460878849029541, 0.22592425346374512, 0.08393049240112305, 0.15102052688598633, 0.22975873947143555, 0.07073807716369629, 0.15992069244384766, 0.22780585289001465, 0.08153223991394043, 0.1496725082397461, 0.23580503463745117, 0.0823369026184082, 0.1525256633758545, 0.22325873374938965, 0.07844376564025879, 0.15078306198120117, 0.22568821907043457, 0.08053207397460938, 0.15000295639038086, 0.22274017333984375, 0.0714876651763916, 0.1401658058166504, 0.22313284873962402, 0.09507155418395996, 0.15724658966064453, 0.22836065292358398, 0.0799705982208252, 0.14517712593078613, 0.23395347595214844, 0.07811832427978516, 0.14673924446105957, 0.2187180519104004, 0.0699162483215332, 0.15173745155334473, 0.22738099098205566, 0.07063794136047363, 0.14042305946350098, 0.21404194831848145, 0.07698535919189453, 0.15506601333618164, 0.2261052131652832, 0.09641408920288086, 0.14323210716247559, 0.2271568775177002, 0.08905720710754395, 0.14464616775512695, 0.2286524772644043, 0.08927679061889648, 0.1552743911743164, 0.2239370346069336, 0.08333063125610352, 0.15676569938659668, 0.22693967819213867, 0.08173012733459473, 0.14767217636108398, 0.22785687446594238, 0.09841775894165039, 0.1518235206604004, 0.22295904159545898, 0.0760648250579834, 0.14509844779968262, 0.2295238971710205, 0.07067227363586426, 0.14353179931640625, 0.22299838066101074, 0.07131505012512207, 0.1474010944366455, 0.22267937660217285, 0.07855081558227539, 0.14428043365478516, 0.22239923477172852, 0.07666206359863281, 0.14875292778015137, 0.22320270538330078, 0.07141613960266113, 0.14583683013916016, 0.22708916664123535, 0.10005354881286621, 0.14943265914916992, 0.22333478927612305, 0.07985353469848633, 0.14316606521606445, 0.22489571571350098, 0.07604217529296875, 0.15630388259887695, 0.22789406776428223, 0.09746789932250977, 0.15950942039489746, 0.2297670841217041, 0.07503700256347656, 0.14655756950378418, 0.22591185569763184, 0.07764673233032227, 0.144364595413208, 0.23102092742919922, 0.0725092887878418, 0.15117573738098145, 0.2252030372619629, 0.08424496650695801, 0.1520528793334961, 0.22329926490783691, 0.07907247543334961, 0.14581584930419922, 0.2253127098083496, 0.07075691223144531, 0.1569688320159912, 0.22762799263000488, 0.08257079124450684, 0.1537647247314453, 0.2254655361175537, 0.08318805694580078, 0.1539442539215088, 0.2247309684753418, 0.08027315139770508, 0.15219855308532715, 0.22323226928710938, 0.0697474479675293, 0.1427903175354004, 0.22148466110229492, 0.08678507804870605, 0.15228867530822754, 0.2221236228942871, 0.07443857192993164, 0.14500856399536133, 0.224503755569458, 0.0770270824432373, 0.13870882987976074, 0.2265312671661377, 0.08030939102172852, 0.1465001106262207, 0.21946358680725098, 0.07668423652648926, 0.15479707717895508, 0.22590255737304688, 0.07730960845947266, 0.15586256980895996, 0.2172238826751709, 0.0724172592163086, 0.15275001525878906, 0.22301316261291504, 0.07266569137573242, 0.15094780921936035, 0.22800588607788086, 0.08877015113830566, 0.1603238582611084, 0.22391724586486816, 0.07280397415161133, 0.14552855491638184, 0.21859073638916016, 0.07306456565856934, 0.14567279815673828, 0.2380216121673584, 0.07746434211730957, 0.14457368850708008, 0.2235734462738037, 0.07872414588928223, 0.1429147720336914, 0.2219407558441162, 0.06992101669311523, 0.14716076850891113, 0.22275304794311523, 0.08568024635314941, 0.15656805038452148, 0.23038554191589355, 0.0813136100769043, 0.15584850311279297, 0.22523236274719238, 0.07427167892456055, 0.15039587020874023, 0.22164344787597656, 0.07116031646728516, 0.1473994255065918, 0.22514557838439941, 0.0769655704498291, 0.1561753749847412, 0.22864222526550293, 0.07690668106079102, 0.15831947326660156, 0.21976590156555176, 0.09230709075927734, 0.14532899856567383, 0.21346616744995117, 0.0783839225769043, 0.14893698692321777, 0.22275924682617188, 0.07473921775817871, 0.1472480297088623, 0.2251906394958496, 0.07428812980651855, 0.14751625061035156, 0.22311162948608398, 0.0718696117401123, 0.1524372100830078, 0.2194976806640625, 0.07814216613769531, 0.15430092811584473, 0.23208260536193848, 0.09660601615905762, 0.15792036056518555, 0.22672343254089355, 0.09552145004272461, 0.14886140823364258, 0.2250838279724121, 0.07354855537414551, 0.14637184143066406, 0.2237236499786377, 0.07321834564208984, 0.14685535430908203, 0.2250354290008545, 0.07243871688842773, 0.14581942558288574, 0.22298836708068848, 0.0730750560760498, 0.1296241283416748, 0.22120165824890137, 0.0784597396850586, 0.1334385871887207, 0.22298383712768555, 0.08323287963867188, 0.14392876625061035, 0.23912382125854492, 0.08121204376220703, 0.15421271324157715, 0.23094797134399414, 0.08223628997802734, 0.15773487091064453, 0.2304842472076416, 0.08651399612426758, 0.15525531768798828, 0.22726702690124512, 0.0978233814239502, 0.1582655906677246, 0.22606658935546875, 0.08012056350708008, 0.1495959758758545, 0.2253589630126953, 0.07366752624511719, 0.13342523574829102, 0.21572136878967285, 0.07390022277832031, 0.15564870834350586, 0.22174072265625, 0.07102417945861816, 0.1379561424255371, 0.2250957489013672, 0.07235383987426758, 0.14074993133544922, 0.23164629936218262, 0.07821512222290039, 0.13645625114440918, 0.22200489044189453, 0.07155251502990723, 0.1465895175933838, 0.2247023582458496, 0.0724039077758789, 0.1391146183013916, 0.22330665588378906, 0.07574796676635742, 0.141937255859375, 0.22433042526245117, 0.0737302303314209, 0.15380311012268066, 0.22416186332702637, 0.07351851463317871, 0.13680243492126465, 0.22252559661865234, 0.0729990005493164, 0.13133668899536133, 0.22664809226989746, 0.07911801338195801, 0.1469731330871582, 0.22852563858032227, 0.08122634887695312, 0.1401364803314209, 0.22374629974365234, 0.07220840454101562, 0.14633727073669434, 0.23160243034362793, 0.08810257911682129, 0.13800406455993652, 0.22599101066589355, 0.07045102119445801, 0.134901762008667, 0.2152087688446045, 0.07248997688293457, 0.1323096752166748, 0.2222728729248047, 0.07315444946289062, 0.13555908203125, 0.21405816078186035, 0.07077813148498535, 0.12979364395141602, 0.21675658226013184, 0.07538199424743652, 0.1370255947113037, 0.21425151824951172, 0.07084083557128906, 0.13369107246398926, 0.21284270286560059, 0.07154607772827148, 0.14027190208435059, 0.21889829635620117, 0.07163524627685547, 0.14379358291625977, 0.227797269821167, 0.0799264907836914, 0.14014267921447754, 0.21286368370056152, 0.07112336158752441, 0.13892006874084473, 0.22500848770141602, 0.08458375930786133, 0.1518259048461914, 0.23477435111999512, 0.08285975456237793, 0.15340542793273926, 0.22829031944274902, 0.08252620697021484, 0.14544153213500977, 0.2229921817779541, 0.07157540321350098, 0.13267803192138672, 0.22075843811035156, 0.071533203125, 0.1306145191192627, 0.21244597434997559, 0.07345175743103027, 0.1374034881591797, 0.2153017520904541, 0.07297420501708984, 0.14240670204162598, 0.21794915199279785, 0.08408069610595703, 0.1335163116455078, 0.21677041053771973, 0.07369613647460938, 0.13418030738830566, 0.21802020072937012, 0.07581019401550293, 