{"ID": 5, "inference time": [13.876534461975098, 0.12573981285095215, 0.1684260368347168, 0.08669400215148926, 0.1379861831665039, 0.1835789680480957, 0.08871197700500488, 0.14938116073608398, 0.28198766708374023, 0.2731044292449951, 0.1936502456665039, 0.19199824333190918, 0.11250805854797363, 0.1822829246520996, 0.19290447235107422, 0.1148068904876709, 0.18209195137023926, 0.19654393196105957, 0.11722993850708008, 0.18244314193725586, 0.188032865524292, 0.11694455146789551, 0.17777705192565918, 0.19188785552978516, 0.12354230880737305, 0.18194293975830078, 0.1922752857208252, 0.11869049072265625, 0.1853654384613037, 0.19145798683166504, 0.12651538848876953, 0.18682336807250977, 0.18961811065673828, 0.12680649757385254, 0.18518710136413574, 0.19556784629821777, 0.12310528755187988, 0.20749139785766602, 0.19493770599365234, 0.1226959228515625, 0.1952345371246338, 0.19359755516052246, 0.11907839775085449, 0.1998000144958496, 0.19078660011291504, 0.12133479118347168, 0.19029855728149414, 0.194610595703125, 0.12243175506591797, 0.19543075561523438, 0.18767690658569336, 0.12252068519592285, 0.19399070739746094, 0.18457531929016113, 0.12653279304504395, 0.1852707862854004, 0.18561267852783203, 0.11785769462585449, 0.18413662910461426, 0.18932175636291504, 0.1275496482849121, 0.18273448944091797, 0.18595576286315918, 0.12426137924194336, 0.19408106803894043, 0.18317580223083496, 0.1212625503540039, 0.1820979118347168, 0.1913611888885498, 0.1302478313446045, 0.18488740921020508, 0.1901838779449463, 0.1234292984008789, 0.1822824478149414, 0.1920006275177002, 0.11925768852233887, 0.1809101104736328, 0.20201778411865234, 0.13146519660949707, 0.1809101104736328, 0.18513250350952148, 0.11511421203613281, 0.19014668464660645, 0.1865847110748291, 0.12243247032165527, 0.18341469764709473, 0.18329405784606934, 0.12339210510253906, 0.18675565719604492, 0.19124436378479004, 0.11692619323730469, 0.18364787101745605, 0.18547868728637695, 0.1162104606628418, 0.1914355754852295, 0.18699216842651367, 0.12752985954284668, 0.18325114250183105, 0.19024157524108887, 0.12871551513671875, 0.19829845428466797, 0.19369983673095703, 0.13893771171569824, 0.2015526294708252, 0.19041037559509277, 0.12315082550048828, 0.18233418464660645, 0.1862645149230957, 0.12619423866271973, 0.19695425033569336, 0.19594550132751465, 0.1335158348083496, 0.19104671478271484, 0.20133304595947266, 0.11925053596496582, 0.18119072914123535, 0.18848276138305664, 0.12580275535583496, 0.19441485404968262, 0.19685673713684082, 0.1274242401123047, 0.17973661422729492, 0.19439935684204102, 0.12707018852233887, 0.1823270320892334, 0.18602967262268066, 0.12077903747558594, 0.18190240859985352, 0.19127655029296875, 0.1328723430633545, 0.19402241706848145, 0.20144987106323242, 0.11727476119995117, 0.18297100067138672, 0.19069480895996094, 0.13634681701660156, 0.19722390174865723, 0.1893320083618164, 0.14075160026550293, 0.20061230659484863, 0.19910478591918945, 0.12917470932006836, 0.184950590133667, 0.18584084510803223, 0.1271800994873047, 0.1980571746826172, 0.18781471252441406, 0.1280367374420166, 0.19089889526367188, 0.18644094467163086, 0.12822747230529785, 0.18877482414245605, 0.18121075630187988, 0.1318526268005371, 0.18985795974731445, 0.18326520919799805, 0.12874388694763184, 0.18481040000915527, 0.18891382217407227, 0.12782931327819824, 0.17901134490966797, 0.18252778053283691, 0.13027477264404297, 0.18419098854064941, 0.18528175354003906, 0.13572025299072266, 0.1891617774963379, 0.18857336044311523, 0.12246537208557129, 0.19007563591003418, 0.18444538116455078, 0.1241452693939209, 0.18433761596679688, 0.18982768058776855, 0.12480282783508301, 0.18067288398742676, 0.18536972999572754, 0.1196136474609375, 0.18896746635437012, 0.18685221672058105, 0.12366628646850586, 0.18093037605285645, 0.18625211715698242, 0.13385009765625, 0.17859268188476562, 0.1878807544708252, 0.12597966194152832, 0.19326090812683105, 0.19651174545288086, 0.1322340965270996, 0.1939682960510254, 0.18325233459472656, 0.13530206680297852, 0.1865677833557129, 0.18373465538024902, 0.13369274139404297, 0.18229126930236816, 0.18862175941467285, 0.13538026809692383, 0.18889546394348145, 0.18481230735778809, 0.12955141067504883, 0.1842176914215088, 0.18544626235961914, 0.1226952075958252, 0.18375134468078613, 0.19219207763671875, 0.13435721397399902, 0.18497943878173828, 0.1844630241394043, 0.12584662437438965, 0.18985652923583984, 0.18874573707580566, 0.12942171096801758, 0.18357467651367188, 0.19716978073120117, 0.12335991859436035, 0.1787431240081787, 0.18709611892700195, 0.12789559364318848, 0.19210028648376465, 0.18631839752197266, 0.12621378898620605, 0.17855262756347656, 0.18627190589904785, 0.12180614471435547, 0.18792939186096191, 0.1880483627319336, 0.12894392013549805, 0.19829702377319336, 0.1887662410736084, 0.12976360321044922, 0.1813657283782959, 0.18562769889831543, 0.11276054382324219, 0.18155169486999512, 0.19494175910949707, 0.13002705574035645, 0.1906275749206543, 0.19115996360778809, 0.13492321968078613, 0.19614458084106445, 0.18917274475097656, 0.12607836723327637, 0.19338297843933105, 0.18720030784606934, 0.1271822452545166, 0.18253540992736816, 0.1876533031463623, 0.1272115707397461, 0.18318533897399902, 0.18912506103515625, 0.12288022041320801, 0.19018173217773438, 0.18972492218017578, 0.12434053421020508, 0.18669629096984863, 0.18570876121520996, 0.12807726860046387, 0.1952505111694336, 0.18416142463684082, 0.1208963394165039, 0.19221782684326172, 0.18701839447021484, 0.1267540454864502, 0.19857549667358398, 0.18710064888000488, 0.1236715316772461, 0.18229031562805176, 0.18436813354492188, 0.12298011779785156, 0.1850299835205078, 0.18518543243408203, 0.1282651424407959, 0.1872718334197998, 0.18474578857421875, 0.12932419776916504, 0.1911332607269287, 0.18387675285339355, 0.12350988388061523, 0.18637490272521973, 0.1846768856048584, 0.1291487216949463, 0.19228577613830566, 0.18384718894958496, 0.12816286087036133, 0.1819312572479248, 0.18624520301818848, 0.13222050666809082, 0.1825883388519287, 0.18853998184204102, 0.12444615364074707, 0.18728327751159668, 0.18459439277648926, 0.13757538795471191, 0.18409276008605957, 0.1819777488708496, 0.13498687744140625, 0.18889093399047852, 0.18273377418518066, 0.1343834400177002, 0.18905162811279297, 0.1860027313232422, 0.1211848258972168, 0.1954517364501953, 0.1830599308013916, 0.12402629852294922, 0.18314218521118164, 0.18709945678710938, 0.13188910484313965, 0.18599247932434082, 0.1851663589477539, 0.12682414054870605, 0.1840064525604248, 0.18114852905273438, 0.11775422096252441, 0.19041943550109863, 0.18037676811218262, 0.13620471954345703, 0.18606948852539062, 0.18290042877197266, 0.12279605865478516, 0.19074058532714844, 0.18193745613098145, 0.11919116973876953, 0.19685792922973633, 0.18268489837646484, 0.11832046508789062, 0.18546319007873535, 0.18164873123168945, 0.1292860507965088, 0.18366646766662598, 0.18463540077209473, 0.11742997169494629, 0.19287800788879395, 0.18194198608398438, 0.11835694313049316, 0.18572258949279785, 0.1875755786895752, 0.11344695091247559, 0.19070720672607422, 0.17845845222473145, 0.1335446834564209, 0.19368410110473633, 0.1834583282470703, 0.13354802131652832, 0.19923663139343262, 0.17693209648132324, 0.1257612705230713, 0.18927526473999023, 0.17937564849853516, 0.13155436515808105, 0.2062702178955078, 0.1857147216796875, 0.13110899925231934, 0.18520116806030273, 0.18131709098815918, 0.12583041191101074, 0.1887960433959961, 0.1798381805419922, 0.12754464149475098, 0.1936478614807129, 0.18649840354919434, 0.1246943473815918, 0.18684053421020508, 0.1825268268585205, 0.13643121719360352, 0.18938374519348145, 0.17873692512512207, 0.12328553199768066, 0.1862499713897705, 0.17911124229431152, 0.1267404556274414, 0.18084001541137695, 0.17944002151489258, 0.12147068977355957, 0.1862187385559082, 0.18010807037353516, 0.12807035446166992, 0.18608856201171875, 0.17861294746398926, 0.11825847625732422, 0.19297313690185547, 0.1808784008026123, 