{"ID": 4, "inference time": [9.035327196121216, 0.132218599319458, 0.038190364837646484, 0.0528721809387207, 0.11577749252319336, 0.03896498680114746, 0.05381298065185547, 0.11704301834106445, 0.03802013397216797, 0.052744388580322266, 0.1162407398223877, 0.04068446159362793, 0.05426621437072754, 0.11533236503601074, 0.037130117416381836, 0.053246259689331055, 0.11751747131347656, 0.07966065406799316, 0.07805275917053223, 0.12557530403137207, 0.043921709060668945, 0.07889151573181152, 0.12934303283691406, 0.04348635673522949, 0.09098458290100098, 0.18747758865356445, 0.14299726486206055, 0.12851881980895996, 0.14309430122375488, 0.05687308311462402, 0.12265586853027344, 0.1444399356842041, 0.05818581581115723, 0.12143206596374512, 0.1462259292602539, 0.05810999870300293, 0.12417125701904297, 0.1427006721496582, 0.058348655700683594, 0.12202334403991699, 0.14386463165283203, 0.06106257438659668, 0.1221625804901123, 0.14317584037780762, 0.05959320068359375, 0.12405538558959961, 0.14362311363220215, 0.05852818489074707, 0.12383031845092773, 0.14223003387451172, 0.06043124198913574, 0.125563383102417, 0.14282512664794922, 0.0602872371673584, 0.12948250770568848, 0.14407896995544434, 0.06008553504943848, 0.12885713577270508, 0.14372849464416504, 0.059346675872802734, 0.12758159637451172, 0.1419227123260498, 0.058416128158569336, 0.12538385391235352, 0.14325475692749023, 0.0593106746673584, 0.12571334838867188, 0.13791561126708984, 0.059114694595336914, 0.1251814365386963, 0.13540148735046387, 0.0606684684753418, 0.12261414527893066, 0.13869976997375488, 0.057806968688964844, 0.12444710731506348, 0.1373755931854248, 0.060787200927734375, 0.12358832359313965, 0.13691115379333496, 0.06018495559692383, 0.12506985664367676, 0.13598847389221191, 0.05888485908508301, 0.1227865219116211, 0.13955330848693848, 0.06208372116088867, 0.12354397773742676, 0.13878369331359863, 0.059000492095947266, 0.12341141700744629, 0.14271116256713867, 0.05725669860839844, 0.12441396713256836, 0.14624571800231934, 0.060103416442871094, 0.12588143348693848, 0.13903164863586426, 0.059752464294433594, 0.1274874210357666, 0.1365199089050293, 0.059558868408203125, 0.1237938404083252, 0.13965964317321777, 0.05721306800842285, 0.12377715110778809, 0.14502501487731934, 0.058188438415527344, 0.12244558334350586, 0.1385974884033203, 0.05667448043823242, 0.12250852584838867, 0.13927173614501953, 0.05666399002075195, 0.12242817878723145, 0.1408088207244873, 0.05887293815612793, 0.12364888191223145, 0.1387031078338623, 0.06052851676940918, 0.1246342658996582, 0.13927745819091797, 0.059479475021362305, 0.12594199180603027, 0.14104723930358887, 0.056220054626464844, 0.12246584892272949, 0.14319610595703125, 0.059168100357055664, 0.12328028678894043, 0.14598822593688965, 0.057100772857666016, 0.1286618709564209, 0.1389172077178955, 0.05611681938171387, 0.12220907211303711, 0.14006519317626953, 0.05914187431335449, 0.12160134315490723, 0.13784003257751465, 0.05886030197143555, 0.12161660194396973, 0.13657736778259277, 0.05791950225830078, 0.12231659889221191, 0.13782262802124023, 0.058631181716918945, 0.1222538948059082, 0.14812684059143066, 0.05942964553833008, 0.12191939353942871, 0.1405012607574463, 0.0588688850402832, 0.12232589721679688, 0.13924264907836914, 0.05822896957397461, 0.12798786163330078, 0.14072632789611816, 0.05878758430480957, 0.12401247024536133, 0.14059710502624512, 0.05791115760803223, 0.12421083450317383, 0.13660764694213867, 0.05685234069824219, 0.12381935119628906, 0.13870811462402344, 0.05810117721557617, 0.12411904335021973, 0.13541865348815918, 0.05821967124938965, 0.12177562713623047, 0.13592290878295898, 0.057975053787231445, 0.12316679954528809, 0.1377427577972412, 0.05893278121948242, 0.12173700332641602, 0.13621735572814941, 0.0577700138092041, 0.12133502960205078, 0.13907933235168457, 0.057769775390625, 0.12168574333190918, 0.13955378532409668, 0.057389020919799805, 0.12245726585388184, 0.13916683197021484, 0.054549217224121094, 0.12089204788208008, 0.13917303085327148, 0.05717778205871582, 0.12022590637207031, 0.13961482048034668, 0.05715656280517578, 0.12079310417175293, 0.137526273727417, 0.054595947265625, 0.12163090705871582, 0.13785409927368164, 0.05739855766296387, 0.12002301216125488, 0.13946151733398438, 0.056130409240722656, 0.12442493438720703, 0.1419687271118164, 0.05695676803588867, 0.12157821655273438, 0.13666892051696777, 0.05690956115722656, 0.12273669242858887, 0.13810014724731445, 0.056308746337890625, 0.12016153335571289, 0.1405024528503418, 0.0571591854095459, 0.12278532981872559, 0.13840699195861816, 0.0567631721496582, 0.11971664428710938, 0.1358339786529541, 0.05669212341308594, 0.12013792991638184, 0.1378180980682373, 0.05651211738586426, 0.12163734436035156, 0.13811373710632324, 0.05602073669433594, 0.12183928489685059, 0.1380143165588379, 0.058103322982788086, 0.1222383975982666, 0.13955211639404297, 0.056070566177368164, 0.11976838111877441, 0.13701462745666504, 0.05684781074523926, 0.1201019287109375, 0.1396312713623047, 0.05616140365600586, 0.11931657791137695, 0.1376049518585205, 0.053632259368896484, 0.12207341194152832, 0.13816022872924805, 0.0558774471282959, 0.1194605827331543, 0.14163470268249512, 0.05563807487487793, 0.11890697479248047, 0.13809776306152344, 0.054372549057006836, 0.11901068687438965, 0.13814306259155273, 0.05451631546020508, 0.1190035343170166, 0.13799285888671875, 0.05541062355041504, 0.1211092472076416, 0.1369321346282959, 0.05546689033508301, 0.11894917488098145, 0.13733863830566406, 0.054512977600097656, 0.12101960182189941, 0.1369471549987793, 0.05445408821105957, 0.12074899673461914, 0.13653302192687988, 0.053925275802612305, 0.11869335174560547, 0.13631367683410645, 0.05444169044494629, 0.11860299110412598, 0.13649201393127441, 0.05432915687561035, 0.12175917625427246, 0.1360301971435547, 0.05427718162536621, 0.12173652648925781, 0.13675332069396973, 0.05443310737609863, 0.12086009979248047, 0.13083839416503906, 0.052764177322387695, 0.11582183837890625, 0.13257646560668945, 0.05126643180847168, 0.11703109741210938, 0.13193678855895996, 0.054149627685546875, 0.11990690231323242, 0.1339256763458252, 0.05331277847290039, 0.11867475509643555, 0.1315906047821045, 0.05413055419921875, 0.1200718879699707, 0.13259410858154297, 0.05308794975280762, 0.1176903247833252, 0.13040804862976074, 0.053903818130493164, 0.11786413192749023, 0.13289952278137207, 0.053559303283691406, 0.11830019950866699, 0.13383245468139648, 0.05295133590698242, 0.11889529228210449, 0.13015127182006836, 0.053472042083740234, 0.11902856826782227, 0.13033771514892578, 0.053238868713378906, 0.1187140941619873, 0.1313464641571045, 0.05316019058227539, 0.11685490608215332, 0.13106656074523926, 0.053273677825927734, 0.11940455436706543, 0.1305992603302002, 0.05254101753234863, 0.11916971206665039, 0.13414978981018066, 0.05309724807739258, 0.11785101890563965, 0.13209819793701172, 0.05320596694946289, 0.11927127838134766, 0.13199639320373535, 0.053020477294921875, 0.11866259574890137, 0.12947869300842285, 0.05262637138366699, 0.11736917495727539, 0.1307210922241211, 0.05129265785217285, 0.11787748336791992, 0.13095688819885254, 0.0498049259185791, 0.11743307113647461, 0.13310623168945312, 0.05277752876281738, 0.11549639701843262, 0.13003110885620117, 0.05200791358947754, 0.11575770378112793, 0.13042640686035156, 0.05071687698364258, 0.11574673652648926, 0.1288924217224121, 0.0508272647857666, 0.11224079132080078, 0.13029718399047852, 0.04847097396850586, 0.11768293380737305, 0.12875795364379883, 0.05118203163146973, 0.11527395248413086, 0.1296088695526123, 0.05043220520019531, 0.11528635025024414, 0.12853002548217773, 0.049041032791137695, 0.11478853225708008, 0.1288619041442871, 0.05069613456726074, 0.11500835418701172, 0.13002681732177734, 0.05043482780456543, 0.1149148941040039, 0.1284928321838379, 0.05153632164001465, 0.11758208274841309, 0.13003230094909668, 0.05045652389526367, 0.11523294448852539, 0.13016748428344727, 0.051156044006347656, 