{"ID": 6, "inference time": [9.138314008712769, 0.06830644607543945, 0.04294157028198242, 0.039839744567871094, 0.06684064865112305, 0.04068446159362793, 0.04038429260253906, 0.06661105155944824, 0.04080057144165039, 0.03937506675720215, 0.06560540199279785, 0.05213141441345215, 0.03805899620056152, 0.06516075134277344, 0.04250073432922363, 0.03778696060180664, 0.0671074390411377, 0.04356884956359863, 0.10907888412475586, 0.07312417030334473, 0.06371212005615234, 0.06006741523742676, 0.07943439483642578, 0.1326124668121338, 0.06524109840393066, 0.08585023880004883, 0.0558772087097168, 0.06439661979675293, 0.08498644828796387, 0.053891658782958984, 0.05671238899230957, 0.08428955078125, 0.054959774017333984, 0.059864044189453125, 0.07867908477783203, 0.05630207061767578, 0.06398653984069824, 0.09213852882385254, 0.05556607246398926, 0.06676197052001953, 0.09327220916748047, 0.056360483169555664, 0.05938148498535156, 0.0842905044555664, 0.05456876754760742, 0.061423540115356445, 0.08489656448364258, 0.05556988716125488, 0.06022930145263672, 0.08317780494689941, 0.05496406555175781, 0.060536861419677734, 0.08334589004516602, 0.05422639846801758, 0.06309723854064941, 0.0881965160369873, 0.05364489555358887, 0.07742929458618164, 0.09080815315246582, 0.058257102966308594, 0.07726359367370605, 0.09049844741821289, 0.056774139404296875, 0.06656694412231445, 0.09080195426940918, 0.06018829345703125, 0.07718205451965332, 0.09178447723388672, 0.05493354797363281, 0.07585692405700684, 0.09561300277709961, 0.05649447441101074, 0.06253528594970703, 0.08498573303222656, 0.04989337921142578, 0.05771970748901367, 0.07772278785705566, 0.054277658462524414, 0.06403040885925293, 0.09335970878601074, 0.05988049507141113, 0.07188177108764648, 0.09119868278503418, 0.0558009147644043, 0.07715606689453125, 0.09001421928405762, 0.05752420425415039, 0.08014035224914551, 0.08474946022033691, 0.04866337776184082, 0.06248140335083008, 0.08569884300231934, 0.05757904052734375, 0.06345105171203613, 0.08864116668701172, 0.05495429039001465, 0.06456494331359863, 0.09328103065490723, 0.05879831314086914, 0.06997799873352051, 0.09093117713928223, 0.061571598052978516, 0.07974815368652344, 0.08607292175292969, 0.05340719223022461, 0.05895829200744629, 0.08254289627075195, 0.05549931526184082, 0.06326460838317871, 0.08503222465515137, 0.055074214935302734, 0.0671091079711914, 0.0887303352355957, 0.05483531951904297, 0.06722140312194824, 0.09080958366394043, 0.05691337585449219, 0.07177615165710449, 0.09337377548217773, 0.06485939025878906, 0.07671713829040527, 0.08929133415222168, 0.0604398250579834, 0.08016228675842285, 0.08614802360534668, 0.044770240783691406, 0.05443882942199707, 0.08042144775390625, 0.05930161476135254, 0.06086373329162598, 0.09383034706115723, 0.05628347396850586, 0.058428049087524414, 0.08685445785522461, 0.055214881896972656, 0.07846355438232422, 0.08926796913146973, 0.06059002876281738, 0.06771612167358398, 0.09086966514587402, 0.060769081115722656, 0.08044576644897461, 0.09671759605407715, 0.05669260025024414, 0.06388640403747559, 0.0860600471496582, 0.05097794532775879, 0.05987215042114258, 0.08030009269714355, 0.055908918380737305, 0.06250357627868652, 0.08870172500610352, 0.059828758239746094, 0.08014178276062012, 0.0911555290222168, 0.055437564849853516, 0.07361531257629395, 0.08955836296081543, 0.05961251258850098, 0.08158349990844727, 0.09598827362060547, 0.057019948959350586, 0.0786287784576416, 0.08899784088134766, 0.062049150466918945, 0.07175040245056152, 0.08820605278015137, 0.05508565902709961, 0.06882691383361816, 0.08777642250061035, 0.05650830268859863, 0.07959723472595215, 0.08887529373168945, 0.056159019470214844, 0.07827258110046387, 0.0896763801574707, 0.061620473861694336, 0.07860612869262695, 0.0878303050994873, 0.0570981502532959, 0.07685017585754395, 0.08709383010864258, 0.05435609817504883, 0.07757449150085449, 0.08676028251647949, 0.0561985969543457, 0.05850338935852051, 0.08272981643676758, 0.05734443664550781, 0.07872486114501953, 0.08645415306091309, 0.05757546424865723, 0.07638812065124512, 0.08664345741271973, 0.054860830307006836, 0.07206344604492188, 0.08854532241821289, 0.06236767768859863, 0.0782616138458252, 0.08905839920043945, 0.06049084663391113, 0.08182930946350098, 0.09731745719909668, 0.05652570724487305, 0.08023309707641602, 0.09526968002319336, 0.05576205253601074, 0.07887768745422363, 0.08724093437194824, 0.04674124717712402, 0.054581642150878906, 0.08342146873474121, 0.05838823318481445, 0.0795438289642334, 0.08733439445495605, 0.0603327751159668, 0.07964682579040527, 0.09413599967956543, 0.056459903717041016, 0.0788428783416748, 0.09012794494628906, 0.05962705612182617, 0.07753467559814453, 0.08786725997924805, 0.05802559852600098, 0.06597757339477539, 0.08895540237426758, 0.05849623680114746, 0.0731346607208252, 0.08753585815429688, 0.05763363838195801, 0.07793188095092773, 0.08752155303955078, 0.05744528770446777, 0.08028960227966309, 0.08922171592712402, 0.05112051963806152, 0.05821537971496582, 0.08326220512390137, 0.058347463607788086, 0.07706618309020996, 0.08822941780090332, 0.04905271530151367, 0.05691361427307129, 0.07774996757507324, 0.057149410247802734, 0.0586545467376709, 0.0814054012298584, 0.05560183525085449, 0.06560683250427246, 0.08863115310668945, 0.05529928207397461, 0.0677485466003418, 0.08395624160766602, 0.056517839431762695, 0.05924344062805176, 0.08480429649353027, 0.05595803260803223, 0.07331371307373047, 0.08955860137939453, 0.05603790283203125, 0.0742790699005127, 0.09095168113708496, 0.05035257339477539, 0.05840945243835449, 0.08723783493041992, 0.0560452938079834, 0.07692861557006836, 0.08713340759277344, 0.05494976043701172, 0.0765066146850586, 0.08776259422302246, 0.057244300842285156, 0.07409834861755371, 0.08757281303405762, 0.05556082725524902, 0.07544374465942383, 0.08824706077575684, 0.057390451431274414, 0.0785062313079834, 0.0892336368560791, 0.05986285209655762, 0.07332158088684082, 0.08916378021240234, 0.05942797660827637, 0.07827520370483398, 0.08979392051696777, 0.05951666831970215, 0.0774235725402832, 0.08891463279724121, 0.056185245513916016, 0.07717442512512207, 0.09064340591430664, 0.059702157974243164, 0.07234311103820801, 0.08728170394897461, 0.05658602714538574, 0.07655215263366699, 0.09448027610778809, 0.049178361892700195, 0.05813789367675781, 0.08138704299926758, 0.055190324783325195, 0.05954432487487793, 0.0811004638671875, 0.05570220947265625, 0.07168769836425781, 0.08631014823913574, 0.0588068962097168, 0.06721234321594238, 0.09375619888305664, 0.0480959415435791, 0.06406998634338379, 0.07889437675476074, 0.055190324783325195, 0.06120944023132324, 0.0865626335144043, 0.05705571174621582, 0.07828187942504883, 0.08956336975097656, 0.05984902381896973, 0.07836461067199707, 0.0944211483001709, 0.05720877647399902, 0.06743597984313965, 0.09586405754089355, 0.046875953674316406, 0.05861830711364746, 0.08084750175476074, 0.05591750144958496, 0.07445502281188965, 0.08668875694274902, 0.05603456497192383, 0.07795977592468262, 0.09392666816711426, 0.05941653251647949, 0.07857394218444824, 0.08785104751586914, 0.05745291709899902, 0.07646584510803223, 0.08646345138549805, 0.05606484413146973, 0.07692646980285645, 0.0933370590209961, 0.057221174240112305, 0.07842421531677246, 0.08945250511169434, 0.060652732849121094, 0.07913780212402344, 0.0938262939453125, 0.056809425354003906, 0.0774223804473877, 0.09687304496765137, 0.05789351463317871, 0.07715082168579102, 0.08932781219482422, 0.06104922294616699, 0.07533574104309082, 0.09755635261535645, 0.04708528518676758, 0.06072282791137695, 0.08008980751037598, 0.05483865737915039, 0.06111311912536621, 0.0863046646118164, 0.056444644927978516, 0.06773495674133301, 0.09025359153747559, 0.048029422760009766, 0.05969858169555664, 0.08159780502319336, 0.055945396423339844, 0.0773615837097168, 0.09035587310791016, 0.058629751205444336, 0.06961846351623535, 0.09428262710571289, 0.047162532806396484, 0.05976057052612305, 