{"ID": 5, "inference time": [0.25291013717651367, 0.2173633575439453, 0.2636113166809082, 0.22255253791809082, 0.27520179748535156, 0.19695258140563965, 0.20618724822998047, 0.21541738510131836, 0.21278095245361328, 0.22964715957641602, 0.31573939323425293, 0.21363019943237305, 0.2685587406158447, 0.2269892692565918, 0.26131415367126465, 0.23224472999572754, 0.3208279609680176, 0.23025083541870117, 0.3734300136566162, 0.2077641487121582, 0.2416973114013672, 0.22647404670715332, 0.25982213020324707, 0.25314879417419434, 0.29713869094848633, 0.25760865211486816, 0.28025078773498535, 0.2606465816497803, 0.2881958484649658, 0.2273411750793457, 0.24045276641845703, 0.20931720733642578, 0.20624446868896484, 0.20937681198120117, 0.23419189453125, 0.26104283332824707, 0.2721128463745117, 0.21570301055908203, 0.2539560794830322, 0.2715163230895996, 0.24313664436340332, 0.23797130584716797, 0.28580760955810547, 0.22994518280029297, 0.299515962600708, 0.2535576820373535, 0.2716042995452881, 0.25565123558044434, 0.22978711128234863, 0.29331135749816895, 0.2892417907714844, 0.21397185325622559, 0.21322035789489746, 0.23743605613708496, 0.22167253494262695, 0.21588850021362305, 0.2605717182159424, 0.22234869003295898, 0.2766764163970947, 0.2006242275238037, 0.2384028434753418, 0.2253429889678955, 0.21364378929138184, 0.22683429718017578, 0.23744559288024902, 0.20585870742797852, 0.24868512153625488, 0.22704172134399414, 0.302457332611084, 0.2454061508178711, 0.25693297386169434, 0.2193434238433838, 0.23465847969055176, 0.21277737617492676, 0.21401190757751465, 0.2207632064819336, 0.22365307807922363, 0.21305203437805176, 0.20180344581604004, 0.2148134708404541, 0.2703683376312256, 0.23014283180236816, 0.26934289932250977, 0.19941449165344238, 0.23551058769226074, 0.22843337059020996, 0.2967534065246582, 0.24527215957641602, 0.2790803909301758, 0.22559857368469238, 0.2824680805206299, 0.23971295356750488, 0.26059937477111816, 0.2195439338684082, 0.20898056030273438, 0.21009612083435059, 0.2668895721435547, 0.2518651485443115, 0.24097490310668945, 0.24277234077453613, 0.26241564750671387, 0.24066781997680664, 0.22673869132995605, 0.21245551109313965, 0.2695157527923584, 0.21534085273742676, 0.24212861061096191, 0.23054170608520508, 0.24390363693237305, 0.24815654754638672, 0.26621246337890625, 0.22484588623046875, 0.3030860424041748, 0.23537087440490723, 0.27176356315612793, 0.20844221115112305, 0.23237133026123047, 0.20660758018493652, 0.30120229721069336, 0.2270357608795166, 0.22802472114562988, 0.21337199211120605, 0.23433661460876465, 0.23427343368530273, 0.2390766143798828, 0.23174428939819336, 0.2427077293395996, 0.19686555862426758, 0.2555043697357178, 0.2142937183380127, 0.274749755859375, 0.20332908630371094, 0.23613643646240234, 0.21622705459594727, 0.20488476753234863, 0.24521684646606445, 0.26410961151123047, 0.2598590850830078, 0.3033885955810547, 0.20089054107666016, 0.23293614387512207, 0.20843815803527832, 0.2076876163482666, 0.20926952362060547, 0.24497175216674805, 0.24347782135009766, 0.2978851795196533, 0.2120215892791748, 0.25757884979248047, 0.21346378326416016, 0.27999401092529297, 0.2325425148010254, 0.23616313934326172, 0.20273637771606445, 0.2387385368347168, 0.22251558303833008, 0.2575531005859375, 0.22454166412353516, 0.29922032356262207, 0.22185730934143066, 0.24206876754760742, 0.21642637252807617, 0.22472143173217773, 0.22162699699401855, 0.341397762298584, 0.22715187072753906, 0.2830657958984375, 0.24909162521362305, 0.22121739387512207, 0.2209303379058838, 0.26592516899108887, 0.2120351791381836, 0.260455846786499, 0.2230522632598877, 0.26410937309265137, 0.21648025512695312, 0.26108264923095703, 0.21227049827575684, 0.29474878311157227, 0.2362973690032959, 0.26999688148498535, 0.22311735153198242, 0.27991461753845215, 0.21280264854431152, 0.2632100582122803, 0.19586944580078125, 0.29388427734375, 0.2475121021270752, 0.31003570556640625, 0.20708179473876953, 0.2913384437561035, 0.21143412590026855, 0.24360227584838867, 0.2275092601776123, 0.19570159912109375, 0.2111976146697998, 0.28739285469055176, 0.22954010963439941, 0.30654239654541016, 0.20656323432922363, 0.2095627784729004, 0.25255346298217773, 0.22281241416931152, 0.24163317680358887, 0.3022036552429199, 0.2083292007446289, 0.2387828826904297, 0.21705341339111328, 0.25585126876831055, 0.21536469459533691, 0.24386811256408691, 0.2067887783050537, 0.24508142471313477, 0.22211360931396484, 0.26278066635131836, 0.20279574394226074, 0.24745655059814453, 0.2070763111114502, 0.2459249496459961, 0.20843243598937988, 0.2195737361907959, 0.22455835342407227, 0.2414255142211914, 0.20783615112304688, 0.25786495208740234, 0.20096206665039062, 0.26647281646728516, 0.202714204788208, 0.20780229568481445, 0.2567875385284424, 0.20339369773864746, 0.28644800186157227, 0.20324110984802246, 0.22130084037780762, 0.21430253982543945, 0.2507944107055664, 0.19338226318359375, 0.27202510833740234, 0.21382665634155273, 0.2424626350402832, 0.20333194732666016, 0.2406632900238037, 0.2182447910308838, 0.2458178997039795, 0.2135944366455078, 0.2286663055419922, 0.21716022491455078, 0.22543931007385254, 0.21550250053405762, 0.21873116493225098, 0.2083120346069336, 0.23743629455566406, 0.21411538124084473, 0.2386786937713623, 0.2048647403717041, 0.24046969413757324, 0.20995688438415527, 0.25036191940307617, 0.20952701568603516, 0.24932241439819336, 0.2471482753753662, 0.22179269790649414, 0.19962096214294434, 0.23667526245117188, 0.21096444129943848, 0.2223963737487793, 0.20979523658752441, 0.2265479564666748, 0.2171611785888672, 0.23946762084960938, 0.21585750579833984, 0.2560274600982666, 0.19804096221923828, 0.20255422592163086, 0.21461129188537598, 0.2541050910949707, 0.20355534553527832, 0.23846983909606934, 0.22983503341674805, 0.2545921802520752, 0.20461368560791016, 0.2974858283996582, 0.206437349319458, 0.2572965621948242, 0.2019178867340088, 0.2510702610015869, 0.2144918441772461, 0.24262642860412598, 0.2026233673095703, 0.28650832176208496, 0.19208788871765137, 0.32991838455200195, 0.20242810249328613, 0.3339977264404297, 0.2120954990386963, 0.3175041675567627, 0.2065582275390625, 0.3727278709411621, 0.24857473373413086, 0.21744585037231445, 0.3087143898010254, 0.209336519241333, 0.2355954647064209, 0.2149066925048828, 0.27109742164611816, 0.19921350479125977, 0.2587738037109375, 0.2158036231994629, 0.2763230800628662, 0.23238897323608398, 0.25007033348083496, 0.21432065963745117, 0.2552502155303955, 0.21521878242492676, 0.2531425952911377, 0.23464655876159668, 0.2595634460449219, 0.21367454528808594, 0.24665164947509766, 0.21058440208435059, 0.24264144897460938, 0.19920992851257324, 0.26029038429260254, 0.22075390815734863, 0.24569106101989746, 0.2231767177581787, 0.26366448402404785, 0.21010684967041016, 0.25188302993774414, 0.23703622817993164, 0.25838518142700195, 0.21487092971801758, 0.25313782691955566, 0.21429896354675293, 0.23309850692749023, 0.2153170108795166, 0.23458337783813477, 0.232072114944458, 0.2711985111236572, 0.20994138717651367, 0.245805025100708, 0.21088790893554688, 0.26691174507141113, 0.22130751609802246, 0.2627997398376465, 0.2689354419708252, 0.2742037773132324, 0.20098042488098145, 0.2659428119659424, 0.2407524585723877, 0.22071266174316406, 0.24123454093933105, 0.25261449813842773, 0.20804309844970703, 0.25242114067077637, 0.24170327186584473, 0.2808241844177246, 0.21422624588012695, 0.2915475368499756, 0.2139725685119629, 0.24333500862121582, 0.22281360626220703, 0.2715909481048584, 0.22818231582641602, 0.2682476043701172, 0.2583129405975342, 0.25912904739379883, 0.22591447830200195, 0.24324870109558105, 0.22294974327087402, 0.25017833709716797, 0.2036447525024414, 0.2521061897277832, 0.21058225631713867, 0.2524256706237793, 0.2320263385772705, 0.25995874404907227, 0.2174549102783203, 0.25877881050109863, 0.23592591285705566, 0.23075580596923828, 0.23136043548583984, 0.25147581100463867, 0.24966096878051758, 0.27045154571533203, 0.23074960708618164, 