{"ID": 7, "inference time": [7.887195587158203, 0.040540218353271484, 0.04157686233520508, 0.04046320915222168, 0.03877663612365723, 0.07653570175170898, 0.06744384765625, 0.038741111755371094, 0.043998003005981445, 0.06744527816772461, 0.03917741775512695, 0.04774069786071777, 0.06898641586303711, 0.03977370262145996, 0.04724550247192383, 0.06737136840820312, 0.037081003189086914, 0.04363846778869629, 0.06778383255004883, 0.03730058670043945, 0.042702674865722656, 0.0994725227355957, 0.06985592842102051, 0.05379748344421387, 0.07734179496765137, 0.04452252388000488, 0.07226443290710449, 0.13731098175048828, 0.07054281234741211, 0.08027529716491699, 0.06097745895385742, 0.06752920150756836, 0.0765228271484375, 0.06027412414550781, 0.04414057731628418, 0.07266974449157715, 0.06546974182128906, 0.048450469970703125, 0.08351969718933105, 0.06206798553466797, 0.07023096084594727, 0.07474780082702637, 0.06187725067138672, 0.06708168983459473, 0.07818746566772461, 0.07250499725341797, 0.05489373207092285, 0.07927989959716797, 0.07488560676574707, 0.06567168235778809, 0.0731973648071289, 0.07027101516723633, 0.04811978340148926, 0.0771334171295166, 0.0732724666595459, 0.04883170127868652, 0.07804179191589355, 0.06664657592773438, 0.06475043296813965, 0.07529067993164062, 0.06619572639465332, 0.03855156898498535, 0.06455731391906738, 0.05136609077453613, 0.038274288177490234, 0.06492996215820312, 0.053672075271606445, 0.05287742614746094, 0.06828880310058594, 0.05988001823425293, 0.03880596160888672, 0.06554174423217773, 0.05081057548522949, 0.038285255432128906, 0.06550073623657227, 0.04849648475646973, 0.04292750358581543, 0.0667729377746582, 0.07549476623535156, 0.04587841033935547, 0.0819399356842041, 0.06986641883850098, 0.06855130195617676, 0.07107734680175781, 0.06488513946533203, 0.05136585235595703, 0.07387542724609375, 0.05416059494018555, 0.039234161376953125, 0.06415748596191406, 0.05602574348449707, 0.04081916809082031, 0.06708359718322754, 0.0749061107635498, 0.051778554916381836, 0.07926583290100098, 0.07341575622558594, 0.06151461601257324, 0.07393860816955566, 0.07472705841064453, 0.061876773834228516, 0.07081174850463867, 0.0630648136138916, 0.04776334762573242, 0.06744790077209473, 0.05843400955200195, 0.03992199897766113, 0.06531643867492676, 0.07529973983764648, 0.05539679527282715, 0.07656335830688477, 0.07178807258605957, 0.06522679328918457, 0.07839179039001465, 0.06642580032348633, 0.05287742614746094, 0.07375049591064453, 0.06887984275817871, 0.04778647422790527, 0.07340741157531738, 0.05716395378112793, 0.04510354995727539, 0.06708312034606934, 0.05890536308288574, 0.04848432540893555, 0.07085275650024414, 0.06486058235168457, 0.042658090591430664, 0.06580758094787598, 0.06641292572021484, 0.04562830924987793, 0.07105159759521484, 0.0776052474975586, 0.05727553367614746, 0.0775604248046875, 0.07248997688293457, 0.0682382583618164, 0.07732176780700684, 0.06816315650939941, 0.038892507553100586, 0.06396651268005371, 0.06372928619384766, 0.05175638198852539, 0.0735311508178711, 0.06147122383117676, 0.04158353805541992, 0.06970715522766113, 0.04978299140930176, 0.041756391525268555, 0.06919264793395996, 0.07489538192749023, 0.04959440231323242, 0.07663393020629883, 0.07573604583740234, 0.0634760856628418, 0.07585501670837402, 0.06226325035095215, 0.03999733924865723, 0.07981610298156738, 0.06268477439880371, 0.04076337814331055, 0.06656146049499512, 0.05931806564331055, 0.041577816009521484, 0.06739687919616699, 0.061747074127197266, 0.04052257537841797, 0.0660088062286377, 0.07139468193054199, 0.04622697830200195, 0.06799817085266113, 0.07417941093444824, 0.048330068588256836, 0.07120084762573242, 0.07378768920898438, 0.039781808853149414, 0.06384468078613281, 0.060064077377319336, 0.03972482681274414, 0.062129974365234375, 0.07048559188842773, 0.04537820816040039, 0.07310128211975098, 0.06912732124328613, 0.05161333084106445, 0.06883430480957031, 0.07250261306762695, 0.041390419006347656, 0.06722545623779297, 0.07701897621154785, 0.06357645988464355, 0.08127999305725098, 0.07244157791137695, 0.03972125053405762, 0.06882739067077637, 0.06719160079956055, 0.04965972900390625, 0.07062697410583496, 0.07151603698730469, 0.037958383560180664, 0.06624388694763184, 0.062403202056884766, 0.0398561954498291, 0.06895279884338379, 0.07342696189880371, 0.04205584526062012, 0.06812500953674316, 0.06319761276245117, 0.04211282730102539, 0.06602048873901367, 0.05199027061462402, 0.04265856742858887, 0.06696772575378418, 0.07120871543884277, 0.049855709075927734, 0.07451820373535156, 0.07311129570007324, 0.04968619346618652, 0.07235860824584961, 0.06690549850463867, 0.042318105697631836, 0.06543827056884766, 0.06299424171447754, 0.03997349739074707, 0.06557559967041016, 0.07717466354370117, 0.03922891616821289, 0.07714223861694336, 0.07142019271850586, 0.050116539001464844, 0.06996679306030273, 0.07540512084960938, 0.04105639457702637, 0.06420135498046875, 0.07477593421936035, 0.03827643394470215, 0.06985235214233398, 0.07913637161254883, 0.04128742218017578, 0.06808280944824219, 0.08191132545471191, 0.05194687843322754, 0.07558345794677734, 0.08067727088928223, 0.04073929786682129, 0.06793761253356934, 0.06643247604370117, 0.04805397987365723, 0.07828950881958008, 0.08067774772644043, 0.04857969284057617, 0.08001232147216797, 0.08622384071350098, 0.07414579391479492, 0.0753629207611084, 0.08040547370910645, 0.061582326889038086, 0.08247542381286621, 0.08371782302856445, 0.05904030799865723, 0.0820322036743164, 0.08266997337341309, 0.04530596733093262, 0.07050633430480957, 0.07666516304016113, 0.0404052734375, 0.06810641288757324, 0.07784032821655273, 0.06359481811523438, 0.08367633819580078, 0.08196544647216797, 0.04014992713928223, 0.060918569564819336, 0.07572650909423828, 0.049608707427978516, 0.06944394111633301, 0.08060741424560547, 0.04596114158630371, 0.06689310073852539, 0.07485365867614746, 0.04053378105163574, 0.06533122062683105, 0.07967090606689453, 0.040476322174072266, 0.06547284126281738, 0.07376408576965332, 0.04100465774536133, 0.06691670417785645, 0.06821250915527344, 0.041284799575805664, 0.06051802635192871, 0.06395816802978516, 0.05012106895446777, 0.071685791015625, 0.07835555076599121, 0.040909528732299805, 0.06116771697998047, 0.07618522644042969, 0.0433962345123291, 0.06373834609985352, 0.07985353469848633, 0.04146718978881836, 0.06924057006835938, 0.06712055206298828, 0.04967904090881348, 0.08076238632202148, 0.08532881736755371, 0.06073188781738281, 0.08186507225036621, 0.08443331718444824, 0.0515141487121582, 0.06250452995300293, 0.07986760139465332, 0.0414881706237793, 0.069244384765625, 0.07201671600341797, 0.05276322364807129, 0.08375835418701172, 0.08364534378051758, 0.06470465660095215, 0.0723276138305664, 0.07950162887573242, 0.04239654541015625, 0.06321883201599121, 0.07201170921325684, 0.04227471351623535, 0.06551384925842285, 0.0578310489654541, 0.04181098937988281, 0.0691843032836914, 0.06719779968261719, 0.04929709434509277, 0.07353377342224121, 0.08226728439331055, 0.048233985900878906, 0.06583166122436523, 0.0815739631652832, 0.043103694915771484, 0.06362009048461914, 0.07913017272949219, 0.04273104667663574, 0.07748866081237793, 0.08465099334716797, 0.04713702201843262, 0.06149601936340332, 0.08026790618896484, 0.041818857192993164, 0.06431698799133301, 0.07189559936523438, 0.04190230369567871, 0.05721116065979004, 0.07853007316589355, 0.04181075096130371, 0.061448097229003906, 0.07738280296325684, 0.044104576110839844, 0.06892156600952148, 0.06653213500976562, 0.0416417121887207, 0.06053614616394043, 0.07178711891174316, 0.04154253005981445, 0.06999540328979492, 0.07590460777282715, 0.05129528045654297, 0.0755012035369873, 0.08576440811157227, 0.0581204891204834, 0.07291817665100098, 0.08479022979736328, 0.04261040687561035, 0.07265448570251465, 0.07968378067016602, 0.05884671211242676, 0.07593703269958496, 0.08854341506958008, 0.04196572303771973, 0.06220221519470215, 0.08025097846984863, 