{"ID": 7, "inference time": [13.746573209762573, 0.2521176338195801, 0.1771993637084961, 0.10268902778625488, 0.1031951904296875, 0.08328771591186523, 0.10910749435424805, 0.1275928020477295, 0.0884864330291748, 0.09382152557373047, 0.12325716018676758, 0.11002063751220703, 0.11892247200012207, 0.13097620010375977, 0.09417033195495605, 0.11283564567565918, 0.1237485408782959, 0.07523441314697266, 0.12024545669555664, 0.14206361770629883, 0.09350442886352539, 0.1141972541809082, 0.1461200714111328, 0.10615730285644531, 0.1134181022644043, 0.14065170288085938, 0.09477114677429199, 0.09666776657104492, 0.11420893669128418, 0.09380698204040527, 0.10697507858276367, 0.14164018630981445, 0.09247422218322754, 0.09869003295898438, 0.1332390308380127, 0.09186816215515137, 0.1315925121307373, 0.1486361026763916, 0.11037921905517578, 0.11814546585083008, 0.11493897438049316, 0.09513735771179199, 0.11863994598388672, 0.1174626350402832, 0.09370589256286621, 0.10865187644958496, 0.11552309989929199, 0.10912728309631348, 0.11857795715332031, 0.1378176212310791, 0.13600778579711914, 0.10402750968933105, 0.12453269958496094, 0.08997559547424316, 0.11718058586120605, 0.13272380828857422, 0.0959920883178711, 0.10637068748474121, 0.12230443954467773, 0.09365200996398926, 0.09884119033813477, 0.09974384307861328, 0.08448219299316406, 0.10268378257751465, 0.10919928550720215, 0.0816047191619873, 0.10639286041259766, 0.12027478218078613, 0.10038590431213379, 0.1290884017944336, 0.147613525390625, 0.10572338104248047, 0.11304593086242676, 0.14958930015563965, 0.08560991287231445, 0.10921692848205566, 0.13985490798950195, 0.09136223793029785, 0.10667133331298828, 0.14189648628234863, 0.09538674354553223, 0.11495804786682129, 0.11766767501831055, 0.09301376342773438, 0.10773301124572754, 0.1228327751159668, 0.10410594940185547, 0.1208653450012207, 0.1446702480316162, 0.09551787376403809, 0.11130142211914062, 0.1183016300201416, 0.0886693000793457, 0.10249757766723633, 0.12098217010498047, 0.09085249900817871, 0.11156654357910156, 0.1452474594116211, 0.09169745445251465, 0.11478304862976074, 0.14343762397766113, 0.09125900268554688, 0.12000727653503418, 0.13271093368530273, 0.09563016891479492, 0.10265135765075684, 0.12715649604797363, 0.11340188980102539, 0.13655686378479004, 0.14345145225524902, 0.0954279899597168, 0.12375497817993164, 0.15307116508483887, 0.09358906745910645, 0.127854585647583, 0.1138007640838623, 0.09498262405395508, 0.14041399955749512, 0.13643789291381836, 0.08169364929199219, 0.09826016426086426, 0.12261104583740234, 0.08933591842651367, 0.11499214172363281, 0.12941408157348633, 0.09668898582458496, 0.10034751892089844, 0.12967753410339355, 0.09137082099914551, 0.1154775619506836, 0.14072799682617188, 0.09664106369018555, 0.12917518615722656, 0.15098929405212402, 0.07756257057189941, 0.12264823913574219, 0.14091968536376953, 0.09142756462097168, 0.1197967529296875, 0.1456305980682373, 0.08753490447998047, 0.11757040023803711, 0.15287542343139648, 0.09940314292907715, 0.12357854843139648, 0.14148283004760742, 0.08795356750488281, 0.11078286170959473, 0.1330873966217041, 0.09258675575256348, 0.12498307228088379, 0.14461660385131836, 0.08717107772827148, 0.1040201187133789, 0.09922599792480469, 0.0845937728881836, 0.10494470596313477, 0.1154482364654541, 0.08818221092224121, 0.10081362724304199, 0.11719441413879395, 0.09090924263000488, 0.09791088104248047, 0.12047028541564941, 0.09916996955871582, 0.10237574577331543, 0.11371231079101562, 0.08469820022583008, 0.1048891544342041, 0.1400291919708252, 0.09178781509399414, 0.1256117820739746, 0.13676738739013672, 0.0776510238647461, 0.1235356330871582, 0.14454913139343262, 0.08672237396240234, 0.11265873908996582, 0.14348506927490234, 0.0940406322479248, 0.11795973777770996, 0.13559651374816895, 0.10302305221557617, 0.11864590644836426, 0.11747956275939941, 0.08344459533691406, 0.1067039966583252, 0.11524009704589844, 0.08907675743103027, 0.11709284782409668, 0.1463921070098877, 0.08806800842285156, 0.11622095108032227, 0.12939667701721191, 0.08752322196960449, 0.1118326187133789, 0.14024829864501953, 0.08271265029907227, 0.12308597564697266, 0.14595603942871094, 0.09540462493896484, 0.12186479568481445, 0.14389514923095703, 0.08597564697265625, 0.11284089088439941, 0.11478638648986816, 0.09993338584899902, 0.11453461647033691, 0.12683582305908203, 0.08559870719909668, 0.11254096031188965, 0.1424393653869629, 0.09187579154968262, 0.11387848854064941, 0.12418723106384277, 0.08937549591064453, 0.09985208511352539, 0.12836432456970215, 0.09503722190856934, 0.10445713996887207, 0.12473559379577637, 0.09385108947753906, 0.1126565933227539, 0.14742588996887207, 0.10605096817016602, 0.11783933639526367, 0.1449122428894043, 0.08858370780944824, 0.11586213111877441, 0.14484858512878418, 0.09018969535827637, 0.10694479942321777, 0.1345689296722412, 0.09596443176269531, 0.10586929321289062, 0.12289142608642578, 0.1088712215423584, 0.14014458656311035, 0.14709782600402832, 0.08360409736633301, 0.10260128974914551, 0.1301116943359375, 0.08914685249328613, 0.11461973190307617, 0.14922308921813965, 0.09678030014038086, 0.1288619041442871, 0.14208316802978516, 0.09821152687072754, 0.10650157928466797, 0.11740612983703613, 0.09276127815246582, 0.10372018814086914, 0.11880040168762207, 0.08463573455810547, 0.12135457992553711, 0.12475800514221191, 0.08426618576049805, 0.11563825607299805, 0.1392824649810791, 0.08213210105895996, 0.11909079551696777, 0.12743735313415527, 0.10291051864624023, 0.10710954666137695, 0.13536548614501953, 0.10342884063720703, 0.12375473976135254, 0.14482808113098145, 0.1031961441040039, 0.11713337898254395, 0.1274871826171875, 0.11263275146484375, 0.12356877326965332, 0.12590384483337402, 0.09923291206359863, 0.1253983974456787, 0.14850687980651855, 0.0862572193145752, 0.12532258033752441, 0.14557170867919922, 0.08671307563781738, 0.11914634704589844, 0.15374302864074707, 0.08740067481994629, 0.11972808837890625, 0.14709067344665527, 0.0861353874206543, 0.12120747566223145, 0.13927721977233887, 0.08822822570800781, 0.12015748023986816, 0.15093159675598145, 0.09009218215942383, 0.1168365478515625, 0.14117956161499023, 0.0832967758178711, 0.11832714080810547, 0.1383662223815918, 0.08732843399047852, 0.11964130401611328, 0.1389143466949463, 0.09735584259033203, 0.10857868194580078, 0.14545536041259766, 0.09186625480651855, 0.11756300926208496, 0.1331470012664795, 0.09660530090332031, 0.10588502883911133, 0.11323285102844238, 0.08071684837341309, 0.11727213859558105, 0.1443026065826416, 0.09313035011291504, 0.12454056739807129, 0.16122102737426758, 0.09053611755371094, 0.11922168731689453, 0.15035653114318848, 0.08509588241577148, 0.1136312484741211, 0.14192867279052734, 0.0852351188659668, 0.11620616912841797, 0.14151406288146973, 0.0845184326171875, 0.11453008651733398, 0.1391758918762207, 0.09575033187866211, 0.11822390556335449, 0.13922405242919922, 0.10860013961791992, 0.11821198463439941, 0.14073991775512695, 0.08441710472106934, 0.11375284194946289, 0.1393122673034668, 0.09586906433105469, 0.11969733238220215, 0.13875865936279297, 0.09685039520263672, 0.12887835502624512, 0.1511387825012207, 0.08768105506896973, 0.1260972023010254, 0.1480998992919922, 0.09167289733886719, 0.12435245513916016, 0.14869165420532227, 0.0927422046661377, 0.12764263153076172, 0.1489710807800293, 0.0842740535736084, 0.1220395565032959, 0.14594197273254395, 0.08820629119873047, 0.11828470230102539, 0.14580297470092773, 0.08495116233825684, 0.11388444900512695, 0.142716646194458, 0.1022028923034668, 0.11392068862915039, 0.13787031173706055, 0.09408807754516602, 0.11510539054870605, 0.11707735061645508, 0.09718585014343262, 0.12699007987976074, 0.15180301666259766, 0.08481431007385254, 0.1232609748840332, 0.14906668663024902, 0.09577488899230957, 0.12014627456665039, 0.15223336219787598, 0.09484076499938965, 0.10638761520385742, 0.12288713455200195, 0.08016395568847656, 0.11952447891235352, 0.13535189628601074, 