{"ID": 5, "inference time": [0.2293696403503418, 0.22247028350830078, 0.24903345108032227, 0.2237541675567627, 0.2650432586669922, 0.216202974319458, 0.22897005081176758, 0.23421716690063477, 0.2280890941619873, 0.22005748748779297, 0.24293184280395508, 0.21073579788208008, 0.30890369415283203, 0.24150609970092773, 0.21873044967651367, 0.20524930953979492, 0.3208458423614502, 0.28127264976501465, 0.23073387145996094, 0.21159768104553223, 0.2368333339691162, 0.2474803924560547, 0.19981098175048828, 0.2630143165588379, 0.19750046730041504, 0.26384401321411133, 0.22701239585876465, 0.26166844367980957, 0.24898934364318848, 0.2092883586883545, 0.23941636085510254, 0.21628046035766602, 0.24521207809448242, 0.22843170166015625, 0.27642059326171875, 0.22847580909729004, 0.23158860206604004, 0.23511433601379395, 0.21254587173461914, 0.24543285369873047, 0.18724536895751953, 0.20591020584106445, 0.25032567977905273, 0.19487857818603516, 0.27324438095092773, 0.19763946533203125, 0.27287960052490234, 0.21422243118286133, 0.22861123085021973, 0.25572657585144043, 0.19682741165161133, 0.2852823734283447, 0.2065117359161377, 0.24931788444519043, 0.2103900909423828, 0.2810490131378174, 0.2483811378479004, 0.20174479484558105, 0.27859950065612793, 0.2050790786743164, 0.28206467628479004, 0.23720026016235352, 0.1934950351715088, 0.23078322410583496, 0.22889184951782227, 0.19402003288269043, 0.24077081680297852, 0.298877477645874, 0.2639596462249756, 0.20472049713134766, 0.23560428619384766, 0.2291114330291748, 0.18668508529663086, 0.25465846061706543, 0.1962728500366211, 0.2830045223236084, 0.2348804473876953, 0.20245695114135742, 0.24823927879333496, 0.2028803825378418, 0.21854948997497559, 0.23735713958740234, 0.19222259521484375, 0.2211627960205078, 0.20449304580688477, 0.324786901473999, 0.28426671028137207, 0.2013535499572754, 0.20964503288269043, 0.2348804473876953, 0.19275975227355957, 0.19165968894958496, 0.28707122802734375, 0.24220585823059082, 0.19276738166809082, 0.24535799026489258, 0.2561507225036621, 0.23960185050964355, 0.2664182186126709, 0.22564125061035156, 0.19954991340637207, 0.22441363334655762, 0.23962998390197754, 0.2478787899017334, 0.21313881874084473, 0.23277997970581055, 0.2234632968902588, 0.2395484447479248, 0.2019486427307129, 0.24682879447937012, 0.2027454376220703, 0.24251365661621094, 0.21005034446716309, 0.256880521774292, 0.2051699161529541, 0.2767176628112793, 0.19788289070129395, 0.24649834632873535, 0.19223546981811523, 0.23414182662963867, 0.24797511100769043, 0.24317240715026855, 0.22083234786987305, 0.22859597206115723, 0.19508790969848633, 0.30415868759155273, 0.23739933967590332, 0.22705340385437012, 0.2005479335784912, 0.18895268440246582, 0.22828221321105957, 0.2201230525970459, 0.19723939895629883, 0.23830008506774902, 0.24421334266662598, 0.23698091506958008, 0.19095158576965332, 0.2590327262878418, 0.22370386123657227, 0.22158193588256836, 0.2566211223602295, 0.23774218559265137, 0.20778298377990723, 0.276993989944458, 0.21597576141357422, 0.20812439918518066, 0.2640392780303955, 0.26197004318237305, 0.20258092880249023, 0.20358037948608398, 0.2497389316558838, 0.20674371719360352, 0.26435351371765137, 0.21440958976745605, 0.23951387405395508, 0.29164958000183105, 0.2089827060699463, 0.23909378051757812, 0.2148144245147705, 0.20455503463745117, 0.3368656635284424, 0.3094513416290283, 0.2587316036224365, 0.19603419303894043, 0.30462145805358887, 0.24575281143188477, 0.20602703094482422, 0.27823615074157715, 0.26064515113830566, 0.21535873413085938, 0.24597883224487305, 0.24401235580444336, 0.2188253402709961, 0.2329845428466797, 0.20453810691833496, 0.24536967277526855, 0.20571494102478027, 0.2765226364135742, 0.20882725715637207, 0.26351070404052734, 0.24658966064453125, 0.20446515083312988, 0.25234365463256836, 0.21581578254699707, 0.26417088508605957, 0.2503652572631836, 0.19468140602111816, 0.2591373920440674, 0.21324658393859863, 0.2460629940032959, 0.19700217247009277, 0.24098801612854004, 0.2195878028869629, 0.2472701072692871, 0.20268869400024414, 0.29660844802856445, 0.27321314811706543, 0.19925856590270996, 0.25567126274108887, 0.27942585945129395, 0.21278977394104004, 0.23862242698669434, 0.22086238861083984, 0.20259761810302734, 0.2344982624053955, 0.25650906562805176, 0.2525660991668701, 0.22954130172729492, 0.2611227035522461, 0.19526243209838867, 0.20877408981323242, 0.2388908863067627, 0.21801018714904785, 0.22629785537719727, 0.24365973472595215, 0.21750783920288086, 0.23922324180603027, 0.21602535247802734, 0.20432281494140625, 0.23633790016174316, 0.21030831336975098, 0.28253865242004395, 0.19450116157531738, 0.22190093994140625, 0.2310497760772705, 0.24502229690551758, 0.21320271492004395, 0.26151227951049805, 0.20589327812194824, 0.27547216415405273, 0.23078703880310059, 0.23734736442565918, 0.22603607177734375, 0.22500014305114746, 0.21308135986328125, 0.21020960807800293, 0.26680445671081543, 0.2175445556640625, 0.24034976959228516, 0.25547242164611816, 0.21438384056091309, 0.24748921394348145, 0.250746488571167, 0.2295217514038086, 0.254349946975708, 0.2424933910369873, 0.22964715957641602, 0.19554758071899414, 0.27246665954589844, 0.20460104942321777, 0.2305607795715332, 0.24617481231689453, 0.191544771194458, 0.24248933792114258, 0.21968936920166016, 0.21506166458129883, 0.2542304992675781, 0.20665907859802246, 0.268080472946167, 0.22313833236694336, 0.20540094375610352, 0.27945566177368164, 0.2019052505493164, 0.21222972869873047, 0.22131609916687012, 0.1962428092956543, 0.2834494113922119, 0.3167884349822998, 0.2889292240142822, 0.24915528297424316, 0.19823455810546875, 0.22389554977416992, 0.24097323417663574, 0.22760725021362305, 0.24568772315979004, 0.212874174118042, 0.24425768852233887, 0.23767542839050293, 0.19434666633605957, 0.22742700576782227, 0.24468064308166504, 0.2087540626525879, 0.22534751892089844, 0.20623230934143066, 0.260239839553833, 0.2025158405303955, 0.2619185447692871, 0.20910859107971191, 0.24211502075195312, 0.23058462142944336, 0.23541712760925293, 0.23172473907470703, 0.22775483131408691, 0.23351812362670898, 0.20470046997070312, 0.23091745376586914, 0.20368003845214844, 0.2622959613800049, 0.19292497634887695, 0.24409723281860352, 0.26306772232055664, 0.23987793922424316, 0.21642518043518066, 0.262249231338501, 0.19287109375, 0.2846345901489258, 0.26770615577697754, 0.21834754943847656, 0.25011444091796875, 0.1900320053100586, 0.2722618579864502, 0.18912220001220703, 0.2631876468658447, 0.198455810546875, 0.2949056625366211, 0.28840160369873047, 0.21010041236877441, 0.22499632835388184, 0.23172473907470703, 0.1928267478942871, 0.3246171474456787, 0.27834367752075195, 0.21189212799072266, 0.20734453201293945, 0.24587082862854004, 0.24091053009033203, 0.2339491844177246, 0.29364991188049316, 0.27675628662109375, 0.20369982719421387, 0.26832103729248047, 0.26293134689331055, 0.19466567039489746, 0.27337121963500977, 0.2080085277557373, 0.23154115676879883, 0.19997143745422363, 0.23958420753479004, 0.2818167209625244, 0.25984644889831543, 0.1913447380065918, 0.2386336326599121, 0.2604653835296631, 0.20212531089782715, 0.25452566146850586, 0.21855449676513672, 0.20737099647521973, 0.25338149070739746, 0.19577908515930176, 0.24073243141174316, 0.21367287635803223, 0.2106318473815918, 0.30899572372436523, 0.2489936351776123, 0.20757102966308594, 0.27626729011535645, 0.24343490600585938, 0.27251219749450684, 0.25887393951416016, 0.2180020809173584, 0.26406049728393555, 0.20693564414978027, 0.2729349136352539, 0.20437383651733398, 0.20330810546875, 0.19399356842041016, 0.22867918014526367, 0.20321965217590332, 0.23573946952819824, 0.18848729133605957, 0.23399758338928223, 0.22206807136535645, 0.19463610649108887, 0.28305888175964355, 0.23490047454833984, 0.21148180961608887, 0.2577791213989258, 0.21386337280273438, 0.24743103981018066, 0.2298598289489746, 0.24648761749267578, 0.23076295852661133, 0.21075081825256348, 0.21725726127624512, 0.23461651802062988, 