{"ID": 5, "inference time": [3.78935170173645, 0.032674312591552734, 0.02011871337890625, 0.01702284812927246, 0.01694798469543457, 0.014238357543945312, 0.012290716171264648, 0.011905908584594727, 0.012642145156860352, 0.013330698013305664, 0.013548135757446289, 0.017502546310424805, 0.012314319610595703, 0.012634992599487305, 0.012215137481689453, 0.012614965438842773, 0.013440370559692383, 0.015897512435913086, 0.011712789535522461, 0.022469520568847656, 0.01300668716430664, 0.016952991485595703, 0.018404722213745117, 0.01680898666381836, 0.009394168853759766, 0.010680437088012695, 0.012943506240844727, 0.012871980667114258, 0.014943361282348633, 0.01154637336730957, 0.009903907775878906, 0.016942977905273438, 0.012632131576538086, 0.012120246887207031, 0.0161745548248291, 0.021346569061279297, 0.015674829483032227, 0.014804601669311523, 0.010432958602905273, 0.011965751647949219, 0.01643681526184082, 0.009598493576049805, 0.01509714126586914, 0.011973857879638672, 0.010454416275024414, 0.012854814529418945, 0.016652345657348633, 0.011380434036254883, 0.011407613754272461, 0.013749837875366211, 0.011380195617675781, 0.011166572570800781, 0.012909889221191406, 0.012319087982177734, 0.012332916259765625, 0.01564502716064453, 0.010529041290283203, 0.014734506607055664, 0.014862060546875, 0.015342950820922852, 0.010323762893676758, 0.011049509048461914, 0.01065969467163086, 0.012363195419311523, 0.013152122497558594, 0.01100778579711914, 0.01120448112487793, 0.015974044799804688, 0.012544870376586914, 0.011752128601074219, 0.013849973678588867, 0.010412931442260742, 0.010426521301269531, 0.015349864959716797, 0.010542154312133789, 0.009746074676513672, 0.014040708541870117, 0.010995149612426758, 0.010278463363647461, 0.015341043472290039, 0.010097503662109375, 0.012538671493530273, 0.013811349868774414, 0.014483451843261719, 0.013892650604248047, 0.016976356506347656, 0.010715961456298828, 0.013167858123779297, 0.014446735382080078, 0.012270689010620117, 0.010184288024902344, 0.012328147888183594, 0.008984088897705078, 0.010512113571166992, 0.012639284133911133, 0.010358333587646484, 0.010329723358154297, 0.012428045272827148, 0.011733770370483398, 0.008946657180786133, 0.012544870376586914, 0.011715412139892578, 0.012199640274047852, 0.012617111206054688, 0.013061761856079102, 0.011178970336914062, 0.014348030090332031, 0.009809255599975586, 0.013054847717285156, 0.013464212417602539, 0.010652780532836914, 0.011648416519165039, 0.019901752471923828, 0.014442920684814453, 0.012986898422241211, 0.011430501937866211, 0.012494802474975586, 0.010345220565795898, 0.015040874481201172, 0.011638164520263672, 0.011938810348510742, 0.01665329933166504, 0.013522148132324219, 0.011584043502807617, 0.012461662292480469, 0.010989189147949219, 0.009713888168334961, 0.013548851013183594, 0.011185646057128906, 0.012834548950195312, 0.012888669967651367, 0.010945796966552734, 0.010587215423583984, 0.014996767044067383, 0.011666059494018555, 0.012090921401977539, 0.012096405029296875, 0.010881185531616211, 0.012137413024902344, 0.013440847396850586, 0.012559175491333008, 0.013544797897338867, 0.012670516967773438, 0.011055707931518555, 0.013076543807983398, 0.013124227523803711, 0.01093435287475586, 0.010874032974243164, 0.015729188919067383, 0.014606714248657227, 0.011384010314941406, 0.014070510864257812, 0.01121377944946289, 0.011811017990112305, 0.013818025588989258, 0.009857892990112305, 0.011892318725585938, 0.01666545867919922, 0.013071537017822266, 0.012621879577636719, 0.014159917831420898, 0.009899377822875977, 0.012395143508911133, 0.015984535217285156, 0.011134624481201172, 0.012311697006225586, 0.014013528823852539, 0.012200355529785156, 0.010206937789916992, 0.016056299209594727, 0.011065244674682617, 0.018904685974121094, 0.015453100204467773, 0.013315916061401367, 0.009820222854614258, 0.014835834503173828, 0.0103759765625, 0.011063575744628906, 0.014879941940307617, 0.013083696365356445, 0.011072874069213867, 0.015435457229614258, 0.01562809944152832, 0.010515451431274414, 0.012924671173095703, 0.010598897933959961, 0.010782241821289062, 0.010586977005004883, 0.00939178466796875, 0.013147592544555664, 0.01483297348022461, 0.011415243148803711, 0.010495901107788086, 0.015839815139770508, 0.009127616882324219, 0.01208806037902832, 0.01190948486328125, 0.00852656364440918, 0.009180545806884766, 0.011258363723754883, 0.010565996170043945, 0.011054754257202148, 0.016450166702270508, 0.011405467987060547, 0.009308099746704102, 0.01113748550415039, 0.00992131233215332, 0.00997161865234375, 0.012631654739379883, 0.011404991149902344, 0.01026153564453125, 0.013804912567138672, 0.012250423431396484, 0.010654449462890625, 0.015038490295410156, 0.013809919357299805, 0.013188838958740234, 0.014556407928466797, 0.01100468635559082, 0.008484601974487305, 0.014095306396484375, 0.009932279586791992, 0.009088754653930664, 0.01655292510986328, 0.013132572174072266, 0.009864091873168945, 0.015030860900878906, 0.013826608657836914, 0.010003089904785156, 0.013255596160888672, 0.009952068328857422, 0.011075019836425781, 0.012183904647827148, 0.010436534881591797, 0.009712696075439453, 0.014011859893798828, 0.012036561965942383, 0.011993169784545898, 0.015461444854736328, 0.013629436492919922, 0.008502960205078125, 0.013483762741088867, 0.009620904922485352, 0.008656978607177734, 0.014508962631225586, 0.011296987533569336, 0.011128425598144531, 0.016104936599731445, 0.013756990432739258, 0.013182640075683594, 0.011090278625488281, 0.008324623107910156, 0.010736703872680664, 0.014974594116210938, 0.009862899780273438, 0.00931239128112793, 0.018319368362426758, 0.010521650314331055, 0.010362386703491211, 0.01564502716064453, 0.012259721755981445, 0.009723901748657227, 0.015401363372802734, 0.011801004409790039, 0.009555816650390625, 0.01632213592529297, 0.010852336883544922, 0.012735366821289062, 0.014569997787475586, 0.008937835693359375, 0.008431673049926758, 0.014571905136108398, 0.012714385986328125, 0.009680986404418945, 0.01418304443359375, 0.011310577392578125, 0.009699821472167969, 0.01683664321899414, 0.010902881622314453, 0.010701417922973633, 0.015960693359375, 0.01340794563293457, 0.014532089233398438, 0.011005640029907227, 0.008670806884765625, 0.008636951446533203, 0.011072397232055664, 0.008729934692382812, 0.009903192520141602, 0.014711856842041016, 0.01172947883605957, 0.008412361145019531, 0.013019561767578125, 0.011039495468139648, 0.011116504669189453, 0.018646955490112305, 0.013927698135375977, 0.012106180191040039, 0.012939214706420898, 0.010471820831298828, 0.01729750633239746, 0.019794464111328125, 0.012502193450927734, 0.011256933212280273, 0.011453866958618164, 0.012917280197143555, 0.008608579635620117, 0.01488184928894043, 0.010346412658691406, 0.010778665542602539, 0.013405323028564453, 0.012572526931762695, 0.014710664749145508, 0.01998114585876465, 0.014347553253173828, 0.011811494827270508, 0.013201236724853516, 0.018270254135131836, 0.010025739669799805, 0.019045591354370117, 0.017443418502807617, 0.010211944580078125, 0.015299797058105469, 0.014356374740600586, 0.010536909103393555, 0.014236211776733398, 0.01664566993713379, 0.012153863906860352, 0.01405954360961914, 0.01458430290222168, 0.009938240051269531, 0.016115903854370117, 0.017124414443969727, 0.01237034797668457, 0.01531982421875, 0.013972997665405273, 0.013240337371826172, 0.018603086471557617, 0.013383626937866211, 0.013006925582885742, 0.01611495018005371, 0.01514887809753418, 0.013234853744506836, 0.012004613876342773, 0.009657621383666992, 0.011293172836303711, 0.015384674072265625, 0.011398792266845703, 0.010594844818115234, 0.011915206909179688, 0.012914180755615234, 0.010043859481811523, 0.013020992279052734, 0.013318777084350586, 0.012299060821533203, 0.011855840682983398, 0.013899803161621094, 0.009991168975830078, 0.01302194595336914, 0.012990236282348633, 0.013370513916015625, 0.018575668334960938, 0.014942169189453125, 0.02129507064819336, 0.012955427169799805, 