{"ID": 7, "inference time": [0.2015535831451416, 0.14914608001708984, 0.1458873748779297, 0.19745206832885742, 0.14757370948791504, 0.14191246032714844, 0.20238566398620605, 0.1420884132385254, 0.14702343940734863, 0.21045541763305664, 0.1583113670349121, 0.14779043197631836, 0.20046305656433105, 0.15700960159301758, 0.14540553092956543, 0.19689297676086426, 0.15765690803527832, 0.15436959266662598, 0.21634292602539062, 0.14753389358520508, 0.15935468673706055, 0.1962285041809082, 0.15381526947021484, 0.15667486190795898, 0.19786691665649414, 0.14069008827209473, 0.16039156913757324, 0.18468856811523438, 0.14349770545959473, 0.1605982780456543, 0.1924576759338379, 0.14491939544677734, 0.15614557266235352, 0.20117974281311035, 0.14716243743896484, 0.1629798412322998, 0.20087337493896484, 0.14339542388916016, 0.1652388572692871, 0.18561530113220215, 0.15679168701171875, 0.16487693786621094, 0.18979716300964355, 0.14751958847045898, 0.15703225135803223, 0.18542861938476562, 0.14685893058776855, 0.16370153427124023, 0.1831035614013672, 0.14024972915649414, 0.15807318687438965, 0.18207907676696777, 0.14081335067749023, 0.16431403160095215, 0.1874988079071045, 0.14456486701965332, 0.17182230949401855, 0.1908431053161621, 0.13765430450439453, 0.16617822647094727, 0.20205378532409668, 0.13780784606933594, 0.16718697547912598, 0.18881678581237793, 0.13824057579040527, 0.16505932807922363, 0.18702912330627441, 0.14466476440429688, 0.16654062271118164, 0.18698573112487793, 0.13746857643127441, 0.16253328323364258, 0.18527579307556152, 0.1425621509552002, 0.16724729537963867, 0.1829988956451416, 0.14002037048339844, 0.16367411613464355, 0.1795482635498047, 0.1412053108215332, 0.16752266883850098, 0.18314266204833984, 0.14071869850158691, 0.16838526725769043, 0.18862366676330566, 0.14070844650268555, 0.16694879531860352, 0.18347406387329102, 0.1374201774597168, 0.16322731971740723, 0.18641996383666992, 0.1472485065460205, 0.16532373428344727, 0.18465542793273926, 0.1551661491394043, 0.1676023006439209, 0.19886445999145508, 0.14758777618408203, 0.16397428512573242, 0.19180059432983398, 0.14499282836914062, 0.164961576461792, 0.19925618171691895, 0.139723539352417, 0.1655886173248291, 0.1872239112854004, 0.15122175216674805, 0.16841721534729004, 0.1860041618347168, 0.14444875717163086, 0.16480350494384766, 0.19180798530578613, 0.14836382865905762, 0.16870522499084473, 0.20147490501403809, 0.1448075771331787, 0.16568994522094727, 0.19090938568115234, 0.13970375061035156, 0.16473889350891113, 0.18992066383361816, 0.14625239372253418, 0.16261935234069824, 0.1828925609588623, 0.1503140926361084, 0.16926789283752441, 0.20283818244934082, 0.1480262279510498, 0.16891956329345703, 0.19134902954101562, 0.13686823844909668, 0.15758728981018066, 0.18687796592712402, 0.13617992401123047, 0.15926361083984375, 0.1908257007598877, 0.14748668670654297, 0.16726136207580566, 0.18634700775146484, 0.14597439765930176, 0.16497206687927246, 0.1857738494873047, 0.1370854377746582, 0.16817355155944824, 0.18253207206726074, 0.15307998657226562, 0.16952300071716309, 0.19383931159973145, 0.14278507232666016, 0.16327118873596191, 0.20285487174987793, 0.1465590000152588, 0.16587209701538086, 0.19876623153686523, 0.1433732509613037, 0.15909743309020996, 0.18665599822998047, 0.1470487117767334, 0.16349577903747559, 0.1993541717529297, 0.13310575485229492, 0.16834187507629395, 0.19260334968566895, 0.13818001747131348, 0.1636219024658203, 0.19576382637023926, 0.1469721794128418, 0.16289377212524414, 0.20169425010681152, 0.14364886283874512, 0.1646285057067871, 0.19845962524414062, 0.14232778549194336, 0.16209149360656738, 0.1877431869506836, 0.1355423927307129, 0.1689777374267578, 0.18988895416259766, 0.14890503883361816, 0.16118931770324707, 0.1965656280517578, 0.14345455169677734, 0.16400718688964844, 0.18892765045166016, 0.13935279846191406, 0.171128511428833, 0.18545794486999512, 0.1417531967163086, 0.16639447212219238, 0.18788719177246094, 0.1361396312713623, 0.1602482795715332, 0.18967771530151367, 0.1393585205078125, 0.1634812355041504, 0.18256664276123047, 0.15269994735717773, 0.16036033630371094, 0.1914682388305664, 0.14831161499023438, 0.15551185607910156, 0.18675637245178223, 0.14238238334655762, 0.16496920585632324, 0.19117331504821777, 0.14298319816589355, 0.16928982734680176, 0.1840834617614746, 0.1359691619873047, 0.16070222854614258, 0.18484902381896973, 0.13217782974243164, 0.16474246978759766, 0.18806815147399902, 0.14014458656311035, 0.16527056694030762, 0.18786358833312988, 0.15219807624816895, 0.16013240814208984, 0.18972468376159668, 0.13930273056030273, 0.16368961334228516, 0.18519043922424316, 0.145979642868042, 0.16870665550231934, 0.18973684310913086, 0.14359712600708008, 0.158797025680542, 0.2033376693725586, 0.13642406463623047, 0.16626691818237305, 0.19055509567260742, 0.14201951026916504, 0.1654977798461914, 0.19039201736450195, 0.14031147956848145, 0.16726279258728027, 0.1868877410888672, 0.14015936851501465, 0.16671276092529297, 0.19751763343811035, 0.14076447486877441, 0.1685471534729004, 0.18985462188720703, 0.14529204368591309, 0.1673898696899414, 0.20711660385131836, 0.14453721046447754, 0.16264939308166504, 0.18583059310913086, 0.14154338836669922, 0.15985321998596191, 0.19649910926818848, 0.14718127250671387, 0.1602647304534912, 0.196364164352417, 0.14878439903259277, 0.1616373062133789, 0.1886882781982422, 0.14018940925598145, 0.16135573387145996, 0.1780109405517578, 0.15233278274536133, 0.16447949409484863, 0.19920134544372559, 0.14610910415649414, 0.1669459342956543, 0.18803977966308594, 0.14134454727172852, 0.16667842864990234, 0.18281126022338867, 0.14250874519348145, 0.16635942459106445, 0.18598294258117676, 0.15001797676086426, 0.16438746452331543, 0.1845870018005371, 0.14020395278930664, 0.1661374568939209, 0.18433260917663574, 0.1354358196258545, 0.15970444679260254, 0.18723535537719727, 0.1337141990661621, 0.1606135368347168, 0.18575263023376465, 0.13368535041809082, 0.16409969329833984, 0.1784069538116455, 0.1409907341003418, 0.1615896224975586, 0.20280766487121582, 0.1375114917755127, 0.15963125228881836, 0.1885361671447754, 0.13565349578857422, 0.15986227989196777, 0.18874835968017578, 0.1498267650604248, 0.1609175205230713, 0.18871855735778809, 0.13959264755249023, 0.15885233879089355, 0.1883997917175293, 0.14091944694519043, 0.15546226501464844, 0.1891918182373047, 0.13889122009277344, 0.1605064868927002, 0.20099925994873047, 0.1346430778503418, 0.17029857635498047, 0.18284320831298828, 0.14159917831420898, 0.16997265815734863, 0.18476128578186035, 0.13615179061889648, 0.16382503509521484, 0.18205857276916504, 0.14401650428771973, 0.16721224784851074, 0.19073224067687988, 0.14076519012451172, 0.17306828498840332, 0.1801905632019043, 0.1359248161315918, 0.17023801803588867, 0.18830204010009766, 0.1368272304534912, 0.16399145126342773, 0.18667984008789062, 0.13506627082824707, 0.16748833656311035, 0.1784524917602539, 0.13512063026428223, 0.1704401969909668, 0.1847827434539795, 0.1407756805419922, 0.16440534591674805, 0.1872847080230713, 0.13819670677185059, 0.1676170825958252, 0.18334031105041504, 0.13526082038879395, 0.17258358001708984, 0.18928027153015137, 0.1423659324645996, 0.16322922706604004, 0.18770122528076172, 0.14095306396484375, 0.16715240478515625, 0.1874866485595703, 0.13797426223754883, 0.1667468547821045, 0.18652033805847168, 0.13773488998413086, 0.17148399353027344, 0.18115997314453125, 0.14417314529418945, 0.15979957580566406, 0.1923670768737793, 0.14191246032714844, 0.16273140907287598, 0.20850181579589844, 0.1387031078338623, 0.17254853248596191, 0.1917731761932373, 0.13500666618347168, 0.1680908203125, 0.18629860877990723, 0.13759565353393555, 0.17024588584899902, 0.18869471549987793, 0.14119720458984375, 0.16236257553100586, 0.1838693618774414, 0.14586400985717773, 0.17481446266174316, 0.19010496139526367, 0.14440202713012695, 0.17158794403076172, 0.21496129035949707, 0.1413283348083496, 0.17392921447753906, 