{"ID": 7, "inference time": [0.11949300765991211, 0.09738445281982422, 0.09627985954284668, 0.09288549423217773, 0.10826873779296875, 0.09901285171508789, 0.11596512794494629, 0.08903765678405762, 0.09753751754760742, 0.0991370677947998, 0.10503077507019043, 0.09479475021362305, 0.08393692970275879, 0.10740399360656738, 0.11371231079101562, 0.11675381660461426, 0.11620903015136719, 0.12299299240112305, 0.1047971248626709, 0.11321425437927246, 0.1001138687133789, 0.09978628158569336, 0.10112547874450684, 0.11105036735534668, 0.11670398712158203, 0.10863208770751953, 0.10279321670532227, 0.10640931129455566, 0.09680438041687012, 0.0964820384979248, 0.09876799583435059, 0.10013914108276367, 0.11325836181640625, 0.10926270484924316, 0.11495113372802734, 0.11485886573791504, 0.11506938934326172, 0.1030271053314209, 0.09945416450500488, 0.10299038887023926, 0.10150480270385742, 0.09174227714538574, 0.10219955444335938, 0.09966564178466797, 0.1069943904876709, 0.10160326957702637, 0.09926962852478027, 0.10265302658081055, 0.10043454170227051, 0.10353827476501465, 0.09351754188537598, 0.1051323413848877, 0.10852789878845215, 0.10892105102539062, 0.1051476001739502, 0.11216497421264648, 0.11054801940917969, 0.11780476570129395, 0.11169004440307617, 0.11149859428405762, 0.1059727668762207, 0.11062812805175781, 0.10714316368103027, 0.08871793746948242, 0.11191034317016602, 0.10835099220275879, 0.10190153121948242, 0.1047813892364502, 0.11841797828674316, 0.1158595085144043, 0.10052847862243652, 0.10651421546936035, 0.10323381423950195, 0.1181182861328125, 0.1021125316619873, 0.10817861557006836, 0.11325693130493164, 0.11239457130432129, 0.11550688743591309, 0.1146097183227539, 0.10691690444946289, 0.10733723640441895, 0.10589122772216797, 0.11181330680847168, 0.11050200462341309, 0.11410307884216309, 0.11419272422790527, 0.11301398277282715, 0.12007951736450195, 0.11609005928039551, 0.09687161445617676, 0.10776948928833008, 0.10973668098449707, 0.11072731018066406, 0.10837483406066895, 0.10474610328674316, 0.10881304740905762, 0.10710477828979492, 0.10192584991455078, 0.10506653785705566, 0.10711479187011719, 0.11379241943359375, 0.11255431175231934, 0.10871315002441406, 0.1064600944519043, 0.10479569435119629, 0.09598755836486816, 0.08925843238830566, 0.0875864028930664, 0.09077262878417969, 0.09184670448303223, 0.10695600509643555, 0.10339808464050293, 0.10808277130126953, 0.09635090827941895, 0.10117506980895996, 0.10889601707458496, 0.11681246757507324, 0.10844016075134277, 0.10982775688171387, 0.1138303279876709, 0.11366963386535645, 0.10855555534362793, 0.11843228340148926, 0.09739494323730469, 0.11178421974182129, 0.10190796852111816, 0.10063958168029785, 0.09394335746765137, 0.11554217338562012, 0.11659908294677734, 0.11042666435241699, 0.10683894157409668, 0.0956411361694336, 0.09711003303527832, 0.1013784408569336, 0.10617351531982422, 0.10406923294067383, 0.10358071327209473, 0.10602140426635742, 0.11413955688476562, 0.11382913589477539, 0.12057733535766602, 0.10735106468200684, 0.10814690589904785, 0.11754727363586426, 0.10068535804748535, 0.10502338409423828, 0.10728335380554199, 0.10415506362915039, 0.12001848220825195, 0.11559939384460449, 0.10969233512878418, 0.10576248168945312, 0.11486625671386719, 0.11780238151550293, 0.12135910987854004, 0.11914801597595215, 0.11385202407836914, 0.09784221649169922, 0.10702395439147949, 0.11061215400695801, 0.11022090911865234, 0.10505199432373047, 0.10719513893127441, 0.10543990135192871, 0.10780978202819824, 0.0971376895904541, 0.10462570190429688, 0.11056733131408691, 0.10538554191589355, 0.10203075408935547, 0.10905694961547852, 0.11435365676879883, 0.11596035957336426, 0.11529374122619629, 0.11092948913574219, 0.11031556129455566, 0.10489487648010254, 0.10745692253112793, 0.0955209732055664, 0.09697127342224121, 0.10795807838439941, 0.11186099052429199, 0.11145329475402832, 0.11141371726989746, 0.11032557487487793, 0.11503195762634277, 0.09257960319519043, 0.09135270118713379, 0.09431958198547363, 0.09607219696044922, 0.10244488716125488, 0.10429191589355469, 0.10577130317687988, 0.11067605018615723, 0.10848307609558105, 0.10776042938232422, 0.11869597434997559, 0.09803891181945801, 0.10229253768920898, 0.10276675224304199, 0.10208868980407715, 0.10446357727050781, 0.10730719566345215, 0.10737800598144531, 0.10591697692871094, 0.10631155967712402, 0.10633039474487305, 0.10798096656799316, 0.10522937774658203, 0.1040964126586914, 0.10989856719970703, 0.11768150329589844, 0.10942649841308594, 0.10850858688354492, 0.11559057235717773, 0.09070682525634766, 0.11381816864013672, 0.11582016944885254, 0.10434961318969727, 0.10408377647399902, 0.11159849166870117, 0.10333514213562012, 0.11780953407287598, 0.09542346000671387, 0.09769153594970703, 0.12211394309997559, 0.11038494110107422, 0.10799574851989746, 0.09732532501220703, 0.09945034980773926, 0.09786176681518555, 0.10750794410705566, 0.0962378978729248, 0.09335088729858398, 0.12571072578430176, 0.11223840713500977, 0.10990452766418457, 0.10812902450561523, 0.11441230773925781, 0.09694862365722656, 0.10651707649230957, 0.10254502296447754, 0.10883688926696777, 0.11633992195129395, 0.12081074714660645, 0.11658811569213867, 0.10973310470581055, 0.11214661598205566, 0.11680364608764648, 0.10538029670715332, 0.10567402839660645, 0.11691880226135254, 0.11324906349182129, 0.10612058639526367, 0.1078481674194336, 0.09615373611450195, 0.09954428672790527, 0.10683178901672363, 0.09864950180053711, 0.10454988479614258, 0.10495519638061523, 0.10524153709411621, 0.10628724098205566, 0.11093497276306152, 0.10814499855041504, 0.10778522491455078, 0.11116695404052734, 0.10640859603881836, 0.11033201217651367, 0.10718703269958496, 0.10274195671081543, 0.10427665710449219, 0.10590171813964844, 0.10801434516906738, 0.10558462142944336, 0.10608720779418945, 0.10452961921691895, 0.11049532890319824, 0.11744093894958496, 0.1180579662322998, 0.11007809638977051, 0.12095499038696289, 0.09244108200073242, 0.10698294639587402, 0.10239076614379883, 0.10596966743469238, 0.10328245162963867, 0.10561013221740723, 0.10432624816894531, 0.10296034812927246, 0.0993800163269043, 0.10756087303161621, 0.10947895050048828, 0.10519027709960938, 0.10778260231018066, 0.10729360580444336, 0.11215949058532715, 0.11801552772521973, 0.11438870429992676, 0.11398077011108398, 0.10986948013305664, 0.11673879623413086, 0.11184024810791016, 0.08894634246826172, 0.10160565376281738, 0.09139013290405273, 0.10768890380859375, 0.11333465576171875, 0.11592912673950195, 0.11971926689147949, 0.11640238761901855, 0.11873292922973633, 0.12388396263122559, 0.12171268463134766, 0.1225125789642334, 0.11819028854370117, 0.10342550277709961, 0.10978484153747559, 0.11315441131591797, 0.10898399353027344, 0.10077834129333496, 0.11096429824829102, 0.12483859062194824, 0.12363743782043457, 0.12121820449829102, 0.11957478523254395, 0.1030263900756836, 0.10934233665466309, 0.10778617858886719, 0.10326552391052246, 0.10003352165222168, 0.10600399971008301, 0.11258840560913086, 0.11381936073303223, 0.11415219306945801, 0.11406350135803223, 0.1140279769897461, 0.11844134330749512, 0.11064028739929199, 0.11376261711120605, 0.1056375503540039, 0.10896921157836914, 0.113494873046875, 0.1118471622467041, 0.1135249137878418, 0.11718320846557617, 0.10243010520935059, 0.1039431095123291, 0.11506009101867676, 0.10727310180664062, 0.10227727890014648, 0.11733818054199219, 0.09569716453552246, 0.09770750999450684, 0.10401535034179688, 0.11390185356140137, 0.11059141159057617, 0.11492371559143066, 0.11694002151489258, 0.1178736686706543, 0.11983656883239746, 0.12537717819213867, 0.1169734001159668, 0.12135529518127441, 0.11742162704467773, 0.11876702308654785, 0.10145449638366699, 0.1141502857208252, 0.11220788955688477, 0.11321425437927246, 0.10138559341430664, 0.1114339828491211, 0.12113761901855469, 0.11815524101257324, 0.11870503425598145, 0.12173652648925781, 0.09961724281311035, 0.11286783218383789, 0.11289548873901367, 