{"ID": 0, "inference time": [0.25536561012268066, 0.2174701690673828, 0.21652579307556152, 0.2107102870941162, 0.25446128845214844, 0.21049880981445312, 0.2409045696258545, 0.24306082725524902, 0.20894241333007812, 0.2272806167602539, 0.23283004760742188, 0.21004343032836914, 0.2659614086151123, 0.21391987800598145, 0.2322702407836914, 0.23245477676391602, 0.21832537651062012, 0.24013257026672363, 0.21460223197937012, 0.2248518466949463, 0.24393939971923828, 0.20532894134521484, 0.26311635971069336, 0.20258498191833496, 0.24390077590942383, 0.2144315242767334, 0.21724438667297363, 0.22770357131958008, 0.20969200134277344, 0.24385380744934082, 0.24492478370666504, 0.22030329704284668, 0.21040701866149902, 0.21040606498718262, 0.26019930839538574, 0.20134305953979492, 0.24615097045898438, 0.1999518871307373, 0.20817303657531738, 0.25269079208374023, 0.22086119651794434, 0.22833824157714844, 0.20865631103515625, 0.2428297996520996, 0.21144318580627441, 0.23706936836242676, 0.2488694190979004, 0.20505976676940918, 0.2299191951751709, 0.2053976058959961, 0.21271109580993652, 0.2501952648162842, 0.2074296474456787, 0.21781420707702637, 0.207899808883667, 0.20205044746398926, 0.24942588806152344, 0.20618200302124023, 0.21030306816101074, 0.21422171592712402, 0.20477962493896484, 0.2647721767425537, 0.21577787399291992, 0.2198622226715088, 0.23489022254943848, 0.20961213111877441, 0.23443126678466797, 0.23333263397216797, 0.20032572746276855, 0.2356259822845459, 0.21097445487976074, 0.20258617401123047, 0.23851490020751953, 0.20392370223999023, 0.22147917747497559, 0.24794340133666992, 0.20761823654174805, 0.25203585624694824, 0.20412969589233398, 0.22037386894226074, 0.19754242897033691, 0.24910807609558105, 0.20382285118103027, 0.22241568565368652, 0.25497961044311523, 0.19759178161621094, 0.19903039932250977, 0.23696303367614746, 0.2016127109527588, 0.20761704444885254, 0.20821595191955566, 0.20384907722473145, 0.26229310035705566, 0.20171666145324707, 0.24004387855529785, 0.22193574905395508, 0.1905956268310547, 0.23702049255371094, 0.2020564079284668, 0.19729351997375488, 0.216827392578125, 0.22886013984680176, 0.21503472328186035, 0.20594310760498047, 0.23458361625671387, 0.22860193252563477, 0.20112204551696777, 0.22940587997436523, 0.21753644943237305, 0.20377182960510254, 0.21310710906982422, 0.22058844566345215, 0.20068049430847168, 0.21126914024353027, 0.21356463432312012, 0.21162986755371094, 0.20390772819519043, 0.2251262664794922, 0.20622563362121582, 0.2148580551147461, 0.24634623527526855, 0.20486807823181152, 0.2256460189819336, 0.23009490966796875, 0.20555639266967773, 0.2334439754486084, 0.251967191696167, 0.20964789390563965, 0.25020885467529297, 0.21152257919311523, 0.21863341331481934, 0.2010180950164795, 0.23280572891235352, 0.20476436614990234, 0.2429513931274414, 0.21377944946289062, 0.22655081748962402, 0.21476149559020996, 0.19875645637512207, 0.23965668678283691, 0.24276304244995117, 0.20516324043273926, 0.22470712661743164, 0.2252516746520996, 0.20076847076416016, 0.23862242698669434, 0.20972990989685059, 0.20168399810791016, 0.20208406448364258, 0.23832321166992188, 0.2155623435974121, 0.2099301815032959, 0.2058558464050293, 0.196974515914917, 0.21990609169006348, 0.2228870391845703, 0.20533967018127441, 0.23472929000854492, 0.23711848258972168, 0.19678330421447754, 0.23521757125854492, 0.2188715934753418, 0.21843457221984863, 0.22997617721557617, 0.2115647792816162, 0.23516035079956055, 0.21608901023864746, 0.19886374473571777, 0.24161052703857422, 0.23125171661376953, 0.22331023216247559, 0.23694300651550293, 0.2509126663208008, 0.20141124725341797, 0.23773884773254395, 0.2047581672668457, 0.20724010467529297, 0.2467191219329834, 0.2055959701538086, 0.21557116508483887, 0.24675965309143066, 0.20371341705322266, 0.1990368366241455, 0.25386929512023926, 0.2022109031677246, 0.20577716827392578, 0.2319793701171875, 0.2049250602722168, 0.22089529037475586, 0.2539641857147217, 0.22042489051818848, 0.2401425838470459, 0.22320342063903809, 0.21992802619934082, 0.22179722785949707, 0.20566511154174805, 0.2534751892089844, 0.21593499183654785, 0.2259676456451416, 0.23314428329467773, 0.2112109661102295, 0.2388904094696045, 0.25020766258239746, 0.19751691818237305, 0.24436068534851074, 0.24270009994506836, 0.20647621154785156, 0.23926758766174316, 0.20815706253051758, 0.2186436653137207, 0.2431929111480713, 0.2086505889892578, 0.2641298770904541, 0.20789170265197754, 0.24975323677062988, 0.20262360572814941, 0.24001646041870117, 0.20481228828430176, 0.21876811981201172, 0.21295452117919922, 0.2019355297088623, 0.2568948268890381, 0.21784210205078125, 0.20050740242004395, 0.25698137283325195, 0.20884943008422852, 0.23378682136535645, 0.2045154571533203, 0.2131505012512207, 0.22818470001220703, 0.2091681957244873, 0.2458035945892334, 0.20665383338928223, 0.24909448623657227, 0.19870376586914062, 0.2277686595916748, 0.20884323120117188, 0.20769572257995605, 0.2032766342163086, 0.23466086387634277, 0.22175931930541992, 0.21022844314575195, 0.23650169372558594, 0.22380733489990234, 0.20928668975830078, 0.2243962287902832, 0.20643234252929688, 0.23018455505371094, 0.2230205535888672, 0.20997905731201172, 0.21703696250915527, 0.2130897045135498, 0.21399617195129395, 0.2289106845855713, 0.19819998741149902, 0.23994183540344238, 0.20107150077819824, 0.21990346908569336, 0.19664263725280762, 0.21549391746520996, 0.23687028884887695, 0.2008833885192871, 0.28978824615478516, 0.2097790241241455, 0.25584983825683594, 0.19063949584960938, 0.24850749969482422, 0.2020554542541504, 0.24204087257385254, 0.2040996551513672, 0.24106693267822266, 0.2068169116973877, 0.24652695655822754, 0.1985015869140625, 0.24575114250183105, 0.20352673530578613, 0.23047375679016113, 0.24761056900024414, 0.19864773750305176, 0.21855425834655762, 0.23869562149047852, 0.2264084815979004, 0.20344281196594238, 0.22635865211486816, 0.21854662895202637, 0.2164924144744873, 0.25188660621643066, 0.19909238815307617, 0.23426461219787598, 0.2059459686279297, 0.2210245132446289, 0.2327713966369629, 0.20374178886413574, 0.23084521293640137, 0.23442482948303223, 0.20037007331848145, 0.24876737594604492, 0.20689964294433594, 0.20534753799438477, 0.24077391624450684, 0.21589350700378418, 0.21345877647399902, 0.21926045417785645, 0.20531368255615234, 0.23819661140441895, 0.21043944358825684, 0.19919061660766602, 0.2604217529296875, 0.20454716682434082, 0.20660877227783203, 0.22875547409057617, 0.2011406421661377, 0.24171972274780273, 0.21822524070739746, 0.20605945587158203, 0.23289871215820312, 0.23880910873413086, 0.2185804843902588, 0.20892667770385742, 0.2270357608795166, 0.21892476081848145, 0.2127082347869873, 0.21105504035949707, 0.23792338371276855, 0.2111983299255371, 0.21129608154296875, 0.1955111026763916, 0.2290792465209961, 0.2022690773010254, 0.2137312889099121, 0.21967291831970215, 0.2074275016784668, 0.2253556251525879, 0.22983598709106445, 0.2129383087158203, 0.2322978973388672, 0.22584199905395508, 0.20871448516845703, 0.20423245429992676, 0.21126651763916016, 0.2316436767578125, 0.20733976364135742, 0.21881341934204102, 0.24695420265197754, 0.20960521697998047, 0.24956035614013672, 0.20771002769470215, 0.22289824485778809, 0.2037801742553711, 0.23880553245544434, 0.2063453197479248, 0.24159479141235352, 0.2033557891845703, 0.21282339096069336, 0.2375786304473877, 0.22017788887023926, 0.21281862258911133, 0.20894217491149902, 0.24214744567871094, 0.23370814323425293, 0.21483397483825684, 0.24482107162475586, 0.23436880111694336, 0.21946096420288086, 0.26605844497680664, 0.20446014404296875, 0.22978949546813965, 0.20718646049499512, 0.22718024253845215, 0.2077169418334961, 0.23974108695983887, 0.21099472045898438, 0.22836732864379883, 0.24644684791564941, 0.2011425495147705, 0.25475192070007324, 0.20885848999023438, 0.22579002380371094, 0.21911931037902832, 0.22525906562805176, 0.20659804344177246, 0.23582935333251953, 0.19644594192504883, 0.22385311126708984, 