{"ID": 6, "inference time": [18.149629831314087, 0.20690464973449707, 0.1360020637512207, 0.12692570686340332, 0.12107348442077637, 0.12753891944885254, 0.1271660327911377, 0.12756848335266113, 0.126906156539917, 0.127197265625, 0.1345815658569336, 0.14139795303344727, 0.1313340663909912, 0.13290119171142578, 0.13498497009277344, 0.13724017143249512, 0.12485074996948242, 0.1237187385559082, 0.13022613525390625, 0.12723350524902344, 0.12836766242980957, 0.12338113784790039, 0.11895012855529785, 0.125687837600708, 0.12038278579711914, 0.12737226486206055, 0.13296985626220703, 0.12509775161743164, 0.12294220924377441, 0.12453746795654297, 0.12610554695129395, 0.12097549438476562, 0.12877440452575684, 0.1286001205444336, 0.13976550102233887, 0.1305227279663086, 0.13420891761779785, 0.12155556678771973, 0.12094640731811523, 0.1253652572631836, 0.13555097579956055, 0.12323307991027832, 0.11979413032531738, 0.1263866424560547, 0.12515711784362793, 0.11944150924682617, 0.12023353576660156, 0.12989211082458496, 0.11424136161804199, 0.12202954292297363, 0.12408638000488281, 0.1278834342956543, 0.13313913345336914, 0.12244486808776855, 0.14220595359802246, 0.12648224830627441, 0.13840365409851074, 0.13138294219970703, 0.13863801956176758, 0.13056063652038574, 0.13307976722717285, 0.13120579719543457, 0.13933968544006348, 0.13268017768859863, 0.13657426834106445, 0.12238836288452148, 0.13605761528015137, 0.13640689849853516, 0.13166356086730957, 0.13375234603881836, 0.1339120864868164, 0.13418292999267578, 0.14439845085144043, 0.1331496238708496, 0.15361714363098145, 0.13911151885986328, 0.14634227752685547, 0.1327190399169922, 0.13084793090820312, 0.12967300415039062, 0.13598132133483887, 0.1310412883758545, 0.13926076889038086, 0.12958908081054688, 0.13636374473571777, 0.13274407386779785, 0.14319252967834473, 0.12772846221923828, 0.15965533256530762, 0.12913870811462402, 0.1410999298095703, 0.13350987434387207, 0.1382133960723877, 0.13101744651794434, 0.1484682559967041, 0.12422728538513184, 0.1411604881286621, 0.13197827339172363, 0.14829111099243164, 0.1311633586883545, 0.14037084579467773, 0.12790203094482422, 0.1360623836517334, 0.13073348999023438, 0.142256498336792, 0.13266944885253906, 0.14146900177001953, 0.13612771034240723, 0.14841961860656738, 0.13201904296875, 0.145371675491333, 0.1322023868560791, 0.15050482749938965, 0.12982439994812012, 0.13990569114685059, 0.13381028175354004, 0.1488795280456543, 0.1289200782775879, 0.15033650398254395, 0.1249847412109375, 0.14890480041503906, 0.1246175765991211, 0.15177083015441895, 0.12483549118041992, 0.14357733726501465, 0.12714862823486328, 0.12372159957885742, 0.13341546058654785, 0.135636568069458, 0.12925362586975098, 0.1368882656097412, 0.12480020523071289, 0.14446234703063965, 0.13010334968566895, 0.14178705215454102, 0.13237214088439941, 0.14599370956420898, 0.12812304496765137, 0.15055537223815918, 0.1256406307220459, 0.13539409637451172, 0.12614011764526367, 0.15582823753356934, 0.1287829875946045, 0.13912725448608398, 0.12546896934509277, 0.12294340133666992, 0.12649321556091309, 0.12908697128295898, 0.1244511604309082, 0.12971115112304688, 0.1274702548980713, 0.14134955406188965, 0.12165331840515137, 0.13769817352294922, 0.12468242645263672, 0.13908672332763672, 0.1327533721923828, 0.14214611053466797, 0.12415313720703125, 0.12515616416931152, 0.1267564296722412, 0.13961458206176758, 0.13300538063049316, 0.14415740966796875, 0.13377690315246582, 0.1504828929901123, 0.13482928276062012, 0.13951396942138672, 0.13321518898010254, 0.15123510360717773, 0.13108539581298828, 0.13994622230529785, 0.13352632522583008, 0.13584089279174805, 0.13031578063964844, 0.12750244140625, 0.13069415092468262, 0.13363194465637207, 0.13478469848632812, 0.1471881866455078, 0.12545108795166016, 0.13353514671325684, 0.12394118309020996, 0.12371206283569336, 0.12438535690307617, 0.13300490379333496, 0.12989592552185059, 0.12841367721557617, 0.12403535842895508, 0.14822745323181152, 0.12863802909851074, 0.1471097469329834, 0.12872076034545898, 0.12727904319763184, 0.13049650192260742, 0.13634276390075684, 0.13079285621643066, 0.12976360321044922, 0.1339111328125, 0.1411914825439453, 0.13945221900939941, 0.13771605491638184, 0.13369464874267578, 0.139573335647583, 0.12915253639221191, 0.14431405067443848, 0.14124631881713867, 0.1583716869354248, 0.13434243202209473, 0.1434934139251709, 0.1308581829071045, 0.13700222969055176, 0.13402056694030762, 0.130401611328125, 0.12612700462341309, 0.1301743984222412, 0.12941646575927734, 0.12264108657836914, 0.13019299507141113, 0.14988970756530762, 0.12992143630981445, 0.14311718940734863, 0.13183379173278809, 0.1229085922241211, 0.13447356224060059, 0.12226057052612305, 0.12661027908325195, 0.11773920059204102, 0.12730002403259277, 0.14411568641662598, 0.13132143020629883, 0.12103986740112305, 0.133500337600708, 0.14464616775512695, 0.1320629119873047, 0.13537168502807617, 0.12704181671142578, 0.13656210899353027, 0.12509632110595703, 0.12399458885192871, 0.12884140014648438, 0.149979829788208, 0.13161063194274902, 0.1357729434967041, 0.12963342666625977, 0.1276397705078125, 0.13465332984924316, 0.11809897422790527, 0.12837886810302734, 0.14123249053955078, 0.13274908065795898, 0.13705992698669434, 0.13380026817321777, 0.14457273483276367, 0.14324283599853516, 0.12811756134033203, 0.13200664520263672, 0.13157224655151367, 0.12366938591003418, 0.12087416648864746, 0.12410521507263184, 0.11646842956542969, 0.12922048568725586, 0.13104605674743652, 0.1351923942565918, 0.14084362983703613, 0.1268782615661621, 0.13194823265075684, 0.12350893020629883, 0.1334545612335205, 0.12377619743347168, 0.15259337425231934, 0.11341238021850586, 0.16105389595031738, 0.1225748062133789, 0.13144397735595703, 0.13290119171142578, 0.14065122604370117, 0.1362760066986084, 0.13599705696105957, 0.1385037899017334, 0.1380150318145752, 0.1311197280883789, 0.12324357032775879, 0.13094019889831543, 0.11269593238830566, 0.1340038776397705, 0.131941556930542, 0.13411998748779297, 0.14438128471374512, 0.13275790214538574, 0.12952971458435059, 0.1289517879486084, 0.12746596336364746, 0.12198686599731445, 0.15130043029785156, 0.12176012992858887, 0.15455007553100586, 0.12936186790466309, 0.1421217918395996, 0.13510560989379883, 0.1253221035003662, 0.13195562362670898, 0.1402745246887207, 0.13226056098937988, 0.1471388339996338, 0.12782001495361328, 0.1411876678466797, 0.13620972633361816, 0.10980796813964844, 0.12822246551513672, 0.10578417778015137, 0.12987470626831055, 0.1320950984954834, 0.13214492797851562, 0.12176942825317383, 0.13358664512634277, 0.1437692642211914, 0.13318109512329102, 0.13532042503356934, 0.13332796096801758, 0.13234877586364746, 0.1307234764099121, 0.1261739730834961, 0.13158869743347168, 0.13220548629760742, 0.12999868392944336, 0.11449742317199707, 0.12039351463317871, 0.14069604873657227, 0.13612985610961914, 0.1154778003692627, 0.13008546829223633, 0.1243596076965332, 0.1301267147064209, 0.1385791301727295, 0.13359570503234863, 0.1338655948638916, 0.13454008102416992, 0.12563300132751465, 0.1340484619140625, 0.12905073165893555, 0.13356614112854004, 0.14369630813598633, 0.14203882217407227, 0.1403505802154541, 0.14278197288513184, 0.1215825080871582, 0.13030576705932617, 0.1042184829711914, 0.12900042533874512, 0.1298387050628662, 0.13608741760253906, 0.12651610374450684, 0.13080835342407227, 0.14257454872131348, 0.12562036514282227, 0.13160300254821777, 0.13573837280273438, 0.1203005313873291, 0.1203765869140625, 0.13706564903259277, 0.1378021240234375, 0.11044526100158691, 0.1352245807647705, 0.1219339370727539, 0.13666200637817383, 0.13602566719055176, 0.13450264930725098, 0.12030243873596191, 0.1294567584991455, 0.13505268096923828, 0.1306135654449463, 0.13404583930969238, 0.1367497444152832, 0.11593937873840332, 0.1217803955078125, 0.14478182792663574, 0.1247549057006836, 0.13973212242126465, 0.1308727264404297, 0.1384890079498291, 0.13613319396972656, 0.1428380012512207, 