{"ID": 5, "inference time": [0.3117179870605469, 0.2987942695617676, 0.2704501152038574, 0.22012066841125488, 0.33849382400512695, 0.24944329261779785, 0.2784237861633301, 0.30478858947753906, 0.29821228981018066, 0.31183934211730957, 0.25739407539367676, 0.3438408374786377, 0.27280473709106445, 0.22353696823120117, 0.2105710506439209, 0.21001291275024414, 0.26427316665649414, 0.284700870513916, 0.2771477699279785, 0.24240946769714355, 0.22379493713378906, 0.2296772003173828, 0.23880743980407715, 0.23006176948547363, 0.21588468551635742, 0.3063631057739258, 0.23945260047912598, 0.23677682876586914, 0.23660016059875488, 0.28416895866394043, 0.2699108123779297, 0.26877880096435547, 0.2383289337158203, 0.2104804515838623, 0.22338628768920898, 0.2683064937591553, 0.22098565101623535, 0.236832857131958, 0.24749183654785156, 0.24570512771606445, 0.21753549575805664, 0.24921798706054688, 0.26065969467163086, 0.25815844535827637, 0.23495864868164062, 0.26412439346313477, 0.22506213188171387, 0.2376561164855957, 0.22110319137573242, 0.2499561309814453, 0.2691764831542969, 0.24755454063415527, 0.2392268180847168, 0.22184348106384277, 0.23253297805786133, 0.24624323844909668, 0.2888064384460449, 0.2181835174560547, 0.2452406883239746, 0.22160649299621582, 0.25170326232910156, 0.2272505760192871, 0.2372276782989502, 0.23181653022766113, 0.2424330711364746, 0.23973870277404785, 0.21855807304382324, 0.2561919689178467, 0.2543056011199951, 0.22630953788757324, 0.21725797653198242, 0.20911669731140137, 0.25774335861206055, 0.2430405616760254, 0.2372572422027588, 0.23740601539611816, 0.24149250984191895, 0.22394561767578125, 0.2418513298034668, 0.2678670883178711, 0.23575067520141602, 0.24360299110412598, 0.2290034294128418, 0.22702264785766602, 0.23165678977966309, 0.2260878086090088, 0.21542763710021973, 0.24251055717468262, 0.24210214614868164, 0.2551577091217041, 0.22745847702026367, 0.2537856101989746, 0.22887754440307617, 0.2092757225036621, 0.28195714950561523, 0.26720714569091797, 0.23801398277282715, 0.20101213455200195, 0.2506833076477051, 0.2326202392578125, 0.2283015251159668, 0.24596357345581055, 0.27493858337402344, 0.25524163246154785, 0.22844862937927246, 0.23313498497009277, 0.22280573844909668, 0.2379744052886963, 0.25609421730041504, 0.22951698303222656, 0.2414102554321289, 0.22377514839172363, 0.2362806797027588, 0.2322852611541748, 0.23168206214904785, 0.21981239318847656, 0.23900270462036133, 0.24313116073608398, 0.24361681938171387, 0.2224903106689453, 0.21884393692016602, 0.2248554229736328, 0.24747800827026367, 0.23896336555480957, 0.24735736846923828, 0.23050808906555176, 0.2250669002532959, 0.22849416732788086, 0.22515630722045898, 0.2404472827911377, 0.24452590942382812, 0.2315049171447754, 0.240234375, 0.24251317977905273, 0.235809326171875, 0.24276518821716309, 0.240004301071167, 0.23626232147216797, 0.2600529193878174, 0.2431952953338623, 0.23369836807250977, 0.23201394081115723, 0.22908306121826172, 0.2092587947845459, 0.2559065818786621, 0.26482582092285156, 0.23018813133239746, 0.20284366607666016, 0.29621052742004395, 0.2716350555419922, 0.21872735023498535, 0.25731754302978516, 0.2632102966308594, 0.232893705368042, 0.2661247253417969, 0.2616744041442871, 0.2296140193939209, 0.262392520904541, 0.26874375343322754, 0.270859956741333, 0.23851680755615234, 0.22303342819213867, 0.25502681732177734, 0.23760175704956055, 0.2227480411529541, 0.22913789749145508, 0.27225780487060547, 0.2648956775665283, 0.22862029075622559, 0.24112439155578613, 0.2317054271697998, 0.2589895725250244, 0.23180031776428223, 0.2537407875061035, 0.24029850959777832, 0.23253321647644043, 0.2139744758605957, 0.2863645553588867, 0.23099946975708008, 0.24307918548583984, 0.24932312965393066, 0.23593640327453613, 0.2184154987335205, 0.24522829055786133, 0.24208974838256836, 0.2586524486541748, 0.2450864315032959, 0.23157978057861328, 0.22617077827453613, 0.22983884811401367, 0.24181604385375977, 0.2753713130950928, 0.23299837112426758, 0.2161104679107666, 0.27332448959350586, 0.24825191497802734, 0.2501087188720703, 0.2737739086151123, 0.2259054183959961, 0.2280416488647461, 0.22645211219787598, 0.23385119438171387, 0.22655534744262695, 0.25916337966918945, 0.24612927436828613, 0.2548081874847412, 0.22553300857543945, 0.2317349910736084, 0.2444441318511963, 0.28557419776916504, 0.2527313232421875, 0.23824763298034668, 0.23897933959960938, 0.22478151321411133, 0.23066926002502441, 0.2330186367034912, 0.23944401741027832, 0.2283031940460205, 0.25148725509643555, 0.22674036026000977, 0.23529410362243652, 0.22827482223510742, 0.22275543212890625, 0.21960759162902832, 0.24413347244262695, 0.22744083404541016, 0.23047184944152832, 0.23413586616516113, 0.23300695419311523, 0.22310495376586914, 0.22769737243652344, 0.24581670761108398, 0.25489234924316406, 0.23618125915527344, 0.23032617568969727, 0.2259366512298584, 0.22400140762329102, 0.22361516952514648, 0.22195720672607422, 0.2269878387451172, 0.23274993896484375, 0.21724724769592285, 0.23209142684936523, 0.22570395469665527, 0.2707045078277588, 0.2730748653411865, 0.2563657760620117, 0.2431337833404541, 0.23847579956054688, 0.23809504508972168, 0.2429347038269043, 0.2172091007232666, 0.22545552253723145, 0.24474835395812988, 0.24713516235351562, 0.24584627151489258, 0.23004150390625, 0.22862768173217773, 0.24799776077270508, 0.2586324214935303, 0.2391343116760254, 0.2558286190032959, 0.24725699424743652, 0.23201990127563477, 0.2278742790222168, 0.21854877471923828, 0.25218963623046875, 0.2813093662261963, 0.26021313667297363, 0.2358393669128418, 0.2620511054992676, 0.2730417251586914, 0.23707270622253418, 0.2398056983947754, 0.23977255821228027, 0.23801970481872559, 0.2445516586303711, 0.2816622257232666, 0.25958776473999023, 0.2222294807434082, 0.20394086837768555, 0.24080204963684082, 0.25948476791381836, 0.27027058601379395, 0.2508363723754883, 0.24839377403259277, 0.23850178718566895, 0.2273869514465332, 0.24400782585144043, 0.22898602485656738, 0.22371482849121094, 0.23430752754211426, 0.22141480445861816, 0.22760510444641113, 0.24529600143432617, 0.23094940185546875, 0.21696805953979492, 0.19819068908691406, 0.2690603733062744, 0.2153613567352295, 0.2468717098236084, 0.26019763946533203, 0.2635951042175293, 0.217238187789917, 0.2608928680419922, 0.2236645221710205, 0.2840538024902344, 0.24082517623901367, 0.22959446907043457, 0.26663684844970703, 0.24205517768859863, 0.2597646713256836, 0.2762751579284668, 0.25963830947875977, 0.23261785507202148, 0.2589867115020752, 0.21716523170471191, 0.23674917221069336, 0.2601907253265381, 0.23195791244506836, 0.2313222885131836, 0.24990582466125488, 0.25008130073547363, 0.25931477546691895, 0.2309412956237793, 0.22492742538452148, 0.21418333053588867, 0.23057770729064941, 0.22504568099975586, 0.23362946510314941, 0.24389100074768066, 0.2327556610107422, 0.23401713371276855, 0.24544548988342285, 0.22646045684814453, 0.27123498916625977, 0.23395657539367676, 0.21559786796569824, 0.2052159309387207, 0.21374154090881348, 0.2818174362182617, 0.2650752067565918, 0.22648930549621582, 0.21594810485839844, 0.28725671768188477, 0.24539852142333984, 0.23306775093078613, 0.2364940643310547, 0.2445838451385498, 0.2783527374267578, 0.2654716968536377, 0.20971179008483887, 0.2506577968597412, 0.2731003761291504, 0.22629046440124512, 0.22702598571777344, 0.26978397369384766, 0.22957754135131836, 0.2404460906982422, 0.24619150161743164, 0.2217426300048828, 0.22174906730651855, 0.25539326667785645, 0.2849702835083008, 0.22900915145874023, 0.25065183639526367, 0.2983717918395996, 0.26163434982299805, 0.20695853233337402, 0.29560184478759766, 0.2945518493652344, 0.29901766777038574, 0.27358555793762207, 0.24560308456420898, 0.20173358917236328, 0.2676870822906494, 0.23642420768737793, 0.2562258243560791, 0.27924251556396484, 0.25515007972717285, 0.20888805389404297, 0.2384490966796875, 0.24491357803344727, 0.25446248054504395, 0.2762479782104492, 0.238631010055542, 0.22354626655578613, 