{"ID": 0, "inference time": [0.289107084274292, 0.21495723724365234, 0.26514577865600586, 0.21607398986816406, 0.20268893241882324, 0.2318882942199707, 0.22842097282409668, 0.22826027870178223, 0.2086796760559082, 0.2130742073059082, 0.21296477317810059, 0.22470688819885254, 0.20215225219726562, 0.21851754188537598, 0.2301025390625, 0.2092750072479248, 0.20891165733337402, 0.23219895362854004, 0.30799293518066406, 0.27309656143188477, 0.22470688819885254, 0.2555861473083496, 0.21629762649536133, 0.21170401573181152, 0.21587443351745605, 0.20661282539367676, 0.24312829971313477, 0.22359609603881836, 0.2124803066253662, 0.22061634063720703, 0.2650306224822998, 0.21899867057800293, 0.23570752143859863, 0.22014665603637695, 0.25531888008117676, 0.22536087036132812, 0.21374893188476562, 0.23147344589233398, 0.20885801315307617, 0.24004817008972168, 0.2394411563873291, 0.22808098793029785, 0.230712890625, 0.21040940284729004, 0.23795199394226074, 0.2403111457824707, 0.2060999870300293, 0.20569491386413574, 0.23990821838378906, 0.22340655326843262, 0.24381017684936523, 0.21825027465820312, 0.2438669204711914, 0.21799874305725098, 0.22471284866333008, 0.23209857940673828, 0.20784354209899902, 0.24197602272033691, 0.20815038681030273, 0.24737310409545898, 0.20357465744018555, 0.24254107475280762, 0.24488615989685059, 0.2096104621887207, 0.22994136810302734, 0.2423555850982666, 0.21791505813598633, 0.23190712928771973, 0.21322035789489746, 0.22861933708190918, 0.20630741119384766, 0.21059226989746094, 0.2348334789276123, 0.25180840492248535, 0.2359941005706787, 0.251751184463501, 0.22528457641601562, 0.24313688278198242, 0.20232629776000977, 0.24389338493347168, 0.2428116798400879, 0.24225115776062012, 0.22119450569152832, 0.2501506805419922, 0.24228954315185547, 0.22995519638061523, 0.24773883819580078, 0.2436981201171875, 0.22415709495544434, 0.22793841361999512, 0.23056960105895996, 0.20592474937438965, 0.24324703216552734, 0.21674275398254395, 0.22895550727844238, 0.28177833557128906, 0.27323365211486816, 0.21610164642333984, 0.2358253002166748, 0.25049519538879395, 0.24853730201721191, 0.21884942054748535, 0.22154617309570312, 0.23285126686096191, 0.23104333877563477, 0.24327778816223145, 0.24579882621765137, 0.2327442169189453, 0.25494980812072754, 0.2401292324066162, 0.24975919723510742, 0.2382659912109375, 0.2289583683013916, 0.23087406158447266, 0.24309945106506348, 0.23974275588989258, 0.2241053581237793, 0.23639345169067383, 0.2460489273071289, 0.24754738807678223, 0.2377169132232666, 0.22958755493164062, 0.23885035514831543, 0.22791028022766113, 0.2222912311553955, 0.23628878593444824, 0.22988224029541016, 0.21202301979064941, 0.21665120124816895, 0.21921038627624512, 0.22333908081054688, 0.21448397636413574, 0.24719524383544922, 0.22812747955322266, 0.22323870658874512, 0.22078466415405273, 0.2267765998840332, 0.22642087936401367, 0.2351524829864502, 0.21716094017028809, 0.23268675804138184, 0.20659518241882324, 0.21868038177490234, 0.20578789710998535, 0.2352139949798584, 0.20355916023254395, 0.24463582038879395, 0.19778203964233398, 0.22412872314453125, 0.2953052520751953, 0.23357343673706055, 0.22304558753967285, 0.2025890350341797, 0.2557971477508545, 0.19411587715148926, 0.22810840606689453, 0.23206281661987305, 0.23942995071411133, 0.20645689964294434, 0.261350154876709, 0.2432880401611328, 0.2319953441619873, 0.23106861114501953, 0.20479631423950195, 0.23802423477172852, 0.2088146209716797, 0.2251436710357666, 0.21680092811584473, 0.2598752975463867, 0.25974321365356445, 0.2307584285736084, 0.2393491268157959, 0.24118900299072266, 0.22237873077392578, 0.26259708404541016, 0.2487947940826416, 0.2220449447631836, 0.2779388427734375, 0.24144625663757324, 0.24313068389892578, 0.2146923542022705, 0.2484891414642334, 0.2170562744140625, 0.20370745658874512, 0.23563504219055176, 0.23810815811157227, 0.2414083480834961, 0.21880459785461426, 0.2460947036743164, 0.23608160018920898, 0.21377086639404297, 0.22495317459106445, 0.25086092948913574, 0.23741745948791504, 0.22558093070983887, 0.2320542335510254, 0.2301015853881836, 0.21693158149719238, 0.23796844482421875, 0.26654577255249023, 0.22699379920959473, 0.2140214443206787, 0.22750592231750488, 0.23395752906799316, 0.22439122200012207, 0.2333965301513672, 0.25066232681274414, 0.20017123222351074, 0.24264240264892578, 0.23446273803710938, 0.2433912754058838, 0.24897027015686035, 0.24688720703125, 0.24550175666809082, 0.2288827896118164, 0.2250814437866211, 0.23880457878112793, 0.23731756210327148, 0.2204577922821045, 0.22484540939331055, 0.2379930019378662, 0.24340200424194336, 0.22753000259399414, 0.23237299919128418, 0.24352145195007324, 0.22851157188415527, 0.23700928688049316, 0.2322685718536377, 0.25259947776794434, 0.2551875114440918, 0.23199105262756348, 0.23117542266845703, 0.22938942909240723, 0.244246244430542, 0.26497960090637207, 0.22581911087036133, 0.23392796516418457, 0.23599028587341309, 0.23139142990112305, 0.23236560821533203, 0.22581791877746582, 0.23984432220458984, 0.24035072326660156, 0.23990964889526367, 0.20472288131713867, 0.23130178451538086, 0.22126030921936035, 0.21956610679626465, 0.20323634147644043, 0.2500941753387451, 0.24306797981262207, 0.2262873649597168, 0.21663689613342285, 0.2245502471923828, 0.22747373580932617, 0.25252699851989746, 0.25841712951660156, 0.24216365814208984, 0.23557114601135254, 0.23210430145263672, 0.2401881217956543, 0.23484349250793457, 0.23916411399841309, 0.26295900344848633, 0.2422347068786621, 0.24961352348327637, 0.23708271980285645, 0.23099350929260254, 0.21497106552124023, 0.23709583282470703, 0.2319643497467041, 0.2350921630859375, 0.2564241886138916, 0.24292659759521484, 0.2182936668395996, 0.22188711166381836, 0.23579835891723633, 0.24396896362304688, 0.21101140975952148, 0.21929669380187988, 0.2033987045288086, 0.23021936416625977, 0.2572438716888428, 0.23075604438781738, 0.2319176197052002, 0.24184584617614746, 0.24622368812561035, 0.21436023712158203, 0.24892544746398926, 0.25980210304260254, 0.20158863067626953, 0.22803926467895508, 0.2251143455505371, 0.2660331726074219, 0.2545197010040283, 0.2378692626953125, 0.25173068046569824, 0.20685553550720215, 0.21970748901367188, 0.22812271118164062, 0.2183396816253662, 0.23531317710876465, 0.23973870277404785, 0.2250528335571289, 0.23562192916870117, 0.20927715301513672, 0.2368474006652832, 0.24613046646118164, 0.22411012649536133, 0.24123549461364746, 0.24694156646728516, 0.21131372451782227, 0.22797083854675293, 0.27288317680358887, 0.2358853816986084, 0.23430085182189941, 0.24677681922912598, 0.23421955108642578, 0.2358074188232422, 0.20451641082763672, 0.24706244468688965, 0.2321453094482422, 0.23998737335205078, 0.23122692108154297, 0.2563052177429199, 0.2510507106781006, 0.23119258880615234, 0.24497222900390625, 0.24391579627990723, 0.22321748733520508, 0.2192091941833496, 0.21709299087524414, 0.24055862426757812, 0.23243141174316406, 0.2242419719696045, 0.25957775115966797, 0.24232769012451172, 0.21022725105285645, 0.2086644172668457, 0.23531222343444824, 0.21703052520751953, 0.19905734062194824, 0.2257556915283203, 0.22218823432922363, 0.21898531913757324, 0.2399766445159912, 0.2237389087677002, 0.22986578941345215, 0.21398282051086426, 0.21762752532958984, 0.2784297466278076, 0.24856829643249512, 0.23590993881225586, 0.2371203899383545, 0.22902584075927734, 0.2113511562347412, 0.24887943267822266, 0.24689340591430664, 0.24943017959594727, 0.2509477138519287, 0.24119091033935547, 0.20329761505126953, 0.2220754623413086, 0.20284628868103027, 0.21362781524658203, 0.19985747337341309, 0.20964622497558594, 0.2602875232696533, 0.22987794876098633, 0.21171188354492188, 0.20173025131225586, 0.33862972259521484, 0.22121238708496094, 0.28359317779541016, 0.23658251762390137, 0.2185661792755127, 0.22170066833496094, 0.19875502586364746, 0.22953367233276367, 0.2535121440887451, 0.24204587936401367, 0.23069977760314941, 0.2754788398742676, 0.23992300033569336, 0.25560688972473145, 