{"ID": 6, "inference time": [10.681485652923584, 0.0763399600982666, 0.05507493019104004, 0.04390859603881836, 0.07283306121826172, 0.058065176010131836, 0.046362876892089844, 0.06966543197631836, 0.054582834243774414, 0.04860973358154297, 0.07228326797485352, 0.06128883361816406, 0.04625892639160156, 0.07430648803710938, 0.06637144088745117, 0.05675077438354492, 0.08776569366455078, 0.06883072853088379, 0.06366753578186035, 0.0751199722290039, 0.056272268295288086, 0.061727285385131836, 0.08351731300354004, 0.07444000244140625, 0.05984926223754883, 0.07438778877258301, 0.07409286499023438, 0.07015395164489746, 0.16652178764343262, 0.1678605079650879, 0.05519270896911621, 0.08013367652893066, 0.07258820533752441, 0.07156515121459961, 0.07846355438232422, 0.07401704788208008, 0.07041335105895996, 0.08808636665344238, 0.07313776016235352, 0.05394244194030762, 0.08075714111328125, 0.07132172584533691, 0.05136275291442871, 0.07970499992370605, 0.07409954071044922, 0.06159210205078125, 0.08208203315734863, 0.07352948188781738, 0.05146622657775879, 0.07996559143066406, 0.06659245491027832, 0.056550025939941406, 0.08088159561157227, 0.07299470901489258, 0.06719779968261719, 0.0810556411743164, 0.07487797737121582, 0.05403614044189453, 0.08621430397033691, 0.0744028091430664, 0.06509947776794434, 0.0794980525970459, 0.07474660873413086, 0.06566381454467773, 0.08002638816833496, 0.07520556449890137, 0.07307934761047363, 0.07932305335998535, 0.07422614097595215, 0.0712432861328125, 0.07987809181213379, 0.07446551322937012, 0.06836223602294922, 0.0874168872833252, 0.0742490291595459, 0.07098054885864258, 0.08128666877746582, 0.07512903213500977, 0.06400036811828613, 0.0899972915649414, 0.07436871528625488, 0.07045412063598633, 0.08034729957580566, 0.07635235786437988, 0.07075953483581543, 0.0808258056640625, 0.07446026802062988, 0.06905770301818848, 0.07703971862792969, 0.07559823989868164, 0.06484174728393555, 0.08855342864990234, 0.07425761222839355, 0.069122314453125, 0.07788395881652832, 0.07464957237243652, 0.06876397132873535, 0.09323000907897949, 0.07389283180236816, 0.0680387020111084, 0.0835263729095459, 0.07503581047058105, 0.06746125221252441, 0.0821542739868164, 0.07405662536621094, 0.07101655006408691, 0.07627487182617188, 0.07821893692016602, 0.05764365196228027, 0.08236360549926758, 0.0747535228729248, 0.07390880584716797, 0.08070015907287598, 0.07590794563293457, 0.06764674186706543, 0.08224892616271973, 0.07479143142700195, 0.05401492118835449, 0.07989668846130371, 0.07509732246398926, 0.056717872619628906, 0.08385491371154785, 0.07476091384887695, 0.05856180191040039, 0.08139944076538086, 0.07462739944458008, 0.05170297622680664, 0.08110594749450684, 0.07251906394958496, 0.05359816551208496, 0.0839533805847168, 0.07663488388061523, 0.06993770599365234, 0.0786738395690918, 0.07428884506225586, 0.052599191665649414, 0.07980680465698242, 0.06185102462768555, 0.046567440032958984, 0.08101320266723633, 0.062162160873413086, 0.05138254165649414, 0.08119344711303711, 0.07472610473632812, 0.06907320022583008, 0.08027338981628418, 0.07426714897155762, 0.05292773246765137, 0.07758593559265137, 0.07125735282897949, 0.05292558670043945, 0.07774567604064941, 0.07444453239440918, 0.05222296714782715, 0.08314180374145508, 0.06879425048828125, 0.04813551902770996, 0.07916021347045898, 0.07371902465820312, 0.053740501403808594, 0.08032059669494629, 0.07455134391784668, 0.05173349380493164, 0.08018255233764648, 0.07487106323242188, 0.05522298812866211, 0.0800313949584961, 0.07474565505981445, 0.059227705001831055, 0.08276867866516113, 0.0740504264831543, 0.051917314529418945, 0.08493947982788086, 0.06808853149414062, 0.0471501350402832, 0.07842659950256348, 0.07464003562927246, 0.0567324161529541, 0.07876014709472656, 0.07512927055358887, 0.06056356430053711, 0.08064961433410645, 0.07468175888061523, 0.05344986915588379, 0.08074712753295898, 0.07663989067077637, 0.053913116455078125, 0.08120393753051758, 0.07149839401245117, 0.054865121841430664, 0.07967305183410645, 0.07257413864135742, 0.05169677734375, 0.08343815803527832, 0.07442927360534668, 0.05803275108337402, 0.07954978942871094, 0.0749821662902832, 0.05903506278991699, 0.0807332992553711, 0.07427287101745605, 0.05731463432312012, 0.08146095275878906, 0.07490110397338867, 0.05578494071960449, 0.08151793479919434, 0.07519197463989258, 0.06702136993408203, 0.08130788803100586, 0.07606673240661621, 0.06232047080993652, 0.08217930793762207, 0.07507705688476562, 0.0702664852142334, 0.08106112480163574, 0.07475566864013672, 0.06925606727600098, 0.08116006851196289, 0.07798123359680176, 0.06998419761657715, 0.08034443855285645, 0.0767056941986084, 0.07039618492126465, 0.08944487571716309, 0.0750727653503418, 0.07286524772644043, 0.07913422584533691, 0.07810759544372559, 0.05427074432373047, 0.08468508720397949, 0.07515335083007812, 0.059366703033447266, 0.08324956893920898, 0.07517004013061523, 0.05281400680541992, 0.08126163482666016, 0.07413005828857422, 0.07155752182006836, 0.07940983772277832, 0.07521724700927734, 0.05326557159423828, 0.0805509090423584, 0.07406234741210938, 0.06656551361083984, 0.07858681678771973, 0.07700800895690918, 0.07062482833862305, 0.08063554763793945, 0.07468938827514648, 0.0752415657043457, 0.09006428718566895, 0.0769498348236084, 0.07018756866455078, 0.09064793586730957, 0.07429146766662598, 0.07097482681274414, 0.07947087287902832, 0.07415103912353516, 0.057924747467041016, 0.08042073249816895, 0.0748891830444336, 0.05374479293823242, 0.08174896240234375, 0.07273650169372559, 0.06214475631713867, 0.07639431953430176, 0.07474279403686523, 0.06541609764099121, 0.10103893280029297, 0.07524275779724121, 0.07046151161193848, 0.07751059532165527, 0.06819891929626465, 0.0483553409576416, 0.08004117012023926, 0.07203340530395508, 0.05269145965576172, 0.0793919563293457, 0.06871700286865234, 0.047141075134277344, 0.07755589485168457, 0.07004928588867188, 0.050125837326049805, 0.07637143135070801, 0.07494831085205078, 0.07007718086242676, 0.09198641777038574, 0.07542800903320312, 0.0730593204498291, 0.09188699722290039, 0.07451677322387695, 0.060924530029296875, 0.08784008026123047, 0.07535743713378906, 0.07155513763427734, 0.09057235717773438, 0.07550191879272461, 0.05587196350097656, 0.07975506782531738, 0.07498884201049805, 0.07017397880554199, 0.0802764892578125, 0.07409381866455078, 0.0685579776763916, 0.09104752540588379, 0.07680535316467285, 0.06896519660949707, 0.09111833572387695, 0.07731461524963379, 0.06773257255554199, 0.09099745750427246, 0.07482743263244629, 0.06688809394836426, 0.07849788665771484, 0.07391047477722168, 0.0506289005279541, 0.0776057243347168, 0.07573914527893066, 0.06298255920410156, 0.09302854537963867, 0.07406973838806152, 0.06672549247741699, 0.08576512336730957, 0.07532811164855957, 0.06662750244140625, 0.07777118682861328, 0.0745394229888916, 0.06970882415771484, 0.09351658821105957, 0.07529878616333008, 0.04174995422363281, 0.08724308013916016, 0.07432866096496582, 0.06714820861816406, 0.07935118675231934, 0.07481741905212402, 0.05193924903869629, 0.07801318168640137, 0.07088112831115723, 0.05203866958618164, 0.07839298248291016, 0.07550978660583496, 0.05850791931152344, 0.07813143730163574, 0.07322549819946289, 0.055593252182006836, 0.07627320289611816, 0.06848740577697754, 0.05126500129699707, 0.07598590850830078, 0.07451939582824707, 0.07009339332580566, 0.08976149559020996, 0.07637381553649902, 0.06355547904968262, 0.09008908271789551, 0.07660794258117676, 0.05485796928405762, 0.0804295539855957, 0.07501482963562012, 0.05275583267211914, 0.07474040985107422, 0.07481217384338379, 0.07123208045959473, 0.07658863067626953, 0.07777810096740723, 0.07149696350097656, 0.07762336730957031, 0.07436251640319824, 0.05588555335998535, 0.07591533660888672, 0.07551407814025879, 0.05982828140258789, 0.07680153846740723, 0.07383155822753906, 0.07070231437683105, 0.07584929466247559, 0.07568216323852539, 0.05826139450073242, 0.07528996467590332, 