{"ID": 7, "inference time": [18.292418718338013, 0.1243746280670166, 0.1528322696685791, 0.09539413452148438, 0.10959339141845703, 0.12773990631103516, 0.10399174690246582, 0.10561990737915039, 0.1289067268371582, 0.10386276245117188, 0.10299539566040039, 0.15821552276611328, 0.09696197509765625, 0.09991574287414551, 0.14867782592773438, 0.09668946266174316, 0.10277938842773438, 0.14174652099609375, 0.10348749160766602, 0.1024787425994873, 0.15347075462341309, 0.09989190101623535, 0.11135292053222656, 0.14667177200317383, 0.09698653221130371, 0.1121976375579834, 0.13356494903564453, 0.10818886756896973, 0.11087918281555176, 0.13536834716796875, 0.11031985282897949, 0.10655403137207031, 0.1385328769683838, 0.10759115219116211, 0.10841989517211914, 0.13550806045532227, 0.11130785942077637, 0.12112140655517578, 0.14879322052001953, 0.11563491821289062, 0.11411547660827637, 0.1414344310760498, 0.10924935340881348, 0.10852503776550293, 0.13492178916931152, 0.09510350227355957, 0.10916876792907715, 0.13465642929077148, 0.09935402870178223, 0.11008691787719727, 0.13825058937072754, 0.10516047477722168, 0.11168766021728516, 0.14786863327026367, 0.10775542259216309, 0.11126112937927246, 0.13591742515563965, 0.11530542373657227, 0.10631299018859863, 0.14504480361938477, 0.11352038383483887, 0.10951471328735352, 0.13542985916137695, 0.10824751853942871, 0.10683727264404297, 0.14191532135009766, 0.11307454109191895, 0.10384273529052734, 0.13867497444152832, 0.11009812355041504, 0.11176371574401855, 0.1457071304321289, 0.10761404037475586, 0.10384964942932129, 0.1385951042175293, 0.11268472671508789, 0.10857558250427246, 0.14182734489440918, 0.10146164894104004, 0.11303877830505371, 0.1569657325744629, 0.11228418350219727, 0.10888862609863281, 0.15745162963867188, 0.1108548641204834, 0.1043093204498291, 0.15088462829589844, 0.10644364356994629, 0.10863590240478516, 0.15243053436279297, 0.10812830924987793, 0.10854482650756836, 0.1604604721069336, 0.11417961120605469, 0.10325932502746582, 0.1414196491241455, 0.10239315032958984, 0.1028897762298584, 0.15908050537109375, 0.10197257995605469, 0.10111331939697266, 0.1606459617614746, 0.09988975524902344, 0.10768580436706543, 0.14532780647277832, 0.10555291175842285, 0.1003265380859375, 0.16178369522094727, 0.09309148788452148, 0.10094308853149414, 0.16222524642944336, 0.1003415584564209, 0.09612393379211426, 0.1573336124420166, 0.10098910331726074, 0.10816311836242676, 0.14368176460266113, 0.10128641128540039, 0.10303521156311035, 0.15441489219665527, 0.10388779640197754, 0.11002016067504883, 0.16142868995666504, 0.10313844680786133, 0.09808158874511719, 0.14678668975830078, 0.09912490844726562, 0.103302001953125, 0.15883898735046387, 0.09212303161621094, 0.10181903839111328, 0.17491555213928223, 0.10610294342041016, 0.09932327270507812, 0.15963172912597656, 0.1079409122467041, 0.10497546195983887, 0.15741658210754395, 0.09614229202270508, 0.08741068840026855, 0.14777922630310059, 0.09854531288146973, 0.09837913513183594, 0.16212821006774902, 0.09230899810791016, 0.09326577186584473, 0.16025495529174805, 0.10027313232421875, 0.10265922546386719, 0.15816068649291992, 0.10413193702697754, 0.10286784172058105, 0.15391206741333008, 0.10094213485717773, 0.0993657112121582, 0.15919280052185059, 0.10491013526916504, 0.09781289100646973, 0.15113520622253418, 0.10210442543029785, 0.09675025939941406, 0.15397071838378906, 0.09752249717712402, 0.09345865249633789, 0.1592261791229248, 0.10071516036987305, 0.10993599891662598, 0.1591198444366455, 0.10336852073669434, 0.10377907752990723, 0.14082098007202148, 0.10192275047302246, 0.10817146301269531, 0.16089415550231934, 0.08886551856994629, 0.09563875198364258, 0.15600371360778809, 0.1165475845336914, 0.10301446914672852, 0.14985370635986328, 0.10471987724304199, 0.09739542007446289, 0.16481852531433105, 0.10133171081542969, 0.10274934768676758, 0.14465808868408203, 0.0994882583618164, 0.10680890083312988, 0.13010382652282715, 0.09619975090026855, 0.10511422157287598, 0.12982821464538574, 0.10261058807373047, 0.10893130302429199, 0.1413266658782959, 0.11466741561889648, 0.11157584190368652, 0.14583539962768555, 0.10663819313049316, 0.0976564884185791, 0.15974712371826172, 0.10431361198425293, 0.09076595306396484, 0.15073943138122559, 0.09853601455688477, 0.08707165718078613, 0.15313172340393066, 0.10556983947753906, 0.1023564338684082, 0.14565134048461914, 0.09750652313232422, 0.09552621841430664, 0.1618645191192627, 0.09967041015625, 0.08939814567565918, 0.1451282501220703, 0.10293364524841309, 0.10437464714050293, 0.1348555088043213, 0.10742688179016113, 0.11221194267272949, 0.14070725440979004, 0.08449149131774902, 0.10541081428527832, 0.14807391166687012, 0.09118342399597168, 0.11013102531433105, 0.1454026699066162, 0.10683917999267578, 0.09787344932556152, 0.14760780334472656, 0.10765647888183594, 0.10227084159851074, 0.158217191696167, 0.10742020606994629, 0.09491825103759766, 0.14524102210998535, 0.09720253944396973, 0.11085844039916992, 0.14953017234802246, 0.08876299858093262, 0.09959006309509277, 0.14693903923034668, 0.10813236236572266, 0.0905599594116211, 0.1582505702972412, 0.0990443229675293, 0.09201550483703613, 0.1433861255645752, 0.10081791877746582, 0.09508275985717773, 0.15646123886108398, 0.09954571723937988, 0.10013079643249512, 0.16113615036010742, 0.1086263656616211, 0.108001708984375, 0.14026999473571777, 0.08990597724914551, 0.10781121253967285, 0.14822030067443848, 0.09134173393249512, 0.10243582725524902, 0.14589238166809082, 0.086090087890625, 0.10462355613708496, 0.14722490310668945, 0.10871505737304688, 0.1077730655670166, 0.14999604225158691, 0.1018829345703125, 0.10752129554748535, 0.13783025741577148, 0.10313606262207031, 0.1054069995880127, 0.14871430397033691, 0.10878133773803711, 0.10485005378723145, 0.1434154510498047, 0.10185742378234863, 0.10688543319702148, 0.14073872566223145, 0.09857177734375, 0.1004939079284668, 0.15234923362731934, 0.10536479949951172, 0.08892393112182617, 0.16563630104064941, 0.09431838989257812, 0.10744953155517578, 0.1467301845550537, 0.08847570419311523, 0.10871362686157227, 0.1349625587463379, 0.09402871131896973, 0.10052895545959473, 0.13251829147338867, 0.1070098876953125, 0.10952615737915039, 0.14573216438293457, 0.10144639015197754, 0.1138768196105957, 0.15172600746154785, 0.08456921577453613, 0.11534595489501953, 0.14448118209838867, 0.10620617866516113, 0.08574891090393066, 0.15168404579162598, 0.09415793418884277, 0.08235716819763184, 0.15714478492736816, 0.09338498115539551, 0.07902860641479492, 0.1571657657623291, 0.09905338287353516, 0.08506560325622559, 0.14618587493896484, 0.10194206237792969, 0.08561897277832031, 0.1557016372680664, 0.09908008575439453, 0.10527825355529785, 0.14551806449890137, 0.0868220329284668, 0.10414457321166992, 0.14155244827270508, 0.10570383071899414, 0.0846567153930664, 0.14664673805236816, 0.09164023399353027, 0.08659672737121582, 0.14394187927246094, 0.1041719913482666, 0.09995031356811523, 0.1316835880279541, 0.10149407386779785, 0.10132122039794922, 0.1310279369354248, 0.0876765251159668, 0.08384037017822266, 0.1316685676574707, 0.09857463836669922, 0.08948707580566406, 0.14480018615722656, 0.10528922080993652, 0.10497093200683594, 0.12895512580871582, 0.10628485679626465, 0.09686660766601562, 0.13752985000610352, 0.09413480758666992, 0.10768485069274902, 0.1381533145904541, 0.11610794067382812, 0.09719276428222656, 0.1494898796081543, 0.11002039909362793, 0.09532809257507324, 0.1231689453125, 0.09882926940917969, 0.09030628204345703, 0.15630793571472168, 0.10505795478820801, 0.08803248405456543, 0.14442968368530273, 0.10258173942565918, 0.10126972198486328, 0.13472843170166016, 0.09960389137268066, 0.10085463523864746, 0.13402962684631348, 0.10079526901245117, 0.08549857139587402, 0.15206241607666016, 0.1094057559967041, 0.0878438949584961, 0.14814972877502441, 0.10634303092956543, 0.08946108818054199, 0.14687490463256836, 0.1014394760131836, 0.09804272651672363, 