{"ID": 0, "inference time": [7.69507360458374, 0.06270217895507812, 0.06313657760620117, 0.048648834228515625, 0.06093192100524902, 0.07117247581481934, 0.050768375396728516, 0.054798126220703125, 0.06972289085388184, 0.04450654983520508, 0.1129767894744873, 0.08947157859802246, 0.043030738830566406, 0.057904958724975586, 0.0897374153137207, 0.04071164131164551, 0.05210447311401367, 0.08950638771057129, 0.04206490516662598, 0.05258536338806152, 0.09026312828063965, 0.04057002067565918, 0.048677921295166016, 0.0904395580291748, 0.051537513732910156, 0.08584785461425781, 0.08765816688537598, 0.04382824897766113, 0.040303945541381836, 0.08804583549499512, 0.043042659759521484, 0.044908761978149414, 0.09091520309448242, 0.0469212532043457, 0.043579816818237305, 0.09189438819885254, 0.1553041934967041, 0.08318305015563965, 0.0957937240600586, 0.09431791305541992, 0.07897162437438965, 0.08810138702392578, 0.0624995231628418, 0.07584691047668457, 0.09015893936157227, 0.06969571113586426, 0.07893991470336914, 0.09125208854675293, 0.0789182186126709, 0.07867741584777832, 0.09371781349182129, 0.07607626914978027, 0.07937359809875488, 0.09485888481140137, 0.0936136245727539, 0.0770866870880127, 0.09800195693969727, 0.08308529853820801, 0.0777432918548584, 0.09230303764343262, 0.08755111694335938, 0.0844886302947998, 0.10623049736022949, 0.07424688339233398, 0.07854962348937988, 0.08911609649658203, 0.056671142578125, 0.07539510726928711, 0.09902381896972656, 0.05184125900268555, 0.07488560676574707, 0.09138107299804688, 0.05344033241271973, 0.0664834976196289, 0.09869384765625, 0.049135446548461914, 0.07087993621826172, 0.09295821189880371, 0.04802560806274414, 0.07516789436340332, 0.09032845497131348, 0.04938483238220215, 0.07775449752807617, 0.08762025833129883, 0.057968854904174805, 0.07554960250854492, 0.09913063049316406, 0.05899238586425781, 0.06342148780822754, 0.0902872085571289, 0.05817127227783203, 0.0786902904510498, 0.09579062461853027, 0.051872968673706055, 0.0740509033203125, 0.09255075454711914, 0.05414938926696777, 0.07725834846496582, 0.09046387672424316, 0.05674862861633301, 0.07789468765258789, 0.09259033203125, 0.06047177314758301, 0.07807087898254395, 0.09404206275939941, 0.0655210018157959, 0.08032822608947754, 0.09443473815917969, 0.061643362045288086, 0.08095860481262207, 0.09937500953674316, 0.09703850746154785, 0.08306407928466797, 0.09929490089416504, 0.09676647186279297, 0.08354973793029785, 0.09655237197875977, 0.0414738655090332, 0.08383512496948242, 0.0965268611907959, 0.041466712951660156, 0.08385610580444336, 0.1008455753326416, 0.042497873306274414, 0.08459162712097168, 0.10681939125061035, 0.0721590518951416, 0.08922338485717773, 0.11017179489135742, 0.0764780044555664, 0.08772730827331543, 0.10634803771972656, 0.0832066535949707, 0.09230422973632812, 0.11251544952392578, 0.06045413017272949, 0.08721160888671875, 0.10744929313659668, 0.05532574653625488, 0.08694243431091309, 0.09820938110351562, 0.0404050350189209, 0.0848543643951416, 0.1124873161315918, 0.07106256484985352, 0.08667230606079102, 0.10760736465454102, 0.0676414966583252, 0.08691811561584473, 0.10055184364318848, 0.039994239807128906, 0.0842435359954834, 0.09704923629760742, 0.041406869888305664, 0.08229255676269531, 0.10456085205078125, 0.06007266044616699, 0.08541393280029297, 0.10634970664978027, 0.06953644752502441, 0.0855097770690918, 0.09916234016418457, 0.04336953163146973, 0.0863192081451416, 0.10618424415588379, 0.04546928405761719, 0.09032368659973145, 0.10065960884094238, 0.04921078681945801, 0.08681035041809082, 0.11126542091369629, 0.06734538078308105, 0.08848285675048828, 0.1118161678314209, 0.04010796546936035, 0.06656312942504883, 0.11490631103515625, 0.04140186309814453, 0.06567549705505371, 0.11187481880187988, 0.04192638397216797, 0.06620264053344727, 0.11705851554870605, 0.04048657417297363, 0.0638418197631836, 0.11373138427734375, 0.04486274719238281, 0.04827475547790527, 0.11570429801940918, 0.04842209815979004, 0.0803229808807373, 0.11617898941040039, 0.08231353759765625, 0.0734717845916748, 0.11252975463867188, 0.09331965446472168, 0.06412291526794434, 0.11556744575500488, 0.09335136413574219, 0.060211896896362305, 0.10535407066345215, 0.095672607421875, 0.057810306549072266, 0.10220766067504883, 0.09479475021362305, 0.059259891510009766, 0.11193370819091797, 0.09745979309082031, 0.05899810791015625, 0.11185073852539062, 0.10095405578613281, 0.057157039642333984, 0.11399650573730469, 0.09519648551940918, 0.05940699577331543, 0.1076807975769043, 0.09587621688842773, 0.049860477447509766, 0.10695362091064453, 0.09616470336914062, 0.05554699897766113, 0.10924816131591797, 0.09352302551269531, 0.04338526725769043, 0.10036659240722656, 0.08909392356872559, 0.046804189682006836, 0.09559750556945801, 0.09120917320251465, 0.043686628341674805, 0.09750795364379883, 0.08827924728393555, 0.042586326599121094, 0.09635591506958008, 0.09068512916564941, 0.04190969467163086, 0.10088086128234863, 0.0948636531829834, 0.049254417419433594, 0.10378432273864746, 0.09488987922668457, 0.04328799247741699, 0.10735392570495605, 0.0978090763092041, 0.05232834815979004, 0.1023554801940918, 0.09061217308044434, 0.04282999038696289, 0.09553909301757812, 0.09329676628112793, 0.04373979568481445, 0.10507392883300781, 0.0919950008392334, 0.043389081954956055, 0.097869873046875, 0.09095501899719238, 0.04284381866455078, 0.09765791893005371, 0.09192037582397461, 0.04190969467163086, 0.09898018836975098, 0.08913040161132812, 0.04547572135925293, 0.09769845008850098, 0.0935056209564209, 0.041777610778808594, 0.09882211685180664, 0.09097671508789062, 0.04299640655517578, 0.1075887680053711, 0.09667134284973145, 0.049306392669677734, 0.11124253273010254, 0.09820294380187988, 0.056958913803100586, 0.10880565643310547, 0.09514665603637695, 0.04241299629211426, 0.09442353248596191, 0.09912490844726562, 0.044127702713012695, 0.09602141380310059, 0.09444403648376465, 0.043898820877075195, 0.0974738597869873, 0.09240007400512695, 0.04297375679016113, 0.10073232650756836, 0.09601235389709473, 0.0419921875, 0.09731411933898926, 0.09184527397155762, 0.04287362098693848, 0.0934746265411377, 0.09384965896606445, 0.04268169403076172, 0.09670495986938477, 0.0922689437866211, 0.04206204414367676, 0.10744786262512207, 0.1021728515625, 0.056021928787231445, 0.10726022720336914, 0.1067192554473877, 0.04678511619567871, 0.10816836357116699, 0.09704208374023438, 0.052948951721191406, 0.11172747611999512, 0.09503436088562012, 0.04230809211730957, 0.09670519828796387, 0.0934453010559082, 0.04345893859863281, 0.10180282592773438, 0.08988022804260254, 0.04430651664733887, 0.09502220153808594, 0.09024286270141602, 0.0420069694519043, 0.09571099281311035, 0.10157442092895508, 0.04300332069396973, 0.10664486885070801, 0.1052095890045166, 0.04309844970703125, 0.09730911254882812, 0.0988311767578125, 0.04356646537780762, 0.11090850830078125, 0.10338187217712402, 0.05076456069946289, 0.09630322456359863, 0.11108994483947754, 0.04351353645324707, 0.10826730728149414, 0.10434222221374512, 0.04402041435241699, 0.0960690975189209, 0.0997781753540039, 0.042989253997802734, 0.09308505058288574, 0.09870576858520508, 0.04248619079589844, 0.10742783546447754, 0.10533714294433594, 0.04291486740112305, 0.10304117202758789, 0.10804605484008789, 0.042293548583984375, 0.09652900695800781, 0.09586358070373535, 0.043135643005371094, 0.09886002540588379, 0.09834074974060059, 0.043946027755737305, 0.09588074684143066, 0.09475111961364746, 0.04361152648925781, 0.09728145599365234, 0.09594964981079102, 0.0429229736328125, 0.09491205215454102, 0.09748458862304688, 0.0429379940032959, 0.09415006637573242, 0.09399032592773438, 0.04270219802856445, 0.10129332542419434, 0.0941460132598877, 0.0439152717590332, 0.09978127479553223, 0.09543371200561523, 0.04485011100769043, 0.09563970565795898, 0.0958411693572998, 0.04446768760681152, 0.09482002258300781, 0.09576892852783203, 0.045456886291503906, 0.09044766426086426, 