{"ID": 6, "inference time": [0.29299020767211914, 0.28595614433288574, 0.265944242477417, 0.268230676651001, 0.33049869537353516, 0.2905769348144531, 0.30869030952453613, 0.3077564239501953, 0.29761290550231934, 0.3052093982696533, 0.31760430335998535, 0.34159111976623535, 0.3813769817352295, 0.3456902503967285, 0.3026103973388672, 0.3143594264984131, 0.2539243698120117, 0.2342987060546875, 0.23199248313903809, 0.25332140922546387, 0.27941107749938965, 0.24118399620056152, 0.2373046875, 0.3031160831451416, 0.2805972099304199, 0.23874139785766602, 0.22899985313415527, 0.2971384525299072, 0.25331997871398926, 0.251293420791626, 0.22444581985473633, 0.23990297317504883, 0.2662498950958252, 0.26047205924987793, 0.23247528076171875, 0.23085522651672363, 0.2820563316345215, 0.28365445137023926, 0.2488396167755127, 0.23329782485961914, 0.23186588287353516, 0.22567057609558105, 0.24837899208068848, 0.2240464687347412, 0.2318732738494873, 0.2338728904724121, 0.22778987884521484, 0.23072528839111328, 0.25122690200805664, 0.24552512168884277, 0.21723294258117676, 0.2431473731994629, 0.24034810066223145, 0.23540472984313965, 0.23251962661743164, 0.24998879432678223, 0.22962570190429688, 0.23223376274108887, 0.22243118286132812, 0.24670147895812988, 0.2282860279083252, 0.2115955352783203, 0.23840975761413574, 0.20995640754699707, 0.23523163795471191, 0.22255396842956543, 0.23722219467163086, 0.23151063919067383, 0.22431612014770508, 0.24492549896240234, 0.2835676670074463, 0.2586679458618164, 0.23323464393615723, 0.23114609718322754, 0.24703741073608398, 0.241776704788208, 0.23645853996276855, 0.24453449249267578, 0.2303464412689209, 0.21925783157348633, 0.22633695602416992, 0.21923470497131348, 0.22877025604248047, 0.2338271141052246, 0.23253464698791504, 0.23679471015930176, 0.23874425888061523, 0.2264385223388672, 0.22472667694091797, 0.22440648078918457, 0.23681378364562988, 0.2264103889465332, 0.2306830883026123, 0.2660973072052002, 0.2264852523803711, 0.20961856842041016, 0.2183244228363037, 0.25775599479675293, 0.23499321937561035, 0.22751307487487793, 0.24473834037780762, 0.24512076377868652, 0.2380681037902832, 0.22442913055419922, 0.21717596054077148, 0.23572897911071777, 0.24234342575073242, 0.22324848175048828, 0.2319784164428711, 0.23824548721313477, 0.22105836868286133, 0.23795270919799805, 0.2322230339050293, 0.2368309497833252, 0.22469186782836914, 0.24413013458251953, 0.23654890060424805, 0.22062969207763672, 0.2184295654296875, 0.23074030876159668, 0.2278728485107422, 0.22219133377075195, 0.22542500495910645, 0.2485191822052002, 0.22173237800598145, 0.23236942291259766, 0.23615622520446777, 0.2339165210723877, 0.22565507888793945, 0.23251891136169434, 0.2371218204498291, 0.226060152053833, 0.2376101016998291, 0.22318387031555176, 0.24001216888427734, 0.21428871154785156, 0.22148776054382324, 0.22333192825317383, 0.21745586395263672, 0.22598624229431152, 0.22518658638000488, 0.24249792098999023, 0.24792814254760742, 0.2763345241546631, 0.2312774658203125, 0.22532892227172852, 0.20193934440612793, 0.27498936653137207, 0.23777055740356445, 0.21443629264831543, 0.23062419891357422, 0.23178672790527344, 0.22566699981689453, 0.2451033592224121, 0.25412440299987793, 0.2076737880706787, 0.23131871223449707, 0.2146306037902832, 0.24230575561523438, 0.21914100646972656, 0.2330026626586914, 0.23094868659973145, 0.23000741004943848, 0.22897672653198242, 0.22573328018188477, 0.22794604301452637, 0.23448562622070312, 0.22313809394836426, 0.2313547134399414, 0.21753525733947754, 0.24614691734313965, 0.22567963600158691, 0.24763154983520508, 0.23763442039489746, 0.22987842559814453, 0.24709510803222656, 0.23666858673095703, 0.22240924835205078, 0.22597098350524902, 0.22048568725585938, 0.2204115390777588, 0.23339295387268066, 0.2654383182525635, 0.28582072257995605, 0.22631168365478516, 0.23263001441955566, 0.215590238571167, 0.23807835578918457, 0.23321127891540527, 0.22344160079956055, 0.23669886589050293, 0.22096729278564453, 0.20363116264343262, 0.2433004379272461, 0.21908950805664062, 0.23129963874816895, 0.23210859298706055, 0.2301008701324463, 0.22560381889343262, 0.23434162139892578, 0.22704434394836426, 0.23388195037841797, 0.22680282592773438, 0.23386335372924805, 0.2260904312133789, 0.22579455375671387, 0.25537705421447754, 0.23793292045593262, 0.24038290977478027, 0.230133056640625, 0.21679425239562988, 0.21757841110229492, 0.2255079746246338, 0.2506575584411621, 0.22753620147705078, 0.22995543479919434, 0.2225348949432373, 0.23246502876281738, 0.21858453750610352, 0.23462605476379395, 0.22669124603271484, 0.23200488090515137, 0.22767090797424316, 0.23137450218200684, 0.21839404106140137, 0.2253735065460205, 0.2312610149383545, 0.22193431854248047, 0.22556567192077637, 0.22277212142944336, 0.23029232025146484, 0.22388267517089844, 0.22591280937194824, 0.23187708854675293, 0.22191572189331055, 0.2532823085784912, 0.23704862594604492, 0.23395776748657227, 0.22241544723510742, 0.22656512260437012, 0.2183845043182373, 0.2426624298095703, 0.22853732109069824, 0.2739999294281006, 0.25840306282043457, 0.22073793411254883, 0.22759079933166504, 0.22727346420288086, 0.23564910888671875, 0.22824645042419434, 0.21174979209899902, 0.24622821807861328, 0.2156221866607666, 0.2232377529144287, 0.22017264366149902, 0.22589373588562012, 0.21499347686767578, 0.2351086139678955, 0.23558568954467773, 0.20879220962524414, 0.2266385555267334, 0.23737096786499023, 0.2214517593383789, 0.2188422679901123, 0.23917174339294434, 0.2575531005859375, 0.2444288730621338, 0.22908234596252441, 0.22101688385009766, 0.22602105140686035, 0.22233796119689941, 0.22297263145446777, 0.2374889850616455, 0.22366094589233398, 0.24270987510681152, 0.2242734432220459, 0.235581636428833, 0.2513768672943115, 0.2232041358947754, 0.297072172164917, 0.28728628158569336, 0.22273826599121094, 0.22165417671203613, 0.20765066146850586, 0.22905683517456055, 0.2178347110748291, 0.22908449172973633, 0.21114087104797363, 0.2151327133178711, 0.23115277290344238, 0.24534368515014648, 0.22666430473327637, 0.23261380195617676, 0.228607177734375, 0.21935367584228516, 0.2276911735534668, 0.274585485458374, 0.273113489151001, 0.23688912391662598, 0.2309095859527588, 0.2219839096069336, 0.22528934478759766, 0.21152257919311523, 0.22433948516845703, 0.24076032638549805, 0.23488306999206543, 0.2220137119293213, 0.21612071990966797, 0.24383163452148438, 0.2123246192932129, 0.23403000831604004, 0.23694968223571777, 0.2299959659576416, 0.21274733543395996, 0.2152104377746582, 0.22210192680358887, 0.24469280242919922, 0.23337221145629883, 0.20541667938232422, 0.24254417419433594, 0.2511327266693115, 0.21900486946105957, 0.22199702262878418, 0.22165203094482422, 0.22547411918640137, 0.2300705909729004, 0.24056386947631836, 0.2254188060760498, 0.22721576690673828, 0.22442626953125, 0.22786498069763184, 0.23311281204223633, 0.23461604118347168, 0.2401587963104248, 0.24289464950561523, 0.21914029121398926, 0.24642348289489746, 0.29424476623535156, 0.2917461395263672, 0.2587459087371826, 0.2588791847229004, 0.23069381713867188, 0.2518904209136963, 0.2465825080871582, 0.23014211654663086, 0.22008824348449707, 0.22734546661376953, 0.24929022789001465, 0.24285101890563965, 0.2306690216064453, 0.21150875091552734, 0.23459529876708984, 0.23508739471435547, 0.23126745223999023, 0.22018170356750488, 0.23854804039001465, 0.2156362533569336, 0.2231004238128662, 0.21637749671936035, 0.2151474952697754, 0.2884852886199951, 0.28017330169677734, 0.24887919425964355, 0.22399115562438965, 0.25601911544799805, 0.25817060470581055, 0.24875712394714355, 0.2044978141784668, 0.2459876537322998, 0.23894786834716797, 0.23002171516418457, 0.2287917137145996, 0.22076129913330078, 0.2168104648590088, 0.2601025104522705, 0.23581266403198242, 0.23697209358215332, 0.2663440704345703, 0.23350882530212402, 0.21268534660339355, 0.24004793167114258, 0.2181408405303955, 0.23797917366027832, 0.22460031509399414, 0.2222743034362793, 0.22332072257995605, 