{"ID": 4, "inference time": [11.02409052848816, 0.08682107925415039, 0.08898305892944336, 0.09599447250366211, 0.061281681060791016, 0.03891634941101074, 0.09759330749511719, 0.1240849494934082, 0.07103300094604492, 0.17305374145507812, 0.06204581260681152, 0.06204104423522949, 0.11149811744689941, 0.05816078186035156, 0.05860424041748047, 0.11268329620361328, 0.056725502014160156, 0.05912494659423828, 0.11289167404174805, 0.05695343017578125, 0.061794281005859375, 0.11688637733459473, 0.05736088752746582, 0.1968989372253418, 0.1322340965270996, 0.12008047103881836, 0.07737326622009277, 0.1213834285736084, 0.12392115592956543, 0.07832646369934082, 0.12058448791503906, 0.1200876235961914, 0.07827520370483398, 0.11982297897338867, 0.12495565414428711, 0.07586860656738281, 0.12352299690246582, 0.12125134468078613, 0.07689476013183594, 0.1187448501586914, 0.12243390083312988, 0.07699775695800781, 0.12194967269897461, 0.11995387077331543, 0.07620120048522949, 0.11879420280456543, 0.12284994125366211, 0.07726454734802246, 0.11738038063049316, 0.11816835403442383, 0.07479548454284668, 0.12062549591064453, 0.12235355377197266, 0.07493734359741211, 0.11906242370605469, 0.1207125186920166, 0.07538390159606934, 0.11910653114318848, 0.12445402145385742, 0.07572340965270996, 0.12175750732421875, 0.12189221382141113, 0.07697820663452148, 0.11668992042541504, 0.12386298179626465, 0.07714962959289551, 0.12220239639282227, 0.12013125419616699, 0.0758054256439209, 0.12337112426757812, 0.12247967720031738, 0.07956671714782715, 0.12232065200805664, 0.12252283096313477, 0.07675814628601074, 0.1191551685333252, 0.1217811107635498, 0.07522869110107422, 0.12289714813232422, 0.11973762512207031, 0.07663488388061523, 0.12034845352172852, 0.12444448471069336, 0.07575845718383789, 0.12240481376647949, 0.13257217407226562, 0.07559323310852051, 0.1200253963470459, 0.12617850303649902, 0.07588076591491699, 0.1217808723449707, 0.12429308891296387, 0.07608771324157715, 0.12587380409240723, 0.1192169189453125, 0.0747368335723877, 0.12478852272033691, 0.13152194023132324, 0.07613253593444824, 0.12131166458129883, 0.12238025665283203, 0.07394719123840332, 0.12436485290527344, 0.1328599452972412, 0.07545995712280273, 0.12089920043945312, 0.12118268013000488, 0.07629561424255371, 0.12461280822753906, 0.12640023231506348, 0.07451677322387695, 0.12085390090942383, 0.125274658203125, 0.07353401184082031, 0.12185215950012207, 0.12305068969726562, 0.07373571395874023, 0.12195825576782227, 0.12496471405029297, 0.07405328750610352, 0.12342143058776855, 0.12118077278137207, 0.07247400283813477, 0.12115359306335449, 0.12714838981628418, 0.0738687515258789, 0.11934423446655273, 0.1274416446685791, 0.07548785209655762, 0.12304878234863281, 0.11741042137145996, 0.07644963264465332, 0.11980032920837402, 0.12369084358215332, 0.07809758186340332, 0.11961150169372559, 0.12658214569091797, 0.07504844665527344, 0.11669111251831055, 0.12221670150756836, 0.0752573013305664, 0.11755633354187012, 0.12511587142944336, 0.0746002197265625, 0.11937952041625977, 0.12269997596740723, 0.07242250442504883, 0.12037849426269531, 0.12490653991699219, 0.07309436798095703, 0.12125754356384277, 0.12144851684570312, 0.07333588600158691, 0.12572383880615234, 0.1272139549255371, 0.07360339164733887, 0.12017393112182617, 0.12233567237854004, 0.07352709770202637, 0.12002778053283691, 0.1240079402923584, 0.07375788688659668, 0.1189720630645752, 0.1223289966583252, 0.07317781448364258, 0.12098479270935059, 0.12276530265808105, 0.07171034812927246, 0.12132120132446289, 0.1206662654876709, 0.07210779190063477, 0.12382197380065918, 0.11645269393920898, 0.0712897777557373, 0.11962008476257324, 0.12223529815673828, 0.07202696800231934, 0.11843299865722656, 0.1268603801727295, 0.07205820083618164, 0.1178133487701416, 0.12392711639404297, 0.07272934913635254, 0.11891007423400879, 0.12206196784973145, 0.07213950157165527, 0.1223607063293457, 0.12585234642028809, 0.07254981994628906, 0.11887884140014648, 0.12063026428222656, 0.07350945472717285, 0.11923742294311523, 0.12446451187133789, 0.07399439811706543, 0.11944365501403809, 0.12407445907592773, 0.07365751266479492, 0.12096047401428223, 0.11791872978210449, 0.07143115997314453, 0.12321996688842773, 0.12165451049804688, 0.07203006744384766, 0.11937284469604492, 0.11888480186462402, 0.0735466480255127, 0.1170039176940918, 0.11987876892089844, 0.07137489318847656, 0.11838960647583008, 0.1126413345336914, 0.07012748718261719, 0.11886882781982422, 0.11560869216918945, 0.0738832950592041, 0.12006306648254395, 0.11556100845336914, 0.07122445106506348, 0.11621618270874023, 0.11721277236938477, 0.07035636901855469, 0.11902689933776855, 0.11977910995483398, 0.07390618324279785, 0.11932802200317383, 0.12098264694213867, 0.0728759765625, 0.11722946166992188, 0.11972498893737793, 0.07102513313293457, 0.11633181571960449, 0.1201028823852539, 0.07326936721801758, 0.11996603012084961, 0.114105224609375, 0.07129049301147461, 0.11684131622314453, 0.11699390411376953, 0.07257509231567383, 0.11605548858642578, 0.11647629737854004, 0.07233071327209473, 0.12049221992492676, 0.1202692985534668, 0.07151961326599121, 0.11984109878540039, 0.11736750602722168, 0.07146024703979492, 0.12123870849609375, 0.12319517135620117, 0.07378768920898438, 0.11565566062927246, 0.11925745010375977, 0.0737755298614502, 0.12003517150878906, 0.11798715591430664, 0.07363772392272949, 0.12113332748413086, 0.11902594566345215, 0.07593631744384766, 0.11730146408081055, 0.1243288516998291, 0.07177734375, 0.11714601516723633, 0.11661386489868164, 0.07196760177612305, 0.11989140510559082, 0.11426973342895508, 0.07265949249267578, 0.12140917778015137, 0.11740946769714355, 0.07186079025268555, 0.11908292770385742, 0.11195778846740723, 0.07255935668945312, 0.11499524116516113, 0.1117393970489502, 0.07181167602539062, 0.12301421165466309, 0.11761593818664551, 0.07216143608093262, 0.11555695533752441, 0.11337995529174805, 0.07259440422058105, 0.11724495887756348, 0.1135096549987793, 0.0757906436920166, 0.11430716514587402, 0.10738825798034668, 0.0731346607208252, 0.11736297607421875, 0.11280250549316406, 0.07423090934753418, 0.11591100692749023, 0.11130809783935547, 0.07341361045837402, 0.11594700813293457, 0.12031769752502441, 0.07496762275695801, 0.11793994903564453, 0.1122443675994873, 0.07823538780212402, 0.11923694610595703, 0.10981345176696777, 0.07328915596008301, 0.11718058586120605, 0.10957646369934082, 0.07801318168640137, 0.11759686470031738, 0.11095643043518066, 0.07773113250732422, 0.11851119995117188, 0.10888409614562988, 0.07454562187194824, 0.1171565055847168, 0.11238908767700195, 0.07311177253723145, 0.11638474464416504, 0.11063194274902344, 0.07945942878723145, 0.11498117446899414, 0.11316323280334473, 0.07431817054748535, 0.11710929870605469, 0.10930323600769043, 0.07488775253295898, 0.11622190475463867, 0.10419392585754395, 0.07823538780212402, 0.11621856689453125, 0.10711860656738281, 0.07361531257629395, 0.11536741256713867, 0.11402416229248047, 0.07550263404846191, 0.11721348762512207, 0.1006314754486084, 0.07908844947814941, 0.11551403999328613, 0.1091470718383789, 0.07415890693664551, 0.11783504486083984, 0.10784006118774414, 0.07463932037353516, 0.11870908737182617, 0.11272048950195312, 0.0794670581817627, 0.1217501163482666, 0.10724472999572754, 0.07809209823608398, 0.11877179145812988, 0.10737419128417969, 0.0753934383392334, 0.11622333526611328, 0.1045219898223877, 0.07764673233032227, 0.1166536808013916, 0.10389161109924316, 0.07413554191589355, 0.11832046508789062, 0.10451507568359375, 0.07582879066467285, 0.11846613883972168, 0.10437989234924316, 0.07408428192138672, 0.11798357963562012, 0.10531353950500488, 0.07680726051330566, 0.11880898475646973, 0.10509943962097168, 0.07425212860107422, 0.11965131759643555, 0.10609102249145508, 0.07382559776306152, 0.1158592700958252, 0.10293865203857422, 0.07825160026550293, 0.11759829521179199, 0.09761190414428711, 0.07393097877502441, 0.11956906318664551, 