{"ID": 5, "inference time": [17.5394229888916, 0.17579865455627441, 0.18966317176818848, 0.13128876686096191, 0.16318559646606445, 0.19219303131103516, 0.1285562515258789, 0.15829110145568848, 0.18526911735534668, 0.12805938720703125, 0.16553115844726562, 0.18452811241149902, 0.12682247161865234, 0.1693415641784668, 0.18792104721069336, 0.12749886512756348, 0.1649789810180664, 0.1922767162322998, 0.1289677619934082, 0.16405820846557617, 0.17914795875549316, 0.12807154655456543, 0.16372323036193848, 0.18700218200683594, 0.12581849098205566, 0.1590414047241211, 0.18807125091552734, 0.12391042709350586, 0.16430878639221191, 0.19024920463562012, 0.12372875213623047, 0.1626570224761963, 0.1850430965423584, 0.12656354904174805, 0.16197967529296875, 0.1890091896057129, 0.12413144111633301, 0.1697230339050293, 0.1839616298675537, 0.12717866897583008, 0.16207599639892578, 0.19033098220825195, 0.13066720962524414, 0.16802239418029785, 0.18534088134765625, 0.12852263450622559, 0.16642022132873535, 0.18834996223449707, 0.13167810440063477, 0.16858696937561035, 0.1886153221130371, 0.12648248672485352, 0.1642000675201416, 0.1862032413482666, 0.12187075614929199, 0.17138195037841797, 0.19129490852355957, 0.13343358039855957, 0.1649641990661621, 0.1912837028503418, 0.12943005561828613, 0.17180252075195312, 0.19727063179016113, 0.1266779899597168, 0.16373705863952637, 0.18247270584106445, 0.12527251243591309, 0.16873598098754883, 0.18417763710021973, 0.12522220611572266, 0.16718268394470215, 0.18729853630065918, 0.1257624626159668, 0.1725904941558838, 0.18317294120788574, 0.1276993751525879, 0.16547656059265137, 0.18367362022399902, 0.12782764434814453, 0.1680448055267334, 0.1972942352294922, 0.1344907283782959, 0.16594791412353516, 0.1864168643951416, 0.13309192657470703, 0.1689918041229248, 0.19256019592285156, 0.11863994598388672, 0.16151142120361328, 0.1832141876220703, 0.12376594543457031, 0.1630396842956543, 0.18875980377197266, 0.12302160263061523, 0.17023706436157227, 0.18431329727172852, 0.12137007713317871, 0.16752886772155762, 0.1840825080871582, 0.12494134902954102, 0.16767358779907227, 0.1951916217803955, 0.1293015480041504, 0.1646871566772461, 0.19402170181274414, 0.12642431259155273, 0.17304062843322754, 0.18157362937927246, 0.12344956398010254, 0.1671292781829834, 0.18018674850463867, 0.12821459770202637, 0.16860270500183105, 0.18956637382507324, 0.12505769729614258, 0.16529202461242676, 0.18138885498046875, 0.1237492561340332, 0.16394281387329102, 0.187727689743042, 0.12125539779663086, 0.16678309440612793, 0.1882622241973877, 0.12736940383911133, 0.16593098640441895, 0.18555116653442383, 0.12569570541381836, 0.16527009010314941, 0.18602228164672852, 0.1222071647644043, 0.17362499237060547, 0.1847994327545166, 0.12032842636108398, 0.16131258010864258, 0.18470096588134766, 0.13065028190612793, 0.1696791648864746, 0.18781590461730957, 0.12062454223632812, 0.16761326789855957, 0.18352222442626953, 0.1259305477142334, 0.1685335636138916, 0.17889833450317383, 0.12462353706359863, 0.1683506965637207, 0.1788797378540039, 0.1173698902130127, 0.16758465766906738, 0.17569422721862793, 0.12503743171691895, 0.1705646514892578, 0.18206000328063965, 0.12076854705810547, 0.16825270652770996, 0.18706941604614258, 0.12408876419067383, 0.16638803482055664, 0.18374133110046387, 0.12480473518371582, 0.1671137809753418, 0.1819450855255127, 0.1204373836517334, 0.1702718734741211, 0.18462681770324707, 0.12237167358398438, 0.16797685623168945, 0.16418123245239258, 0.1199491024017334, 0.16640090942382812, 0.18473553657531738, 0.12473535537719727, 0.16428923606872559, 0.1840066909790039, 0.13109683990478516, 0.16705870628356934, 0.17556500434875488, 0.11818194389343262, 0.16689229011535645, 0.1831362247467041, 0.12125420570373535, 0.16996264457702637, 0.17256879806518555, 0.12535476684570312, 0.1655585765838623, 0.17640018463134766, 0.11994624137878418, 0.1603245735168457, 0.16595745086669922, 0.11825871467590332, 0.16344714164733887, 0.17176413536071777, 0.12188410758972168, 0.1617751121520996, 0.17127275466918945, 0.11746811866760254, 0.16213488578796387, 0.1839137077331543, 0.11771750450134277, 0.1628279685974121, 0.16629385948181152, 0.12591814994812012, 0.16710591316223145, 0.18465280532836914, 0.1231834888458252, 0.16634511947631836, 0.17477774620056152, 0.11777329444885254, 0.16747426986694336, 0.18256521224975586, 0.12469696998596191, 0.1672818660736084, 0.16640186309814453, 0.12442278861999512, 0.16759300231933594, 0.1765289306640625, 0.12675952911376953, 0.16657447814941406, 0.17578816413879395, 0.12686562538146973, 0.16768980026245117, 0.17637300491333008, 0.12228202819824219, 0.16701221466064453, 0.1733260154724121, 0.12505078315734863, 0.16645574569702148, 0.17347168922424316, 0.12744951248168945, 0.16356444358825684, 0.17821455001831055, 0.1285538673400879, 0.17404413223266602, 0.17212796211242676, 0.1224517822265625, 0.1676194667816162, 0.1822817325592041, 0.12959671020507812, 0.16491150856018066, 0.18682861328125, 0.11804795265197754, 0.15954232215881348, 0.16983723640441895, 0.12052774429321289, 0.16669297218322754, 0.16416192054748535, 0.12166762351989746, 0.16337156295776367, 0.16851091384887695, 0.11895394325256348, 0.16401958465576172, 0.1618809700012207, 0.12467193603515625, 0.16661834716796875, 0.1628584861755371, 0.12550830841064453, 0.17430901527404785, 0.18107390403747559, 0.12615442276000977, 0.15555620193481445, 0.16463232040405273, 0.1311049461364746, 0.16802978515625, 0.16634058952331543, 0.13015270233154297, 0.1662278175354004, 0.1670525074005127, 0.1287388801574707, 0.16405463218688965, 0.16277337074279785, 0.13083314895629883, 0.16552066802978516, 0.16944575309753418, 0.1310744285583496, 0.1686105728149414, 0.1885685920715332, 0.1295933723449707, 0.1628098487854004, 0.16424274444580078, 0.13169288635253906, 0.16694211959838867, 0.16173529624938965, 0.13027572631835938, 0.16514372825622559, 0.164048433303833, 0.1336510181427002, 0.16743731498718262, 0.15889263153076172, 0.12834882736206055, 0.16535329818725586, 0.15893149375915527, 0.12947916984558105, 0.16637921333312988, 0.17493081092834473, 0.12467360496520996, 0.15703988075256348, 0.1732463836669922, 0.13245105743408203, 0.16434431076049805, 0.17698884010314941, 0.12938523292541504, 0.16640949249267578, 0.16499924659729004, 0.12798571586608887, 0.1618187427520752, 0.16546106338500977, 0.12905120849609375, 0.16121673583984375, 0.16128015518188477, 0.1344285011291504, 0.16766142845153809, 0.18278956413269043, 0.12862682342529297, 0.1659107208251953, 0.15332484245300293, 0.12867140769958496, 0.16675829887390137, 0.1589207649230957, 0.13085126876831055, 0.166917085647583, 0.1607513427734375, 0.13152384757995605, 0.17261695861816406, 0.1767106056213379, 0.13062143325805664, 0.17153668403625488, 0.16553306579589844, 0.12978291511535645, 0.16087126731872559, 0.1559734344482422, 0.1253347396850586, 0.16492438316345215, 0.15709686279296875, 0.12716031074523926, 0.16111516952514648, 0.1571035385131836, 0.12625813484191895, 0.16297650337219238, 0.15455412864685059, 0.12637615203857422, 0.1629941463470459, 0.16218924522399902, 0.12254762649536133, 0.16897106170654297, 0.15997767448425293, 0.13237667083740234, 0.17112517356872559, 0.1579277515411377, 0.13105273246765137, 0.1677694320678711, 0.16981244087219238, 0.13203930854797363, 0.16782593727111816, 0.15786194801330566, 0.1331195831298828, 0.16748452186584473, 0.1558234691619873, 0.13048410415649414, 0.17087602615356445, 0.15645742416381836, 0.1403491497039795, 0.16918087005615234, 0.1551496982574463, 0.13230538368225098, 0.16959261894226074, 0.16207122802734375, 0.13634371757507324, 0.16957378387451172, 0.1609351634979248, 0.12519025802612305, 0.16615629196166992, 0.15982913970947266, 0.12383413314819336, 0.1623528003692627, 0.15117263793945312, 0.13628673553466797, 0.16989612579345703, 0.15340447425842285, 0.14044928550720215, 0.16725993156433105, 0.15752696990966797, 0.13335585594177246, 0.1723015308380127, 0.1565558910369873, 