{"ID": 7, "inference time": [13.006024360656738, 0.1212770938873291, 0.15579771995544434, 0.06642007827758789, 0.12038803100585938, 0.14988136291503906, 0.06803297996520996, 0.11654186248779297, 0.15639805793762207, 0.06950592994689941, 0.12286972999572754, 0.15867972373962402, 0.07236862182617188, 0.11950898170471191, 0.36202216148376465, 0.1981983184814453, 0.08660483360290527, 0.16225790977478027, 0.10474944114685059, 0.0870962142944336, 0.16336631774902344, 0.10767769813537598, 0.08804011344909668, 0.16658926010131836, 0.1142580509185791, 0.08638262748718262, 0.16125059127807617, 0.121124267578125, 0.08394241333007812, 0.1650559902191162, 0.1022026538848877, 0.08786296844482422, 0.16356325149536133, 0.12253880500793457, 0.08666157722473145, 0.15534758567810059, 0.08301353454589844, 0.0862569808959961, 0.16495418548583984, 0.0806586742401123, 0.08595037460327148, 0.1584453582763672, 0.11514782905578613, 0.0907895565032959, 0.16089916229248047, 0.09922933578491211, 0.0857081413269043, 0.15696406364440918, 0.1125483512878418, 0.08463191986083984, 0.15903329849243164, 0.1180257797241211, 0.09033823013305664, 0.15652036666870117, 0.1011350154876709, 0.09883522987365723, 0.1595468521118164, 0.14103913307189941, 0.08733153343200684, 0.16025185585021973, 0.12351369857788086, 0.08610963821411133, 0.1699845790863037, 0.14938783645629883, 0.08655405044555664, 0.16312146186828613, 0.10577225685119629, 0.09026074409484863, 0.15433216094970703, 0.08532261848449707, 0.09128761291503906, 0.1618196964263916, 0.12750554084777832, 0.10882353782653809, 0.16162848472595215, 0.1613454818725586, 0.0906529426574707, 0.15780186653137207, 0.11308670043945312, 0.09021353721618652, 0.16283440589904785, 0.11386322975158691, 0.09062528610229492, 0.14598941802978516, 0.12145423889160156, 0.08875012397766113, 0.15748262405395508, 0.11762857437133789, 0.08430957794189453, 0.15439987182617188, 0.10913658142089844, 0.09012413024902344, 0.15584373474121094, 0.12657594680786133, 0.09147167205810547, 0.15731310844421387, 0.12293553352355957, 0.08829641342163086, 0.1576521396636963, 0.13541650772094727, 0.08650636672973633, 0.15255212783813477, 0.11922144889831543, 0.0935831069946289, 0.15596342086791992, 0.1270298957824707, 0.09083414077758789, 0.14516973495483398, 0.121795654296875, 0.09102511405944824, 0.14546608924865723, 0.11010169982910156, 0.08845901489257812, 0.1605682373046875, 0.12284159660339355, 0.08689665794372559, 0.15215229988098145, 0.1303105354309082, 0.09130859375, 0.15593791007995605, 0.13434600830078125, 0.08948135375976562, 0.15865540504455566, 0.11721634864807129, 0.08896899223327637, 0.1698169708251953, 0.14394927024841309, 0.08568978309631348, 0.15676474571228027, 0.13402724266052246, 0.09087991714477539, 0.16275525093078613, 0.13243389129638672, 0.09122467041015625, 0.15614914894104004, 0.14336848258972168, 0.08862423896789551, 0.1558396816253662, 0.1037590503692627, 0.08985471725463867, 0.1534557342529297, 0.13275837898254395, 0.0883634090423584, 0.14804387092590332, 0.13961029052734375, 0.08575201034545898, 0.1552596092224121, 0.14180684089660645, 0.09077715873718262, 0.15026330947875977, 0.12424397468566895, 0.08712387084960938, 0.1549394130706787, 0.1375138759613037, 0.0911712646484375, 0.1592552661895752, 0.13800883293151855, 0.0936281681060791, 0.14671540260314941, 0.14689397811889648, 0.09154105186462402, 0.14173460006713867, 0.1374673843383789, 0.09098124504089355, 0.14530634880065918, 0.12384986877441406, 0.09015417098999023, 0.15415573120117188, 0.1480708122253418, 0.08756184577941895, 0.14787602424621582, 0.11307024955749512, 0.09105920791625977, 0.14344143867492676, 0.1453702449798584, 0.09104466438293457, 0.15392589569091797, 0.14101839065551758, 0.09312820434570312, 0.14906072616577148, 0.12568330764770508, 0.08921933174133301, 0.1559293270111084, 0.12273120880126953, 0.09046125411987305, 0.1593172550201416, 0.10056662559509277, 0.09116125106811523, 0.1512749195098877, 0.10323524475097656, 0.08980703353881836, 0.14683008193969727, 0.13999557495117188, 0.09017539024353027, 0.14849019050598145, 0.13460350036621094, 0.09004712104797363, 0.15501070022583008, 0.12559032440185547, 0.08930206298828125, 0.14841747283935547, 0.12641334533691406, 0.09381937980651855, 0.14840483665466309, 0.10157585144042969, 0.08956480026245117, 0.1562952995300293, 0.11493110656738281, 0.08851861953735352, 0.15268802642822266, 0.10677862167358398, 0.09470844268798828, 0.14829540252685547, 0.1346893310546875, 0.09440374374389648, 0.15705037117004395, 0.13029956817626953, 0.09020543098449707, 0.1636795997619629, 0.13103675842285156, 0.10272955894470215, 0.14793086051940918, 0.11769628524780273, 0.08955955505371094, 0.15178632736206055, 0.13511300086975098, 0.08993291854858398, 0.1507573127746582, 0.09169387817382812, 0.08830451965332031, 0.16084575653076172, 0.11473512649536133, 0.08974623680114746, 0.15599560737609863, 0.13877415657043457, 0.09572553634643555, 0.15036606788635254, 0.12239909172058105, 0.09685587882995605, 0.15336847305297852, 0.1157979965209961, 0.09069991111755371, 0.15994000434875488, 0.11876058578491211, 0.09321093559265137, 0.1567234992980957, 0.10131669044494629, 0.08928060531616211, 0.15945744514465332, 0.1343991756439209, 0.09393143653869629, 0.16827034950256348, 0.1154940128326416, 0.09470868110656738, 0.1495375633239746, 0.11910390853881836, 0.09654688835144043, 0.16337251663208008, 0.1352224349975586, 0.10803103446960449, 0.15606021881103516, 0.12842106819152832, 0.10173606872558594, 0.16203689575195312, 0.09952664375305176, 0.10125899314880371, 0.1587362289428711, 0.09744071960449219, 0.09708929061889648, 0.15616917610168457, 0.16939234733581543, 0.09474778175354004, 0.15009498596191406, 0.09441041946411133, 0.08861732482910156, 0.15717864036560059, 0.09881782531738281, 0.08998298645019531, 0.15822649002075195, 0.09769654273986816, 0.08949708938598633, 0.15573620796203613, 0.09380555152893066, 0.08945178985595703, 0.16129803657531738, 0.10297727584838867, 0.09043121337890625, 0.16160798072814941, 0.08687400817871094, 0.09361648559570312, 0.1491410732269287, 0.10579919815063477, 0.0895535945892334, 0.16399049758911133, 0.09033536911010742, 0.0916604995727539, 0.16022205352783203, 0.12961506843566895, 0.09087896347045898, 0.165802001953125, 0.11977386474609375, 0.09159302711486816, 0.1708383560180664, 0.09409189224243164, 0.1069343090057373, 0.16968345642089844, 0.09693479537963867, 0.10521936416625977, 0.15642857551574707, 0.09057974815368652, 0.1058351993560791, 0.15975713729858398, 0.09759020805358887, 0.0911855697631836, 0.15873241424560547, 0.08486223220825195, 0.09147286415100098, 0.1564645767211914, 0.08861780166625977, 0.09032964706420898, 0.16364526748657227, 0.08808016777038574, 0.09026908874511719, 0.16105008125305176, 0.0901951789855957, 0.08876538276672363, 0.1604149341583252, 0.08050179481506348, 0.09026575088500977, 0.16206908226013184, 0.09376692771911621, 0.08976244926452637, 0.16424322128295898, 0.12366461753845215, 0.10291481018066406, 0.16933655738830566, 0.1183466911315918, 0.09755468368530273, 0.16919636726379395, 0.1074371337890625, 0.10728764533996582, 0.17075872421264648, 0.13378643989562988, 0.10274767875671387, 0.16135859489440918, 0.1013493537902832, 0.09760475158691406, 0.1701672077178955, 0.1082465648651123, 0.09813261032104492, 0.16196703910827637, 0.08981895446777344, 0.0890967845916748, 0.15740323066711426, 0.08502984046936035, 0.0936427116394043, 0.16480326652526855, 0.08992552757263184, 0.0910489559173584, 0.15860366821289062, 0.09160304069519043, 0.10991883277893066, 0.16178464889526367, 0.09526443481445312, 0.1055753231048584, 0.15915441513061523, 0.13015246391296387, 0.0966193675994873, 0.17053008079528809, 0.12089157104492188, 0.10646176338195801, 0.16356158256530762, 0.13157963752746582, 0.09551858901977539, 0.16983342170715332, 0.08994293212890625, 0.09087109565734863, 0.16068387031555176, 0.09715461730957031, 0.10998034477233887, 0.17083191871643066, 0.09405970573425293, 0.10514330863952637, 