{"ID": 2, "inference time": [0.29624342918395996, 0.2365567684173584, 0.2392287254333496, 0.25202250480651855, 0.24704551696777344, 0.26032114028930664, 0.23398900032043457, 0.2374281883239746, 0.23400449752807617, 0.24152851104736328, 0.24944043159484863, 0.22625970840454102, 0.23999738693237305, 0.25700831413269043, 0.2355806827545166, 0.2293534278869629, 0.23119640350341797, 0.2122633457183838, 0.23798656463623047, 0.22156906127929688, 0.2379286289215088, 0.2554175853729248, 0.26299285888671875, 0.2281970977783203, 0.23606228828430176, 0.24274563789367676, 0.2436056137084961, 0.23350262641906738, 0.24422979354858398, 0.23259687423706055, 0.23891568183898926, 0.25853419303894043, 0.23552703857421875, 0.26077914237976074, 0.23902392387390137, 0.2285757064819336, 0.24285125732421875, 0.2575187683105469, 0.24602389335632324, 0.26174497604370117, 0.2390000820159912, 0.2386934757232666, 0.22693204879760742, 0.26113152503967285, 0.23599767684936523, 0.240034818649292, 0.2333965301513672, 0.23762941360473633, 0.23503494262695312, 0.23140311241149902, 0.25908446311950684, 0.23179411888122559, 0.252443790435791, 0.22746944427490234, 0.23424363136291504, 0.23822855949401855, 0.22850418090820312, 0.2519710063934326, 0.24351787567138672, 0.25148558616638184, 0.24152469635009766, 0.2535536289215088, 0.22986698150634766, 0.22858786582946777, 0.2391047477722168, 0.23498082160949707, 0.23499107360839844, 0.22134947776794434, 0.22371554374694824, 0.2209632396697998, 0.25066065788269043, 0.2294769287109375, 0.2235417366027832, 0.24593496322631836, 0.2318124771118164, 0.24340558052062988, 0.21855664253234863, 0.2308940887451172, 0.23146891593933105, 0.2292625904083252, 0.4766857624053955, 0.2062687873840332, 0.20177221298217773, 0.21534204483032227, 0.20582127571105957, 0.19974017143249512, 0.20178580284118652, 0.2063746452331543, 0.20205903053283691, 0.20899367332458496, 0.20998716354370117, 0.20930981636047363, 0.20659494400024414, 0.2085273265838623, 0.2189311981201172, 0.21425843238830566, 0.20775675773620605, 0.2062067985534668, 0.21198129653930664, 0.20072436332702637, 0.2033247947692871, 0.21226954460144043, 0.2024242877960205, 0.2110438346862793, 0.20511150360107422, 0.2225813865661621, 0.201920747756958, 0.2200772762298584, 0.20306134223937988, 0.2056441307067871, 0.20838046073913574, 0.19934606552124023, 0.21260404586791992, 0.19606566429138184, 0.22068262100219727, 0.20750212669372559, 0.21277308464050293, 0.20734786987304688, 0.23304033279418945, 0.23463892936706543, 0.2107071876525879, 0.19990253448486328, 0.21224164962768555, 0.22108244895935059, 0.20819997787475586, 0.1977989673614502, 0.22207260131835938, 0.2084026336669922, 0.23464727401733398, 0.21479082107543945, 0.20209956169128418, 0.21459197998046875, 0.21747374534606934, 0.2132260799407959, 0.20875024795532227, 0.2045881748199463, 0.22181940078735352, 0.21800708770751953, 0.21146821975708008, 0.21999835968017578, 0.21752166748046875, 0.20885944366455078, 0.20073771476745605, 0.20980143547058105, 0.21571087837219238, 0.20321106910705566, 0.2164289951324463, 0.22371745109558105, 0.2126626968383789, 0.20549321174621582, 0.2063438892364502, 0.19844293594360352, 0.20209264755249023, 0.21930670738220215, 0.2058243751525879, 0.2101759910583496, 0.2105703353881836, 0.2194843292236328, 0.2256324291229248, 0.21716523170471191, 0.2208709716796875, 0.20461750030517578, 0.2147808074951172, 0.21169114112854004, 0.2195425033569336, 0.21391057968139648, 0.2408759593963623, 0.21320748329162598, 0.21133947372436523, 0.20608282089233398, 0.21567273139953613, 0.21151447296142578, 0.2077770233154297, 0.21160459518432617, 0.21125102043151855, 0.21254372596740723, 0.2214510440826416, 0.20987153053283691, 0.21453428268432617, 0.20598435401916504, 0.21327996253967285, 0.2167050838470459, 0.2081146240234375, 0.21720337867736816, 0.20574545860290527, 0.22257590293884277, 0.2105720043182373, 0.22057008743286133, 0.20504069328308105, 0.21172523498535156, 0.20285987854003906, 0.20400285720825195, 0.21527552604675293, 0.21298789978027344, 0.20139074325561523, 0.20287513732910156, 0.1969444751739502, 0.20196223258972168, 0.22127342224121094, 0.2224726676940918, 0.21292400360107422, 0.2185516357421875, 0.20534348487854004, 0.2060070037841797, 0.2046496868133545, 0.21221351623535156, 0.21132755279541016, 0.21224355697631836, 0.2109050750732422, 0.2146446704864502, 0.2131350040435791, 0.20110344886779785, 0.21120500564575195, 0.20699858665466309, 0.21547865867614746, 0.208876371383667, 0.2067410945892334, 0.20718622207641602, 0.21369528770446777, 0.22755217552185059, 0.2122666835784912, 0.21052217483520508, 0.2194380760192871, 0.22455358505249023, 0.21042990684509277, 0.20614099502563477, 0.21495270729064941, 0.19916033744812012, 0.2057020664215088, 0.21789336204528809, 0.2169644832611084, 0.20437288284301758, 0.20238637924194336, 0.2076587677001953, 0.21455693244934082, 0.21535897254943848, 0.2134401798248291, 0.20922207832336426, 0.20423483848571777, 0.20897388458251953, 0.20769834518432617, 0.21090316772460938, 0.20543909072875977, 0.2122938632965088, 0.22069740295410156, 0.22907042503356934, 0.21021342277526855, 0.21866393089294434, 0.2156383991241455, 0.22042560577392578, 0.20932912826538086, 0.22486376762390137, 0.21718287467956543, 0.21638035774230957, 0.2174534797668457, 0.221113920211792, 0.2132863998413086, 0.2088184356689453, 0.22786211967468262, 0.2160191535949707, 0.2282094955444336, 0.21964812278747559, 0.2061152458190918, 0.20861458778381348, 0.20854973793029785, 0.20609498023986816, 0.20826292037963867, 0.22090864181518555, 0.2088460922241211, 0.2068462371826172, 0.20617055892944336, 0.21450471878051758, 0.21230554580688477, 0.2069244384765625, 0.21572303771972656, 0.21413087844848633, 0.20253467559814453, 0.21444463729858398, 0.2131483554840088, 0.21538472175598145, 0.2081460952758789, 0.2093796730041504, 0.2144451141357422, 0.20459747314453125, 0.21257734298706055, 0.2124178409576416, 0.21427559852600098, 0.20656967163085938, 0.21404147148132324, 0.21690630912780762, 0.21810698509216309, 0.21726202964782715, 0.20459961891174316, 0.2118072509765625, 0.22527384757995605, 0.21209502220153809, 0.21359515190124512, 0.20619559288024902, 0.2000136375427246, 0.2002735137939453, 0.21148347854614258, 0.20702004432678223, 0.21132850646972656, 0.20412993431091309, 0.2286818027496338, 0.21170973777770996, 0.22799324989318848, 0.21013951301574707, 0.21196818351745605, 0.22635149955749512, 0.20587611198425293, 0.20792603492736816, 0.20948052406311035, 0.20784664154052734, 0.20915889739990234, 0.20904326438903809, 0.2226104736328125, 0.2171645164489746, 0.21699213981628418, 0.20740699768066406, 0.21542882919311523, 0.21161556243896484, 0.2038285732269287, 0.19953536987304688, 0.2064061164855957, 0.19987702369689941, 0.2082216739654541, 0.21297144889831543, 0.20775914192199707, 0.21122956275939941, 0.21692323684692383, 0.22273945808410645, 0.21646451950073242, 0.21289944648742676, 0.20572233200073242, 0.2075355052947998, 0.21614646911621094, 0.20958781242370605, 0.21734857559204102, 0.20810317993164062, 0.21165037155151367, 0.21028447151184082, 0.22631573677062988, 0.20871305465698242, 0.2159578800201416, 0.22230029106140137, 0.2092275619506836, 0.2071232795715332, 0.2123713493347168, 0.207733154296875, 0.22697043418884277, 0.21734404563903809, 0.22091984748840332, 0.21226835250854492, 0.21880245208740234, 0.20538902282714844, 0.2096996307373047, 0.21008801460266113, 0.2041928768157959, 0.2146155834197998, 0.215989351272583, 0.2168104648590088, 0.2135145664215088, 0.21486997604370117, 0.2087726593017578, 0.20654511451721191, 0.22592520713806152, 0.21271920204162598, 0.22874975204467773, 0.23401737213134766, 0.20679879188537598, 0.21472764015197754, 0.21432828903198242, 0.20540595054626465, 0.2142472267150879, 0.21718740463256836, 0.21484041213989258, 0.21456360816955566, 0.2109541893005371, 0.20950961112976074, 0.20960426330566406, 0.21309471130371094, 0.2065732479095459, 0.2076280117034912, 0.20756268501281738, 