{"ID": 0, "inference time": [8.345200777053833, 0.07165312767028809, 0.06864714622497559, 0.0711660385131836, 0.05005240440368652, 0.07798957824707031, 0.0686349868774414, 0.05404329299926758, 0.07887434959411621, 0.0709221363067627, 0.051191091537475586, 0.07898926734924316, 0.06867432594299316, 0.05095481872558594, 0.07476329803466797, 0.06968331336975098, 0.05075240135192871, 0.0769503116607666, 0.06881189346313477, 0.05223822593688965, 0.07969474792480469, 0.06730246543884277, 0.056212425231933594, 0.07666802406311035, 0.06756448745727539, 0.05155181884765625, 0.07633757591247559, 0.0689399242401123, 0.05129718780517578, 0.07704782485961914, 0.06837987899780273, 0.052471160888671875, 0.07732963562011719, 0.06822514533996582, 0.04998421669006348, 0.07884502410888672, 0.07090640068054199, 0.04577350616455078, 0.08715486526489258, 0.07184934616088867, 0.04517388343811035, 0.08703398704528809, 0.0711517333984375, 0.04671764373779297, 0.08810853958129883, 0.07223320007324219, 0.04435396194458008, 0.08823895454406738, 0.07220888137817383, 0.045769453048706055, 0.09006285667419434, 0.07315182685852051, 0.0448606014251709, 0.08841800689697266, 0.07307958602905273, 0.04597139358520508, 0.08842945098876953, 0.07268953323364258, 0.04515695571899414, 0.08969616889953613, 0.07142090797424316, 0.04796934127807617, 0.08888506889343262, 0.07258391380310059, 0.045258283615112305, 0.08722591400146484, 0.07308411598205566, 0.046315908432006836, 0.08806037902832031, 0.07258796691894531, 0.04618430137634277, 0.0907142162322998, 0.07076501846313477, 0.04473757743835449, 0.08965110778808594, 0.07246708869934082, 0.04528474807739258, 0.08949136734008789, 0.07175302505493164, 0.04563474655151367, 0.08916735649108887, 0.07265472412109375, 0.04583477973937988, 0.08978533744812012, 0.07283306121826172, 0.04491591453552246, 0.08925151824951172, 0.07159090042114258, 0.04620242118835449, 0.08953213691711426, 0.07211637496948242, 0.04550981521606445, 0.08812093734741211, 0.07192373275756836, 0.044567108154296875, 0.09264421463012695, 0.07170557975769043, 0.047460317611694336, 0.08697748184204102, 0.0721275806427002, 0.04477119445800781, 0.08948326110839844, 0.07253503799438477, 0.051041364669799805, 0.08907842636108398, 0.06929850578308105, 0.04540681838989258, 0.08647036552429199, 0.07054710388183594, 0.04747414588928223, 0.08851456642150879, 0.07038998603820801, 0.04509472846984863, 0.09276032447814941, 0.06969809532165527, 0.04531717300415039, 0.08832192420959473, 0.07090401649475098, 0.0443267822265625, 0.09099411964416504, 0.07217097282409668, 0.050339460372924805, 0.0938875675201416, 0.07611393928527832, 0.04490399360656738, 0.09615659713745117, 0.07026100158691406, 0.04647970199584961, 0.08996152877807617, 0.0717306137084961, 0.04633688926696777, 0.09196782112121582, 0.07139849662780762, 0.04566073417663574, 0.08942127227783203, 0.0720212459564209, 0.04488682746887207, 0.09001684188842773, 0.07079815864562988, 0.04614710807800293, 0.09819722175598145, 0.07180404663085938, 0.04661130905151367, 0.09071230888366699, 0.07035946846008301, 0.04636788368225098, 0.09072184562683105, 0.07015514373779297, 0.04371929168701172, 0.09157347679138184, 0.07269740104675293, 0.0486299991607666, 0.10244250297546387, 0.07174444198608398, 0.047600507736206055, 0.09267330169677734, 0.06937861442565918, 0.045255422592163086, 0.08627104759216309, 0.07176780700683594, 0.04415154457092285, 0.09310674667358398, 0.07152056694030762, 0.044756174087524414, 0.09177112579345703, 0.07057023048400879, 0.04671144485473633, 0.0926365852355957, 0.07080340385437012, 0.04527616500854492, 0.09168481826782227, 0.07000494003295898, 0.04366707801818848, 0.09266543388366699, 0.06949663162231445, 0.04396224021911621, 0.09711027145385742, 0.06912636756896973, 0.0453495979309082, 0.08951520919799805, 0.07084369659423828, 0.04583597183227539, 0.08777236938476562, 0.0704796314239502, 0.044428110122680664, 0.09355878829956055, 0.07056283950805664, 0.0435795783996582, 0.09353137016296387, 0.07133698463439941, 0.04368877410888672, 0.09363651275634766, 0.0697329044342041, 0.04393124580383301, 0.09070277214050293, 0.07112550735473633, 0.04556584358215332, 0.09598135948181152, 0.06942963600158691, 0.04395437240600586, 0.09167098999023438, 0.06993246078491211, 0.04404091835021973, 0.08942890167236328, 0.06984281539916992, 0.043270111083984375, 0.09293937683105469, 0.07091093063354492, 0.043074846267700195, 0.09206843376159668, 0.06876087188720703, 0.04558730125427246, 0.09084033966064453, 0.06976437568664551, 0.0425105094909668, 0.09405207633972168, 0.06926870346069336, 0.043248653411865234, 0.09171795845031738, 0.07003140449523926, 0.042268991470336914, 0.08727073669433594, 0.0706782341003418, 0.042630910873413086, 0.09274649620056152, 0.06939005851745605, 0.041712284088134766, 0.09440946578979492, 0.06830310821533203, 0.04279136657714844, 0.0951850414276123, 0.06877517700195312, 0.04139065742492676, 0.09255766868591309, 0.07239294052124023, 0.044220685958862305, 0.09244084358215332, 0.06929492950439453, 0.04181265830993652, 0.0958411693572998, 0.07374238967895508, 0.041817426681518555, 0.09438228607177734, 0.06885719299316406, 0.04161810874938965, 0.0908513069152832, 0.06933212280273438, 0.04368281364440918, 0.09270668029785156, 0.06900906562805176, 0.04187631607055664, 0.09402680397033691, 0.07075643539428711, 0.0444035530090332, 0.09656429290771484, 0.0677027702331543, 0.04528617858886719, 0.09800219535827637, 0.06894445419311523, 0.042223453521728516, 0.09165358543395996, 0.06590056419372559, 0.04186701774597168, 0.09362530708312988, 0.07036399841308594, 0.04254508018493652, 0.09350824356079102, 0.06988000869750977, 0.04113435745239258, 0.09416604042053223, 0.06715941429138184, 0.04218602180480957, 0.09463262557983398, 0.0701303482055664, 0.04238128662109375, 0.0946054458618164, 0.06763982772827148, 0.04133486747741699, 0.09710502624511719, 0.07073497772216797, 0.0434107780456543, 0.09531784057617188, 0.06856656074523926, 0.041623830795288086, 0.0938575267791748, 0.06837058067321777, 0.04181933403015137, 0.0940396785736084, 0.06905579566955566, 0.04186582565307617, 0.09556102752685547, 0.06956791877746582, 0.04105019569396973, 0.09383559226989746, 0.06938815116882324, 0.04126620292663574, 0.09259939193725586, 0.06920289993286133, 0.04010415077209473, 0.09453678131103516, 0.06775856018066406, 0.04096031188964844, 0.10065579414367676, 0.06955981254577637, 0.04164242744445801, 0.09603619575500488, 0.06623530387878418, 0.041533708572387695, 0.09297871589660645, 0.07008004188537598, 0.04200100898742676, 0.09277558326721191, 0.06926560401916504, 0.04225468635559082, 0.09521818161010742, 0.06760191917419434, 0.04095745086669922, 0.09695601463317871, 0.06730413436889648, 0.042226552963256836, 0.09580278396606445, 0.06978940963745117, 0.04082083702087402, 0.09761238098144531, 0.06861448287963867, 0.04177260398864746, 0.09589505195617676, 0.06999754905700684, 0.04113411903381348, 0.09678101539611816, 0.06958985328674316, 0.0414433479309082, 0.09589338302612305, 0.06817936897277832, 0.040845632553100586, 0.10002017021179199, 0.06827735900878906, 0.0411531925201416, 0.0955657958984375, 0.06872344017028809, 0.041309356689453125, 0.09508204460144043, 0.07049131393432617, 0.041095733642578125, 0.09621453285217285, 0.06915593147277832, 0.04131150245666504, 0.09588837623596191, 0.06861662864685059, 0.040998220443725586, 0.09652447700500488, 0.06865119934082031, 0.040885210037231445, 0.09621787071228027, 0.0675973892211914, 0.041237592697143555, 0.09337115287780762, 0.07114553451538086, 0.04100537300109863, 0.09607410430908203, 0.06664276123046875, 0.041336774826049805, 0.09575867652893066, 0.07155752182006836, 0.04110884666442871, 0.09818315505981445, 0.06727266311645508, 0.04145193099975586, 0.09607720375061035, 0.06877350807189941, 0.040808677673339844, 0.09698939323425293, 0.06809663772583008, 0.04102134704589844, 0.09725046157836914, 0.06578898429870605, 0.041402339935302734, 0.10175800323486328, 0.06837844848632812, 