{"ID": 6, "inference time": [8.77327847480774, 0.05453658103942871, 0.09050464630126953, 0.06448817253112793, 0.03813338279724121, 0.09225702285766602, 0.06373047828674316, 0.03764653205871582, 0.09055519104003906, 0.06498408317565918, 0.03902435302734375, 0.09053540229797363, 0.06417536735534668, 0.03762984275817871, 0.09127259254455566, 0.06459951400756836, 0.03764939308166504, 0.09104776382446289, 0.14784693717956543, 0.046092987060546875, 0.10714077949523926, 0.09532690048217773, 0.04653477668762207, 0.10117864608764648, 0.09406805038452148, 0.0470738410949707, 0.10158848762512207, 0.09587407112121582, 0.04658246040344238, 0.1009366512298584, 0.09409379959106445, 0.04681062698364258, 0.10274124145507812, 0.09813618659973145, 0.04704642295837402, 0.1044003963470459, 0.09745454788208008, 0.046613216400146484, 0.10007596015930176, 0.09579014778137207, 0.047074317932128906, 0.1021580696105957, 0.09677577018737793, 0.04679417610168457, 0.10054731369018555, 0.09774184226989746, 0.046767234802246094, 0.10026001930236816, 0.09496831893920898, 0.04677176475524902, 0.10114598274230957, 0.09280109405517578, 0.04743838310241699, 0.10166239738464355, 0.09342002868652344, 0.04660677909851074, 0.10317349433898926, 0.09924960136413574, 0.047267913818359375, 0.10085082054138184, 0.09717106819152832, 0.04688310623168945, 0.09867644309997559, 0.08951759338378906, 0.04658389091491699, 0.10223007202148438, 0.0984506607055664, 0.04814314842224121, 0.10319066047668457, 0.09798407554626465, 0.0469670295715332, 0.10026812553405762, 0.09667038917541504, 0.047013044357299805, 0.10474920272827148, 0.09477639198303223, 0.04645228385925293, 0.0997002124786377, 0.09644269943237305, 0.04648327827453613, 0.0997769832611084, 0.09114408493041992, 0.046814918518066406, 0.10130429267883301, 0.0989084243774414, 0.04635953903198242, 0.10101032257080078, 0.09676718711853027, 0.04672098159790039, 0.09937763214111328, 0.10003209114074707, 0.04746365547180176, 0.09859037399291992, 0.09016084671020508, 0.04574751853942871, 0.09838509559631348, 0.0984659194946289, 0.045506954193115234, 0.08942461013793945, 0.08713698387145996, 0.04598379135131836, 0.09169387817382812, 0.07769131660461426, 0.045992136001586914, 0.0973060131072998, 0.08988165855407715, 0.045766353607177734, 0.10025715827941895, 0.09405207633972168, 0.04651975631713867, 0.10127758979797363, 0.09619307518005371, 0.04748034477233887, 0.09040975570678711, 0.08958673477172852, 0.0458066463470459, 0.09661316871643066, 0.09372353553771973, 0.04532909393310547, 0.09875631332397461, 0.10062789916992188, 0.04649782180786133, 0.09553050994873047, 0.09069156646728516, 0.04581165313720703, 0.09797048568725586, 0.09830880165100098, 0.0457761287689209, 0.10441851615905762, 0.09652018547058105, 0.04702472686767578, 0.0977468490600586, 0.09107398986816406, 0.0465848445892334, 0.09332919120788574, 0.07906270027160645, 0.04553985595703125, 0.09626913070678711, 0.09847617149353027, 0.04802131652832031, 0.09354948997497559, 0.0800786018371582, 0.05157017707824707, 0.0994119644165039, 0.10188126564025879, 0.04594993591308594, 0.09282565116882324, 0.09154272079467773, 0.04739022254943848, 0.09235835075378418, 0.09432363510131836, 0.04614567756652832, 0.09066128730773926, 0.09244346618652344, 0.052978515625, 0.09716796875, 0.11538004875183105, 0.044120073318481445, 0.10441279411315918, 0.10019159317016602, 0.04915761947631836, 0.0908815860748291, 0.08399653434753418, 0.04887199401855469, 0.10086274147033691, 0.09706473350524902, 0.04934287071228027, 0.09991669654846191, 0.09806942939758301, 0.047339677810668945, 0.0970296859741211, 0.0979609489440918, 0.04549717903137207, 0.08858442306518555, 0.098388671875, 0.05556941032409668, 0.10742521286010742, 0.11643719673156738, 0.04622149467468262, 0.09709382057189941, 0.09383535385131836, 0.046288251876831055, 0.09750795364379883, 0.09585356712341309, 0.046300411224365234, 0.09713315963745117, 0.09943032264709473, 0.04621767997741699, 0.09089374542236328, 0.09649252891540527, 0.057176828384399414, 0.10751581192016602, 0.1078026294708252, 0.04580092430114746, 0.09513735771179199, 0.08108091354370117, 0.04492545127868652, 0.0906674861907959, 0.09329867362976074, 0.04594135284423828, 0.09206366539001465, 0.09150362014770508, 0.056058406829833984, 0.10896611213684082, 0.10763335227966309, 0.04526233673095703, 0.08898425102233887, 0.09175872802734375, 0.05038022994995117, 0.09634232521057129, 0.12206339836120605, 0.04334282875061035, 0.10121774673461914, 0.09679794311523438, 0.04578995704650879, 0.09219789505004883, 0.09186339378356934, 0.04605245590209961, 0.09212374687194824, 0.0985100269317627, 0.061033010482788086, 0.10960268974304199, 0.10822272300720215, 0.04705953598022461, 0.09027218818664551, 0.09248948097229004, 0.04923844337463379, 0.09788298606872559, 0.11654329299926758, 0.04249119758605957, 0.10501456260681152, 0.09389805793762207, 0.04520678520202637, 0.09185338020324707, 0.0919501781463623, 0.04754376411437988, 0.09756731986999512, 0.1046903133392334, 0.042592525482177734, 0.10460066795349121, 0.09828543663024902, 0.04399752616882324, 0.08749270439147949, 0.09461545944213867, 0.0507509708404541, 0.09574174880981445, 0.10544967651367188, 0.04130387306213379, 0.10395431518554688, 0.10360908508300781, 0.044611215591430664, 0.09020876884460449, 0.09324193000793457, 0.055191993713378906, 0.10750985145568848, 0.09757161140441895, 0.044893741607666016, 0.09026789665222168, 0.09443235397338867, 0.057959556579589844, 0.10759973526000977, 0.10759234428405762, 0.04571819305419922, 0.09124755859375, 0.09440279006958008, 0.054231882095336914, 0.10095739364624023, 0.11407661437988281, 0.04552292823791504, 0.09100770950317383, 0.09311556816101074, 0.05574989318847656, 0.09991288185119629, 0.11797952651977539, 0.04161882400512695, 0.10201668739318848, 0.10134267807006836, 0.04462003707885742, 0.08978080749511719, 0.09279227256774902, 0.061962127685546875, 0.10646438598632812, 0.1057734489440918, 0.045534610748291016, 0.09041619300842285, 0.09096145629882812, 0.058394670486450195, 0.10022664070129395, 0.11556386947631836, 0.04511880874633789, 0.09017443656921387, 0.09524250030517578, 0.05527305603027344, 0.10658621788024902, 0.09932422637939453, 0.04523587226867676, 0.09663081169128418, 0.093841552734375, 0.0573124885559082, 0.10220551490783691, 0.1160740852355957, 0.044625043869018555, 0.0905909538269043, 0.09714412689208984, 0.05814766883850098, 0.10619640350341797, 0.09527921676635742, 0.04452180862426758, 0.0876607894897461, 0.10045719146728516, 0.0556643009185791, 0.10533976554870605, 0.11052727699279785, 0.04418540000915527, 0.08986592292785645, 0.10010623931884766, 0.057263851165771484, 0.10554981231689453, 0.10429167747497559, 0.04387068748474121, 0.09060549736022949, 0.0931556224822998, 0.048593997955322266, 0.10534238815307617, 0.10309982299804688, 0.04427599906921387, 0.0906991958618164, 0.09420108795166016, 0.05518698692321777, 0.10248231887817383, 0.09955620765686035, 0.04502415657043457, 0.08950662612915039, 0.1002497673034668, 0.05774354934692383, 0.10667753219604492, 0.10362958908081055, 0.04480314254760742, 0.09050440788269043, 0.0952751636505127, 0.054884910583496094, 0.10450243949890137, 0.1022489070892334, 0.04341912269592285, 0.09018445014953613, 0.09988188743591309, 0.050925493240356445, 0.10256218910217285, 0.09801340103149414, 0.04277825355529785, 0.09093332290649414, 0.09404993057250977, 0.05557513236999512, 0.10624265670776367, 0.09814310073852539, 0.043415069580078125, 0.0895998477935791, 0.09197354316711426, 0.05489993095397949, 0.10477709770202637, 0.09314513206481934, 0.04370546340942383, 0.09073662757873535, 0.0927281379699707, 0.0548701286315918, 0.10440182685852051, 0.09775066375732422, 0.043994903564453125, 0.09112691879272461, 0.09643030166625977, 0.059076786041259766, 0.10399460792541504, 0.09609484672546387, 0.04637408256530762, 0.08917737007141113, 0.09551167488098145, 0.056450843811035156, 0.10428929328918457, 0.10985517501831055, 0.04411816596984863, 0.09582018852233887,