{"ID": 4, "inference time": [0.6266944408416748, 0.16338706016540527, 0.17853021621704102, 0.1955268383026123, 0.2558784484863281, 0.20588278770446777, 0.18678808212280273, 0.2089381217956543, 0.225813627243042, 0.19225287437438965, 0.21969938278198242, 0.22749900817871094, 0.20374393463134766, 0.1876838207244873, 0.20135021209716797, 0.22552776336669922, 0.21448349952697754, 0.21323537826538086, 0.20218896865844727, 0.21118783950805664, 0.21067285537719727, 0.22689414024353027, 0.2146623134613037, 0.17403602600097656, 0.2298598289489746, 0.21704339981079102, 0.22466778755187988, 0.20728659629821777, 0.2538444995880127, 0.23369121551513672, 0.19858598709106445, 0.2502422332763672, 0.20972537994384766, 0.19053435325622559, 0.21694111824035645, 0.2198786735534668, 0.2079150676727295, 0.19167423248291016, 0.23129701614379883, 0.21684718132019043, 0.20378947257995605, 0.2135324478149414, 0.21306538581848145, 0.20147109031677246, 0.1918048858642578, 0.21538567543029785, 0.23973321914672852, 0.19753336906433105, 0.18906474113464355, 0.22972416877746582, 0.2118382453918457, 0.2082827091217041, 0.1980900764465332, 0.23188304901123047, 0.2509641647338867, 0.2262711524963379, 0.21052289009094238, 0.1966700553894043, 0.19517779350280762, 0.20407962799072266, 0.22347688674926758, 0.22890758514404297, 0.1896991729736328, 0.20079779624938965, 0.23769378662109375, 0.2478022575378418, 0.21223974227905273, 0.2260439395904541, 0.2122941017150879, 0.19571590423583984, 0.1971263885498047, 0.21375203132629395, 0.22185993194580078, 0.20175600051879883, 0.23042654991149902, 0.19554781913757324, 0.23500418663024902, 0.24225664138793945, 0.24750947952270508, 0.21941685676574707, 0.20554423332214355, 0.19264960289001465, 0.2666797637939453, 0.19456076622009277, 0.25893449783325195, 0.24001240730285645, 0.21633172035217285, 0.19130945205688477, 0.26178455352783203, 0.2243030071258545, 0.17985081672668457, 0.22042298316955566, 0.18326210975646973, 0.2610206604003906, 0.3037686347961426, 0.2554805278778076, 0.2572011947631836, 0.2219095230102539, 0.19367718696594238, 0.2113807201385498, 0.2208571434020996, 0.21239113807678223, 0.23491239547729492, 0.22967147827148438, 0.21055269241333008, 0.2548067569732666, 0.21684050559997559, 0.20118308067321777, 0.19267749786376953, 0.22908544540405273, 0.18624377250671387, 0.2172410488128662, 0.1908705234527588, 0.22174334526062012, 0.20009350776672363, 0.21912717819213867, 0.257122278213501, 0.26502490043640137, 0.2253584861755371, 0.19295191764831543, 0.2221851348876953, 0.2176225185394287, 0.2226409912109375, 0.20632719993591309, 0.2126309871673584, 0.19822406768798828, 0.20587968826293945, 0.1875617504119873, 0.23175477981567383, 0.20446491241455078, 0.20512127876281738, 0.22248053550720215, 0.18956780433654785, 0.24465394020080566, 0.2423996925354004, 0.21231889724731445, 0.19779014587402344, 0.2377007007598877, 0.19211101531982422, 0.19664382934570312, 0.19793319702148438, 0.2234480381011963, 0.20644593238830566, 0.1893787384033203, 0.2562887668609619, 0.23191475868225098, 0.2254025936126709, 0.24611616134643555, 0.2257099151611328, 0.22197198867797852, 0.21947407722473145, 0.2003004550933838, 0.2429361343383789, 0.23272347450256348, 0.24445867538452148, 0.19643545150756836, 0.18387722969055176, 0.25149083137512207, 0.20194244384765625, 0.18378329277038574, 0.22952032089233398, 0.19585680961608887, 0.2211618423461914, 0.22545075416564941, 0.2378687858581543, 0.19081568717956543, 0.21075749397277832, 0.2111983299255371, 0.20743107795715332, 0.18911337852478027, 0.22002172470092773, 0.19094157218933105, 0.22606301307678223, 0.21226119995117188, 0.2246394157409668, 0.18482136726379395, 0.21087002754211426, 0.21314048767089844, 0.20783162117004395, 0.22934579849243164, 0.1966862678527832, 0.18705320358276367, 0.2212064266204834, 0.21326494216918945, 0.23580622673034668, 0.24065804481506348, 0.2831451892852783, 0.20436668395996094, 0.18747591972351074, 0.20766687393188477, 0.18679213523864746, 0.22831296920776367, 0.2252035140991211, 0.21207380294799805, 0.23375916481018066, 0.1914980411529541, 0.1961350440979004, 0.21999263763427734, 0.2750113010406494, 0.22196102142333984, 0.25818777084350586, 0.17516207695007324, 0.24175357818603516, 0.22695231437683105, 0.22121930122375488, 0.18349719047546387, 0.2216343879699707, 0.21529698371887207, 0.23155641555786133, 0.29979491233825684, 0.2357616424560547, 0.22596096992492676, 0.29083871841430664, 0.22988104820251465, 0.21751832962036133, 0.25274038314819336, 0.24996113777160645, 0.23833608627319336, 0.22797632217407227, 0.17506670951843262, 0.22609400749206543, 0.22122621536254883, 0.22935032844543457, 0.2793314456939697, 0.20339226722717285, 0.2430438995361328, 0.2214057445526123, 0.198775053024292, 0.25760483741760254, 0.21567463874816895, 0.28145265579223633, 0.2850465774536133, 0.2133646011352539, 0.2726407051086426, 0.2577943801879883, 0.22404193878173828, 0.21492624282836914, 0.23706364631652832, 0.19741582870483398, 0.20971250534057617, 0.266615629196167, 0.23013567924499512, 0.18351078033447266, 0.25564050674438477, 0.21774888038635254, 0.2315077781677246, 0.284590482711792, 0.20866179466247559, 0.23750829696655273, 0.19409847259521484, 0.2219066619873047, 0.23322296142578125, 0.2385714054107666, 0.20553970336914062, 0.25591039657592773, 0.2179875373840332, 0.18502449989318848, 0.25495290756225586, 0.23606276512145996, 0.2014298439025879, 0.2174668312072754, 0.25301408767700195, 0.23372960090637207, 0.19043517112731934, 0.23584389686584473, 0.24255108833312988, 0.24131131172180176, 0.22810959815979004, 0.22693300247192383, 0.23149919509887695, 0.2197253704071045, 0.21329593658447266, 0.19922614097595215, 0.20831799507141113, 0.24774646759033203, 0.22988200187683105, 0.20704150199890137, 0.21428918838500977, 0.19482660293579102, 0.19964218139648438, 0.22536730766296387, 0.22133278846740723, 0.20819473266601562, 0.2631416320800781, 0.2448887825012207, 0.272066593170166, 0.22187113761901855, 0.2407689094543457, 0.25858044624328613, 0.26502203941345215, 0.24418044090270996, 0.23117828369140625, 0.266571044921875, 0.20102715492248535, 0.30470967292785645, 0.2961728572845459, 0.22600841522216797, 0.3109703063964844, 0.23491859436035156, 0.2527170181274414, 0.2357339859008789, 0.2236318588256836, 0.20064830780029297, 0.2484149932861328, 0.230729341506958, 0.1861717700958252, 0.21062231063842773, 0.2082970142364502, 0.2137603759765625, 0.2242755889892578, 0.20199251174926758, 0.20589494705200195, 0.21489310264587402, 0.20049548149108887, 0.2765471935272217, 0.22757434844970703, 0.2396864891052246, 0.2084341049194336, 0.22742557525634766, 0.2142314910888672, 0.18733739852905273, 0.21766424179077148, 0.2020258903503418, 0.2086024284362793, 0.22922182083129883, 0.20685720443725586, 0.224045991897583, 0.2182173728942871, 0.2006068229675293, 0.2021017074584961, 0.23629164695739746, 0.2153339385986328, 0.20322179794311523, 0.25224781036376953, 0.24302005767822266, 0.19585013389587402, 0.27941441535949707, 0.24337553977966309, 0.20966887474060059, 0.21824908256530762, 0.21889495849609375, 0.208634614944458, 0.21725153923034668, 0.21793818473815918, 0.20871615409851074, 0.18782448768615723, 0.22875189781188965, 0.24374938011169434, 0.1982724666595459, 0.19642066955566406, 0.21137523651123047, 0.18620848655700684, 0.23079395294189453, 0.18770480155944824, 0.23557591438293457, 0.21448469161987305, 0.2402174472808838, 0.26101183891296387, 0.22727036476135254, 0.19852471351623535, 0.2391355037689209, 0.21940088272094727, 0.24603843688964844, 0.21749377250671387, 0.18657135963439941, 0.26207518577575684, 0.23492884635925293, 0.23804187774658203, 0.20584845542907715, 0.18925905227661133, 0.18482160568237305, 0.24569320678710938, 0.1925032138824463, 0.18820691108703613, 0.22151541709899902, 0.215470552444458, 0.18315887451171875, 0.2749936580657959, 0.20094561576843262, 0.20548152923583984, 0.23507380485534668, 0.23093342781066895, 0.1922602653503418, 0.21422195434570312, 0.21461081504821777, 