{"ID": 0, "inference time": [8.775169849395752, 0.08727383613586426, 0.04245162010192871, 0.06759285926818848, 0.08581352233886719, 0.046030521392822266, 0.0768289566040039, 0.07786774635314941, 0.04516243934631348, 0.06174111366271973, 0.08116698265075684, 0.04320192337036133, 0.06781816482543945, 0.08367633819580078, 0.04205775260925293, 0.06432247161865234, 0.08190202713012695, 0.04609560966491699, 0.13704371452331543, 0.10170960426330566, 0.044626712799072266, 0.08801984786987305, 0.09976339340209961, 0.04836392402648926, 0.0907437801361084, 0.10169482231140137, 0.04694223403930664, 0.08825492858886719, 0.09229612350463867, 0.05164909362792969, 0.08450770378112793, 0.08833980560302734, 0.052488088607788086, 0.15415406227111816, 0.09940338134765625, 0.07666754722595215, 0.0892024040222168, 0.10106611251831055, 0.07454061508178711, 0.09325885772705078, 0.09641599655151367, 0.06901979446411133, 0.09208130836486816, 0.10028767585754395, 0.06569957733154297, 0.0945746898651123, 0.09798598289489746, 0.06960320472717285, 0.09140634536743164, 0.09543132781982422, 0.04697012901306152, 0.0826578140258789, 0.08400678634643555, 0.0652163028717041, 0.08600592613220215, 0.10062289237976074, 0.07773590087890625, 0.08722400665283203, 0.09898781776428223, 0.04659628868103027, 0.09605026245117188, 0.08687281608581543, 0.06433439254760742, 0.08659124374389648, 0.08394217491149902, 0.0668637752532959, 0.08450770378112793, 0.08897924423217773, 0.061661720275878906, 0.08407020568847656, 0.1027228832244873, 0.0682823657989502, 0.08849906921386719, 0.10120034217834473, 0.06572818756103516, 0.09392070770263672, 0.10109210014343262, 0.0622553825378418, 0.09068655967712402, 0.08446907997131348, 0.06232857704162598, 0.0854487419128418, 0.08449172973632812, 0.06525135040283203, 0.0860741138458252, 0.10402607917785645, 0.07140016555786133, 0.09532451629638672, 0.10296320915222168, 0.06904387474060059, 0.0896148681640625, 0.10558390617370605, 0.05910515785217285, 0.09323763847351074, 0.09981703758239746, 0.0446019172668457, 0.09038877487182617, 0.09886789321899414, 0.04380679130554199, 0.08809757232666016, 0.08773064613342285, 0.06040191650390625, 0.08697628974914551, 0.0880439281463623, 0.06452465057373047, 0.08584713935852051, 0.1048436164855957, 0.05309319496154785, 0.09466338157653809, 0.09588789939880371, 0.0465693473815918, 0.08614039421081543, 0.08615589141845703, 0.05153512954711914, 0.08559942245483398, 0.08700871467590332, 0.061133384704589844, 0.08439230918884277, 0.10716557502746582, 0.07517313957214355, 0.09604954719543457, 0.10313296318054199, 0.06518793106079102, 0.09299230575561523, 0.09552335739135742, 0.05651140213012695, 0.0923924446105957, 0.09805488586425781, 0.052042484283447266, 0.09336304664611816, 0.1033620834350586, 0.0455474853515625, 0.08695173263549805, 0.08662009239196777, 0.060717105865478516, 0.08635234832763672, 0.10567998886108398, 0.06032824516296387, 0.09418416023254395, 0.08898448944091797, 0.04935145378112793, 0.0864253044128418, 0.08567070960998535, 0.05591988563537598, 0.08581042289733887, 0.08853030204772949, 0.05679130554199219, 0.08653879165649414, 0.0859992504119873, 0.05466651916503906, 0.08712339401245117, 0.10577225685119629, 0.06280970573425293, 0.09224772453308105, 0.0988168716430664, 0.05290651321411133, 0.09430360794067383, 0.09084820747375488, 0.05268597602844238, 0.08887934684753418, 0.08488178253173828, 0.05314207077026367, 0.08917951583862305, 0.09337663650512695, 0.05683183670043945, 0.09075808525085449, 0.10729312896728516, 0.05169200897216797, 0.09229636192321777, 0.1022634506225586, 0.048102378845214844, 0.08897089958190918, 0.09690308570861816, 0.04626631736755371, 0.09096980094909668, 0.08923649787902832, 0.05355048179626465, 0.08786439895629883, 0.10813689231872559, 0.05906510353088379, 0.09178328514099121, 0.11043810844421387, 0.045188188552856445, 0.08979558944702148, 0.10729455947875977, 0.04223275184631348, 0.09194779396057129, 0.09534382820129395, 0.0518488883972168, 0.09243011474609375, 0.11546826362609863, 0.054576873779296875, 0.09762787818908691, 0.1041712760925293, 0.04761004447937012, 0.0907745361328125, 0.09948921203613281, 0.050518035888671875, 0.09257793426513672, 0.11303567886352539, 0.04899191856384277, 0.09138154983520508, 0.10529756546020508, 0.04571700096130371, 0.09168171882629395, 0.09822511672973633, 0.05042386054992676, 0.09392142295837402, 0.10762453079223633, 0.05571150779724121, 0.09817767143249512, 0.10773372650146484, 0.06185293197631836, 0.09794950485229492, 0.11057853698730469, 0.07181978225708008, 0.0787198543548584, 0.08896613121032715, 0.06067371368408203, 0.08835339546203613, 0.09141850471496582, 0.08390665054321289, 0.07860660552978516, 0.09245610237121582, 0.08246016502380371, 0.06982827186584473, 0.09099698066711426, 0.08346319198608398, 0.07733559608459473, 0.09195685386657715, 0.09184980392456055, 0.08723759651184082, 0.10609936714172363, 0.07903409004211426, 0.08579659461975098, 0.09985017776489258, 0.08864617347717285, 0.06998634338378906, 0.09522247314453125, 0.0752248764038086, 0.08394694328308105, 0.0899648666381836, 0.08839964866638184, 0.07329654693603516, 0.09039759635925293, 0.08932638168334961, 0.06807279586791992, 0.09325170516967773, 0.07495427131652832, 0.08262133598327637, 0.09314322471618652, 0.0926518440246582, 0.07300829887390137, 0.09218049049377441, 0.07501769065856934, 0.0852053165435791, 0.09157705307006836, 0.0877370834350586, 0.07226085662841797, 0.09457993507385254, 0.09867501258850098, 0.08309221267700195, 0.09372520446777344, 0.07861757278442383, 0.08210444450378418, 0.08810162544250488, 0.09861421585083008, 0.06764340400695801, 0.09193634986877441, 0.0775303840637207, 0.07994723320007324, 0.09028863906860352, 0.09730005264282227, 0.08553528785705566, 0.11088848114013672, 0.0807037353515625, 0.07621097564697266, 0.09491324424743652, 0.08960771560668945, 0.06739664077758789, 0.09059715270996094, 0.0738060474395752, 0.07909345626831055, 0.09227681159973145, 0.08873748779296875, 0.0757753849029541, 0.09518647193908691, 0.08890604972839355, 0.08360886573791504, 0.09152674674987793, 0.08722496032714844, 0.08059215545654297, 0.09398698806762695, 0.08533430099487305, 0.07741761207580566, 0.08813762664794922, 0.09791278839111328, 0.07943105697631836, 0.09055161476135254, 0.08088445663452148, 0.0743408203125, 0.08905220031738281, 0.08608627319335938, 0.07726097106933594, 0.08829164505004883, 0.09344744682312012, 0.07804393768310547, 0.08743047714233398, 0.09858155250549316, 0.0830533504486084, 0.08736944198608398, 0.08132624626159668, 0.07470083236694336, 0.08911609649658203, 0.0964195728302002, 0.07823967933654785, 0.11022686958312988, 0.07971763610839844, 0.07320499420166016, 0.08578848838806152, 0.09682917594909668, 0.08552384376525879, 0.09360837936401367, 0.08894610404968262, 0.07272076606750488, 0.09095215797424316, 0.07851171493530273, 0.07519817352294922, 0.08767342567443848, 0.08099627494812012, 0.07469391822814941, 0.08284997940063477, 0.07917213439941406, 0.07482457160949707, 0.08681392669677734, 0.0988922119140625, 0.07849526405334473, 0.09322404861450195, 0.0848686695098877, 0.07169437408447266, 0.09044575691223145, 0.08652591705322266, 0.07545804977416992, 0.08448028564453125, 0.09916830062866211, 0.06785368919372559, 0.0835113525390625, 0.08029937744140625, 0.07281708717346191, 0.08806729316711426, 0.09450030326843262, 0.0785987377166748, 0.08738017082214355, 0.09913063049316406, 0.06769943237304688, 0.08238053321838379, 0.07882404327392578, 0.0723574161529541, 0.08629107475280762, 0.07506036758422852, 0.07484245300292969, 0.08365654945373535, 0.09779787063598633, 0.07319355010986328, 0.10667872428894043, 0.08485126495361328, 0.07033085823059082, 0.08801770210266113, 0.08596038818359375, 0.07497572898864746, 0.08651876449584961, 0.09243226051330566, 0.06849265098571777, 0.08964943885803223, 0.0821385383605957, 0.06981325149536133, 0.086822509765625, 0.08302807807922363, 0.0751652717590332, 0.0827324390411377, 0.08186817169189453, 