{"ID": 2, "inference time": [13.701740264892578, 0.10348105430603027, 0.09513115882873535, 0.1166226863861084, 0.10208487510681152, 0.07963085174560547, 0.1182861328125, 0.0975179672241211, 0.0880441665649414, 0.11564373970031738, 0.10244631767272949, 0.08222055435180664, 0.11495089530944824, 0.10402083396911621, 0.08398818969726562, 0.11002349853515625, 0.11412978172302246, 0.09315609931945801, 0.10533595085144043, 0.09228062629699707, 0.08969664573669434, 0.1074986457824707, 0.09752416610717773, 0.09413480758666992, 0.11203789710998535, 0.09003019332885742, 0.09844255447387695, 0.11792230606079102, 0.1048426628112793, 0.08215165138244629, 0.11914539337158203, 0.08690261840820312, 0.07867622375488281, 0.11671566963195801, 0.08940696716308594, 0.08011436462402344, 0.11509060859680176, 0.09422111511230469, 0.08621549606323242, 0.1184535026550293, 0.1035003662109375, 0.08310770988464355, 0.11906027793884277, 0.09443235397338867, 0.09339070320129395, 0.12537717819213867, 0.09975457191467285, 0.09222674369812012, 0.11586999893188477, 0.0939476490020752, 0.08289933204650879, 0.11616778373718262, 0.09552597999572754, 0.07908034324645996, 0.11656355857849121, 0.09061527252197266, 0.08530592918395996, 0.11736488342285156, 0.08826184272766113, 0.07829689979553223, 0.10825943946838379, 0.09215641021728516, 0.08116626739501953, 0.12185287475585938, 0.09706354141235352, 0.09689712524414062, 0.12143206596374512, 0.0972602367401123, 0.08032584190368652, 0.11081361770629883, 0.09516716003417969, 0.07633519172668457, 0.11292052268981934, 0.09383225440979004, 0.07835555076599121, 0.11060285568237305, 0.11456608772277832, 0.09605646133422852, 0.11554527282714844, 0.09810948371887207, 0.09147787094116211, 0.11338281631469727, 0.10119843482971191, 0.0970914363861084, 0.11854052543640137, 0.11001276969909668, 0.0924222469329834, 0.11075592041015625, 0.10590219497680664, 0.09314203262329102, 0.11914420127868652, 0.09886670112609863, 0.09738612174987793, 0.1191260814666748, 0.10202288627624512, 0.09012174606323242, 0.10747551918029785, 0.0866842269897461, 0.0905311107635498, 0.11446475982666016, 0.09363770484924316, 0.09379816055297852, 0.11734795570373535, 0.10187506675720215, 0.10099291801452637, 0.11738324165344238, 0.10533857345581055, 0.08019256591796875, 0.1260054111480713, 0.10016775131225586, 0.08093786239624023, 0.1131596565246582, 0.11105227470397949, 0.08359217643737793, 0.11219978332519531, 0.09318256378173828, 0.08066868782043457, 0.11089444160461426, 0.09822559356689453, 0.0825505256652832, 0.1068873405456543, 0.09043407440185547, 0.08372807502746582, 0.10716772079467773, 0.09807157516479492, 0.08332657814025879, 0.10776877403259277, 0.08951950073242188, 0.08003902435302734, 0.10974431037902832, 0.09648990631103516, 0.08295989036560059, 0.10959815979003906, 0.10108613967895508, 0.08199715614318848, 0.1084585189819336, 0.09660506248474121, 0.08299064636230469, 0.11556816101074219, 0.10175800323486328, 0.08554863929748535, 0.1149454116821289, 0.09413838386535645, 0.07639384269714355, 0.10767841339111328, 0.10015630722045898, 0.08305573463439941, 0.11143851280212402, 0.09900283813476562, 0.08443140983581543, 0.11205554008483887, 0.10040783882141113, 0.09117746353149414, 0.11050057411193848, 0.10220956802368164, 0.08516454696655273, 0.10576772689819336, 0.09640383720397949, 0.08648037910461426, 0.11517071723937988, 0.10113358497619629, 0.08328533172607422, 0.11466097831726074, 0.1007089614868164, 0.08274030685424805, 0.11125445365905762, 0.10787248611450195, 0.08505058288574219, 0.11667966842651367, 0.09864306449890137, 0.09326434135437012, 0.11616826057434082, 0.10517716407775879, 0.08500361442565918, 0.12054324150085449, 0.09683990478515625, 0.07898187637329102, 0.10804152488708496, 0.09058785438537598, 0.08576679229736328, 0.11684489250183105, 0.10139751434326172, 0.0840139389038086, 0.11707282066345215, 0.10074234008789062, 0.08466863632202148, 0.11207747459411621, 0.09774088859558105, 0.08878922462463379, 0.11482739448547363, 0.09802412986755371, 0.07897639274597168, 0.1058502197265625, 0.0903632640838623, 0.07941150665283203, 0.10761284828186035, 0.09116101264953613, 0.07943201065063477, 0.10937905311584473, 0.09819483757019043, 0.08103132247924805, 0.10941791534423828, 0.09196591377258301, 0.08180904388427734, 0.12152528762817383, 0.10721492767333984, 0.08607745170593262, 0.12460684776306152, 0.09914755821228027, 0.07788324356079102, 0.11170434951782227, 0.10235953330993652, 0.0879049301147461, 0.11006426811218262, 0.10629582405090332, 0.08616423606872559, 0.11319279670715332, 0.10039901733398438, 0.0825355052947998, 0.11791849136352539, 0.09298419952392578, 0.0769968032836914, 0.11516404151916504, 0.0986032485961914, 0.08243298530578613, 0.11580610275268555, 0.1046302318572998, 0.08684825897216797, 0.11235618591308594, 0.10293698310852051, 0.09422469139099121, 0.11443305015563965, 0.0997323989868164, 0.08219385147094727, 0.113739013671875, 0.09818744659423828, 0.08539938926696777, 0.1151883602142334, 0.0993051528930664, 0.08437728881835938, 0.12248396873474121, 0.09877252578735352, 0.0937199592590332, 0.11620783805847168, 0.0980224609375, 0.08568525314331055, 0.11743664741516113, 0.1009359359741211, 0.08274364471435547, 0.11593461036682129, 0.09834480285644531, 0.09190821647644043, 0.11478328704833984, 0.09492087364196777, 0.07998275756835938, 0.10828495025634766, 0.10026001930236816, 0.08726692199707031, 0.11465835571289062, 0.10158538818359375, 0.08265209197998047, 0.11049342155456543, 0.10378170013427734, 0.08756279945373535, 0.11434364318847656, 0.10437846183776855, 0.08761429786682129, 0.11466479301452637, 0.09578728675842285, 0.08317255973815918, 0.11115074157714844, 0.10120272636413574, 0.08804869651794434, 0.11597323417663574, 0.10474658012390137, 0.07954072952270508, 0.11663413047790527, 0.09558796882629395, 0.07990264892578125, 0.1156013011932373, 0.10390853881835938, 0.08617973327636719, 0.11769533157348633, 0.10926628112792969, 0.0897517204284668, 0.12067556381225586, 0.10460162162780762, 0.08365893363952637, 0.11717343330383301, 0.10460519790649414, 0.08462357521057129, 0.12405681610107422, 0.10257935523986816, 0.08243584632873535, 0.11565923690795898, 0.10250616073608398, 0.08570480346679688, 0.1185297966003418, 0.0984039306640625, 0.08477163314819336, 0.1181943416595459, 0.11394906044006348, 0.09113478660583496, 0.11711692810058594, 0.10525774955749512, 0.08263087272644043, 0.11720538139343262, 0.1026453971862793, 0.08197760581970215, 0.11772012710571289, 0.10184621810913086, 0.08124923706054688, 0.11576128005981445, 0.10160589218139648, 0.08630061149597168, 0.11629939079284668, 0.1033322811126709, 0.07786750793457031, 0.11824750900268555, 0.10578370094299316, 0.08977222442626953, 0.11785078048706055, 0.10562801361083984, 0.08466887474060059, 0.11974811553955078, 0.10514450073242188, 0.08738374710083008, 0.11879181861877441, 0.10440182685852051, 0.08399510383605957, 0.12054276466369629, 0.1095123291015625, 0.08197784423828125, 0.11767292022705078, 0.10502386093139648, 0.08793473243713379, 0.11723589897155762, 0.10907721519470215, 0.08296966552734375, 0.12607383728027344, 0.10828638076782227, 0.08951473236083984, 0.12136197090148926, 0.10156631469726562, 0.09192705154418945, 0.12073135375976562, 0.11045193672180176, 0.08746075630187988, 0.11989545822143555, 0.10418105125427246, 0.0836038589477539, 0.12459802627563477, 0.10509991645812988, 0.08393144607543945, 0.11589932441711426, 0.10581612586975098, 0.08546257019042969, 0.11867141723632812, 0.10961508750915527, 0.08763813972473145, 0.12011933326721191, 0.10990786552429199, 0.09039807319641113, 0.11953496932983398, 0.10434079170227051, 0.09105587005615234, 0.12089014053344727, 0.10456013679504395, 0.0877375602722168, 0.11940312385559082, 0.10949230194091797, 0.08339405059814453, 0.12002253532409668, 0.10451912879943848, 0.08837342262268066, 0.11765933036804199, 0.10894155502319336, 0.0886530876159668, 0.12153244018554688, 0.10983014106750488, 0.08193826675415039, 0.12012267112731934, 