{"ID": 5, "inference time": [14.686642408370972, 0.1257312297821045, 0.12621712684631348, 0.12720417976379395, 0.09690713882446289, 0.0909733772277832, 0.10543107986450195, 0.12665009498596191, 0.09414362907409668, 0.09728050231933594, 0.12222957611083984, 0.12236642837524414, 0.11907362937927246, 0.09636068344116211, 0.08254408836364746, 0.10585665702819824, 0.11745166778564453, 0.09761309623718262, 0.07824015617370605, 0.10279083251953125, 0.10756969451904297, 0.10387206077575684, 0.09682965278625488, 0.08037185668945312, 0.11166238784790039, 0.1183321475982666, 0.09524369239807129, 0.09574699401855469, 0.10490679740905762, 0.1105201244354248, 0.09879469871520996, 0.09519147872924805, 0.09115242958068848, 0.09327077865600586, 0.10739016532897949, 0.10873937606811523, 0.0997152328491211, 0.10027933120727539, 0.090789794921875, 0.08732867240905762, 0.10941314697265625, 0.12142157554626465, 0.10219430923461914, 0.09577345848083496, 0.09278178215026855, 0.10039329528808594, 0.11034631729125977, 0.11842226982116699, 0.10577058792114258, 0.09341096878051758, 0.10895776748657227, 0.1313779354095459, 0.1017923355102539, 0.10415029525756836, 0.1039113998413086, 0.11780428886413574, 0.12023615837097168, 0.12190937995910645, 0.10432624816894531, 0.11317157745361328, 0.1122894287109375, 0.09411764144897461, 0.10299849510192871, 0.10913920402526855, 0.1252143383026123, 0.10634994506835938, 0.10140514373779297, 0.10579085350036621, 0.09725785255432129, 0.11894774436950684, 0.12860560417175293, 0.09917545318603516, 0.10315251350402832, 0.11464762687683105, 0.11144638061523438, 0.11627888679504395, 0.09841537475585938, 0.11252069473266602, 0.12538886070251465, 0.10283970832824707, 0.10125136375427246, 0.09370827674865723, 0.11316847801208496, 0.12861990928649902, 0.09855866432189941, 0.10016727447509766, 0.08357906341552734, 0.09029221534729004, 0.11112284660339355, 0.1189115047454834, 0.10195088386535645, 0.10155057907104492, 0.09982585906982422, 0.08600854873657227, 0.09184575080871582, 0.11845803260803223, 0.10968565940856934, 0.10028457641601562, 0.10945868492126465, 0.08370757102966309, 0.10277628898620605, 0.11309647560119629, 0.1119532585144043, 0.10145759582519531, 0.09424066543579102, 0.11822628974914551, 0.11283183097839355, 0.09675335884094238, 0.09348583221435547, 0.11282038688659668, 0.11898589134216309, 0.09964251518249512, 0.09531688690185547, 0.0970163345336914, 0.11246991157531738, 0.10924315452575684, 0.10644078254699707, 0.09474372863769531, 0.08123445510864258, 0.1087944507598877, 0.11809015274047852, 0.0936594009399414, 0.0942990779876709, 0.10875940322875977, 0.13484501838684082, 0.09369969367980957, 0.10092806816101074, 0.11213374137878418, 0.12228226661682129, 0.0952153205871582, 0.09733247756958008, 0.11347579956054688, 0.10403990745544434, 0.09412360191345215, 0.09315347671508789, 0.08262968063354492, 0.08481001853942871, 0.10833525657653809, 0.11423945426940918, 0.1005547046661377, 0.10469913482666016, 0.09363222122192383, 0.08236837387084961, 0.10948562622070312, 0.11702346801757812, 0.10609817504882812, 0.09718608856201172, 0.09536957740783691, 0.10868668556213379, 0.11266040802001953, 0.10410451889038086, 0.09705066680908203, 0.08461594581604004, 0.08566808700561523, 0.09559750556945801, 0.11772704124450684, 0.11944007873535156, 0.12696146965026855, 0.1054224967956543, 0.08732795715332031, 0.08732175827026367, 0.11010098457336426, 0.11595749855041504, 0.12243056297302246, 0.09684562683105469, 0.09904646873474121, 0.11289000511169434, 0.1143801212310791, 0.10230422019958496, 0.097412109375, 0.08673644065856934, 0.08130431175231934, 0.08846211433410645, 0.08110642433166504, 0.1098480224609375, 0.11027240753173828, 0.10748887062072754, 0.11062502861022949, 0.09340834617614746, 0.09141731262207031, 0.10580587387084961, 0.11863493919372559, 0.12308335304260254, 0.10880851745605469, 0.10497784614562988, 0.09179139137268066, 0.11015963554382324, 0.12675070762634277, 0.10615420341491699, 0.11694812774658203, 0.08927416801452637, 0.08782672882080078, 0.0967872142791748, 0.11731505393981934, 0.11495232582092285, 0.10284423828125, 0.09621524810791016, 0.08715534210205078, 0.08614587783813477, 0.08767414093017578, 0.10864043235778809, 0.11325907707214355, 0.11302566528320312, 0.1060945987701416, 0.0969541072845459, 0.08493661880493164, 0.11483955383300781, 0.1150364875793457, 0.12109684944152832, 0.10176968574523926, 0.09996223449707031, 0.09670615196228027, 0.08258676528930664, 0.11294865608215332, 0.11910438537597656, 0.09478425979614258, 0.11640143394470215, 0.11138415336608887, 0.1062171459197998, 0.08285713195800781, 0.09961438179016113, 0.1104886531829834, 0.10969948768615723, 0.1053922176361084, 0.1127927303314209, 0.0850362777709961, 0.08057665824890137, 0.0857241153717041, 0.08199167251586914, 0.10549521446228027, 0.11360812187194824, 0.1176910400390625, 0.1030888557434082, 0.0886983871459961, 0.08168840408325195, 0.0829169750213623, 0.0834348201751709, 0.10487008094787598, 0.11262774467468262, 0.10381174087524414, 0.10513544082641602, 0.10522055625915527, 0.07823348045349121, 0.08905291557312012, 0.08666872978210449, 0.08453035354614258, 0.11248397827148438, 0.10359954833984375, 0.10259866714477539, 0.11412262916564941, 0.11636614799499512, 0.09867167472839355, 0.10617494583129883, 0.12049603462219238, 0.13481640815734863, 0.12092733383178711, 0.10955071449279785, 0.11838221549987793, 0.11681556701660156, 0.09648942947387695, 0.10139083862304688, 0.11984586715698242, 0.11649584770202637, 0.1028740406036377, 0.09302258491516113, 0.08618021011352539, 0.08447742462158203, 0.08882713317871094, 0.10056161880493164, 0.11118865013122559, 0.11794257164001465, 0.11983942985534668, 0.10965347290039062, 0.09602665901184082, 0.09785294532775879, 0.08251333236694336, 0.0840463638305664, 0.08090996742248535, 0.08226633071899414, 0.08517026901245117, 0.08556723594665527, 0.08239388465881348, 0.0808861255645752, 0.10563850402832031, 0.10193157196044922, 0.11646008491516113, 0.11602950096130371, 0.09883499145507812, 0.09102106094360352, 0.08352279663085938, 0.08539628982543945, 0.0876767635345459, 0.10474419593811035, 0.10600709915161133, 0.11515259742736816, 0.12038350105285645, 0.09903883934020996, 0.11017274856567383, 0.12279582023620605, 0.12136459350585938, 0.09602689743041992, 0.10019588470458984, 0.11314558982849121, 0.12564468383789062, 0.11167693138122559, 0.1107635498046875, 0.09997820854187012, 0.09849190711975098, 0.08509397506713867, 0.10418868064880371, 0.11848258972167969, 0.11613202095031738, 0.105804443359375, 0.08837008476257324, 0.08402299880981445, 0.08420681953430176, 0.08503079414367676, 0.10509729385375977, 0.10667014122009277, 0.1129601001739502, 0.0947721004486084, 0.1113584041595459, 0.11245036125183105, 0.0910038948059082, 0.07967162132263184, 0.0790865421295166, 0.10098934173583984, 0.10889720916748047, 0.12145423889160156, 0.0990912914276123, 0.09644722938537598, 0.12099385261535645, 0.09842443466186523, 0.09593462944030762, 0.089111328125, 0.08408856391906738, 0.10857439041137695, 0.11239981651306152, 0.11489415168762207, 0.11200642585754395, 0.11492085456848145, 0.09192156791687012, 0.09122586250305176, 0.08303260803222656, 0.08353424072265625, 0.08166837692260742, 0.08277606964111328, 0.08501219749450684, 0.08501887321472168, 0.08521866798400879, 0.08862495422363281, 0.09436893463134766, 0.08886361122131348, 0.09373974800109863, 0.10616111755371094, 0.11492109298706055, 0.11841011047363281, 0.12481927871704102, 0.10829424858093262, 0.09070277214050293, 0.10938906669616699, 0.12470746040344238, 0.12137699127197266, 0.11233639717102051, 0.10288858413696289, 0.11182165145874023, 0.12500548362731934, 0.12331151962280273, 0.11135172843933105, 0.09030675888061523, 0.10255694389343262, 0.10371756553649902, 0.08385801315307617, 0.09217572212219238, 0.08652210235595703, 0.0914309024810791, 0.09346151351928711, 0.10704278945922852, 0.0890648365020752, 0.10188889503479004, 0.12140059471130371, 0.1187582015991211, 