{"ID": 7, "inference time": [14.1849844455719, 0.21647143363952637, 0.1382768154144287, 0.1368710994720459, 0.13322019577026367, 0.14682602882385254, 0.14266705513000488, 0.13854670524597168, 0.14400577545166016, 0.15053939819335938, 0.14624714851379395, 0.12945151329040527, 0.14427423477172852, 0.14197921752929688, 0.13707804679870605, 0.12769770622253418, 0.12236237525939941, 0.1299588680267334, 0.14603447914123535, 0.12733745574951172, 0.13053178787231445, 0.12465429306030273, 0.13416790962219238, 0.1360487937927246, 0.13237881660461426, 0.13088130950927734, 0.13905620574951172, 0.1413414478302002, 0.1349174976348877, 0.12355542182922363, 0.13664531707763672, 0.11430525779724121, 0.12285137176513672, 0.1452169418334961, 0.13632678985595703, 0.12765073776245117, 0.11805939674377441, 0.12921643257141113, 0.13671422004699707, 0.14622783660888672, 0.1315305233001709, 0.12719392776489258, 0.13408279418945312, 0.13687801361083984, 0.14513945579528809, 0.1425952911376953, 0.13031435012817383, 0.12766599655151367, 0.13565373420715332, 0.14259767532348633, 0.1392667293548584, 0.1398162841796875, 0.14177513122558594, 0.1435387134552002, 0.15030574798583984, 0.13595890998840332, 0.13444900512695312, 0.13963794708251953, 0.14652752876281738, 0.1507711410522461, 0.14264130592346191, 0.13592815399169922, 0.14451336860656738, 0.136460542678833, 0.1397571563720703, 0.1324772834777832, 0.1363217830657959, 0.1440744400024414, 0.14787054061889648, 0.14335036277770996, 0.12850546836853027, 0.1335766315460205, 0.1410813331604004, 0.1349010467529297, 0.12622809410095215, 0.14284706115722656, 0.14491868019104004, 0.13367223739624023, 0.14756512641906738, 0.1335277557373047, 0.13666963577270508, 0.14675283432006836, 0.1405785083770752, 0.13190484046936035, 0.13912224769592285, 0.14033722877502441, 0.13898992538452148, 0.13559865951538086, 0.1348116397857666, 0.1236116886138916, 0.12674307823181152, 0.13886642456054688, 0.13700485229492188, 0.15349435806274414, 0.13867640495300293, 0.14182281494140625, 0.12440609931945801, 0.13719749450683594, 0.13258767127990723, 0.14555644989013672, 0.13901877403259277, 0.13665485382080078, 0.13144540786743164, 0.12812018394470215, 0.1429901123046875, 0.1414496898651123, 0.12494277954101562, 0.12606048583984375, 0.14580845832824707, 0.1386871337890625, 0.12662053108215332, 0.13907337188720703, 0.14112520217895508, 0.1377582550048828, 0.12730741500854492, 0.14118123054504395, 0.13765597343444824, 0.14281606674194336, 0.13691949844360352, 0.13519692420959473, 0.1286144256591797, 0.13932108879089355, 0.14541840553283691, 0.13385224342346191, 0.135878324508667, 0.14239287376403809, 0.1308739185333252, 0.12979865074157715, 0.1198573112487793, 0.13200068473815918, 0.14673495292663574, 0.13588333129882812, 0.11282563209533691, 0.1221778392791748, 0.14220619201660156, 0.14558625221252441, 0.13366270065307617, 0.13685274124145508, 0.12363481521606445, 0.13464069366455078, 0.12122917175292969, 0.13061165809631348, 0.13538050651550293, 0.13906455039978027, 0.13245272636413574, 0.12910795211791992, 0.14368653297424316, 0.1409764289855957, 0.12557482719421387, 0.12376785278320312, 0.13426613807678223, 0.13269662857055664, 0.14122223854064941, 0.13822317123413086, 0.1354541778564453, 0.13918638229370117, 0.1389012336730957, 0.13879776000976562, 0.14126348495483398, 0.13993072509765625, 0.1376638412475586, 0.13487672805786133, 0.13592195510864258, 0.1226816177368164, 0.1353590488433838, 0.1307234764099121, 0.13177204132080078, 0.12456011772155762, 0.13916707038879395, 0.13391447067260742, 0.13508367538452148, 0.13487029075622559, 0.13362932205200195, 0.12696266174316406, 0.13187384605407715, 0.12276625633239746, 0.12395453453063965, 0.14022111892700195, 0.1300947666168213, 0.1566019058227539, 0.14800214767456055, 0.13177752494812012, 0.12699151039123535, 0.1290876865386963, 0.13411974906921387, 0.13135886192321777, 0.13359522819519043, 0.1267092227935791, 0.13109993934631348, 0.14042115211486816, 0.1413881778717041, 0.13834071159362793, 0.14076972007751465, 0.13160419464111328, 0.1316373348236084, 0.1318953037261963, 0.14299345016479492, 0.14673161506652832, 0.13561034202575684, 0.13559412956237793, 0.13311767578125, 0.13475561141967773, 0.1320638656616211, 0.14227890968322754, 0.13612055778503418, 0.14482855796813965, 0.14093232154846191, 0.13229966163635254, 0.1235344409942627, 0.14472365379333496, 0.1317462921142578, 0.12228107452392578, 0.14381170272827148, 0.13398027420043945, 0.12726664543151855, 0.11386680603027344, 0.1306304931640625, 0.13193154335021973, 0.13649845123291016, 0.12786245346069336, 0.13624215126037598, 0.139739990234375, 0.12893414497375488, 0.12073397636413574, 0.13730716705322266, 0.12058043479919434, 0.14028263092041016, 0.13936090469360352, 0.1394824981689453, 0.13858246803283691, 0.12572479248046875, 0.13635468482971191, 0.1429882049560547, 0.13892793655395508, 0.1443331241607666, 0.13621854782104492, 0.13777518272399902, 0.1325700283050537, 0.13073229789733887, 0.12112212181091309, 0.12646794319152832, 0.14428949356079102, 0.1489393711090088, 0.14233875274658203, 0.13841009140014648, 0.14398860931396484, 0.1310746669769287, 0.11478734016418457, 0.13773036003112793, 0.13569426536560059, 0.14587616920471191, 0.13918256759643555, 0.13422822952270508, 0.1293015480041504, 0.12965750694274902, 0.14537453651428223, 0.15675783157348633, 0.1377861499786377, 0.11354565620422363, 0.13715529441833496, 0.13129830360412598, 0.1180124282836914, 0.1197807788848877, 0.14068293571472168, 0.13943123817443848, 0.1389451026916504, 0.13687705993652344, 0.14057683944702148, 0.13752007484436035, 0.1318833827972412, 0.12050318717956543, 0.12820124626159668, 0.14355778694152832, 0.11910748481750488, 0.13731980323791504, 0.13953590393066406, 0.1451702117919922, 0.1376352310180664, 0.13442325592041016, 0.13666272163391113, 0.13255882263183594, 0.1387336254119873, 0.13300299644470215, 0.13141345977783203, 0.1236262321472168, 0.11727356910705566, 0.13403797149658203, 0.1353740692138672, 0.13515043258666992, 0.1315469741821289, 0.13643980026245117, 0.13347125053405762, 0.13515520095825195, 0.1337437629699707, 0.129594087600708, 0.13077092170715332, 0.13209009170532227, 0.13623666763305664, 0.13210558891296387, 0.13323116302490234, 0.12478137016296387, 0.13598227500915527, 0.13047313690185547, 0.12335538864135742, 0.12996816635131836, 0.13674640655517578, 0.1399683952331543, 0.13804388046264648, 0.13299894332885742, 0.1229560375213623, 0.11616921424865723, 0.1338939666748047, 0.13035368919372559, 0.13609600067138672, 0.12774348258972168, 0.1207268238067627, 0.13499855995178223, 0.12715387344360352, 0.12133646011352539, 0.13020586967468262, 0.11473560333251953, 0.12777948379516602, 0.143507719039917, 0.1250898838043213, 0.13746380805969238, 0.13872337341308594, 0.13854050636291504, 0.12891364097595215, 0.11880302429199219, 0.12065649032592773, 0.1344752311706543, 0.13844704627990723, 0.1485579013824463, 0.14409804344177246, 0.13217735290527344, 0.1454629898071289, 0.13741230964660645, 0.1277158260345459, 0.12360739707946777, 0.13972687721252441, 0.14214086532592773, 0.1346113681793213, 0.13255095481872559, 0.1418619155883789, 0.14335203170776367, 0.1513373851776123, 0.13966083526611328, 0.11761760711669922, 0.14235520362854004, 0.1406724452972412, 0.1417701244354248, 0.13913631439208984, 0.12083196640014648, 0.14152789115905762, 0.12738490104675293, 0.12419009208679199, 0.13636040687561035, 0.12384986877441406, 0.1359095573425293, 0.13829445838928223, 0.1360616683959961, 0.11865448951721191, 0.13065552711486816, 0.14968657493591309, 0.1392807960510254, 0.13221144676208496, 0.1247100830078125, 0.13486933708190918, 0.14543795585632324, 0.14087438583374023, 0.1360642910003662, 0.14007329940795898, 0.11502408981323242, 0.1221780776977539, 0.13975071907043457, 0.1214134693145752, 0.13222384452819824, 0.1335430145263672, 0.12177729606628418, 0.14179039001464844, 0.11902785301208496, 0.14293241500854492, 0.1377103328704834, 0.12145733833312988, 