{"ID": 1, "inference time": [8.582702398300171, 0.052222490310668945, 0.07101321220397949, 0.036710262298583984, 0.08224797248840332, 0.03915047645568848, 0.03986811637878418, 0.08047604560852051, 0.03789877891540527, 0.039229631423950195, 0.08078694343566895, 0.0412440299987793, 0.03785395622253418, 0.08840179443359375, 0.03865408897399902, 0.03890371322631836, 0.08483529090881348, 0.03784918785095215, 0.10410594940185547, 0.0901648998260498, 0.04532933235168457, 0.05593276023864746, 0.08537864685058594, 0.03760981559753418, 0.05798816680908203, 0.08062601089477539, 0.036933183670043945, 0.05401468276977539, 0.17375683784484863, 0.06832146644592285, 0.07643628120422363, 0.10518121719360352, 0.06690263748168945, 0.07253718376159668, 0.1089787483215332, 0.03821682929992676, 0.07581591606140137, 0.12111401557922363, 0.0587613582611084, 0.06582164764404297, 0.10867428779602051, 0.061759233474731445, 0.0735166072845459, 0.10655546188354492, 0.0747981071472168, 0.06832575798034668, 0.10443615913391113, 0.07506155967712402, 0.0649881362915039, 0.09495019912719727, 0.03782463073730469, 0.07492280006408691, 0.09405803680419922, 0.055121660232543945, 0.07666897773742676, 0.12796902656555176, 0.03911566734313965, 0.07054495811462402, 0.10467410087585449, 0.06182384490966797, 0.0773763656616211, 0.09947776794433594, 0.04357767105102539, 0.07181906700134277, 0.11343741416931152, 0.04224586486816406, 0.07748031616210938, 0.11960244178771973, 0.03820061683654785, 0.05986642837524414, 0.09417533874511719, 0.04403543472290039, 0.08216261863708496, 0.12981557846069336, 0.04093313217163086, 0.0760810375213623, 0.10628938674926758, 0.04626131057739258, 0.07721328735351562, 0.11044931411743164, 0.05348467826843262, 0.0799705982208252, 0.11466002464294434, 0.07432126998901367, 0.06864356994628906, 0.09362292289733887, 0.040102243423461914, 0.07716751098632812, 0.11583948135375977, 0.0606381893157959, 0.07891130447387695, 0.1036679744720459, 0.06995248794555664, 0.0713646411895752, 0.09154891967773438, 0.05148673057556152, 0.0775601863861084, 0.127899169921875, 0.03764796257019043, 0.06845903396606445, 0.09140706062316895, 0.07144427299499512, 0.0689232349395752, 0.1078794002532959, 0.07318544387817383, 0.07474374771118164, 0.12061619758605957, 0.03797721862792969, 0.07027482986450195, 0.09444165229797363, 0.05994558334350586, 0.0764303207397461, 0.11004233360290527, 0.04552102088928223, 0.07570004463195801, 0.11945104598999023, 0.038365840911865234, 0.07291674613952637, 0.11478519439697266, 0.03752851486206055, 0.08329367637634277, 0.10972309112548828, 0.06891226768493652, 0.05601239204406738, 0.09377408027648926, 0.03797793388366699, 0.07785725593566895, 0.10100650787353516, 0.0587615966796875, 0.0755620002746582, 0.1060934066772461, 0.06695723533630371, 0.0679774284362793, 0.08732843399047852, 0.0501561164855957, 0.07857632637023926, 0.10831189155578613, 0.04624295234680176, 0.07665014266967773, 0.12463164329528809, 0.04683065414428711, 0.07691168785095215, 0.11136627197265625, 0.05587434768676758, 0.07487106323242188, 0.11449527740478516, 0.04376959800720215, 0.07974004745483398, 0.12240004539489746, 0.03772330284118652, 0.07390284538269043, 0.10117673873901367, 0.0611872673034668, 0.06297159194946289, 0.11136007308959961, 0.036992788314819336, 0.07609677314758301, 0.09770083427429199, 0.06720089912414551, 0.07251977920532227, 0.10100722312927246, 0.0569610595703125, 0.0779416561126709, 0.12192273139953613, 0.06598305702209473, 0.07045602798461914, 0.10420846939086914, 0.04903531074523926, 0.07992410659790039, 0.11485075950622559, 0.059708356857299805, 0.054050445556640625, 0.11182975769042969, 0.04397273063659668, 0.07575726509094238, 0.1048741340637207, 0.05883145332336426, 0.07710647583007812, 0.11490464210510254, 0.053534746170043945, 0.06524658203125, 0.12828922271728516, 0.057257652282714844, 0.07541632652282715, 0.10595989227294922, 0.05430459976196289, 0.07127666473388672, 0.11235713958740234, 0.04874563217163086, 0.049082040786743164, 0.10990524291992188, 0.04045438766479492, 0.0666201114654541, 0.10081076622009277, 0.04983949661254883, 0.07522153854370117, 0.12341165542602539, 0.06040692329406738, 0.05723881721496582, 0.11098217964172363, 0.037798404693603516, 0.08180475234985352, 0.12079787254333496, 0.06442070007324219, 0.06894874572753906, 0.11137962341308594, 0.05002570152282715, 0.07404780387878418, 0.10519146919250488, 0.05877375602722168, 0.06905841827392578, 0.1249701976776123, 0.03747367858886719, 0.05303621292114258, 0.09014511108398438, 0.04374861717224121, 0.07504773139953613, 0.10992550849914551, 0.050463199615478516, 0.07417845726013184, 0.11191225051879883, 0.0594334602355957, 0.05730247497558594, 0.11069464683532715, 0.04879307746887207, 0.07038140296936035, 0.11390209197998047, 0.07409024238586426, 0.06042027473449707, 0.10135507583618164, 0.04324078559875488, 0.07293510437011719, 0.11193633079528809, 0.0820627212524414, 0.06763267517089844, 0.11217355728149414, 0.04433393478393555, 0.07358407974243164, 0.11374092102050781, 0.06668448448181152, 0.05759596824645996, 0.10344910621643066, 0.04956650733947754, 0.07475996017456055, 0.10729193687438965, 0.06613540649414062, 0.07221698760986328, 0.11590218544006348, 0.05699491500854492, 0.07349371910095215, 0.11329770088195801, 0.061968326568603516, 0.052863359451293945, 0.10642075538635254, 0.04465603828430176, 0.07197761535644531, 0.11294913291931152, 0.06588101387023926, 0.0635535717010498, 0.12078189849853516, 0.04254555702209473, 0.07299137115478516, 0.11011290550231934, 0.06407570838928223, 0.05438065528869629, 0.11293721199035645, 0.04346036911010742, 0.07532668113708496, 0.11686444282531738, 0.07428193092346191, 0.06546831130981445, 0.10861825942993164, 0.049443721771240234, 0.07343745231628418, 0.11611676216125488, 0.04907631874084473, 0.054447174072265625, 0.11768198013305664, 0.06028437614440918, 0.06539797782897949, 0.10855269432067871, 0.06297469139099121, 0.06807637214660645, 0.09745621681213379, 0.05035209655761719, 0.0757601261138916, 0.12558364868164062, 0.051836490631103516, 0.05830717086791992, 0.10219192504882812, 0.06731176376342773, 0.07278585433959961, 0.10925936698913574, 0.05272531509399414, 0.07305002212524414, 0.12530779838562012, 0.03816056251525879, 0.06461524963378906, 0.10377788543701172, 0.06706094741821289, 0.06793928146362305, 0.11217236518859863, 0.08317017555236816, 0.048256874084472656, 0.10829901695251465, 0.046341896057128906, 0.07166290283203125, 0.11069703102111816, 0.06329798698425293, 0.05112147331237793, 0.11645054817199707, 0.03945517539978027, 0.07458114624023438, 0.12306332588195801, 0.04394078254699707, 0.055356502532958984, 0.10295295715332031, 0.0494692325592041, 0.07080554962158203, 0.11165714263916016, 0.050035715103149414, 0.07588982582092285, 0.11787819862365723, 0.04860091209411621, 0.06518697738647461, 0.11368656158447266, 0.06669783592224121, 0.05011129379272461, 0.1146082878112793, 0.03974151611328125, 0.06599831581115723, 0.11652708053588867, 0.054799795150756836, 0.07059645652770996, 0.12722253799438477, 0.04152512550354004, 0.05575227737426758, 0.11508941650390625, 0.04107809066772461, 0.06287288665771484, 0.11647653579711914, 0.04242110252380371, 0.06568360328674316, 0.11371564865112305, 0.049249887466430664, 0.0655665397644043, 0.11227846145629883, 0.04259610176086426, 0.06846141815185547, 0.10369181632995605, 0.05344963073730469, 0.06843161582946777, 0.10962033271789551, 0.07750177383422852, 0.0478672981262207, 0.11409664154052734, 0.04252982139587402, 0.07003450393676758, 0.11365056037902832, 0.04922294616699219, 0.0658726692199707, 0.11654520034790039, 0.03707098960876465, 0.06392812728881836, 0.11237096786499023, 0.05456948280334473, 0.06987977027893066, 0.12261533737182617, 0.03822207450866699, 0.06769108772277832, 0.10005879402160645, 0.05036449432373047, 0.06962895393371582, 0.1078801155090332, 0.0809319019317627, 0.0642094612121582, 0.12256121635437012, 0.0521085262298584, 0.06931662559509277, 0.11278629302978516, 