{"ID": 0, "inference time": [0.36936306953430176, 0.16562151908874512, 0.17090678215026855, 0.16979622840881348, 0.16641545295715332, 0.16612648963928223, 0.16587448120117188, 0.17069506645202637, 0.16826844215393066, 0.16996359825134277, 0.17213082313537598, 0.1660938262939453, 0.16967320442199707, 0.16854023933410645, 0.16635417938232422, 0.16647744178771973, 0.1679704189300537, 0.16856074333190918, 0.16891121864318848, 0.17145061492919922, 0.171417236328125, 0.16933846473693848, 0.1694660186767578, 0.17043471336364746, 0.17102360725402832, 0.16890573501586914, 0.16570353507995605, 0.1724405288696289, 0.17418861389160156, 0.1716597080230713, 0.1732485294342041, 0.1679823398590088, 0.17059659957885742, 0.1685926914215088, 0.16696715354919434, 0.17160701751708984, 0.17145490646362305, 0.1673734188079834, 0.16927623748779297, 0.17224645614624023, 0.17018604278564453, 0.1641547679901123, 0.17014551162719727, 0.1733095645904541, 0.16764235496520996, 0.1632544994354248, 0.16930603981018066, 0.16860485076904297, 0.1668565273284912, 0.16754150390625, 0.1647660732269287, 0.16989850997924805, 0.16635870933532715, 0.16573524475097656, 0.16500043869018555, 0.16911554336547852, 0.17182087898254395, 0.16466641426086426, 0.16748332977294922, 0.1612398624420166, 0.16904044151306152, 0.16435980796813965, 0.17090082168579102, 0.16690707206726074, 0.17054295539855957, 0.16588592529296875, 0.16707897186279297, 0.1673266887664795, 0.16796326637268066, 0.1667790412902832, 0.16247105598449707, 0.16537857055664062, 0.16461896896362305, 0.16957736015319824, 0.16851520538330078, 0.1676926612854004, 0.16713809967041016, 0.16591453552246094, 0.1671745777130127, 0.16459012031555176, 0.1625516414642334, 0.1659543514251709, 0.1670212745666504, 0.1644916534423828, 0.16339325904846191, 0.16455578804016113, 0.16482162475585938, 0.16395926475524902, 0.16997146606445312, 0.16882610321044922, 0.16250944137573242, 0.16368699073791504, 0.1660451889038086, 0.17010116577148438, 0.1606917381286621, 0.16573143005371094, 0.1673567295074463, 0.16591453552246094, 0.1671750545501709, 0.16741514205932617, 0.16170763969421387, 0.15972399711608887, 0.16739273071289062, 0.16544342041015625, 0.16640210151672363, 0.17031502723693848, 0.16039037704467773, 0.16308116912841797, 0.16613054275512695, 0.16558241844177246, 0.1669478416442871, 0.1609652042388916, 0.162461519241333, 0.16421890258789062, 0.16552209854125977, 0.16662383079528809, 0.168900728225708, 0.16652488708496094, 0.1636340618133545, 0.16285300254821777, 0.1630258560180664, 0.1663956642150879, 0.16199779510498047, 0.16340231895446777, 0.16196942329406738, 0.16362977027893066, 0.16845011711120605, 0.16625571250915527, 0.1717386245727539, 0.16444897651672363, 0.16732311248779297, 0.17430877685546875, 0.16544222831726074, 0.16395258903503418, 0.16260313987731934, 0.16385746002197266, 0.1648259162902832, 0.16302132606506348, 0.1630570888519287, 0.15900206565856934, 0.16312408447265625, 0.16552424430847168, 0.1625657081604004, 0.1651918888092041, 0.16543316841125488, 0.16440343856811523, 0.16414380073547363, 0.16576623916625977, 0.16431379318237305, 0.1601862907409668, 0.1694505214691162, 0.16311073303222656, 0.16179108619689941, 0.1665818691253662, 0.16461777687072754, 0.16245579719543457, 0.16900229454040527, 0.16710329055786133, 0.16401886940002441, 0.162916898727417, 0.16450762748718262, 0.1615004539489746, 0.16643786430358887, 0.1633625030517578, 0.16442275047302246, 0.1676192283630371, 0.16342830657958984, 0.16077685356140137, 0.16409587860107422, 0.16671538352966309, 0.16483020782470703, 0.16739845275878906, 0.16376566886901855, 0.16776371002197266, 0.1670849323272705, 0.16476202011108398, 0.16882038116455078, 0.16409707069396973, 0.1691138744354248, 0.1623826026916504, 0.16700243949890137, 0.16471290588378906, 0.16474008560180664, 0.16667699813842773, 0.16646075248718262, 0.16759753227233887, 0.16553974151611328, 0.16292715072631836, 0.16197872161865234, 0.1658763885498047, 0.1627354621887207, 0.16644740104675293, 0.1736149787902832, 0.17056775093078613, 0.163468599319458, 0.1647777557373047, 0.1738588809967041, 0.16714835166931152, 0.1657707691192627, 0.1674797534942627, 0.16785883903503418, 0.16578316688537598, 0.1635432243347168, 0.16047191619873047, 0.1623542308807373, 0.1645352840423584, 0.16806769371032715, 0.1649169921875, 0.16409826278686523, 0.16240501403808594, 0.16521525382995605, 0.16461920738220215, 0.16648054122924805, 0.1630873680114746, 0.17119765281677246, 0.16779208183288574, 0.1644892692565918, 0.16530442237854004, 0.16329622268676758, 0.16155433654785156, 0.1622486114501953, 0.16487693786621094, 0.16441798210144043, 0.1633601188659668, 0.16363763809204102, 0.17149972915649414, 0.1624147891998291, 0.16186189651489258, 0.16755461692810059, 0.16689562797546387, 0.16413164138793945, 0.16469287872314453, 0.16405820846557617, 0.1657853126525879, 0.16759347915649414, 0.16474032402038574, 0.1640172004699707, 0.1617298126220703, 0.1611011028289795, 0.16112995147705078, 0.17022442817687988, 0.16649603843688965, 0.15967917442321777, 0.1651763916015625, 0.1596529483795166, 0.16131091117858887, 0.1597738265991211, 0.16889500617980957, 0.16510963439941406, 0.16075730323791504, 0.16563677787780762, 0.16099214553833008, 0.16367506980895996, 0.16463351249694824, 0.16193723678588867, 0.1652848720550537, 0.1679215431213379, 0.16428542137145996, 0.16588449478149414, 0.16415047645568848, 0.16533231735229492, 0.17024946212768555, 0.16407299041748047, 0.16048860549926758, 0.16653919219970703, 0.16441845893859863, 0.16666197776794434, 0.16795563697814941, 0.16488099098205566, 0.16755437850952148, 0.1657705307006836, 0.16239047050476074, 0.17119860649108887, 0.1654512882232666, 0.16291379928588867, 0.1617436408996582, 0.16342663764953613, 0.16811776161193848, 0.1625359058380127, 0.1600785255432129, 0.16534423828125, 0.16430926322937012, 0.1629638671875, 0.16187024116516113, 0.16641902923583984, 0.16649556159973145, 0.16218233108520508, 0.15846586227416992, 0.16309285163879395, 0.17021822929382324, 0.16676831245422363, 0.1659717559814453, 0.1623849868774414, 0.1630878448486328, 0.16246819496154785, 0.1661992073059082, 0.16487598419189453, 0.16414594650268555, 0.16138744354248047, 0.16325592994689941, 0.16857337951660156, 0.16313982009887695, 0.16933488845825195, 0.16212916374206543, 0.16378283500671387, 0.15898394584655762, 0.16362500190734863, 0.1676182746887207, 0.1689927577972412, 0.16724586486816406, 0.16487503051757812, 0.16790175437927246, 0.1636948585510254, 0.16487669944763184, 0.16495442390441895, 0.16945624351501465, 0.16434979438781738, 0.16610336303710938, 0.16409087181091309, 0.1595168113708496, 0.16480231285095215, 0.16507697105407715, 0.16694307327270508, 0.16544580459594727, 0.1669921875, 0.16439509391784668, 0.16599798202514648, 0.1670980453491211, 0.17069697380065918, 0.16660499572753906, 0.17026948928833008, 0.16499638557434082, 0.16630816459655762, 0.16205596923828125, 0.16856670379638672, 0.16683363914489746, 0.16955161094665527, 0.16032171249389648, 0.16406631469726562, 0.1597590446472168, 0.16426348686218262, 0.16892504692077637, 0.16585278511047363, 0.16138291358947754, 0.1646864414215088, 0.17160415649414062, 0.16695213317871094, 0.1651289463043213, 0.17037320137023926, 0.16456913948059082, 0.166365385055542, 0.16200613975524902, 0.16773271560668945, 0.16526389122009277, 0.16514229774475098, 0.1723318099975586, 0.16798782348632812, 0.1672074794769287, 0.16640806198120117, 0.17261481285095215, 0.16920018196105957, 0.16482901573181152, 0.16812920570373535, 0.17046451568603516, 0.1685168743133545, 0.1688365936279297, 0.1693863868713379, 0.16619324684143066, 0.1680924892425537, 0.16879653930664062, 0.16708040237426758, 0.16247129440307617, 0.17191505432128906, 0.16923236846923828, 0.1672379970550537, 0.17450904846191406, 0.16693758964538574, 0.16894960403442383, 0.16947555541992188, 0.1659252643585205, 0.16814184188842773, 0.1640026569366455, 0.16594457626342773, 0.16803526878356934, 0.1619710922241211, 