{"ID": 7, "inference time": [14.649468421936035, 0.17561101913452148, 0.13302826881408691, 0.13645195960998535, 0.1429910659790039, 0.13098406791687012, 0.12958621978759766, 0.1299118995666504, 0.129561185836792, 0.13314604759216309, 0.11309671401977539, 0.12397193908691406, 0.12776756286621094, 0.12266850471496582, 0.10185956954956055, 0.139984130859375, 0.1446075439453125, 0.13114571571350098, 0.12602853775024414, 0.13675785064697266, 0.13323307037353516, 0.1237032413482666, 0.11852741241455078, 0.11814165115356445, 0.1235208511352539, 0.12095141410827637, 0.12206315994262695, 0.12390923500061035, 0.11667966842651367, 0.11759090423583984, 0.12427616119384766, 0.12613511085510254, 0.12590646743774414, 0.13212203979492188, 0.1297740936279297, 0.13679790496826172, 0.12493443489074707, 0.11732792854309082, 0.12566256523132324, 0.12686491012573242, 0.11618924140930176, 0.12469863891601562, 0.12737607955932617, 0.130964994430542, 0.12986135482788086, 0.14324355125427246, 0.1386280059814453, 0.13376903533935547, 0.1505904197692871, 0.14463067054748535, 0.13127803802490234, 0.12833714485168457, 0.12534475326538086, 0.1312096118927002, 0.14062118530273438, 0.13109517097473145, 0.14203476905822754, 0.13015270233154297, 0.13212084770202637, 0.13255023956298828, 0.13986897468566895, 0.1377263069152832, 0.13168907165527344, 0.1409912109375, 0.12800884246826172, 0.12635064125061035, 0.13516616821289062, 0.14021682739257812, 0.13113832473754883, 0.13142991065979004, 0.12532901763916016, 0.12792038917541504, 0.13254046440124512, 0.1357254981994629, 0.13410520553588867, 0.14361977577209473, 0.12461614608764648, 0.12833619117736816, 0.13190007209777832, 0.13424110412597656, 0.14511585235595703, 0.14188027381896973, 0.1339740753173828, 0.14928412437438965, 0.12474846839904785, 0.12339115142822266, 0.12582659721374512, 0.13764595985412598, 0.13756346702575684, 0.14001226425170898, 0.14110922813415527, 0.13514399528503418, 0.12962031364440918, 0.1296677589416504, 0.13103151321411133, 0.13436484336853027, 0.1363832950592041, 0.13399982452392578, 0.14913654327392578, 0.1356503963470459, 0.1329936981201172, 0.12994718551635742, 0.14248895645141602, 0.1291484832763672, 0.13069462776184082, 0.13109445571899414, 0.1356818675994873, 0.13826799392700195, 0.1370706558227539, 0.125807523727417, 0.12696242332458496, 0.13424944877624512, 0.13265538215637207, 0.14459681510925293, 0.1386716365814209, 0.1339876651763916, 0.12867379188537598, 0.12873101234436035, 0.1358792781829834, 0.14399170875549316, 0.13903045654296875, 0.1378955841064453, 0.13763689994812012, 0.13310885429382324, 0.12819385528564453, 0.1320784091949463, 0.13205194473266602, 0.13002848625183105, 0.1348268985748291, 0.13214421272277832, 0.13079476356506348, 0.12746882438659668, 0.1352705955505371, 0.1346874237060547, 0.13286304473876953, 0.12785840034484863, 0.12416934967041016, 0.1276240348815918, 0.13576364517211914, 0.1468505859375, 0.14304733276367188, 0.1345806121826172, 0.1269681453704834, 0.12540698051452637, 0.1281285285949707, 0.13704323768615723, 0.1372666358947754, 0.1441810131072998, 0.13891863822937012, 0.1395871639251709, 0.13163971900939941, 0.11607766151428223, 0.13341403007507324, 0.1359102725982666, 0.13079309463500977, 0.14414525032043457, 0.14124059677124023, 0.11681914329528809, 0.1278226375579834, 0.13062500953674316, 0.13596606254577637, 0.14418816566467285, 0.14362001419067383, 0.12016510963439941, 0.13697314262390137, 0.12625813484191895, 0.13227152824401855, 0.1423783302307129, 0.1464982032775879, 0.14174675941467285, 0.12661528587341309, 0.13155150413513184, 0.12091803550720215, 0.13445186614990234, 0.13787603378295898, 0.1402873992919922, 0.14160585403442383, 0.12583589553833008, 0.13185954093933105, 0.13090157508850098, 0.12695860862731934, 0.12694001197814941, 0.14148640632629395, 0.14775991439819336, 0.14273858070373535, 0.13833403587341309, 0.12540602684020996, 0.1305704116821289, 0.13690972328186035, 0.13890862464904785, 0.12805628776550293, 0.12489485740661621, 0.1261436939239502, 0.13340544700622559, 0.1329810619354248, 0.14471697807312012, 0.1391446590423584, 0.13479399681091309, 0.13436293601989746, 0.1267859935760498, 0.1387791633605957, 0.1421201229095459, 0.14346790313720703, 0.14287400245666504, 0.13245487213134766, 0.11936354637145996, 0.12355709075927734, 0.13225531578063965, 0.142136812210083, 0.13277864456176758, 0.14404892921447754, 0.13801050186157227, 0.13832616806030273, 0.14448285102844238, 0.14596104621887207, 0.1464834213256836, 0.12978816032409668, 0.1391603946685791, 0.13721513748168945, 0.144301176071167, 0.14269518852233887, 0.14278697967529297, 0.1289348602294922, 0.12567543983459473, 0.14340448379516602, 0.14368987083435059, 0.14885711669921875, 0.1358654499053955, 0.12533950805664062, 0.13774418830871582, 0.14023804664611816, 0.14892220497131348, 0.13496184349060059, 0.12664198875427246, 0.13591694831848145, 0.13413786888122559, 0.13866519927978516, 0.14500117301940918, 0.1445159912109375, 0.1407487392425537, 0.1283276081085205, 0.1244344711303711, 0.1300489902496338, 0.13849210739135742, 0.1433696746826172, 0.14294791221618652, 0.13946294784545898, 0.1307220458984375, 0.1230459213256836, 0.13127827644348145, 0.13097238540649414, 0.13692927360534668, 0.14331746101379395, 0.1428999900817871, 0.13785767555236816, 0.14019465446472168, 0.13316726684570312, 0.11836647987365723, 0.12531328201293945, 0.12997174263000488, 0.13712477684020996, 0.1484987735748291, 0.1471693515777588, 0.13938331604003906, 0.12298107147216797, 0.12418484687805176, 0.1367349624633789, 0.1382153034210205, 0.1251075267791748, 0.13061809539794922, 0.1442403793334961, 0.1357572078704834, 0.13962984085083008, 0.13799047470092773, 0.13475465774536133, 0.12043905258178711, 0.12840914726257324, 0.14142441749572754, 0.13233709335327148, 0.14479470252990723, 0.13614439964294434, 0.13248038291931152, 0.13789701461791992, 0.147965669631958, 0.14351511001586914, 0.14964842796325684, 0.13773679733276367, 0.13905096054077148, 0.1456623077392578, 0.15193533897399902, 0.14273381233215332, 0.12435770034790039, 0.1261003017425537, 0.14199090003967285, 0.13946294784545898, 0.14334869384765625, 0.14029717445373535, 0.12788176536560059, 0.12872052192687988, 0.13098478317260742, 0.13883209228515625, 0.143754243850708, 0.1471390724182129, 0.13984322547912598, 0.13461542129516602, 0.12275290489196777, 0.13424086570739746, 0.1416187286376953, 0.14213061332702637, 0.13991236686706543, 0.13846874237060547, 0.13458609580993652, 0.12856435775756836, 0.12977242469787598, 0.13044500350952148, 0.14300251007080078, 0.1486520767211914, 0.13813447952270508, 0.12197494506835938, 0.12935829162597656, 0.14030718803405762, 0.14127659797668457, 0.13797473907470703, 0.13126635551452637, 0.12977838516235352, 0.13455510139465332, 0.13877344131469727, 0.14469599723815918, 0.1590118408203125, 0.14582014083862305, 0.14044547080993652, 0.12811541557312012, 0.12917590141296387, 0.14200544357299805, 0.1420886516571045, 0.14167428016662598, 0.13853788375854492, 0.13118648529052734, 0.12546825408935547, 0.13712167739868164, 0.1392350196838379, 0.1396327018737793, 0.15166687965393066, 0.14515423774719238, 0.11942887306213379, 0.12829279899597168, 0.13225460052490234, 0.1407151222229004, 0.14644598960876465, 0.1359243392944336, 0.11030817031860352, 0.13878560066223145, 0.13923954963684082, 0.13274121284484863, 0.11882853507995605, 0.13357210159301758, 0.1381378173828125, 0.14410972595214844, 0.1391892433166504, 0.13790655136108398, 0.1265392303466797, 0.13416171073913574, 0.1407604217529297, 0.14136934280395508, 0.13829350471496582, 0.13433194160461426, 0.13283991813659668, 0.13216614723205566, 0.1408846378326416, 0.14454340934753418, 0.13848114013671875, 0.13399004936218262, 0.14607000350952148, 0.14850449562072754, 0.1502993106842041, 0.14467644691467285, 0.1354067325592041, 0.12358427047729492, 0.13396930694580078, 0.14336109161376953, 0.14077448844909668, 0.14356207847595215, 0.13908958435058594, 0.11970901489257812, 