{"ID": 3, "inference time": [0.22775793075561523, 0.1954481601715088, 0.1993098258972168, 0.1945023536682129, 0.19318008422851562, 0.19074749946594238, 0.1983637809753418, 0.193070650100708, 0.1903820037841797, 0.197296142578125, 0.20511674880981445, 0.20001530647277832, 0.19551992416381836, 0.18884897232055664, 0.18877601623535156, 0.20278286933898926, 0.20808887481689453, 0.19136667251586914, 0.19755220413208008, 0.18908095359802246, 0.18901276588439941, 0.19808149337768555, 0.1997392177581787, 0.19057846069335938, 0.1903841495513916, 0.19417071342468262, 0.18680810928344727, 0.19746136665344238, 0.18603515625, 0.19607901573181152, 0.19884014129638672, 0.2014164924621582, 0.18797826766967773, 0.19842123985290527, 0.1953129768371582, 0.19446945190429688, 0.19055724143981934, 0.1820821762084961, 0.1884148120880127, 0.19714641571044922, 0.18939638137817383, 0.19205045700073242, 0.18924856185913086, 0.20610737800598145, 0.1910252571105957, 0.1977701187133789, 0.19013261795043945, 0.1931777000427246, 0.1913166046142578, 0.19990992546081543, 0.18604016304016113, 0.19435453414916992, 0.20108318328857422, 0.19204187393188477, 0.20051264762878418, 0.1973731517791748, 0.2020268440246582, 0.20856165885925293, 0.18863224983215332, 0.18783354759216309, 0.18076848983764648, 0.19551610946655273, 0.20017170906066895, 0.19693922996520996, 0.1907045841217041, 0.19421768188476562, 0.18565845489501953, 0.19333791732788086, 0.19589495658874512, 0.1905531883239746, 0.19443202018737793, 0.1965329647064209, 0.1868114471435547, 0.18689608573913574, 0.1905982494354248, 0.19153094291687012, 0.19819116592407227, 0.19181156158447266, 0.2006831169128418, 0.19174718856811523, 0.19638919830322266, 0.1930828094482422, 0.19176793098449707, 0.19942545890808105, 0.20689058303833008, 0.19556641578674316, 0.19160723686218262, 0.19270682334899902, 0.19726204872131348, 0.19474196434020996, 0.19637727737426758, 0.18839740753173828, 0.1969447135925293, 0.1877737045288086, 0.19430947303771973, 0.18899989128112793, 0.19927072525024414, 0.2006230354309082, 0.19811177253723145, 0.1858360767364502, 0.18445968627929688, 0.1908094882965088, 0.19194531440734863, 0.20006108283996582, 0.19516205787658691, 0.19692730903625488, 0.19069194793701172, 0.18569684028625488, 0.18936944007873535, 0.1991727352142334, 0.18857741355895996, 0.20036625862121582, 0.1944291591644287, 0.19690275192260742, 0.18916797637939453, 0.19252681732177734, 0.1939373016357422, 0.18713116645812988, 0.18623900413513184, 0.19101166725158691, 0.19254136085510254, 0.19735431671142578, 0.18965840339660645, 0.21703553199768066, 0.20016765594482422, 0.19775629043579102, 0.2072601318359375, 0.1867361068725586, 0.19125819206237793, 0.1953575611114502, 0.19274139404296875, 0.1920304298400879, 0.19043660163879395, 0.19351649284362793, 0.19759869575500488, 0.1927485466003418, 0.18727993965148926, 0.19231653213500977, 0.18857526779174805, 0.19220781326293945, 0.19123172760009766, 0.20057129859924316, 0.18581914901733398, 0.19052338600158691, 0.19594383239746094, 0.2024707794189453, 0.20338869094848633, 0.19401931762695312, 0.2037668228149414, 0.19829368591308594, 0.19403481483459473, 0.1893787384033203, 0.1937108039855957, 0.19081497192382812, 0.1860954761505127, 0.1967449188232422, 0.19099998474121094, 0.18915653228759766, 0.19760942459106445, 0.1932835578918457, 0.19282007217407227, 0.19311165809631348, 0.1966559886932373, 0.18567347526550293, 0.19018840789794922, 0.2002720832824707, 0.18950438499450684, 0.19530987739562988, 0.20174145698547363, 0.2055661678314209, 0.19026613235473633, 0.18955111503601074, 0.1978621482849121, 0.19742846488952637, 0.192915678024292, 0.19791603088378906, 0.19093775749206543, 0.190016508102417, 0.19334125518798828, 0.1914501190185547, 0.18909430503845215, 0.19388985633850098, 0.18999576568603516, 0.1923372745513916, 0.19500327110290527, 0.1927180290222168, 0.18728423118591309, 0.20081496238708496, 0.19269394874572754, 0.19180560111999512, 0.1987771987915039, 0.20495128631591797, 0.1998460292816162, 0.19225502014160156, 0.1939222812652588, 0.1898040771484375, 0.1963644027709961, 0.19219517707824707, 0.19664311408996582, 0.19451522827148438, 0.19658255577087402, 0.19660115242004395, 0.19194388389587402, 0.1901845932006836, 0.19510769844055176, 0.1873645782470703, 0.2026383876800537, 0.19492387771606445, 0.1920633316040039, 0.1930408477783203, 0.19385004043579102, 0.20397615432739258, 0.19436883926391602, 0.19007611274719238, 0.18877482414245605, 0.19327020645141602, 0.19220972061157227, 0.1985454559326172, 0.1904752254486084, 0.19582509994506836, 0.19291925430297852, 0.19817256927490234, 0.191741943359375, 0.1954641342163086, 0.19365549087524414, 0.19514131546020508, 0.1962425708770752, 0.19464945793151855, 0.19409704208374023, 0.20557498931884766, 0.20228195190429688, 0.18960213661193848, 0.20312738418579102, 0.1923837661743164, 0.1881117820739746, 0.18934869766235352, 0.19001460075378418, 0.19023633003234863, 0.18788766860961914, 0.1846303939819336, 0.18987751007080078, 0.1884922981262207, 0.19428205490112305, 0.197371244430542, 0.19580721855163574, 0.20113062858581543, 0.19523930549621582, 0.2006072998046875, 0.2008800506591797, 0.18713903427124023, 0.18682003021240234, 0.19502711296081543, 0.19322657585144043, 0.19788217544555664, 0.19358587265014648, 0.19284343719482422, 0.19936060905456543, 0.2000730037689209, 0.18817496299743652, 0.19189667701721191, 0.20080947875976562, 0.1912217140197754, 0.1997995376586914, 0.1851356029510498, 0.1931464672088623, 0.19635725021362305, 0.17955660820007324, 0.16834115982055664, 0.16980886459350586, 0.16704559326171875, 0.1662616729736328, 0.1628279685974121, 0.16664791107177734, 0.17235875129699707, 0.16680169105529785, 0.16255569458007812, 0.1684122085571289, 0.16739273071289062, 0.1631779670715332, 0.1674189567565918, 0.16834759712219238, 0.16301298141479492, 0.1633007526397705, 0.16550707817077637, 0.16550469398498535, 0.16661500930786133, 0.16680335998535156, 0.16089677810668945, 0.16443586349487305, 0.16713881492614746, 0.16419076919555664, 0.16885900497436523, 0.16649222373962402, 0.16949701309204102, 0.16668963432312012, 0.16599273681640625, 0.16681385040283203, 0.166276216506958, 0.16221213340759277, 0.16315412521362305, 0.1635127067565918, 0.16622495651245117, 0.16373896598815918, 0.16474127769470215, 0.16489624977111816, 0.1643223762512207, 0.16640186309814453, 0.16991376876831055, 0.1629641056060791, 0.16510796546936035, 0.16896533966064453, 0.16278338432312012, 0.16594147682189941, 0.16103053092956543, 0.161637544631958, 0.16772174835205078, 0.16813206672668457, 0.16243958473205566, 0.1591930389404297, 0.1730663776397705, 0.17109417915344238, 0.1623528003692627, 0.1644594669342041, 0.16344356536865234, 0.1671009063720703, 0.16661357879638672, 0.16459178924560547, 0.16405439376831055, 0.164231538772583, 0.16518735885620117, 0.1621265411376953, 0.16831064224243164, 0.16696739196777344, 0.16968870162963867, 0.16733264923095703, 0.16202998161315918, 0.17100048065185547, 0.16292333602905273, 0.16129112243652344, 0.16231560707092285, 0.1681654453277588, 0.16889381408691406, 0.16555094718933105, 0.16700124740600586, 0.16150927543640137, 0.17013287544250488, 0.1674649715423584, 0.16378140449523926, 0.16688966751098633, 0.15920329093933105, 0.1677260398864746, 0.16318297386169434, 0.16643881797790527, 0.1686551570892334, 0.16831493377685547, 0.1615300178527832, 0.16867899894714355, 0.1669931411743164, 0.17536520957946777, 0.16628479957580566, 0.16087055206298828, 0.1644575595855713, 0.16087055206298828, 0.16054582595825195, 0.16407179832458496, 0.16724801063537598, 0.17006230354309082, 0.16956329345703125, 0.16625308990478516, 0.17348599433898926, 0.16631531715393066, 0.17023777961730957, 0.1638946533203125, 0.15965032577514648, 0.16880035400390625, 0.16739106178283691, 0.16781067848205566, 0.16309452056884766, 0.16711211204528809, 0.16322875022888184, 0.165299654006958, 0.16731810569763184, 0.16636991500854492, 0.1683361530303955, 0.16404032707214355, 