{"ID": 2, "inference time": [0.2297351360321045, 0.17838191986083984, 0.18505620956420898, 0.19916057586669922, 0.19135808944702148, 0.19499540328979492, 0.18044805526733398, 0.18870139122009277, 0.18696904182434082, 0.1937847137451172, 0.1880645751953125, 0.18621301651000977, 0.18538236618041992, 0.1909482479095459, 0.183241605758667, 0.18527889251708984, 0.17730951309204102, 0.18837904930114746, 0.18697595596313477, 0.1838071346282959, 0.19881343841552734, 0.18430209159851074, 0.18539071083068848, 0.19216275215148926, 0.18750691413879395, 0.19909930229187012, 0.20298504829406738, 0.1967928409576416, 0.1881105899810791, 0.1850419044494629, 0.1879887580871582, 0.1850414276123047, 0.18547582626342773, 0.1974477767944336, 0.17350172996520996, 0.20583438873291016, 0.1910557746887207, 0.18188691139221191, 0.1867690086364746, 0.18679380416870117, 0.18796515464782715, 0.1911020278930664, 0.1887829303741455, 0.1852121353149414, 0.1890568733215332, 0.20364952087402344, 0.18771767616271973, 0.21747589111328125, 0.1996910572052002, 0.18892335891723633, 0.1874830722808838, 0.18659377098083496, 0.1769864559173584, 0.18563389778137207, 0.18612289428710938, 0.17587018013000488, 0.1834867000579834, 0.2002573013305664, 0.19175219535827637, 0.1843714714050293, 0.1822977066040039, 0.18253827095031738, 0.18196773529052734, 0.19759893417358398, 0.17380595207214355, 0.19380712509155273, 0.18225765228271484, 0.18313074111938477, 0.1772141456604004, 0.18555188179016113, 0.17730188369750977, 0.20170927047729492, 0.18889164924621582, 0.1921393871307373, 0.19610214233398438, 0.19072222709655762, 0.18531012535095215, 0.19684910774230957, 0.19119596481323242, 0.18058490753173828, 0.18723607063293457, 0.18352580070495605, 0.19527959823608398, 0.18188929557800293, 0.1811366081237793, 0.17574334144592285, 0.18971037864685059, 0.18607425689697266, 0.18114233016967773, 0.17554855346679688, 0.18753314018249512, 0.18639278411865234, 0.1811075210571289, 0.18652987480163574, 0.18158721923828125, 0.19095563888549805, 0.18753409385681152, 0.18012452125549316, 0.18651843070983887, 0.1847856044769287, 0.17956995964050293, 0.18992137908935547, 0.1847374439239502, 0.2031104564666748, 0.18153095245361328, 0.20572853088378906, 0.18980646133422852, 0.18708515167236328, 0.18837761878967285, 0.1813511848449707, 0.1842656135559082, 0.18471980094909668, 0.19069385528564453, 0.19323134422302246, 0.1871953010559082, 0.1962265968322754, 0.18409252166748047, 0.18839454650878906, 0.19452571868896484, 0.19404196739196777, 0.19131779670715332, 0.1776108741760254, 0.19497895240783691, 0.19089460372924805, 0.17436790466308594, 0.19400835037231445, 0.18309831619262695, 0.18537569046020508, 0.19011998176574707, 0.174238920211792, 0.18325114250183105, 0.19529342651367188, 0.1831667423248291, 0.18703103065490723, 0.19657444953918457, 0.1973719596862793, 0.2064049243927002, 0.19027066230773926, 0.1933448314666748, 0.18633675575256348, 0.181196928024292, 0.18595290184020996, 0.18627452850341797, 0.19419336318969727, 0.2051534652709961, 0.18814682960510254, 0.1818392276763916, 0.19357991218566895, 0.19565677642822266, 0.194563627243042, 0.1984844207763672, 0.1910395622253418, 0.1896214485168457, 0.19623565673828125, 0.1870107650756836, 0.19448232650756836, 0.1855928897857666, 0.18757128715515137, 0.18740177154541016, 0.18855977058410645, 0.19203996658325195, 0.19076323509216309, 0.18972277641296387, 0.1804344654083252, 0.1966550350189209, 0.18319368362426758, 0.19040203094482422, 0.18523716926574707, 0.18794870376586914, 0.19132041931152344, 0.19438624382019043, 0.18894290924072266, 0.1837615966796875, 0.1854572296142578, 0.182725191116333, 0.17232346534729004, 0.19103050231933594, 0.19138717651367188, 0.1989126205444336, 0.18832826614379883, 0.1804203987121582, 0.18318772315979004, 0.188582181930542, 0.18901300430297852, 0.17453241348266602, 0.20469069480895996, 0.1868879795074463, 0.17964649200439453, 0.20381665229797363, 0.18265461921691895, 0.18761014938354492, 0.18336057662963867, 0.18247628211975098, 0.19939613342285156, 0.19687581062316895, 0.1881694793701172, 0.19861054420471191, 0.20076894760131836, 0.20353484153747559, 0.18024086952209473, 0.18814587593078613, 0.19634270668029785, 0.19842267036437988, 0.19852375984191895, 0.19542813301086426, 0.19053077697753906, 0.18228983879089355, 0.19160223007202148, 0.20221996307373047, 0.19430971145629883, 0.18536972999572754, 0.20311427116394043, 0.18839669227600098, 0.19081521034240723, 0.18108129501342773, 0.18852019309997559, 0.1837916374206543, 0.20437169075012207, 0.18680453300476074, 0.18946409225463867, 0.18854427337646484, 0.20285439491271973, 0.1963968276977539, 0.20064306259155273, 0.19717836380004883, 0.19167733192443848, 0.19456124305725098, 0.19322466850280762, 0.19281888008117676, 0.1853187084197998, 0.20154428482055664, 0.1954028606414795, 0.19196295738220215, 0.1976010799407959, 0.18884992599487305, 0.18320488929748535, 0.18883800506591797, 0.18892717361450195, 0.19163131713867188, 0.18281769752502441, 0.1920032501220703, 0.18259048461914062, 0.1868276596069336, 0.18802523612976074, 0.18924617767333984, 0.18944597244262695, 0.19349169731140137, 0.18423008918762207, 0.18860602378845215, 0.18561244010925293, 0.1935737133026123, 0.18471693992614746, 0.19191813468933105, 0.1799757480621338, 0.18958377838134766, 0.19129347801208496, 0.18713831901550293, 0.20826268196105957, 0.1896357536315918, 0.2025902271270752, 0.200392484664917, 0.19171881675720215, 0.19703292846679688, 0.18874168395996094, 0.1933307647705078, 0.20344758033752441, 0.4431002140045166, 0.1739041805267334, 0.18210649490356445, 0.18088698387145996, 0.18022751808166504, 0.17428970336914062, 0.17858600616455078, 0.18137407302856445, 0.18010282516479492, 0.17955398559570312, 0.17586636543273926, 0.1791212558746338, 0.18040919303894043, 0.17841529846191406, 0.17987370491027832, 0.17705535888671875, 0.17254424095153809, 0.17948269844055176, 0.17717790603637695, 0.17571234703063965, 0.17882990837097168, 0.1784505844116211, 0.1809525489807129, 0.18196558952331543, 0.1850752830505371, 0.1794753074645996, 0.18180084228515625, 0.1810154914855957, 0.17929673194885254, 0.1818392276763916, 0.18182754516601562, 0.17512154579162598, 0.17563962936401367, 0.17855000495910645, 0.1694343090057373, 0.1738605499267578, 0.17242670059204102, 0.17861366271972656, 0.17531156539916992, 0.17718267440795898, 0.17054343223571777, 0.18031859397888184, 0.1733241081237793, 0.17566370964050293, 0.17363333702087402, 0.18157243728637695, 0.1790318489074707, 0.18172812461853027, 0.18370509147644043, 0.17539262771606445, 0.17858219146728516, 0.17675042152404785, 0.1790323257446289, 0.17920613288879395, 0.17441463470458984, 0.17772531509399414, 0.18100762367248535, 0.17324185371398926, 0.17180728912353516, 0.17429184913635254, 0.17628812789916992, 0.17627978324890137, 0.1750047206878662, 0.1744987964630127, 0.17482733726501465, 0.17841172218322754, 0.18271303176879883, 0.17392206192016602, 0.1758570671081543, 0.17392754554748535, 0.17028069496154785, 0.17668867111206055, 0.17393922805786133, 0.17542195320129395, 0.1734309196472168, 0.17458105087280273, 0.17808198928833008, 0.17320704460144043, 0.17931342124938965, 0.18048834800720215, 0.17984342575073242, 0.18114805221557617, 0.17763662338256836, 0.17599987983703613, 0.17525124549865723, 0.1724534034729004, 0.1805100440979004, 0.17487144470214844, 0.1751871109008789, 0.17348885536193848, 0.18157482147216797, 0.18120884895324707, 0.18056035041809082, 0.1801762580871582, 0.17708945274353027, 0.18011879920959473, 0.1790332794189453, 0.17650198936462402, 0.18407535552978516, 0.18590188026428223, 0.18152666091918945, 0.18009734153747559, 0.17868995666503906, 0.18259620666503906, 0.18035626411437988, 0.17605376243591309, 0.17474675178527832, 0.1711444854736328, 0.17688751220703125, 0.18284058570861816, 0.17873764038085938, 0.17858552932739258, 0.1783766746520996, 0.1812729835510254, 0.19058585166931152, 0.18207120895385742, 0.17821431159973145, 0.17500567436218262, 