{"ID": 4, "inference time": [13.662760496139526, 0.08888936042785645, 0.11354994773864746, 0.1720123291015625, 0.1955716609954834, 0.11226582527160645, 0.15001416206359863, 0.1433396339416504, 0.12041378021240234, 0.11872649192810059, 0.12012362480163574, 0.1213383674621582, 0.12026596069335938, 0.12153363227844238, 0.12359857559204102, 0.1197214126586914, 0.1198420524597168, 0.1192328929901123, 0.12001848220825195, 0.11717486381530762, 0.11122608184814453, 0.11539793014526367, 0.11220717430114746, 0.11682605743408203, 0.10982966423034668, 0.11030173301696777, 0.11695623397827148, 0.12073111534118652, 0.11574864387512207, 0.11417388916015625, 0.11661505699157715, 0.12156367301940918, 0.11487507820129395, 0.1116788387298584, 0.11553955078125, 0.1180884838104248, 0.09933900833129883, 0.12955117225646973, 0.1432487964630127, 0.12592768669128418, 0.12252664566040039, 0.12102198600769043, 0.12244248390197754, 0.11737751960754395, 0.11478614807128906, 0.12736964225769043, 0.12354493141174316, 0.12128925323486328, 0.14475035667419434, 0.14074158668518066, 0.12180805206298828, 0.1068563461303711, 0.1104421615600586, 0.12797236442565918, 0.1231539249420166, 0.11877655982971191, 0.12633132934570312, 0.12317895889282227, 0.12139248847961426, 0.12329244613647461, 0.12920045852661133, 0.1384732723236084, 0.11405611038208008, 0.10825037956237793, 0.1126861572265625, 0.11211824417114258, 0.11360955238342285, 0.10921478271484375, 0.11426091194152832, 0.10947012901306152, 0.11463284492492676, 0.11156272888183594, 0.11829400062561035, 0.11989474296569824, 0.1205291748046875, 0.1222982406616211, 0.10370874404907227, 0.13506150245666504, 0.13834619522094727, 0.11044788360595703, 0.11782264709472656, 0.12497091293334961, 0.12644100189208984, 0.11851859092712402, 0.12104964256286621, 0.1136167049407959, 0.11382865905761719, 0.11263132095336914, 0.12214517593383789, 0.11861968040466309, 0.11153650283813477, 0.12417435646057129, 0.11195087432861328, 0.1256580352783203, 0.11760115623474121, 0.12383556365966797, 0.10705757141113281, 0.11508870124816895, 0.11851668357849121, 0.11188554763793945, 0.11178064346313477, 0.1382155418395996, 0.12554931640625, 0.11084461212158203, 0.11048245429992676, 0.11337423324584961, 0.1124107837677002, 0.11093282699584961, 0.11838054656982422, 0.11285662651062012, 0.11974692344665527, 0.11885476112365723, 0.10498166084289551, 0.1145479679107666, 0.11691689491271973, 0.1212303638458252, 0.11795163154602051, 0.11117768287658691, 0.11142420768737793, 0.11827635765075684, 0.12024235725402832, 0.1193392276763916, 0.11398649215698242, 0.11532163619995117, 0.1116483211517334, 0.11014771461486816, 0.11690711975097656, 0.11086392402648926, 0.10570597648620605, 0.1156468391418457, 0.10985589027404785, 0.1163930892944336, 0.11617493629455566, 0.11391568183898926, 0.11261129379272461, 0.1146695613861084, 0.10534501075744629, 0.11307978630065918, 0.11331677436828613, 0.11317086219787598, 0.1147763729095459, 0.11563348770141602, 0.11373043060302734, 0.11952757835388184, 0.1149752140045166, 0.11292219161987305, 0.11233973503112793, 0.11859297752380371, 0.12951326370239258, 0.12830567359924316, 0.13339447975158691, 0.13874506950378418, 0.12167859077453613, 0.12700128555297852, 0.11922335624694824, 0.12401866912841797, 0.12459945678710938, 0.11659455299377441, 0.12296700477600098, 0.12451362609863281, 0.11905026435852051, 0.1132965087890625, 0.1215822696685791, 0.12368273735046387, 0.10677504539489746, 0.12037324905395508, 0.11945295333862305, 0.11114311218261719, 0.12050199508666992, 0.12364053726196289, 0.12381315231323242, 0.11815237998962402, 0.11712646484375, 0.11383438110351562, 0.10937619209289551, 0.11492156982421875, 0.11592531204223633, 0.11169171333312988, 0.11713480949401855, 0.11282777786254883, 0.10987186431884766, 0.11791396141052246, 0.11379623413085938, 0.12203335762023926, 0.11372947692871094, 0.11285281181335449, 0.12027168273925781, 0.12212157249450684, 0.11364316940307617, 0.11996817588806152, 0.11778545379638672, 0.10846257209777832, 0.0997016429901123, 0.11159110069274902, 0.11151313781738281, 0.11237144470214844, 0.11107587814331055, 0.09850430488586426, 0.10760307312011719, 0.11991190910339355, 0.11240148544311523, 0.11064672470092773, 0.10972380638122559, 0.11226153373718262, 0.1105039119720459, 0.10937643051147461, 0.11369967460632324, 0.10982918739318848, 0.1108865737915039, 0.11904191970825195, 0.11324119567871094, 0.11595559120178223, 0.11863231658935547, 0.11780190467834473, 0.11493182182312012, 0.11485743522644043, 0.1146397590637207, 0.11122798919677734, 0.1177358627319336, 0.11539673805236816, 0.11639547348022461, 0.11200356483459473, 0.10666346549987793, 0.1102590560913086, 0.11424756050109863, 0.10329484939575195, 0.11095976829528809, 0.11886405944824219, 0.11949276924133301, 0.12046408653259277, 0.11808013916015625, 0.11966228485107422, 0.11533212661743164, 0.10796904563903809, 0.11352682113647461, 0.11490035057067871, 0.1134483814239502, 0.11504888534545898, 0.11816930770874023, 0.1146087646484375, 0.12055420875549316, 0.11830401420593262, 0.1256272792816162, 0.12897181510925293, 0.12670040130615234, 0.1302042007446289, 0.1097419261932373, 0.12301015853881836, 0.11484479904174805, 0.12179231643676758, 0.12171339988708496, 0.12425947189331055, 0.1281123161315918, 0.10846734046936035, 0.11917519569396973, 0.11560344696044922, 0.10863876342773438, 0.11232113838195801, 0.11946463584899902, 0.11834859848022461, 0.11221909523010254, 0.13270998001098633, 0.11655735969543457, 0.1170663833618164, 0.11133575439453125, 0.1115715503692627, 0.111602783203125, 0.11436152458190918, 0.11286544799804688, 0.10961294174194336, 0.11196303367614746, 0.11010622978210449, 0.11261320114135742, 0.11791229248046875, 0.10992789268493652, 0.11220836639404297, 0.10956215858459473, 0.11265230178833008, 0.11536169052124023, 0.11771082878112793, 0.12020993232727051, 0.12106585502624512, 0.11670255661010742, 0.11835360527038574, 0.11902546882629395, 0.11287117004394531, 0.12053990364074707, 0.11842203140258789, 0.11393189430236816, 0.11864638328552246, 0.12201070785522461, 0.1205759048461914, 0.11671972274780273, 0.1073617935180664, 0.10883736610412598, 0.11633563041687012, 0.12036561965942383, 0.13358807563781738, 0.13434052467346191, 0.13158488273620605, 0.12303781509399414, 0.13098812103271484, 0.12016582489013672, 0.12281370162963867, 0.12122011184692383, 0.11979246139526367, 0.11295223236083984, 0.11297178268432617, 0.11984062194824219, 0.12151503562927246, 0.10903763771057129, 0.10742664337158203, 0.11786532402038574, 0.12191653251647949, 0.1161959171295166, 0.12047100067138672, 0.12860488891601562, 0.12237358093261719, 0.12076020240783691, 0.11734843254089355, 0.1143953800201416, 0.1213386058807373, 0.11404204368591309, 0.11744904518127441, 0.11373448371887207, 0.12395095825195312, 0.11494064331054688, 0.11559200286865234, 0.11709737777709961, 0.11238241195678711, 0.11297750473022461, 0.11052846908569336, 0.11250829696655273, 0.11857819557189941, 0.11207890510559082, 0.11387014389038086, 0.11516761779785156, 0.11249303817749023, 0.11399364471435547, 0.11572790145874023, 0.11114168167114258, 0.11048221588134766, 0.11026787757873535, 0.11331629753112793, 0.10141158103942871, 0.11848044395446777, 0.11476969718933105, 0.11656045913696289, 0.11207818984985352, 0.12363052368164062, 0.11068964004516602, 0.1136786937713623, 0.11343002319335938, 0.1143341064453125, 0.12529850006103516, 0.11490893363952637, 0.11218905448913574, 0.11886930465698242, 0.11588311195373535, 0.11137795448303223, 0.11017227172851562, 0.11258196830749512, 0.11334919929504395, 0.11261725425720215, 0.11325955390930176, 0.11490464210510254, 0.11352276802062988, 0.11136722564697266, 0.11971688270568848, 0.10153651237487793, 0.11151981353759766, 0.12621283531188965, 0.13759636878967285, 0.13438820838928223, 0.12340974807739258, 0.1227266788482666, 0.12451720237731934, 0.12177753448486328, 0.12053346633911133, 0.12249398231506348, 0.12224221229553223, 0.1277303695678711, 