{"ID": 4, "inference time": [9.35507583618164, 0.06113862991333008, 0.0973660945892334, 0.052781105041503906, 0.05244755744934082, 0.07420873641967773, 0.05721569061279297, 0.05238819122314453, 0.07214808464050293, 0.05439257621765137, 0.05030369758605957, 0.07454252243041992, 0.055338382720947266, 0.05114340782165527, 0.07384467124938965, 0.05576181411743164, 0.08736133575439453, 0.2307124137878418, 0.10676765441894531, 0.10745739936828613, 0.053514719009399414, 0.08796501159667969, 0.10337209701538086, 0.04176187515258789, 0.0867166519165039, 0.10517096519470215, 0.0389103889465332, 0.08012986183166504, 0.10783171653747559, 0.07380008697509766, 0.09614706039428711, 0.09738945960998535, 0.039886474609375, 0.0789632797241211, 0.10142230987548828, 0.03934788703918457, 0.08046460151672363, 0.09716105461120605, 0.03882932662963867, 0.08144426345825195, 0.11074519157409668, 0.07166075706481934, 0.09664773941040039, 0.10527205467224121, 0.051447153091430664, 0.08255577087402344, 0.09623432159423828, 0.038625240325927734, 0.07969927787780762, 0.09302306175231934, 0.05485868453979492, 0.08168554306030273, 0.11005473136901855, 0.03926444053649902, 0.08147430419921875, 0.09184646606445312, 0.04395699501037598, 0.08056330680847168, 0.10699892044067383, 0.059423208236694336, 0.08175039291381836, 0.10848712921142578, 0.0701894760131836, 0.09521341323852539, 0.10456037521362305, 0.03845024108886719, 0.08153820037841797, 0.0970454216003418, 0.039148807525634766, 0.08208322525024414, 0.09196758270263672, 0.04658174514770508, 0.0805654525756836, 0.11186909675598145, 0.07338428497314453, 0.09178948402404785, 0.10479736328125, 0.06363511085510254, 0.09030771255493164, 0.10603570938110352, 0.04032444953918457, 0.08225631713867188, 0.10024809837341309, 0.03863978385925293, 0.08271050453186035, 0.09617185592651367, 0.045648813247680664, 0.08162832260131836, 0.10565876960754395, 0.0654611587524414, 0.08927297592163086, 0.11035466194152832, 0.061768293380737305, 0.0834963321685791, 0.09433960914611816, 0.04279613494873047, 0.08132052421569824, 0.10953187942504883, 0.06560206413269043, 0.0877387523651123, 0.10998916625976562, 0.0643911361694336, 0.09163308143615723, 0.10289192199707031, 0.03949570655822754, 0.08313751220703125, 0.09550881385803223, 0.03943991661071777, 0.08327722549438477, 0.10443592071533203, 0.0691525936126709, 0.0946660041809082, 0.11466693878173828, 0.05905890464782715, 0.09396934509277344, 0.11111044883728027, 0.03975391387939453, 0.08402085304260254, 0.10232162475585938, 0.039130449295043945, 0.08395791053771973, 0.10720968246459961, 0.07548189163208008, 0.09412121772766113, 0.11102437973022461, 0.041501522064208984, 0.08426880836486816, 0.09984445571899414, 0.0425105094909668, 0.08393025398254395, 0.11441493034362793, 0.0597538948059082, 0.08266448974609375, 0.10545229911804199, 0.040137529373168945, 0.08156561851501465, 0.09035110473632812, 0.04382014274597168, 0.08307337760925293, 0.10335040092468262, 0.05560159683227539, 0.08333420753479004, 0.11192989349365234, 0.06593203544616699, 0.09247994422912598, 0.1032404899597168, 0.039594173431396484, 0.0819394588470459, 0.09328174591064453, 0.044405221939086914, 0.0824730396270752, 0.11399197578430176, 0.08233428001403809, 0.08455991744995117, 0.10819196701049805, 0.03970646858215332, 0.08246183395385742, 0.10947370529174805, 0.0753021240234375, 0.09483695030212402, 0.10902786254882812, 0.03997516632080078, 0.08272814750671387, 0.11245179176330566, 0.06837654113769531, 0.09005403518676758, 0.1064765453338623, 0.038947343826293945, 0.08275127410888672, 0.09239840507507324, 0.04226875305175781, 0.08212828636169434, 0.09875845909118652, 0.04972052574157715, 0.08082008361816406, 0.11000871658325195, 0.07719826698303223, 0.08913469314575195, 0.10744261741638184, 0.03895926475524902, 0.0836491584777832, 0.11084938049316406, 0.0667870044708252, 0.08165407180786133, 0.09879255294799805, 0.039369821548461914, 0.0819852352142334, 0.11195826530456543, 0.07804059982299805, 0.08251214027404785, 0.09696793556213379, 0.03939414024353027, 0.08154058456420898, 0.1128988265991211, 0.06379461288452148, 0.08201456069946289, 0.10592985153198242, 0.07419586181640625, 0.09195947647094727, 0.10622882843017578, 0.03973102569580078, 0.08077192306518555, 0.09597611427307129, 0.05479717254638672, 0.08074569702148438, 0.11490297317504883, 0.052635908126831055, 0.08342790603637695, 0.11168861389160156, 0.06522154808044434, 0.0895090103149414, 0.1123819351196289, 0.058020591735839844, 0.08035016059875488, 0.09638118743896484, 0.05929994583129883, 0.08149552345275879, 0.11383700370788574, 0.05485868453979492, 0.08046793937683105, 0.10049247741699219, 0.06109976768493652, 0.08300161361694336, 0.1132049560546875, 0.07035565376281738, 0.08214449882507324, 0.1144719123840332, 0.06519556045532227, 0.07981348037719727, 0.09228157997131348, 0.0395817756652832, 0.08005380630493164, 0.0911707878112793, 0.04240918159484863, 0.08062505722045898, 0.10694622993469238, 0.061798095703125, 0.0825052261352539, 0.11390233039855957, 0.05766749382019043, 0.08159565925598145, 0.09635496139526367, 0.04070591926574707, 0.08037495613098145, 0.11165547370910645, 0.059819936752319336, 0.08021140098571777, 0.1052403450012207, 0.08731460571289062, 0.07967472076416016, 0.09341835975646973, 0.05098319053649902, 0.07943010330200195, 0.11202740669250488, 0.07751798629760742, 0.08054399490356445, 0.11128473281860352, 0.06466078758239746, 0.08020806312561035, 0.10076642036437988, 0.05496025085449219, 0.08135652542114258, 0.11198139190673828, 0.0775291919708252, 0.08095812797546387, 0.0953218936920166, 0.05048704147338867, 0.08265233039855957, 0.11189413070678711, 0.0828104019165039, 0.08074498176574707, 0.10677957534790039, 0.040290117263793945, 0.07955002784729004, 0.10864591598510742, 0.08755946159362793, 0.08167433738708496, 0.09261131286621094, 0.04698300361633301, 0.08000802993774414, 0.11150288581848145, 0.08927273750305176, 0.0809776782989502, 0.10072207450866699, 0.040320396423339844, 0.0799412727355957, 0.11462759971618652, 0.06335878372192383, 0.08160185813903809, 0.10679197311401367, 0.07159852981567383, 0.09145569801330566, 0.10827779769897461, 0.04125571250915527, 0.08051824569702148, 0.10903048515319824, 0.05635547637939453, 0.07945895195007324, 0.09376239776611328, 0.04945254325866699, 0.08010458946228027, 0.10828685760498047, 0.08327031135559082, 0.09038901329040527, 0.10956120491027832, 0.039635658264160156, 0.08163118362426758, 0.11053991317749023, 0.05811452865600586, 0.08155131340026855, 0.10957932472229004, 0.056858062744140625, 0.07894468307495117, 0.11063170433044434, 0.07325315475463867, 0.08047246932983398, 0.1032097339630127, 0.06261444091796875, 0.0854041576385498, 0.11136412620544434, 0.07237458229064941, 0.07902860641479492, 0.09247040748596191, 0.0397944450378418, 0.07870888710021973, 0.10728001594543457, 0.08079028129577637, 0.09090113639831543, 0.10319781303405762, 0.0407710075378418, 0.07898139953613281, 0.10252761840820312, 0.045700788497924805, 0.08062291145324707, 0.10481977462768555, 0.0666811466217041, 0.0876164436340332, 0.11093497276306152, 0.06982970237731934, 0.07979011535644531, 0.09380197525024414, 0.05838751792907715, 0.08526229858398438, 0.11060523986816406, 0.06244683265686035, 0.078399658203125, 0.11185550689697266, 0.06157636642456055, 0.07922124862670898, 0.10486412048339844, 0.06706118583679199, 0.0870063304901123, 0.11466479301452637, 0.06529474258422852, 0.08074307441711426, 0.08705568313598633, 0.0396881103515625, 0.08101010322570801, 0.10165810585021973, 0.051851749420166016, 0.07841825485229492, 0.10967326164245605, 0.062003135681152344, 0.07889676094055176, 0.11198925971984863, 0.0734243392944336, 0.07798123359680176, 0.10866284370422363, 0.08861589431762695, 0.0912177562713623, 0.1038517951965332, 0.03990507125854492, 0.07952594757080078, 0.09766435623168945, 0.04537773132324219, 0.07812023162841797, 0.1113290786743164, 0.07527804374694824, 0.07877683639526367, 0.11071038246154785, 0.06657648086547852, 