{"ID": 6, "inference time": [8.033103704452515, 0.056845664978027344, 0.03733706474304199, 0.041964054107666016, 0.09322094917297363, 0.05362200736999512, 0.03712797164916992, 0.04917573928833008, 0.052077293395996094, 0.03420305252075195, 0.04637002944946289, 0.05224180221557617, 0.036646127700805664, 0.044788360595703125, 0.05774497985839844, 0.03467106819152832, 0.052423715591430664, 0.05319857597351074, 0.033228158950805664, 0.05372262001037598, 0.05213308334350586, 0.035387277603149414, 0.047800540924072266, 0.05472588539123535, 0.03997445106506348, 0.06947040557861328, 0.07127904891967773, 0.049208641052246094, 0.059678077697753906, 0.14792561531066895, 0.1345815658569336, 0.12008833885192871, 0.10146212577819824, 0.08550500869750977, 0.10084199905395508, 0.09439897537231445, 0.08469796180725098, 0.09280657768249512, 0.09361934661865234, 0.07829022407531738, 0.09264016151428223, 0.09185218811035156, 0.07832789421081543, 0.09214258193969727, 0.09151983261108398, 0.07709646224975586, 0.08700132369995117, 0.09025311470031738, 0.07048749923706055, 0.08771252632141113, 0.09326791763305664, 0.07972574234008789, 0.08898138999938965, 0.0980372428894043, 0.06645917892456055, 0.09243249893188477, 0.09314298629760742, 0.06456446647644043, 0.0954592227935791, 0.09164881706237793, 0.06966948509216309, 0.0849146842956543, 0.09162020683288574, 0.07444095611572266, 0.08955216407775879, 0.0904695987701416, 0.07380008697509766, 0.08442378044128418, 0.09111762046813965, 0.08051347732543945, 0.09452652931213379, 0.08933806419372559, 0.07469558715820312, 0.08645391464233398, 0.09167981147766113, 0.0736238956451416, 0.08740615844726562, 0.08826184272766113, 0.07411408424377441, 0.08573651313781738, 0.09684109687805176, 0.07450270652770996, 0.08364009857177734, 0.09383344650268555, 0.07407069206237793, 0.0869290828704834, 0.09438633918762207, 0.0777883529663086, 0.09009528160095215, 0.09538912773132324, 0.07242083549499512, 0.08407425880432129, 0.09144091606140137, 0.07368636131286621, 0.08513307571411133, 0.09168410301208496, 0.06125307083129883, 0.08715224266052246, 0.09193658828735352, 0.06580853462219238, 0.08738541603088379, 0.09104800224304199, 0.07893705368041992, 0.09418320655822754, 0.08916640281677246, 0.0634145736694336, 0.08457207679748535, 0.0956277847290039, 0.07455706596374512, 0.0903167724609375, 0.08899211883544922, 0.06686043739318848, 0.08249306678771973, 0.0975184440612793, 0.0687713623046875, 0.0858604907989502, 0.08976197242736816, 0.07636022567749023, 0.09038162231445312, 0.09296321868896484, 0.07459402084350586, 0.08607983589172363, 0.08830690383911133, 0.07155728340148926, 0.09301543235778809, 0.09111428260803223, 0.07488131523132324, 0.08977961540222168, 0.0891876220703125, 0.07213950157165527, 0.08819293975830078, 0.09566187858581543, 0.06953549385070801, 0.08327341079711914, 0.08888483047485352, 0.0752100944519043, 0.08250045776367188, 0.10364913940429688, 0.06036233901977539, 0.08805108070373535, 0.09440493583679199, 0.07603955268859863, 0.08640718460083008, 0.09556150436401367, 0.07225251197814941, 0.08931469917297363, 0.08715963363647461, 0.06528425216674805, 0.08132243156433105, 0.08936762809753418, 0.07657170295715332, 0.08587288856506348, 0.09338927268981934, 0.07089781761169434, 0.08289098739624023, 0.08839607238769531, 0.05915641784667969, 0.08576154708862305, 0.09471321105957031, 0.07118988037109375, 0.09393811225891113, 0.0969536304473877, 0.07203793525695801, 0.08631324768066406, 0.09522819519042969, 0.05864310264587402, 0.08261489868164062, 0.08986186981201172, 0.07416439056396484, 0.08790254592895508, 0.09942221641540527, 0.06265139579772949, 0.08849978446960449, 0.09588432312011719, 0.0659022331237793, 0.08294200897216797, 0.09729170799255371, 0.07232809066772461, 0.08949637413024902, 0.0913393497467041, 0.06963396072387695, 0.08556723594665527, 0.0917363166809082, 0.0653679370880127, 0.08410835266113281, 0.08797240257263184, 0.07109308242797852, 0.08560872077941895, 0.09226083755493164, 0.07276773452758789, 0.08685421943664551, 0.09663748741149902, 0.07009482383728027, 0.0953671932220459, 0.09196138381958008, 0.0702824592590332, 0.08196830749511719, 0.08944821357727051, 0.06960129737854004, 0.08190703392028809, 0.09675359725952148, 0.05996513366699219, 0.08275961875915527, 0.10033345222473145, 0.057089805603027344, 0.08622074127197266, 0.09479212760925293, 0.0588834285736084, 0.08131575584411621, 0.09074735641479492, 0.059876203536987305, 0.08221244812011719, 0.08909440040588379, 0.06601548194885254, 0.0835566520690918, 0.09041261672973633, 0.06134176254272461, 0.08321070671081543, 0.08957409858703613, 0.06961202621459961, 0.08630108833312988, 0.09780740737915039, 0.0646817684173584, 0.09357905387878418, 0.09231209754943848, 0.06522917747497559, 0.09106636047363281, 0.09730672836303711, 0.06920289993286133, 0.09150028228759766, 0.09657454490661621, 0.06918931007385254, 0.0924997329711914, 0.09298181533813477, 0.07181429862976074, 0.08182168006896973, 0.09003973007202148, 0.06337666511535645, 0.09615349769592285, 0.0975189208984375, 0.06181836128234863, 0.08713555335998535, 0.0915076732635498, 0.06915974617004395, 0.08662033081054688, 0.0890498161315918, 0.05981183052062988, 0.08551287651062012, 0.0884096622467041, 0.061133623123168945, 0.08401751518249512, 0.09379220008850098, 0.062006235122680664, 0.0849311351776123, 0.08767223358154297, 0.058030128479003906, 0.08429551124572754, 0.09409928321838379, 0.06468582153320312, 0.08736467361450195, 0.09286808967590332, 0.056861162185668945, 0.08611178398132324, 0.08993721008300781, 0.0648195743560791, 0.08469486236572266, 0.09025907516479492, 0.061835289001464844, 0.08213400840759277, 0.08800482749938965, 0.05722975730895996, 0.08475661277770996, 0.08953499794006348, 0.06405425071716309, 0.08348941802978516, 0.09322619438171387, 0.06377172470092773, 0.08166742324829102, 0.08893060684204102, 0.0605463981628418, 0.08140993118286133, 0.087982177734375, 0.06341910362243652, 0.08079075813293457, 0.09168052673339844, 0.05624794960021973, 0.08130741119384766, 0.09042501449584961, 0.05779600143432617, 0.08231592178344727, 0.09304618835449219, 0.06269621849060059, 0.09058976173400879, 0.09084415435791016, 0.0624234676361084, 0.07611322402954102, 0.08918070793151855, 0.06267666816711426, 0.07701587677001953, 0.08929634094238281, 0.06078934669494629, 0.0780487060546875, 0.09134459495544434, 0.0612034797668457, 0.06896376609802246, 0.0900123119354248, 0.06072282791137695, 0.07536768913269043, 0.09328126907348633, 0.061737060546875, 0.08002424240112305, 0.09245800971984863, 0.05998992919921875, 0.09023690223693848, 0.09256315231323242, 0.06082582473754883, 0.08842587471008301, 0.09460973739624023, 0.060428619384765625, 0.07145524024963379, 0.08887004852294922, 0.05626392364501953, 0.0747532844543457, 0.09164261817932129, 0.060769081115722656, 0.08386087417602539, 0.08747053146362305, 0.060584068298339844, 0.09212803840637207, 0.09578514099121094, 0.06377911567687988, 0.0783839225769043, 0.09144115447998047, 0.06091451644897461, 0.09188961982727051, 0.08984994888305664, 0.058150529861450195, 0.07923674583435059, 0.08910417556762695, 0.06189155578613281, 0.07776069641113281, 0.0936136245727539, 0.06050562858581543, 0.08947324752807617, 0.09358668327331543, 0.057318925857543945, 0.07638359069824219, 0.09312295913696289, 0.06489729881286621, 0.08866620063781738, 0.09413528442382812, 0.05726289749145508, 0.07127809524536133, 0.08953523635864258, 0.060840606689453125, 0.07105326652526855, 0.0887460708618164, 0.0573582649230957, 0.07436871528625488, 0.08772397041320801, 0.0579073429107666, 0.07231402397155762, 0.09052872657775879, 0.059391021728515625, 0.07293581962585449, 0.08962202072143555, 0.059262752532958984, 0.07749676704406738, 0.08785510063171387, 0.05939984321594238, 0.07137846946716309, 0.09020543098449707, 0.05741381645202637, 0.07000041007995605, 0.0889272689819336, 0.05847525596618652, 0.07020282745361328, 0.08853960037231445, 0.0599522590637207, 0.07014346122741699, 