{"ID": 2, "inference time": [9.210307121276855, 0.06956315040588379, 0.053176164627075195, 0.05153369903564453, 0.06717181205749512, 0.04900932312011719, 0.04708385467529297, 0.06508731842041016, 0.04929351806640625, 0.05100870132446289, 0.06636333465576172, 0.05283546447753906, 0.0548558235168457, 0.06542468070983887, 0.04846310615539551, 0.0493311882019043, 0.06493186950683594, 0.04972648620605469, 0.04942202568054199, 0.06526041030883789, 0.050475120544433594, 0.10830044746398926, 0.0889439582824707, 0.1302938461303711, 0.08088970184326172, 0.03700709342956543, 0.0730140209197998, 0.10051989555358887, 0.053348541259765625, 0.0600438117980957, 0.08332061767578125, 0.037126779556274414, 0.08083748817443848, 0.10360097885131836, 0.05380368232727051, 0.060532569885253906, 0.08151698112487793, 0.04648947715759277, 0.05571746826171875, 0.0905466079711914, 0.03911614418029785, 0.07621002197265625, 0.08424878120422363, 0.05012702941894531, 0.061444997787475586, 0.08427953720092773, 0.03854560852050781, 0.07000517845153809, 0.09023404121398926, 0.0371401309967041, 0.0780935287475586, 0.10210204124450684, 0.048058509826660156, 0.0627279281616211, 0.08313727378845215, 0.047475337982177734, 0.06215834617614746, 0.08587241172790527, 0.03851485252380371, 0.06337380409240723, 0.09133434295654297, 0.04703021049499512, 0.06193089485168457, 0.0821235179901123, 0.037937164306640625, 0.07849240303039551, 0.10408711433410645, 0.03711867332458496, 0.05698728561401367, 0.08764171600341797, 0.037667036056518555, 0.08054637908935547, 0.1053009033203125, 0.053800344467163086, 0.062464237213134766, 0.08280777931213379, 0.039025306701660156, 0.0662391185760498, 0.0892179012298584, 0.03713536262512207, 0.07515668869018555, 0.10277533531188965, 0.05410575866699219, 0.0622103214263916, 0.08153486251831055, 0.04803586006164551, 0.06029033660888672, 0.08302521705627441, 0.0371551513671875, 0.07026982307434082, 0.09438586235046387, 0.05017852783203125, 0.06227922439575195, 0.08271360397338867, 0.04753303527832031, 0.056252479553222656, 0.08787965774536133, 0.036400556564331055, 0.0790095329284668, 0.0950002670288086, 0.052925825119018555, 0.06324386596679688, 0.08261799812316895, 0.04493594169616699, 0.06349873542785645, 0.08453488349914551, 0.041733503341674805, 0.05649280548095703, 0.0874781608581543, 0.042197465896606445, 0.06428670883178711, 0.09138679504394531, 0.04506731033325195, 0.06798195838928223, 0.08328461647033691, 0.04953646659851074, 0.06904721260070801, 0.08446598052978516, 0.05048060417175293, 0.06193685531616211, 0.0811913013458252, 0.03662824630737305, 0.0735938549041748, 0.10891914367675781, 0.05377078056335449, 0.06195998191833496, 0.0827324390411377, 0.050446510314941406, 0.05961036682128906, 0.08875465393066406, 0.037300825119018555, 0.08628153800964355, 0.09270763397216797, 0.05115199089050293, 0.06261634826660156, 0.08534502983093262, 0.04954075813293457, 0.06129813194274902, 0.08540821075439453, 0.0392458438873291, 0.05813026428222656, 0.08888673782348633, 0.045917510986328125, 0.05881619453430176, 0.09008669853210449, 0.04122495651245117, 0.07375979423522949, 0.09296011924743652, 0.0505368709564209, 0.06150197982788086, 0.08911275863647461, 0.03785824775695801, 0.07516980171203613, 0.08541131019592285, 0.051011085510253906, 0.06412053108215332, 0.07876443862915039, 0.04955720901489258, 0.06445097923278809, 0.08060216903686523, 0.04962468147277832, 0.0628662109375, 0.08832430839538574, 0.04612159729003906, 0.06203508377075195, 0.08543252944946289, 0.037624359130859375, 0.07452535629272461, 0.09739828109741211, 0.036981821060180664, 0.0804593563079834, 0.10677456855773926, 0.03723287582397461, 0.07578396797180176, 0.09336400032043457, 0.03838396072387695, 0.06930041313171387, 0.10430192947387695, 0.05669593811035156, 0.061823129653930664, 0.08634209632873535, 0.03751850128173828, 0.07255887985229492, 0.10369062423706055, 0.03679156303405762, 0.07285046577453613, 0.09642648696899414, 0.037134647369384766, 0.07162213325500488, 0.0963735580444336, 0.04404592514038086, 0.060932159423828125, 0.09078741073608398, 0.040567874908447266, 0.05904364585876465, 0.08968234062194824, 0.03679323196411133, 0.0704045295715332, 0.10255575180053711, 0.05359506607055664, 0.06099128723144531, 0.07789754867553711, 0.05102062225341797, 0.06511521339416504, 0.0868382453918457, 0.037743568420410156, 0.06956744194030762, 0.1064918041229248, 0.05410408973693848, 0.0640418529510498, 0.08326268196105957, 0.03866291046142578, 0.06937623023986816, 0.10115408897399902, 0.048667192459106445, 0.06406474113464355, 0.08027958869934082, 0.05187344551086426, 0.0630645751953125, 0.07834029197692871, 0.04391956329345703, 0.05890154838562012, 0.08503150939941406, 0.03954339027404785, 0.06280899047851562, 0.08924174308776855, 0.042659759521484375, 0.059737205505371094, 0.08432579040527344, 0.040033578872680664, 0.060140132904052734, 0.08713126182556152, 0.03706812858581543, 0.0780801773071289, 0.09962034225463867, 0.03731346130371094, 0.07429242134094238, 0.09486246109008789, 0.05779838562011719, 0.06250214576721191, 0.08559918403625488, 0.050162315368652344, 0.0596010684967041, 0.08933162689208984, 0.03806304931640625, 0.07561111450195312, 0.10138320922851562, 0.058412790298461914, 0.0698237419128418, 0.08040809631347656, 0.04664754867553711, 0.05549907684326172, 0.08914470672607422, 0.043218135833740234, 0.05829262733459473, 0.08787345886230469, 0.03684091567993164, 0.08085131645202637, 0.10645604133605957, 0.03997230529785156, 0.07989978790283203, 0.0943291187286377, 0.04004526138305664, 0.0785214900970459, 0.10320663452148438, 0.05373382568359375, 0.05927443504333496, 0.0837407112121582, 0.04597616195678711, 0.058031558990478516, 0.08368086814880371, 0.037076711654663086, 0.05689811706542969, 0.09128427505493164, 0.036153316497802734, 0.08311605453491211, 0.10029101371765137, 0.037027835845947266, 0.08024382591247559, 0.10416817665100098, 0.05385994911193848, 0.06547975540161133, 0.08273887634277344, 0.042414188385009766, 0.05487632751464844, 0.08809471130371094, 0.03764677047729492, 0.0559079647064209, 0.08638596534729004, 0.04129481315612793, 0.08232951164245605, 0.09051084518432617, 0.03649497032165527, 0.08018779754638672, 0.10422134399414062, 0.05372452735900879, 0.0649726390838623, 0.08158111572265625, 0.04703187942504883, 0.07234477996826172, 0.08850550651550293, 0.037416696548461914, 0.08187294006347656, 0.10286641120910645, 0.03697776794433594, 0.0750432014465332, 0.09195256233215332, 0.03708958625793457, 0.08243632316589355, 0.09235692024230957, 0.03839302062988281, 0.07622361183166504, 0.09711337089538574, 0.037035226821899414, 0.08175444602966309, 0.10372757911682129, 0.050048112869262695, 0.06486964225769043, 0.08498215675354004, 0.0497744083404541, 0.06065630912780762, 0.08800721168518066, 0.044118404388427734, 0.05967068672180176, 0.09258246421813965, 0.036657094955444336, 0.07056784629821777, 0.09195375442504883, 0.04241228103637695, 0.07591676712036133, 0.09824299812316895, 0.042006492614746094, 0.07687973976135254, 0.09718179702758789, 0.041649818420410156, 0.0764474868774414, 0.09986734390258789, 0.04125022888183594, 0.06384634971618652, 0.09163355827331543, 0.04313802719116211, 0.0740971565246582, 0.08446002006530762, 0.048311471939086914, 0.06177997589111328, 0.08540177345275879, 0.03908848762512207, 0.055525779724121094, 0.08851456642150879, 0.03745102882385254, 0.08321952819824219, 0.10730552673339844, 0.04589104652404785, 0.07614493370056152, 0.10604190826416016, 0.04637503623962402, 0.06945109367370605, 0.08672904968261719, 0.04753899574279785, 0.057195186614990234, 0.09125995635986328, 0.04476475715637207, 0.07614970207214355, 0.10388565063476562, 0.05754375457763672, 0.0600428581237793, 0.08516931533813477, 0.040419578552246094, 0.08070778846740723, 0.1033792495727539, 0.04571413993835449, 0.06875014305114746, 0.08441448211669922, 0.04874014854431152, 0.0551605224609375, 0.0904989242553711, 0.036733150482177734, 0.07610845565795898, 0.09312224388122559, 