{"ID": 2, "inference time": [16.00067949295044, 0.12002873420715332, 0.11996173858642578, 0.09203767776489258, 0.10727953910827637, 0.09721517562866211, 0.09322381019592285, 0.10329580307006836, 0.11383247375488281, 0.09635090827941895, 0.10627245903015137, 0.0931704044342041, 0.0969080924987793, 0.10216569900512695, 0.12347173690795898, 0.11553025245666504, 0.11287879943847656, 0.11387991905212402, 0.09037899971008301, 0.09317851066589355, 0.10668087005615234, 0.09791874885559082, 0.10218286514282227, 0.11953496932983398, 0.09900021553039551, 0.11312103271484375, 0.11798882484436035, 0.09294486045837402, 0.10749554634094238, 0.10730171203613281, 0.09216475486755371, 0.09725546836853027, 0.11742091178894043, 0.10101008415222168, 0.11322808265686035, 0.12084269523620605, 0.10200858116149902, 0.11871480941772461, 0.1110069751739502, 0.08882474899291992, 0.09748554229736328, 0.11657500267028809, 0.09378385543823242, 0.1016392707824707, 0.11838412284851074, 0.10920929908752441, 0.11667442321777344, 0.11645817756652832, 0.0958561897277832, 0.10721158981323242, 0.10201478004455566, 0.08885812759399414, 0.09753084182739258, 0.11192083358764648, 0.11347532272338867, 0.11112523078918457, 0.12379574775695801, 0.09883952140808105, 0.11174225807189941, 0.09893679618835449, 0.09105873107910156, 0.0981295108795166, 0.128281831741333, 0.11455059051513672, 0.10385441780090332, 0.12223196029663086, 0.10283803939819336, 0.11743497848510742, 0.10447812080383301, 0.08992171287536621, 0.09660506248474121, 0.1115419864654541, 0.11567449569702148, 0.11524534225463867, 0.11275219917297363, 0.0940713882446289, 0.10684752464294434, 0.1009819507598877, 0.08914542198181152, 0.11320042610168457, 0.10991668701171875, 0.11173462867736816, 0.1070857048034668, 0.12206578254699707, 0.11531972885131836, 0.10781049728393555, 0.11634182929992676, 0.11842799186706543, 0.12177872657775879, 0.10992884635925293, 0.09562802314758301, 0.0980675220489502, 0.09803104400634766, 0.11303234100341797, 0.11166262626647949, 0.09030342102050781, 0.10421562194824219, 0.10958123207092285, 0.1088709831237793, 0.10062956809997559, 0.11377358436584473, 0.09476375579833984, 0.09200215339660645, 0.1009669303894043, 0.12929058074951172, 0.11870694160461426, 0.11246347427368164, 0.11410808563232422, 0.09896373748779297, 0.1130220890045166, 0.1029360294342041, 0.10041928291320801, 0.10959529876708984, 0.12731242179870605, 0.11914944648742676, 0.10789322853088379, 0.11278533935546875, 0.12072324752807617, 0.11089396476745605, 0.12918472290039062, 0.12052106857299805, 0.11945986747741699, 0.11937594413757324, 0.09713244438171387, 0.12757396697998047, 0.12143778800964355, 0.12046194076538086, 0.11435246467590332, 0.11561250686645508, 0.10206079483032227, 0.09669685363769531, 0.0891869068145752, 0.11789321899414062, 0.10807156562805176, 0.10928916931152344, 0.11763906478881836, 0.09858512878417969, 0.1047048568725586, 0.11967825889587402, 0.12438201904296875, 0.11368966102600098, 0.11528897285461426, 0.11172842979431152, 0.10813403129577637, 0.10932278633117676, 0.11221790313720703, 0.11309599876403809, 0.10492467880249023, 0.11185646057128906, 0.11218738555908203, 0.0993959903717041, 0.11589312553405762, 0.11728191375732422, 0.10930991172790527, 0.11524438858032227, 0.10691952705383301, 0.10216951370239258, 0.11405658721923828, 0.12917661666870117, 0.10946154594421387, 0.11478686332702637, 0.11657905578613281, 0.10169792175292969, 0.11256647109985352, 0.11733222007751465, 0.11183762550354004, 0.12796258926391602, 0.12561988830566406, 0.12049078941345215, 0.11539936065673828, 0.10876083374023438, 0.12526488304138184, 0.11179399490356445, 0.10819721221923828, 0.10338377952575684, 0.11519551277160645, 0.10131192207336426, 0.1065678596496582, 0.1069185733795166, 0.10566163063049316, 0.12014389038085938, 0.12284421920776367, 0.12546253204345703, 0.11181831359863281, 0.11278796195983887, 0.09610724449157715, 0.1009371280670166, 0.11153793334960938, 0.1146993637084961, 0.11726522445678711, 0.1176750659942627, 0.10396671295166016, 0.10036396980285645, 0.1030418872833252, 0.1026906967163086, 0.11107063293457031, 0.11516618728637695, 0.10695815086364746, 0.11442685127258301, 0.12944698333740234, 0.11039590835571289, 0.11575102806091309, 0.11753177642822266, 0.10184955596923828, 0.10945534706115723, 0.1192328929901123, 0.09819245338439941, 0.11775994300842285, 0.11823248863220215, 0.10075163841247559, 0.10142874717712402, 0.11169791221618652, 0.12034893035888672, 0.11010861396789551, 0.11250138282775879, 0.0982515811920166, 0.09545326232910156, 0.10227751731872559, 0.09974336624145508, 0.10443663597106934, 0.11413884162902832, 0.11679911613464355, 0.09883809089660645, 0.10316252708435059, 0.09838175773620605, 0.10466742515563965, 0.10347414016723633, 0.09375, 0.10888004302978516, 0.11754727363586426, 0.09993267059326172, 0.12196207046508789, 0.11355471611022949, 0.10101580619812012, 0.09962725639343262, 0.1153419017791748, 0.11137151718139648, 0.0982203483581543, 0.11363697052001953, 0.11462783813476562, 0.09940457344055176, 0.11144804954528809, 0.09659981727600098, 0.09685468673706055, 0.1033926010131836, 0.09578418731689453, 0.11081957817077637, 0.11323094367980957, 0.09129190444946289, 0.10830402374267578, 0.1272130012512207, 0.12378406524658203, 0.10571455955505371, 0.11602640151977539, 0.11586236953735352, 0.10277342796325684, 0.1087191104888916, 0.09726715087890625, 0.09855341911315918, 0.0967864990234375, 0.09996557235717773, 0.1059117317199707, 0.11221122741699219, 0.10152196884155273, 0.10818648338317871, 0.12059545516967773, 0.09469366073608398, 0.10305953025817871, 0.12578320503234863, 0.11901378631591797, 0.10025501251220703, 0.10571479797363281, 0.08871722221374512, 0.09997868537902832, 0.1043844223022461, 0.0878145694732666, 0.10833549499511719, 0.11449003219604492, 0.1018829345703125, 0.10079216957092285, 0.11249446868896484, 0.12191033363342285, 0.1098017692565918, 0.12530517578125, 0.09212708473205566, 0.09992098808288574, 0.11174678802490234, 0.1019597053527832, 0.10533380508422852, 0.11370277404785156, 0.12057995796203613, 0.10261058807373047, 0.1147606372833252, 0.10607194900512695, 0.09918689727783203, 0.10654234886169434, 0.10535788536071777, 0.0988774299621582, 0.11023712158203125, 0.09449148178100586, 0.10473942756652832, 0.11060094833374023, 0.09208250045776367, 0.0993812084197998, 0.12148594856262207, 0.09114980697631836, 0.09739518165588379, 0.11365962028503418, 0.09890079498291016, 0.10085916519165039, 0.1153099536895752, 0.10057711601257324, 0.09491086006164551, 0.11155581474304199, 0.10879063606262207, 0.1006782054901123, 0.11839175224304199, 0.10130572319030762, 0.10177206993103027, 0.1063997745513916, 0.08233976364135742, 0.10864615440368652, 0.1100766658782959, 0.09255743026733398, 0.11699056625366211, 0.11718463897705078, 0.08063697814941406, 0.1017155647277832, 0.12061667442321777, 0.11116671562194824, 0.09863948822021484, 0.11076211929321289, 0.10297560691833496, 0.1001443862915039, 0.10085511207580566, 0.0742025375366211, 0.09655642509460449, 0.11278629302978516, 0.11506533622741699, 0.10162687301635742, 0.10883569717407227, 0.08733034133911133, 0.08979916572570801, 0.10472536087036133, 0.08085751533508301, 0.1047513484954834, 0.1190028190612793, 0.11564970016479492, 0.10259747505187988, 0.10630655288696289, 0.0913228988647461, 0.10766267776489258, 0.11424422264099121, 0.08486723899841309, 0.09946393966674805, 0.11510634422302246, 0.07933592796325684, 0.10094571113586426, 0.11322402954101562, 0.09308743476867676, 0.09758138656616211, 0.12169027328491211, 0.1285243034362793, 0.10174822807312012, 0.11874532699584961, 0.0976567268371582, 0.09736466407775879, 0.11664390563964844, 0.08312106132507324, 0.1173546314239502, 0.13270950317382812, 0.07815718650817871, 0.09525489807128906, 0.1124582290649414, 0.10097622871398926, 0.09375143051147461, 0.10448026657104492, 0.07462286949157715, 0.1084287166595459, 0.12799501419067383, 0.09224128723144531, 0.10110330581665039, 0.10257458686828613, 