{"ID": 1, "inference time": [12.722513675689697, 0.1567704677581787, 0.08278465270996094, 0.05947375297546387, 0.1007378101348877, 0.07150650024414062, 0.057050228118896484, 0.09334754943847656, 0.07317376136779785, 0.05663108825683594, 0.08555984497070312, 0.07048439979553223, 0.05984330177307129, 0.0783541202545166, 0.07436060905456543, 0.05984139442443848, 0.07472968101501465, 0.06527066230773926, 0.06228280067443848, 0.09272193908691406, 0.07027912139892578, 0.059366703033447266, 0.08245253562927246, 0.07336163520812988, 0.05425596237182617, 0.08954381942749023, 0.07104301452636719, 0.05740189552307129, 0.07444000244140625, 0.06709623336791992, 0.05130481719970703, 0.08516764640808105, 0.06616687774658203, 0.059343576431274414, 0.08496427536010742, 0.07277321815490723, 0.06326103210449219, 0.09072351455688477, 0.08239555358886719, 0.06647515296936035, 0.08788681030273438, 0.05828428268432617, 0.06163358688354492, 0.07711219787597656, 0.06979560852050781, 0.05978107452392578, 0.09489107131958008, 0.06964397430419922, 0.06204962730407715, 0.09485507011413574, 0.06987953186035156, 0.06676149368286133, 0.09611344337463379, 0.0720057487487793, 0.06291961669921875, 0.08937644958496094, 0.08247160911560059, 0.06657218933105469, 0.08054924011230469, 0.06180167198181152, 0.054288625717163086, 0.0868842601776123, 0.0773773193359375, 0.06612396240234375, 0.10785436630249023, 0.07279419898986816, 0.06533622741699219, 0.08804750442504883, 0.06693696975708008, 0.06616520881652832, 0.07902073860168457, 0.06232738494873047, 0.054036617279052734, 0.09087705612182617, 0.06881260871887207, 0.06173276901245117, 0.08968067169189453, 0.07273221015930176, 0.06207013130187988, 0.08851838111877441, 0.07516598701477051, 0.06844949722290039, 0.08321332931518555, 0.0578310489654541, 0.058655500411987305, 0.09515166282653809, 0.07091689109802246, 0.06364130973815918, 0.08669090270996094, 0.0550537109375, 0.07010769844055176, 0.0792696475982666, 0.06606841087341309, 0.06487345695495605, 0.08867263793945312, 0.08061456680297852, 0.07046866416931152, 0.07899355888366699, 0.05668497085571289, 0.06077122688293457, 0.09914779663085938, 0.07313036918640137, 0.06305336952209473, 0.09171676635742188, 0.0839996337890625, 0.06803607940673828, 0.08241009712219238, 0.05315113067626953, 0.0541989803314209, 0.09004497528076172, 0.0730440616607666, 0.06223583221435547, 0.09294652938842773, 0.08197259902954102, 0.06826996803283691, 0.08144736289978027, 0.059180498123168945, 0.059037208557128906, 0.09868955612182617, 0.07230639457702637, 0.06425976753234863, 0.09007668495178223, 0.08202338218688965, 0.06560301780700684, 0.08605265617370605, 0.05768895149230957, 0.061135292053222656, 0.09082460403442383, 0.08017373085021973, 0.055083274841308594, 0.08714938163757324, 0.06494331359863281, 0.06515169143676758, 0.10814809799194336, 0.07210540771484375, 0.06414365768432617, 0.09156298637390137, 0.0788109302520752, 0.06830430030822754, 0.08745074272155762, 0.05626106262207031, 0.05240178108215332, 0.09741497039794922, 0.07016992568969727, 0.06355834007263184, 0.08462047576904297, 0.07999110221862793, 0.06720876693725586, 0.08188772201538086, 0.05508899688720703, 0.05786633491516113, 0.09516453742980957, 0.07002067565917969, 0.06511926651000977, 0.10996723175048828, 0.06885004043579102, 0.06250166893005371, 0.09201264381408691, 0.07680392265319824, 0.06601762771606445, 0.08660888671875, 0.055048465728759766, 0.06795096397399902, 0.08127522468566895, 0.060520172119140625, 0.06165885925292969, 0.0959327220916748, 0.06266546249389648, 0.063751220703125, 0.08972740173339844, 0.08507466316223145, 0.06426167488098145, 0.09016895294189453, 0.0752263069152832, 0.06833767890930176, 0.08330249786376953, 0.05395913124084473, 0.05880141258239746, 0.07702779769897461, 0.0587313175201416, 0.06691813468933105, 0.09358596801757812, 0.062497854232788086, 0.06107449531555176, 0.0889437198638916, 0.06256318092346191, 0.06401801109313965, 0.08831596374511719, 0.08091855049133301, 0.06627392768859863, 0.09272217750549316, 0.08045148849487305, 0.06746125221252441, 0.09200119972229004, 0.07758164405822754, 0.06663751602172852, 0.0938720703125, 0.07457304000854492, 0.06734633445739746, 0.08270573616027832, 0.05383610725402832, 0.05857729911804199, 0.08205795288085938, 0.054924964904785156, 0.05847001075744629, 0.09681272506713867, 0.06721091270446777, 0.06473994255065918, 0.10210466384887695, 0.07965421676635742, 0.06686258316040039, 0.09166431427001953, 0.07910966873168945, 0.06610465049743652, 0.09497690200805664, 0.08330655097961426, 0.06370258331298828, 0.09270405769348145, 0.07108211517333984, 0.06560659408569336, 0.08455634117126465, 0.05828118324279785, 0.05949044227600098, 0.10076737403869629, 0.06616330146789551, 0.06078147888183594, 0.09918665885925293, 0.06447243690490723, 0.06464362144470215, 0.0983128547668457, 0.08319544792175293, 0.06679058074951172, 0.0906069278717041, 0.06313157081604004, 0.06630587577819824, 0.08891487121582031, 0.055196523666381836, 0.06816816329956055, 0.08806180953979492, 0.057498931884765625, 0.053304195404052734, 0.11205172538757324, 0.062314748764038086, 0.05031108856201172, 0.09603404998779297, 0.06255984306335449, 0.061040639877319336, 0.09929180145263672, 0.06766819953918457, 0.056070804595947266, 0.0980525016784668, 0.06066131591796875, 0.06221294403076172, 0.09981250762939453, 0.06409716606140137, 0.06199383735656738, 0.10925436019897461, 0.06465983390808105, 0.06341385841369629, 0.09776926040649414, 0.062082767486572266, 0.05969119071960449, 0.1009359359741211, 0.06207156181335449, 0.06683063507080078, 0.10943102836608887, 0.07006406784057617, 0.07007741928100586, 0.09570527076721191, 0.07623720169067383, 0.06568241119384766, 0.08664846420288086, 0.05355381965637207, 0.05327606201171875, 0.10341382026672363, 0.06469511985778809, 0.056138038635253906, 0.10330724716186523, 0.07017374038696289, 0.0602107048034668, 0.10061049461364746, 0.062259674072265625, 0.05743408203125, 0.10279417037963867, 0.06337666511535645, 0.06348156929016113, 0.09893798828125, 0.062345266342163086, 0.059565067291259766, 0.11023473739624023, 0.06400156021118164, 0.06058335304260254, 0.10159683227539062, 0.061514854431152344, 0.06035947799682617, 0.10881590843200684, 0.05812811851501465, 0.06389594078063965, 0.10229921340942383, 0.07768774032592773, 0.06304264068603516, 0.09269261360168457, 0.07921433448791504, 0.060616254806518555, 0.09581661224365234, 0.08226656913757324, 0.06406092643737793, 0.09524011611938477, 0.07764959335327148, 0.06368160247802734, 0.08759427070617676, 0.04909706115722656, 0.05599498748779297, 0.10542631149291992, 0.05801987648010254, 0.05365252494812012, 0.10142993927001953, 0.059294700622558594, 0.06423234939575195, 0.11222314834594727, 0.06740641593933105, 0.06362247467041016, 0.11394047737121582, 0.058161258697509766, 0.06516051292419434, 0.10074639320373535, 0.06032824516296387, 0.06541657447814941, 0.09975886344909668, 0.062059640884399414, 0.06019735336303711, 0.1034555435180664, 0.0663290023803711, 0.05387067794799805, 0.09601020812988281, 0.05031609535217285, 0.05707216262817383, 0.09992384910583496, 0.05557703971862793, 0.05010199546813965, 0.10048151016235352, 0.05763077735900879, 0.051850318908691406, 0.09365272521972656, 0.05540895462036133, 0.06361937522888184, 0.09485054016113281, 0.07903861999511719, 0.0647430419921875, 0.09331154823303223, 0.07780218124389648, 0.06424331665039062, 0.09992766380310059, 0.07251119613647461, 0.06361913681030273, 0.0916452407836914, 0.07932519912719727, 0.06558704376220703, 0.09375143051147461, 0.07603049278259277, 0.06479716300964355, 0.09510564804077148, 0.07944250106811523, 0.061957597732543945, 0.09519290924072266, 0.07415127754211426, 0.06530594825744629, 0.09498786926269531, 0.07348060607910156, 0.06467366218566895, 0.09780335426330566, 0.07240772247314453, 0.0635232925415039, 0.0940854549407959, 0.07905745506286621, 0.06512570381164551, 0.09867715835571289, 0.077606201171875, 0.0626688003540039, 0.10531759262084961, 