{"ID": 4, "inference time": [11.667433261871338, 0.05618548393249512, 0.05146598815917969, 0.06691360473632812, 0.040886640548706055, 0.04064154624938965, 0.0683741569519043, 0.04863119125366211, 0.043409109115600586, 0.06317901611328125, 0.039695024490356445, 0.039540767669677734, 0.0698080062866211, 0.039441585540771484, 0.04353022575378418, 0.06607174873352051, 0.04240250587463379, 0.040648698806762695, 0.06413865089416504, 0.041040897369384766, 0.04326009750366211, 0.05334734916687012, 0.040546417236328125, 0.039581298828125, 0.06196236610412598, 0.040406227111816406, 0.04315614700317383, 0.06251096725463867, 0.10873723030090332, 0.07521986961364746, 0.22413039207458496, 0.10468363761901855, 0.07250189781188965, 0.10380744934082031, 0.11649179458618164, 0.07810425758361816, 0.10889863967895508, 0.09771180152893066, 0.0670628547668457, 0.10767912864685059, 0.08520150184631348, 0.07412862777709961, 0.11491680145263672, 0.09679126739501953, 0.07329702377319336, 0.10574984550476074, 0.0983586311340332, 0.07570028305053711, 0.10994791984558105, 0.0867624282836914, 0.0633542537689209, 0.10765337944030762, 0.08036184310913086, 0.06436634063720703, 0.10435128211975098, 0.11227035522460938, 0.0812065601348877, 0.11125612258911133, 0.09351778030395508, 0.06569623947143555, 0.1015782356262207, 0.09709405899047852, 0.07485628128051758, 0.10921192169189453, 0.09806704521179199, 0.06920742988586426, 0.10747098922729492, 0.08752608299255371, 0.06664562225341797, 0.1091756820678711, 0.1126408576965332, 0.07561206817626953, 0.11157584190368652, 0.10479235649108887, 0.07067680358886719, 0.10760641098022461, 0.1050260066986084, 0.07725334167480469, 0.10738301277160645, 0.10102462768554688, 0.070648193359375, 0.10896801948547363, 0.09523725509643555, 0.06724238395690918, 0.10692644119262695, 0.11191129684448242, 0.0758812427520752, 0.1098177433013916, 0.09260702133178711, 0.060706138610839844, 0.1102747917175293, 0.10300445556640625, 0.06618571281433105, 0.11497354507446289, 0.09338855743408203, 0.07371258735656738, 0.11100530624389648, 0.08995652198791504, 0.0690147876739502, 0.1101226806640625, 0.09617090225219727, 0.07774877548217773, 0.11640739440917969, 0.10295987129211426, 0.07275128364562988, 0.1070871353149414, 0.0938262939453125, 0.06683492660522461, 0.11118030548095703, 0.1046898365020752, 0.06507349014282227, 0.10624933242797852, 0.11178207397460938, 0.08207058906555176, 0.11231398582458496, 0.09379959106445312, 0.06582069396972656, 0.11098241806030273, 0.10205078125, 0.08165287971496582, 0.11347508430480957, 0.12874817848205566, 0.07463264465332031, 0.11032414436340332, 0.09237122535705566, 0.0686194896697998, 0.11043167114257812, 0.1106412410736084, 0.08374905586242676, 0.11750531196594238, 0.09818840026855469, 0.07620882987976074, 0.11098003387451172, 0.09457230567932129, 0.0763092041015625, 0.11872553825378418, 0.11277127265930176, 0.06909894943237305, 0.11108565330505371, 0.09605216979980469, 0.07491469383239746, 0.1041569709777832, 0.12233114242553711, 0.08177447319030762, 0.11533999443054199, 0.10295844078063965, 0.07088327407836914, 0.11104655265808105, 0.09675049781799316, 0.06503725051879883, 0.10687470436096191, 0.11994552612304688, 0.08197951316833496, 0.11405086517333984, 0.09483742713928223, 0.07269859313964844, 0.11303949356079102, 0.10312104225158691, 0.07433152198791504, 0.11217737197875977, 0.0952000617980957, 0.07112383842468262, 0.10940885543823242, 0.11355805397033691, 0.07820272445678711, 0.11697506904602051, 0.09512543678283691, 0.06792664527893066, 0.10775566101074219, 0.11861729621887207, 0.0794515609741211, 0.1130378246307373, 0.08823323249816895, 0.07645964622497559, 0.10838484764099121, 0.12068486213684082, 0.07575798034667969, 0.11434793472290039, 0.09713363647460938, 0.06860756874084473, 0.10779190063476562, 0.10299038887023926, 0.08652186393737793, 0.12012219429016113, 0.094696044921875, 0.06571102142333984, 0.11159467697143555, 0.11512446403503418, 0.07747483253479004, 0.11476302146911621, 0.10244965553283691, 0.06983065605163574, 0.10897183418273926, 0.12137484550476074, 0.07231926918029785, 0.11616778373718262, 0.09009552001953125, 0.06965756416320801, 0.10403323173522949, 0.12196016311645508, 0.07267165184020996, 0.11339688301086426, 0.09315371513366699, 0.07713150978088379, 0.11692190170288086, 0.11806535720825195, 0.06745505332946777, 0.11399006843566895, 0.09133005142211914, 0.0758047103881836, 0.1203460693359375, 0.12047886848449707, 0.08007192611694336, 0.11730742454528809, 0.09693121910095215, 0.06839513778686523, 0.11163663864135742, 0.11023378372192383, 0.08015155792236328, 0.1209104061126709, 0.09663963317871094, 0.06664419174194336, 0.10314011573791504, 0.12443232536315918, 0.07016444206237793, 0.11186885833740234, 0.09526181221008301, 0.07481813430786133, 0.112945556640625, 0.10522317886352539, 0.07415127754211426, 0.11092853546142578, 0.09088706970214844, 0.07030487060546875, 0.11002373695373535, 0.11519289016723633, 0.07101106643676758, 0.11304068565368652, 0.09720015525817871, 0.07042551040649414, 0.11212277412414551, 0.09317803382873535, 0.06929230690002441, 0.11505770683288574, 0.08729219436645508, 0.07294726371765137, 0.11353921890258789, 0.09790754318237305, 0.07673478126525879, 0.11238837242126465, 0.09159588813781738, 0.06984567642211914, 0.11356019973754883, 0.08787894248962402, 0.07451367378234863, 0.11452698707580566, 0.1178596019744873, 0.07515478134155273, 0.11646151542663574, 0.09805417060852051, 0.07411646842956543, 0.11117863655090332, 0.09911489486694336, 0.08312582969665527, 0.12257003784179688, 0.09963226318359375, 0.07148909568786621, 0.11271524429321289, 0.09917712211608887, 0.07314825057983398, 0.11199307441711426, 0.09018945693969727, 0.07606911659240723, 0.11836695671081543, 0.10236120223999023, 0.07678389549255371, 0.11739444732666016, 0.09316229820251465, 0.07535529136657715, 0.11614823341369629, 0.09688568115234375, 0.0722198486328125, 0.11459040641784668, 0.09853267669677734, 0.06335234642028809, 0.1109764575958252, 0.10103845596313477, 0.08223438262939453, 0.12230062484741211, 0.08392095565795898, 0.07810211181640625, 0.11332058906555176, 0.08290553092956543, 0.07190442085266113, 0.11320734024047852, 0.08445119857788086, 0.07908010482788086, 0.10952162742614746, 0.11587023735046387, 0.06915116310119629, 0.11555695533752441, 0.08115720748901367, 0.06777524948120117, 0.11256289482116699, 0.0822300910949707, 0.07135748863220215, 0.11434769630432129, 0.09647607803344727, 0.08076620101928711, 0.12325811386108398, 0.08331036567687988, 0.06593084335327148, 0.10491228103637695, 0.10851573944091797, 0.08061575889587402, 0.11623311042785645, 0.08352303504943848, 0.07951474189758301, 0.12122392654418945, 0.07989859580993652, 0.06999897956848145, 0.11343693733215332, 0.08431243896484375, 0.07196950912475586, 0.11585593223571777, 0.09756112098693848, 0.08326840400695801, 0.11916518211364746, 0.08740592002868652, 0.0802302360534668, 0.11288976669311523, 0.10073304176330566, 0.07190299034118652, 0.11076807975769043, 0.0830228328704834, 0.07443428039550781, 0.10886883735656738, 0.11571526527404785, 0.0637211799621582, 0.1141045093536377, 0.0807039737701416, 0.07318949699401855, 0.10993051528930664, 0.09954094886779785, 0.07185101509094238, 0.11214876174926758, 0.10728311538696289, 0.08100700378417969, 0.11407184600830078, 0.08098125457763672, 0.07636165618896484, 0.11120200157165527, 0.09727191925048828, 0.07114195823669434, 0.1141819953918457, 0.10013270378112793, 0.08245611190795898, 0.12181353569030762, 0.08463048934936523, 0.06861281394958496, 0.11020064353942871, 0.10036373138427734, 0.0818636417388916, 0.11867952346801758, 0.08152890205383301, 0.07546663284301758, 0.11032676696777344, 0.10053539276123047, 0.06792855262756348, 0.11250543594360352, 0.0865488052368164, 0.08038687705993652, 0.11291217803955078, 0.10521793365478516, 0.07548236846923828, 0.11343502998352051, 0.08656620979309082, 0.07797551155090332, 0.10628342628479004, 0.11065173149108887, 0.07313036918640137, 