{"ID": 1, "inference time": [0.2602691650390625, 0.23950958251953125, 0.23972153663635254, 0.2869606018066406, 0.21462249755859375, 0.24529027938842773, 0.23341083526611328, 0.24993133544921875, 0.22841811180114746, 0.21648240089416504, 0.21273374557495117, 0.23689031600952148, 0.22516942024230957, 0.24183988571166992, 0.25388479232788086, 0.2550172805786133, 0.22861766815185547, 0.2535085678100586, 0.2114264965057373, 0.23436427116394043, 0.24172496795654297, 0.23425769805908203, 0.2213749885559082, 0.24018216133117676, 0.25281548500061035, 0.22836947441101074, 0.26076602935791016, 0.2633094787597656, 0.23944497108459473, 0.24974441528320312, 0.2500016689300537, 0.22107791900634766, 0.22356176376342773, 0.21921253204345703, 0.22594380378723145, 0.2326045036315918, 0.26340341567993164, 0.2460010051727295, 0.22718334197998047, 0.24345684051513672, 0.21597647666931152, 0.22148513793945312, 0.22943329811096191, 0.25328731536865234, 0.22481083869934082, 0.21871471405029297, 0.21053481101989746, 0.21255850791931152, 0.26365017890930176, 0.3196372985839844, 0.3393290042877197, 0.31934213638305664, 0.2881507873535156, 0.3324422836303711, 0.39348936080932617, 0.404374361038208, 0.4051830768585205, 0.21879839897155762, 0.1972332000732422, 0.22268128395080566, 0.32939958572387695, 0.46856260299682617, 0.5010275840759277, 0.4594261646270752, 0.5116655826568604, 0.5006961822509766, 0.5031142234802246, 0.30907487869262695, 0.23211121559143066, 0.3771786689758301, 0.461458683013916, 0.492267370223999, 0.4786214828491211, 0.49375247955322266, 0.5014524459838867, 0.49940967559814453, 0.4732553958892822, 0.4826226234436035, 0.20543932914733887, 0.24059796333312988, 0.3611907958984375, 0.5174086093902588, 0.4865903854370117, 0.49927496910095215, 0.5096890926361084, 0.4762098789215088, 0.5229194164276123, 0.47447800636291504, 0.3741121292114258, 0.2025160789489746, 0.27574610710144043, 0.4057283401489258, 0.4723508358001709, 0.47458314895629883, 0.49327588081359863, 0.4827587604522705, 0.4768211841583252, 0.506659746170044, 0.5086414813995361, 0.4782099723815918, 0.49860668182373047, 0.49655890464782715, 0.48136472702026367, 0.43814826011657715, 0.46570348739624023, 0.5053143501281738, 0.4711587429046631, 0.343996524810791, 0.2099294662475586, 0.2948784828186035, 0.4530627727508545, 0.4581315517425537, 0.4572153091430664, 0.2214815616607666, 0.22007155418395996, 0.2457582950592041, 0.3755366802215576, 0.469616174697876, 0.4886505603790283, 0.5006041526794434, 0.4890604019165039, 0.48059892654418945, 0.4751169681549072, 0.5157957077026367, 0.5130698680877686, 0.4579899311065674, 0.4646122455596924, 0.48088955879211426, 0.48431849479675293, 0.46912384033203125, 0.47754836082458496, 0.47913527488708496, 0.5056428909301758, 0.512993574142456, 0.5011754035949707, 0.4699525833129883, 0.4735865592956543, 0.4329216480255127, 0.20709729194641113, 0.2204456329345703, 0.332078218460083, 0.4711310863494873, 0.4952738285064697, 0.4508779048919678, 0.4584922790527344, 0.44835376739501953, 0.43491697311401367, 0.27593159675598145, 0.21051263809204102, 0.3004152774810791, 0.43071889877319336, 0.5118663311004639, 0.4563474655151367, 0.41445088386535645, 0.32448363304138184, 0.19907259941101074, 0.2204592227935791, 0.24863076210021973, 0.2682480812072754, 0.24682879447937012, 0.26212024688720703, 0.25253987312316895, 0.2892444133758545, 0.29946160316467285, 0.28620386123657227, 0.30284619331359863, 0.30315375328063965, 0.37753963470458984, 0.2625274658203125, 0.23735880851745605, 0.22780990600585938, 0.24112772941589355, 0.23335051536560059, 0.2250373363494873, 0.22322845458984375, 0.22973203659057617, 0.23523855209350586, 0.2532327175140381, 0.24031829833984375, 0.2592277526855469, 0.2865910530090332, 0.2783200740814209, 0.22046327590942383, 0.2641463279724121, 0.22954082489013672, 0.22989273071289062, 0.20879530906677246, 0.21741461753845215, 0.2216498851776123, 0.22576284408569336, 0.3009514808654785, 0.4321277141571045, 0.46382975578308105, 0.49028944969177246, 0.5424518585205078, 0.5038306713104248, 0.4795224666595459, 0.5114362239837646, 0.465012788772583, 0.5007548332214355, 0.48311638832092285, 0.47925233840942383, 0.5032052993774414, 0.5006546974182129, 0.4804224967956543, 0.48317933082580566, 0.5241262912750244, 0.5029244422912598, 0.49762535095214844, 0.5263729095458984, 0.48520588874816895, 0.4966747760772705, 0.47077083587646484, 0.4640638828277588, 0.4766204357147217, 0.43091917037963867, 0.20440053939819336, 0.22357416152954102, 0.30283641815185547, 0.44535064697265625, 0.522895336151123, 0.500694751739502, 0.48256993293762207, 0.4835195541381836, 0.48204827308654785, 0.28217196464538574, 0.24185633659362793, 0.37542152404785156, 0.5055079460144043, 0.4993405342102051, 0.511664628982544, 0.48752522468566895, 0.46746063232421875, 0.47551703453063965, 0.5062811374664307, 0.5181748867034912, 0.5344550609588623, 0.5124659538269043, 0.507526159286499, 0.4942798614501953, 0.489734411239624, 0.4680640697479248, 0.49152183532714844, 0.5213696956634521, 0.4728679656982422, 0.49957895278930664, 0.49070048332214355, 0.5018057823181152, 0.5208864212036133, 0.4715092182159424, 0.5471575260162354, 0.4825308322906494, 0.5082759857177734, 0.501915693283081, 0.5052556991577148, 0.5011734962463379, 0.45215821266174316, 0.49513840675354004, 0.20079326629638672, 0.2623124122619629, 0.41147804260253906, 0.4929633140563965, 0.49560546875, 0.4345688819885254, 0.47207164764404297, 0.4826202392578125, 0.4973621368408203, 0.4910545349121094, 0.47224879264831543, 0.26769280433654785, 0.2281324863433838, 0.38509178161621094, 0.5014922618865967, 0.527024507522583, 0.49091529846191406, 0.4848215579986572, 0.49287962913513184, 0.47915220260620117, 0.5040841102600098, 0.5154783725738525, 0.486940860748291, 0.47994446754455566, 0.48452019691467285, 0.5083935260772705, 0.520028829574585, 0.49922633171081543, 0.47714686393737793, 0.48273754119873047, 0.47214746475219727, 0.506070613861084, 0.48635411262512207, 0.5109608173370361, 0.4922020435333252, 0.4958460330963135, 0.48456478118896484, 0.468533992767334, 0.45954155921936035, 0.5317089557647705, 0.5326812267303467, 0.49671101570129395, 0.45367956161499023, 0.449448823928833, 0.4923989772796631, 0.4828779697418213, 0.5161278247833252, 0.5451705455780029, 0.4896414279937744, 0.4750854969024658, 0.27558135986328125, 0.20272302627563477, 0.3055844306945801, 0.4761197566986084, 0.49127745628356934, 0.49410557746887207, 0.44463491439819336, 0.5162105560302734, 0.4797980785369873, 0.49777817726135254, 0.44951510429382324, 0.43489980697631836, 0.4262559413909912, 0.4651069641113281, 0.47373485565185547, 0.4927937984466553, 0.5041646957397461, 0.4902963638305664, 0.5073907375335693, 0.43523621559143066, 0.48560547828674316, 0.418898344039917, 0.20656704902648926, 0.23113751411437988, 0.3480033874511719, 0.4743950366973877, 0.500800371170044, 0.5238370895385742, 0.5135300159454346, 0.49365973472595215, 0.4852328300476074, 0.5062997341156006, 0.48685455322265625, 0.4962501525878906, 0.48848605155944824, 0.48586249351501465, 0.5252888202667236, 0.4888641834259033, 0.5245540142059326, 0.49889278411865234, 0.5191826820373535, 0.49962854385375977, 0.5089757442474365, 0.5083589553833008, 0.49435925483703613, 0.488018274307251, 0.5179343223571777, 0.5302369594573975, 0.5154702663421631, 0.2701871395111084, 0.24835681915283203, 0.4020202159881592, 0.48535990715026855, 0.49775123596191406, 0.49540090560913086, 0.476229190826416, 0.49095678329467773, 0.4697437286376953, 0.5080094337463379, 0.44820618629455566, 0.4475395679473877, 0.4683113098144531, 0.5220105648040771, 0.4793510437011719, 0.25138020515441895, 0.21451187133789062, 0.3326225280761719, 0.47358059883117676, 0.4677307605743408, 0.4746127128601074, 0.45595312118530273, 0.47461509704589844, 0.2492234706878662, 0.20409893989562988, 0.2862887382507324, 0.37672901153564453, 0.4787919521331787, 0.5070493221282959, 0.46170854568481445, 0.506709098815918, 0.5542206764221191, 0.5036594867706299, 0.22744154930114746, 