{"ID": 6, "inference time": [0.384462833404541, 0.29282093048095703, 0.3016848564147949, 0.31838560104370117, 0.29392027854919434, 0.30744266510009766, 0.3412458896636963, 0.31300878524780273, 0.34375476837158203, 0.3162086009979248, 0.3124358654022217, 0.32715654373168945, 0.2952568531036377, 0.30326056480407715, 0.22994375228881836, 0.24321269989013672, 0.2991759777069092, 0.2963588237762451, 0.3206899166107178, 0.3020637035369873, 0.2653930187225342, 0.33945322036743164, 0.33926820755004883, 0.2773144245147705, 0.2706418037414551, 0.2682769298553467, 0.29133057594299316, 0.2792835235595703, 0.2593660354614258, 0.2745993137359619, 0.2930338382720947, 0.3157978057861328, 0.294832706451416, 0.3101351261138916, 0.29290771484375, 0.28778672218322754, 0.2673909664154053, 0.2756021022796631, 0.32016468048095703, 0.2872798442840576, 0.26326704025268555, 0.2773604393005371, 0.2788996696472168, 0.28063130378723145, 0.27041006088256836, 0.29239773750305176, 0.33487558364868164, 0.4055037498474121, 0.3761885166168213, 0.28693461418151855, 0.2689530849456787, 0.2631666660308838, 0.20998024940490723, 0.4061563014984131, 0.2674241065979004, 0.22867965698242188, 0.2554280757904053, 0.31198644638061523, 0.38333940505981445, 0.45161986351013184, 0.46817708015441895, 0.5141458511352539, 0.4891235828399658, 0.49325132369995117, 0.49688053131103516, 0.5025155544281006, 0.5097661018371582, 0.25357484817504883, 0.2327592372894287, 0.349703311920166, 0.49274182319641113, 0.4766364097595215, 0.4960155487060547, 0.488720178604126, 0.5139250755310059, 0.4739210605621338, 0.49338483810424805, 0.5032930374145508, 0.4759047031402588, 0.5296244621276855, 0.4891550540924072, 0.5093965530395508, 0.5075879096984863, 0.48667073249816895, 0.5224196910858154, 0.4812891483306885, 0.45989489555358887, 0.4704151153564453, 0.4886796474456787, 0.4803280830383301, 0.4766230583190918, 0.4842550754547119, 0.4731602668762207, 0.484774112701416, 0.5121054649353027, 0.504058837890625, 0.47401952743530273, 0.5016829967498779, 0.4822261333465576, 0.4536325931549072, 0.2515244483947754, 0.22655177116394043, 0.31775879859924316, 0.47769856452941895, 0.4716682434082031, 0.4870316982269287, 0.4404904842376709, 0.49057817459106445, 0.44962072372436523, 0.21976494789123535, 0.22261786460876465, 0.299116849899292, 0.37207770347595215, 0.46990513801574707, 0.4852414131164551, 0.49851250648498535, 0.5037064552307129, 0.48783302307128906, 0.47872495651245117, 0.46317267417907715, 0.512915849685669, 0.44915223121643066, 0.21180510520935059, 0.22688770294189453, 0.34253835678100586, 0.46867871284484863, 0.48877501487731934, 0.46413302421569824, 0.4726877212524414, 0.4951004981994629, 0.5026235580444336, 0.5156733989715576, 0.512451171875, 0.4813535213470459, 0.4637432098388672, 0.4907243251800537, 0.4381747245788574, 0.45822763442993164, 0.4716067314147949, 0.49050474166870117, 0.45308876037597656, 0.45920395851135254, 0.23748445510864258, 0.22246479988098145, 0.2905614376068115, 0.38880252838134766, 0.47388505935668945, 0.47110748291015625, 0.49614644050598145, 0.42433714866638184, 0.21231842041015625, 0.2028660774230957, 0.2673487663269043, 0.3174712657928467, 0.3403506278991699, 0.3531644344329834, 0.3069331645965576, 0.29201197624206543, 0.27932214736938477, 0.3422262668609619, 0.27671074867248535, 0.24680614471435547, 0.3511185646057129, 0.2659156322479248, 0.2525973320007324, 0.227311372756958, 0.25373387336730957, 0.2465076446533203, 0.2474656105041504, 0.24721527099609375, 0.24956369400024414, 0.24886131286621094, 0.2615973949432373, 0.2686581611633301, 0.26306962966918945, 0.24888324737548828, 0.2644689083099365, 0.2292468547821045, 0.25164365768432617, 0.26819467544555664, 0.24573016166687012, 0.25281214714050293, 0.27477455139160156, 0.2732555866241455, 0.2638726234436035, 0.27083754539489746, 0.31525611877441406, 0.4182600975036621, 0.4681572914123535, 0.4584228992462158, 0.49639225006103516, 0.5398373603820801, 0.5112612247467041, 0.4694180488586426, 0.49788689613342285, 0.46392393112182617, 0.4996225833892822, 0.4616730213165283, 0.24150705337524414, 0.22715997695922852, 0.3743407726287842, 0.5109362602233887, 0.48300862312316895, 0.4813065528869629, 0.4955868721008301, 0.5099127292633057, 0.4956059455871582, 0.5215609073638916, 0.4825894832611084, 0.48416662216186523, 0.45386552810668945, 0.22865605354309082, 0.23032784461975098, 0.34510135650634766, 0.4729313850402832, 0.4394066333770752, 0.4420623779296875, 0.4743216037750244, 0.5312399864196777, 0.5094337463378906, 0.4830305576324463, 0.48720455169677734, 0.4906764030456543, 0.5184710025787354, 0.492901086807251, 0.5112869739532471, 0.5028536319732666, 0.5151827335357666, 0.48926568031311035, 0.4790184497833252, 0.4671511650085449, 0.5044715404510498, 0.5164189338684082, 0.5319440364837646, 0.5035626888275146, 0.5066263675689697, 0.5050418376922607, 0.46118760108947754, 0.24313688278198242, 0.2174222469329834, 0.343930721282959, 0.5061140060424805, 0.4708256721496582, 0.4896230697631836, 0.47176170349121094, 0.4952375888824463, 0.2190237045288086, 0.25556087493896484, 0.37975215911865234, 0.5300931930541992, 0.483248233795166, 0.49811863899230957, 0.5061123371124268, 0.5058901309967041, 0.5175244808197021, 0.4520716667175293, 0.5058460235595703, 0.5284886360168457, 0.5058953762054443, 0.4823136329650879, 0.47418665885925293, 0.21906661987304688, 0.22887802124023438, 0.3105037212371826, 0.4552116394042969, 0.49431729316711426, 0.4947795867919922, 0.4851202964782715, 0.4922068119049072, 0.5111639499664307, 0.515106201171875, 0.5281505584716797, 0.4945409297943115, 0.483992338180542, 0.49632835388183594, 0.4758341312408447, 0.49551916122436523, 0.5338888168334961, 0.48932576179504395, 0.47103238105773926, 0.47998666763305664, 0.5079002380371094, 0.5118834972381592, 0.4790472984313965, 0.34452223777770996, 0.2175617218017578, 0.32642531394958496, 0.4549129009246826, 0.5230863094329834, 0.4879629611968994, 0.5021228790283203, 0.5006463527679443, 0.49857378005981445, 0.47221922874450684, 0.4643552303314209, 0.4545164108276367, 0.5183465480804443, 0.5218737125396729, 0.3789360523223877, 0.2044672966003418, 0.2906649112701416, 0.38081908226013184, 0.4834561347961426, 0.4830353260040283, 0.5185909271240234, 0.5281970500946045, 0.48738622665405273, 0.2918665409088135, 0.22657203674316406, 0.30190587043762207, 0.44032835960388184, 0.5099611282348633, 0.47254371643066406, 0.3163313865661621, 0.23830676078796387, 0.3258359432220459, 0.4890420436859131, 0.49272775650024414, 0.4907362461090088, 0.458906888961792, 0.41893839836120605, 0.41921186447143555, 0.4584987163543701, 0.2911834716796875, 0.2082219123840332, 0.34671926498413086, 0.47815704345703125, 0.4735991954803467, 0.46894145011901855, 0.20451831817626953, 0.227311372756958, 0.3345921039581299, 0.48307347297668457, 0.44559788703918457, 0.46059679985046387, 0.48756980895996094, 0.506934642791748, 0.5174167156219482, 0.5051531791687012, 0.5111804008483887, 0.48825860023498535, 0.4979729652404785, 0.4839155673980713, 0.4940910339355469, 0.49580931663513184, 0.48966383934020996, 0.5261576175689697, 0.5040831565856934, 0.5008809566497803, 0.4877951145172119, 0.5118536949157715, 0.49871325492858887, 0.5259661674499512, 0.4983046054840088, 0.4797818660736084, 0.24439406394958496, 0.22336363792419434, 0.3831214904785156, 0.5244495868682861, 0.5274913311004639, 0.5251555442810059, 0.5152082443237305, 0.49861836433410645, 0.503392219543457, 0.48426198959350586, 0.4846663475036621, 0.48052358627319336, 0.46849513053894043, 0.4212977886199951, 0.20433807373046875, 0.23365426063537598, 0.3362250328063965, 0.45355892181396484, 0.5214221477508545, 0.4933958053588867, 0.4862487316131592, 0.4692800045013428, 0.49858617782592773, 0.47368597984313965, 0.47951388359069824, 0.46491026878356934, 0.4892749786376953, 0.4549899101257324, 0.43082690238952637, 0.44080305099487305, 0.4728999137878418, 0.40985679626464844, 0.19851064682006836, 0.2793619632720947, 0.43379807472229004, 0.557640552520752, 0.5223345756530762, 