{"ID": 5, "inference time": [0.25900888442993164, 0.2808516025543213, 0.2860262393951416, 0.2862694263458252, 0.20819950103759766, 0.22770428657531738, 0.19752907752990723, 0.2081739902496338, 0.20140767097473145, 0.19774723052978516, 0.21438336372375488, 0.27773499488830566, 0.34090495109558105, 0.42595529556274414, 0.4224717617034912, 0.42033839225769043, 0.4136967658996582, 0.3927786350250244, 0.3989119529724121, 0.19772005081176758, 0.19685578346252441, 0.19857573509216309, 0.23349332809448242, 0.20591521263122559, 0.2402801513671875, 0.37639546394348145, 0.40514564514160156, 0.38940882682800293, 0.1930255889892578, 0.20756101608276367, 0.19965362548828125, 0.18800020217895508, 0.20110416412353516, 0.21143865585327148, 0.3705611228942871, 0.41769862174987793, 0.405994176864624, 0.4090549945831299, 0.19086003303527832, 0.19675040245056152, 0.1881558895111084, 0.19046449661254883, 0.22226572036743164, 0.1959693431854248, 0.21718788146972656, 0.22743773460388184, 0.19121336936950684, 0.2776005268096924, 0.19701790809631348, 0.2173137664794922, 0.19895696640014648, 0.20169472694396973, 0.19880461692810059, 0.22297954559326172, 0.27198266983032227, 0.3376326560974121, 0.42322635650634766, 0.39663195610046387, 0.3847806453704834, 0.3923466205596924, 0.3667633533477783, 0.21493816375732422, 0.20642709732055664, 0.19620847702026367, 0.1895449161529541, 0.19305849075317383, 0.19608306884765625, 0.20602107048034668, 0.23585057258605957, 0.24090266227722168, 0.28278541564941406, 0.33879542350769043, 0.38924384117126465, 0.3950173854827881, 0.23540043830871582, 0.19230437278747559, 0.19557666778564453, 0.19178199768066406, 0.19319558143615723, 0.19913125038146973, 0.187453031539917, 0.20953917503356934, 0.23743176460266113, 0.19663763046264648, 0.20294809341430664, 0.1862180233001709, 0.1975400447845459, 0.2181406021118164, 0.27896761894226074, 0.34329795837402344, 0.35149574279785156, 0.40143251419067383, 0.44556403160095215, 0.43499040603637695, 0.39620018005371094, 0.3598463535308838, 0.2440638542175293, 0.18567442893981934, 0.18662309646606445, 0.20620322227478027, 0.19332575798034668, 0.21198034286499023, 0.18448328971862793, 0.19278550148010254, 0.2573277950286865, 0.33846616744995117, 0.43739748001098633, 0.41492676734924316, 0.40605759620666504, 0.40167975425720215, 0.33663105964660645, 0.19267845153808594, 0.18658971786499023, 0.19870662689208984, 0.1871354579925537, 0.18961405754089355, 0.269916296005249, 0.3009514808654785, 0.19080805778503418, 0.19312548637390137, 0.2138538360595703, 0.268662691116333, 0.30153608322143555, 0.3741745948791504, 0.4259316921234131, 0.4269907474517822, 0.4139106273651123, 0.29651880264282227, 0.19415760040283203, 0.21597766876220703, 0.19903039932250977, 0.21943092346191406, 0.26929211616516113, 0.3236236572265625, 0.4110691547393799, 0.4247627258300781, 0.43277549743652344, 0.4160478115081787, 0.4566690921783447, 0.4566972255706787, 0.4685056209564209, 0.4046437740325928, 0.42439818382263184, 0.41466188430786133, 0.4217953681945801, 0.39572644233703613, 0.417722225189209, 0.43186259269714355, 0.42893052101135254, 0.4132251739501953, 0.3935739994049072, 0.2051224708557129, 0.18784308433532715, 0.23122644424438477, 0.2220149040222168, 0.2931077480316162, 0.35277247428894043, 0.3948976993560791, 0.4142293930053711, 0.3795454502105713, 0.38063693046569824, 0.1904146671295166, 0.19604873657226562, 0.19800901412963867, 0.22864699363708496, 0.258012056350708, 0.31681084632873535, 0.3957383632659912, 0.3996920585632324, 0.43245577812194824, 0.3985154628753662, 0.42659616470336914, 0.43677353858947754, 0.38967132568359375, 0.418731689453125, 0.39964962005615234, 0.4185903072357178, 0.3710300922393799, 0.18231678009033203, 0.19416069984436035, 0.21646571159362793, 0.2479708194732666, 0.2999579906463623, 0.37311553955078125, 0.41103219985961914, 0.4161365032196045, 0.418487548828125, 0.31186723709106445, 0.18203043937683105, 0.18732023239135742, 0.22297453880310059, 0.2711613178253174, 0.30986571311950684, 0.34886693954467773, 0.3603372573852539, 0.40969085693359375, 0.41127824783325195, 0.2578566074371338, 0.2347698211669922, 0.22205281257629395, 0.18796467781066895, 0.31769728660583496, 0.19368290901184082, 0.18590164184570312, 0.20611906051635742, 0.19820070266723633, 0.24164700508117676, 0.29337072372436523, 0.3791790008544922, 0.40045952796936035, 0.4196135997772217, 0.441831111907959, 0.42951202392578125, 0.40593600273132324, 0.2109520435333252, 0.1885983943939209, 0.1868429183959961, 0.21794986724853516, 0.2837362289428711, 0.3458364009857178, 0.44207239151000977, 0.4111654758453369, 0.4168226718902588, 0.3493044376373291, 0.19682526588439941, 0.19007110595703125, 0.21425533294677734, 0.2641561031341553, 0.3236978054046631, 0.44125843048095703, 0.43831896781921387, 0.457287073135376, 0.45732617378234863, 0.4381980895996094, 0.41187596321105957, 0.4020113945007324, 0.3955104351043701, 0.41918015480041504, 0.4111628532409668, 0.42476367950439453, 0.3900339603424072, 0.33890342712402344, 0.22367095947265625, 0.20798134803771973, 0.18554949760437012, 0.18453693389892578, 0.1974773406982422, 0.24445629119873047, 0.2918534278869629, 0.34987902641296387, 0.425670862197876, 0.3916347026824951, 0.4320518970489502, 0.39237475395202637, 0.2190837860107422, 0.19379949569702148, 0.1980586051940918, 0.18927454948425293, 0.22613048553466797, 0.25095319747924805, 0.2682468891143799, 0.24146437644958496, 0.24418139457702637, 0.23415446281433105, 0.38818979263305664, 0.43093323707580566, 0.4222593307495117, 0.32152485847473145, 0.1911168098449707, 0.22127389907836914, 0.22076010704040527, 0.2703375816345215, 0.31990909576416016, 0.38186168670654297, 0.437946081161499, 0.45154356956481934, 0.46595191955566406, 0.43650054931640625, 0.4175605773925781, 0.42278242111206055, 0.40701818466186523, 0.407576322555542, 0.21515440940856934, 0.2062973976135254, 0.19943022727966309, 0.2062675952911377, 0.27271151542663574, 0.35340332984924316, 0.4253964424133301, 0.40480613708496094, 0.3995671272277832, 0.40642714500427246, 0.4183175563812256, 0.40128421783447266, 0.2434375286102295, 0.19738149642944336, 0.19155168533325195, 0.19963932037353516, 0.22023725509643555, 0.24487829208374023, 0.3105340003967285, 0.38677453994750977, 0.42873358726501465, 0.4449009895324707, 0.4246957302093506, 0.4063723087310791, 0.38355278968811035, 0.26897263526916504, 0.18674302101135254, 0.21786212921142578, 0.26793789863586426, 0.33279943466186523, 0.4284782409667969, 0.42109036445617676, 0.4350917339324951, 0.43496131896972656, 0.42863917350769043, 0.4451611042022705, 0.42432212829589844, 0.4119422435760498, 0.3885962963104248, 0.22111153602600098, 0.19211983680725098, 0.21783828735351562, 0.2961416244506836, 0.3730151653289795, 0.3899064064025879, 0.4131653308868408, 0.41400146484375, 0.4047818183898926, 0.331317663192749, 0.19892072677612305, 0.1850273609161377, 0.19882678985595703, 0.19357514381408691, 0.21219706535339355, 0.2752652168273926, 0.3373830318450928, 0.40115928649902344, 0.4441051483154297, 0.41330695152282715, 0.39484238624572754, 0.22000598907470703, 0.18698740005493164, 0.19268202781677246, 0.1885826587677002, 0.1951913833618164, 0.21543455123901367, 0.1964101791381836, 0.1874856948852539, 0.19520950317382812, 0.21490764617919922, 0.2771775722503662, 0.3307809829711914, 0.4196584224700928, 0.4240701198577881, 0.41039586067199707, 0.39885640144348145, 0.4127669334411621, 0.41275691986083984, 0.4098517894744873, 0.2369062900543213, 0.187638521194458, 0.19250988960266113, 0.2187039852142334, 0.1896531581878662, 0.21219539642333984, 0.22168755531311035, 0.244096040725708, 0.22283220291137695, 0.2247164249420166, 0.24287009239196777, 0.3262367248535156, 0.24895429611206055, 0.19513201713562012, 0.19735121726989746, 0.20162749290466309, 0.20546174049377441, 0.2202281951904297, 0.20920085906982422, 0.1889655590057373, 0.19582247734069824, 0.19315886497497559, 0.21182751655578613, 0.20432186126708984, 0.20803546905517578, 0.23636794090270996, 