{"ID": 7, "inference time": [0.2870979309082031, 0.2334127426147461, 0.2773101329803467, 0.25249433517456055, 0.21605992317199707, 0.20408844947814941, 0.2907755374908447, 0.24929237365722656, 0.241257905960083, 0.24626851081848145, 0.20549559593200684, 0.27922964096069336, 0.33067989349365234, 0.3115394115447998, 0.23181724548339844, 0.27273035049438477, 0.21143150329589844, 0.23964881896972656, 0.2351226806640625, 0.23395037651062012, 0.2699742317199707, 0.27405691146850586, 0.2400979995727539, 0.24507927894592285, 0.22321796417236328, 0.2319343090057373, 0.257352352142334, 0.25044751167297363, 0.26014113426208496, 0.2073354721069336, 0.24280261993408203, 0.23927617073059082, 0.2073981761932373, 0.2951202392578125, 0.3020749092102051, 0.30754733085632324, 0.24803686141967773, 0.2456510066986084, 0.2921569347381592, 0.28472042083740234, 0.21711421012878418, 0.2721273899078369, 0.30222249031066895, 0.28040218353271484, 0.29380369186401367, 0.27331995964050293, 0.2508363723754883, 0.24758505821228027, 0.24320721626281738, 0.2940554618835449, 0.26659536361694336, 0.22925186157226562, 0.22184205055236816, 0.2405245304107666, 0.2812235355377197, 0.2089366912841797, 0.26126670837402344, 0.26546502113342285, 0.2305443286895752, 0.3024473190307617, 0.28325796127319336, 0.2871108055114746, 0.24592900276184082, 0.2301342487335205, 0.22101688385009766, 0.2599790096282959, 0.27351975440979004, 0.2405102252960205, 0.250429630279541, 0.28569793701171875, 0.25092387199401855, 0.22246575355529785, 0.24991703033447266, 0.24072504043579102, 0.23395371437072754, 0.26799654960632324, 0.2758488655090332, 0.21787071228027344, 0.25647473335266113, 0.24328947067260742, 0.24086236953735352, 0.23595690727233887, 0.23173141479492188, 0.2167210578918457, 0.2830829620361328, 0.20744538307189941, 0.25765347480773926, 0.31201624870300293, 0.2548351287841797, 0.26930665969848633, 0.21915411949157715, 0.24515008926391602, 0.26477599143981934, 0.30185985565185547, 0.24289321899414062, 0.2256917953491211, 0.2723805904388428, 0.26798105239868164, 0.26442718505859375, 0.21620869636535645, 0.2956411838531494, 0.3017914295196533, 0.27168941497802734, 0.20888543128967285, 0.21637582778930664, 0.2409677505493164, 0.20714974403381348, 0.26999735832214355, 0.2383744716644287, 0.222015380859375, 0.25543832778930664, 0.24135470390319824, 0.27646970748901367, 0.2666463851928711, 0.2215285301208496, 0.23119330406188965, 0.29039883613586426, 0.256000280380249, 0.25383520126342773, 0.22737741470336914, 0.2804834842681885, 0.22185969352722168, 0.2259073257446289, 0.22077512741088867, 0.28266143798828125, 0.2666893005371094, 0.2024672031402588, 0.23065495491027832, 0.2709383964538574, 0.2339792251586914, 0.33070921897888184, 0.35276103019714355, 0.3427565097808838, 0.35697460174560547, 0.3064422607421875, 0.23763799667358398, 0.32773590087890625, 0.37520718574523926, 0.3812587261199951, 0.3800227642059326, 0.3687779903411865, 0.37775158882141113, 0.36759424209594727, 0.37938833236694336, 0.2847719192504883, 0.19973278045654297, 0.22036266326904297, 0.19585847854614258, 0.1886293888092041, 0.20388078689575195, 0.19051027297973633, 0.18775725364685059, 0.38357043266296387, 0.34969639778137207, 0.345858097076416, 0.283602237701416, 0.20610284805297852, 0.2741396427154541, 0.2699775695800781, 0.2542092800140381, 0.29099464416503906, 0.3026101589202881, 0.3169281482696533, 0.27457714080810547, 0.25434184074401855, 0.22546887397766113, 0.2777984142303467, 0.26207780838012695, 0.23064637184143066, 0.2590475082397461, 0.27237749099731445, 0.26978516578674316, 0.24351072311401367, 0.2499549388885498, 0.29317450523376465, 0.24007678031921387, 0.2629857063293457, 0.20461487770080566, 0.26021456718444824, 0.28739380836486816, 0.27837085723876953, 0.28307080268859863, 0.28507280349731445, 0.2543911933898926, 0.1983952522277832, 0.2439107894897461, 0.25251269340515137, 0.23432660102844238, 0.239898681640625, 0.30373144149780273, 0.27808094024658203, 0.24562287330627441, 0.25096774101257324, 0.24935340881347656, 0.21580743789672852, 0.2627983093261719, 0.30132293701171875, 0.27744030952453613, 0.2613821029663086, 0.2518024444580078, 0.20952320098876953, 0.24297833442687988, 0.2710268497467041, 0.20930004119873047, 0.26223063468933105, 0.26511716842651367, 0.21626877784729004, 0.21965312957763672, 0.25487232208251953, 0.23650550842285156, 0.26763439178466797, 0.2746257781982422, 0.2436990737915039, 0.2454378604888916, 0.2819356918334961, 0.2671031951904297, 0.23752164840698242, 0.2299203872680664, 0.24558472633361816, 0.28890061378479004, 0.28877830505371094, 0.2673346996307373, 0.2415468692779541, 0.27162647247314453, 0.22864198684692383, 0.2271108627319336, 0.31583690643310547, 0.28769850730895996, 0.2514519691467285, 0.24213480949401855, 0.25252771377563477, 0.22945904731750488, 0.26560139656066895, 0.23154997825622559, 0.25006771087646484, 0.24000024795532227, 0.27300477027893066, 0.2757844924926758, 0.21399855613708496, 0.24489092826843262, 0.24511265754699707, 0.2651233673095703, 0.21612787246704102, 0.2615020275115967, 0.24195265769958496, 0.2553892135620117, 0.25983095169067383, 0.279987096786499, 0.3024942874908447, 0.2658536434173584, 0.21291637420654297, 0.27364063262939453, 0.2548239231109619, 0.22582769393920898, 0.25309133529663086, 0.2499067783355713, 0.24221134185791016, 0.23886609077453613, 0.2578396797180176, 0.24445509910583496, 0.25981688499450684, 0.28374266624450684, 0.25057029724121094, 0.22371268272399902, 0.2603163719177246, 0.21397614479064941, 0.23218107223510742, 0.2881507873535156, 0.2625620365142822, 0.24550437927246094, 0.2123100757598877, 0.2606174945831299, 0.2738065719604492, 0.2608323097229004, 0.23233914375305176, 0.23820996284484863, 0.2743804454803467, 0.2602062225341797, 0.2776222229003906, 0.25959086418151855, 0.23554182052612305, 0.23351025581359863, 0.31072092056274414, 0.30213236808776855, 0.2610185146331787, 0.2982621192932129, 0.25389623641967773, 0.2255871295928955, 0.3110780715942383, 0.2762765884399414, 0.2987210750579834, 0.24305391311645508, 0.22931480407714844, 0.2600886821746826, 0.2622497081756592, 0.27220916748046875, 0.20985007286071777, 0.25364112854003906, 0.2834434509277344, 0.24848675727844238, 0.22161483764648438, 0.2472529411315918, 0.31973719596862793, 0.2660396099090576, 0.19666361808776855, 0.21461176872253418, 0.32903265953063965, 0.2982199192047119, 0.2673623561859131, 0.24689006805419922, 0.2622056007385254, 0.22593045234680176, 0.24747085571289062, 0.24031591415405273, 0.236433744430542, 0.24465584754943848, 0.23674678802490234, 0.24991297721862793, 0.2572140693664551, 0.25316357612609863, 0.2651066780090332, 0.2393183708190918, 0.26640987396240234, 0.26720333099365234, 0.22298169136047363, 0.25370264053344727, 0.23933792114257812, 0.2314586639404297, 0.26577186584472656, 0.21142864227294922, 0.24366426467895508, 0.2857534885406494, 0.24685049057006836, 0.22438597679138184, 0.2562260627746582, 0.2402501106262207, 0.3076953887939453, 0.30773186683654785, 0.29740381240844727, 0.29633450508117676, 0.2667675018310547, 0.28235626220703125, 0.24989032745361328, 0.20457792282104492, 0.289837121963501, 0.26726531982421875, 0.31420135498046875, 0.3016207218170166, 0.34676241874694824, 0.36418652534484863, 0.33873701095581055, 0.3129701614379883, 0.24374032020568848, 0.33823537826538086, 0.31864047050476074, 0.253206729888916, 0.26122212409973145, 0.2631392478942871, 0.22689414024353027, 0.2742886543273926, 0.26674342155456543, 0.26648879051208496, 0.2722053527832031, 0.2510058879852295, 0.23215126991271973, 0.25534558296203613, 0.23188519477844238, 0.2517993450164795, 0.21619296073913574, 0.2738935947418213, 0.2217707633972168, 0.24664044380187988, 0.2530701160430908, 0.20703697204589844, 0.27080345153808594, 0.24080514907836914, 0.2532377243041992, 0.28913140296936035, 0.2340984344482422, 0.2274951934814453, 0.3332223892211914, 0.3506660461425781, 0.3061184883117676, 0.28269219398498535, 0.2438809871673584, 0.22001981735229492, 0.26895666122436523, 