{"ID": 2, "inference time": [7.290102243423462, 0.07002091407775879, 0.05913424491882324, 0.048459768295288086, 0.06311345100402832, 0.060497283935546875, 0.050965070724487305, 0.06548213958740234, 0.059320926666259766, 0.04636192321777344, 0.06496644020080566, 0.058878421783447266, 0.0479428768157959, 0.06509900093078613, 0.0618288516998291, 0.045349836349487305, 0.06554126739501953, 0.059648752212524414, 0.11418914794921875, 0.0875701904296875, 0.09941411018371582, 0.0637211799621582, 0.0764307975769043, 0.1466217041015625, 0.10936427116394043, 0.0770425796508789, 0.08594608306884766, 0.0871896743774414, 0.07880353927612305, 0.09399652481079102, 0.08820343017578125, 0.0836188793182373, 0.09484386444091797, 0.0855562686920166, 0.08414340019226074, 0.0922842025756836, 0.10212922096252441, 0.08773541450500488, 0.09338116645812988, 0.07930278778076172, 0.08849120140075684, 0.0956261157989502, 0.07137727737426758, 0.0979757308959961, 0.08042240142822266, 0.06147193908691406, 0.09690499305725098, 0.0874021053314209, 0.07009434700012207, 0.09920430183410645, 0.09522366523742676, 0.05553841590881348, 0.09791183471679688, 0.07446622848510742, 0.06972360610961914, 0.10325932502746582, 0.08177852630615234, 0.06076240539550781, 0.10740089416503906, 0.08597111701965332, 0.04876399040222168, 0.10133576393127441, 0.1032114028930664, 0.04735851287841797, 0.09650468826293945, 0.10881185531616211, 0.04008340835571289, 0.09173369407653809, 0.08839988708496094, 0.045598506927490234, 0.09911537170410156, 0.09540796279907227, 0.04613518714904785, 0.09968996047973633, 0.09813809394836426, 0.04082918167114258, 0.0938570499420166, 0.10523271560668945, 0.06250476837158203, 0.09767532348632812, 0.11391425132751465, 0.047638893127441406, 0.09724736213684082, 0.09515523910522461, 0.0504148006439209, 0.097869873046875, 0.11133885383605957, 0.06791067123413086, 0.09979128837585449, 0.10995960235595703, 0.04295015335083008, 0.09465622901916504, 0.11210203170776367, 0.04658055305480957, 0.09862041473388672, 0.10903263092041016, 0.045430898666381836, 0.09820079803466797, 0.10527157783508301, 0.052400827407836914, 0.09827518463134766, 0.10356807708740234, 0.043334007263183594, 0.09731817245483398, 0.10035920143127441, 0.0443570613861084, 0.09102058410644531, 0.10453152656555176, 0.04548454284667969, 0.09626293182373047, 0.10008883476257324, 0.05059075355529785, 0.09820175170898438, 0.09934759140014648, 0.04611968994140625, 0.09615397453308105, 0.1024637222290039, 0.05235862731933594, 0.0975651741027832, 0.1038813591003418, 0.055258989334106445, 0.0974583625793457, 0.10393500328063965, 0.053262948989868164, 0.09601593017578125, 0.09481549263000488, 0.04048013687133789, 0.0968775749206543, 0.10647010803222656, 0.05404829978942871, 0.10998892784118652, 0.09788060188293457, 0.04921889305114746, 0.0976555347442627, 0.11036372184753418, 0.04921841621398926, 0.09329462051391602, 0.10206079483032227, 0.05013227462768555, 0.0972890853881836, 0.10095357894897461, 0.053148508071899414, 0.09774136543273926, 0.10565471649169922, 0.05294609069824219, 0.09848618507385254, 0.10685896873474121, 0.05295419692993164, 0.09812235832214355, 0.10514068603515625, 0.06200098991394043, 0.10074710845947266, 0.10230779647827148, 0.04974818229675293, 0.09905743598937988, 0.10918784141540527, 0.04897427558898926, 0.09830594062805176, 0.10633349418640137, 0.04870486259460449, 0.08886504173278809, 0.10906624794006348, 0.05040407180786133, 0.09235906600952148, 0.1135711669921875, 0.05469346046447754, 0.10161447525024414, 0.10329103469848633, 0.050804853439331055, 0.09874105453491211, 0.10634446144104004, 0.0618433952331543, 0.09420347213745117, 0.10562777519226074, 0.05094265937805176, 0.09914016723632812, 0.10697364807128906, 0.054343223571777344, 0.09641551971435547, 0.1062924861907959, 0.04648232460021973, 0.09080076217651367, 0.10581493377685547, 0.056713104248046875, 0.09705495834350586, 0.10831069946289062, 0.06338930130004883, 0.09457588195800781, 0.11011981964111328, 0.051381587982177734, 0.09300661087036133, 0.10704302787780762, 0.045252323150634766, 0.09749388694763184, 0.10717177391052246, 0.051481008529663086, 0.09555554389953613, 0.10542440414428711, 0.04016304016113281, 0.0979304313659668, 0.10822129249572754, 0.05452561378479004, 0.09591412544250488, 0.10882711410522461, 0.049088478088378906, 0.09508419036865234, 0.10715842247009277, 0.052575111389160156, 0.09319210052490234, 0.10543179512023926, 0.0517878532409668, 0.09546852111816406, 0.10775303840637207, 0.052732229232788086, 0.0881962776184082, 0.10729360580444336, 0.053971052169799805, 0.09354734420776367, 0.10838007926940918, 0.053441524505615234, 0.09609580039978027, 0.10800957679748535, 0.06116938591003418, 0.08954405784606934, 0.10706329345703125, 0.05655860900878906, 0.09572696685791016, 0.10781979560852051, 0.05368494987487793, 0.09594011306762695, 0.1093752384185791, 0.061263084411621094, 0.09404349327087402, 0.10698556900024414, 0.047811031341552734, 0.09482216835021973, 0.10689425468444824, 0.06141781806945801, 0.09982442855834961, 0.10500192642211914, 0.06650900840759277, 0.10061120986938477, 0.10571074485778809, 0.07175564765930176, 0.09118986129760742, 0.10644078254699707, 0.052752017974853516, 0.09513354301452637, 0.1080009937286377, 0.05510067939758301, 0.09471821784973145, 0.10508561134338379, 0.054414987564086914, 0.09067130088806152, 0.10660934448242188, 0.05661797523498535, 0.09699296951293945, 0.10985803604125977, 0.053699493408203125, 0.09177875518798828, 0.11081361770629883, 0.054238080978393555, 0.09394168853759766, 0.10690855979919434, 0.05188560485839844, 0.09302377700805664, 0.10512495040893555, 0.06544065475463867, 0.0995328426361084, 0.10484194755554199, 0.05882859230041504, 0.09389042854309082, 0.10789918899536133, 0.05560803413391113, 0.09439706802368164, 0.10967159271240234, 0.06308841705322266, 0.09575772285461426, 0.1046745777130127, 0.05540752410888672, 0.09481287002563477, 0.1101999282836914, 0.07325148582458496, 0.09733724594116211, 0.1065971851348877, 0.070556640625, 0.09250235557556152, 0.11101961135864258, 0.05288553237915039, 0.09453010559082031, 0.10615277290344238, 0.06030869483947754, 0.10035228729248047, 0.10857629776000977, 0.0670161247253418, 0.09555172920227051, 0.10698914527893066, 0.056640625, 0.0943601131439209, 0.1085968017578125, 0.05872774124145508, 0.0950169563293457, 0.1076958179473877, 0.06395077705383301, 0.09416866302490234, 0.10585737228393555, 0.05671358108520508, 0.0945274829864502, 0.11436319351196289, 0.06160402297973633, 0.09355306625366211, 0.10670828819274902, 0.05404043197631836, 0.09373593330383301, 0.11733770370483398, 0.05857586860656738, 0.09596395492553711, 0.11384034156799316, 0.05852174758911133, 0.09449982643127441, 0.10878682136535645, 0.056980133056640625, 0.0936744213104248, 0.10723733901977539, 0.05800509452819824, 0.09287691116333008, 0.10648441314697266, 0.05440855026245117, 0.09260892868041992, 0.11236858367919922, 0.05382871627807617, 0.09213495254516602, 0.10715126991271973, 0.05852222442626953, 0.09377408027648926, 0.10968136787414551, 0.058347463607788086, 0.0929253101348877, 0.1064138412475586, 0.05593419075012207, 0.09444189071655273, 0.10885977745056152, 0.05077195167541504, 0.09202075004577637, 0.11207151412963867, 0.06740498542785645, 0.09518814086914062, 0.10677051544189453, 0.05779671669006348, 0.0927133560180664, 0.10919475555419922, 0.0577540397644043, 0.0971524715423584, 0.10669255256652832, 0.058438777923583984, 0.09137535095214844, 0.11026501655578613, 0.05729365348815918, 0.09280562400817871, 0.11154437065124512, 0.06854987144470215, 0.09206938743591309, 0.10997700691223145, 0.05997943878173828, 0.0920870304107666, 0.10869002342224121, 0.05370497703552246, 0.08852958679199219, 0.10981440544128418, 0.06293869018554688, 0.09264564514160156, 0.1071782112121582, 0.058638572692871094, 0.09381532669067383, 0.10816550254821777, 0.06356430053710938, 0.09218406677246094, 0.10763359069824219, 0.06322669982910156, 0.09352397918701172, 0.10861039161682129, 