{"ID": 2, "inference time": [13.892157793045044, 0.15215611457824707, 0.11370015144348145, 0.13351845741271973, 0.15039896965026855, 0.11682772636413574, 0.14142417907714844, 0.1492617130279541, 0.11507678031921387, 0.13490891456604004, 0.14711618423461914, 0.11280584335327148, 0.13403964042663574, 0.1499786376953125, 0.1160733699798584, 0.13460731506347656, 0.14719843864440918, 0.11673903465270996, 0.1352386474609375, 0.13863325119018555, 0.1400744915008545, 0.13901758193969727, 0.13074183464050293, 0.1315762996673584, 0.13141322135925293, 0.13096880912780762, 0.12928009033203125, 0.13483023643493652, 0.132843017578125, 0.13639092445373535, 0.13831663131713867, 0.14641094207763672, 0.1434922218322754, 0.13980722427368164, 0.13762307167053223, 0.14326024055480957, 0.1341397762298584, 0.13029909133911133, 0.13933920860290527, 0.14432692527770996, 0.13739275932312012, 0.12846946716308594, 0.14107370376586914, 0.13591647148132324, 0.13936901092529297, 0.1433854103088379, 0.1317274570465088, 0.13793516159057617, 0.13888978958129883, 0.14073801040649414, 0.14621949195861816, 0.1398482322692871, 0.14615869522094727, 0.13091349601745605, 0.1468794345855713, 0.13453173637390137, 0.1271190643310547, 0.13728618621826172, 0.13054728507995605, 0.13208675384521484, 0.14342045783996582, 0.13334274291992188, 0.11985898017883301, 0.13714289665222168, 0.13396525382995605, 0.11939668655395508, 0.14011740684509277, 0.12918972969055176, 0.12105131149291992, 0.137040376663208, 0.13126111030578613, 0.12681341171264648, 0.14126181602478027, 0.1308765411376953, 0.12103843688964844, 0.14407777786254883, 0.13112235069274902, 0.13330388069152832, 0.1387786865234375, 0.1303105354309082, 0.1213071346282959, 0.13842153549194336, 0.135512113571167, 0.14379167556762695, 0.1395282745361328, 0.12592625617980957, 0.1240687370300293, 0.1399521827697754, 0.13041329383850098, 0.1238412857055664, 0.14407849311828613, 0.13810014724731445, 0.134904146194458, 0.13918662071228027, 0.1340944766998291, 0.12317514419555664, 0.14131855964660645, 0.12672209739685059, 0.13209152221679688, 0.1382579803466797, 0.13041901588439941, 0.13484573364257812, 0.14498043060302734, 0.13938426971435547, 0.132096529006958, 0.14354348182678223, 0.13839221000671387, 0.13669300079345703, 0.14121270179748535, 0.13177871704101562, 0.12362289428710938, 0.1415119171142578, 0.13160014152526855, 0.12517261505126953, 0.13933062553405762, 0.13580060005187988, 0.13511395454406738, 0.13904213905334473, 0.13261914253234863, 0.12458157539367676, 0.14047837257385254, 0.13085651397705078, 0.13473224639892578, 0.14009881019592285, 0.13172101974487305, 0.13293099403381348, 0.136948823928833, 0.13615632057189941, 0.13636136054992676, 0.14037704467773438, 0.13350248336791992, 0.12663912773132324, 0.14151406288146973, 0.13313651084899902, 0.12643194198608398, 0.1421191692352295, 0.13762617111206055, 0.12307929992675781, 0.14256978034973145, 0.13384032249450684, 0.12324118614196777, 0.13940072059631348, 0.13072848320007324, 0.12884044647216797, 0.14527440071105957, 0.13662481307983398, 0.1307530403137207, 0.1415860652923584, 0.133195161819458, 0.1252918243408203, 0.1409440040588379, 0.13050103187561035, 0.12511515617370605, 0.1423811912536621, 0.1313953399658203, 0.1252455711364746, 0.1471996307373047, 0.13386750221252441, 0.12000346183776855, 0.14455604553222656, 0.13092827796936035, 0.12610507011413574, 0.15268993377685547, 0.13366031646728516, 0.12806057929992676, 0.14529132843017578, 0.12930774688720703, 0.12911224365234375, 0.14512300491333008, 0.13155436515808105, 0.12701201438903809, 0.14442825317382812, 0.13207721710205078, 0.12486147880554199, 0.1467442512512207, 0.13158440589904785, 0.12970590591430664, 0.14479613304138184, 0.13166117668151855, 0.12726545333862305, 0.14159846305847168, 0.13022685050964355, 0.12645411491394043, 0.1436634063720703, 0.13211464881896973, 0.12567710876464844, 0.14650821685791016, 0.13207697868347168, 0.12702107429504395, 0.1436309814453125, 0.1461343765258789, 0.12647271156311035, 0.14326906204223633, 0.13077259063720703, 0.1262509822845459, 0.13989472389221191, 0.13157176971435547, 0.12562203407287598, 0.1435868740081787, 0.13599681854248047, 0.128068208694458, 0.1431140899658203, 0.13223934173583984, 0.1266345977783203, 0.14304447174072266, 0.13132095336914062, 0.12410998344421387, 0.1448347568511963, 0.1337130069732666, 0.12741398811340332, 0.14178848266601562, 0.13573217391967773, 0.12864184379577637, 0.143965482711792, 0.13589763641357422, 0.12945818901062012, 0.1471707820892334, 0.1347827911376953, 0.1279163360595703, 0.14712905883789062, 0.1406400203704834, 0.12740302085876465, 0.15163755416870117, 0.13594937324523926, 0.12798571586608887, 0.14646315574645996, 0.13437485694885254, 0.12797045707702637, 0.1447618007659912, 0.13300824165344238, 0.1290299892425537, 0.14205050468444824, 0.13124656677246094, 0.12810134887695312, 0.15040016174316406, 0.13953042030334473, 0.13299322128295898, 0.1480710506439209, 0.13614535331726074, 0.12761449813842773, 0.15035486221313477, 0.13299345970153809, 0.12845993041992188, 0.1443488597869873, 0.1338357925415039, 0.1331348419189453, 0.1394824981689453, 0.133284330368042, 0.12913966178894043, 0.14520668983459473, 0.13175201416015625, 0.1284337043762207, 0.1466524600982666, 0.13479375839233398, 0.12984800338745117, 0.1428225040435791, 0.13384318351745605, 0.12958860397338867, 0.14336657524108887, 0.13764405250549316, 0.13164067268371582, 0.14661622047424316, 0.138214111328125, 0.13856744766235352, 0.14211654663085938, 0.13046979904174805, 0.13237857818603516, 0.1449875831604004, 0.1338646411895752, 0.1299118995666504, 0.14128398895263672, 0.13616299629211426, 0.13086199760437012, 0.14462852478027344, 0.13421893119812012, 0.12946343421936035, 0.14824485778808594, 0.1353609561920166, 0.12933111190795898, 0.14394402503967285, 0.13441944122314453, 0.12978243827819824, 0.14792156219482422, 0.12800145149230957, 0.12909865379333496, 0.14888596534729004, 0.12925386428833008, 0.13012003898620605, 0.15200591087341309, 0.13561034202575684, 0.13415837287902832, 0.15296077728271484, 0.1407170295715332, 0.1326463222503662, 0.1440715789794922, 0.1348094940185547, 0.13116073608398438, 0.14798402786254883, 0.13061881065368652, 0.1311192512512207, 0.14516377449035645, 0.12964129447937012, 0.13128924369812012, 0.14693570137023926, 0.1300182342529297, 0.1286332607269287, 0.1462857723236084, 0.1383986473083496, 0.1284933090209961, 0.14337873458862305, 0.13248777389526367, 0.13031578063964844, 0.1496131420135498, 0.12706279754638672, 0.13062739372253418, 0.14468097686767578, 0.130723237991333, 0.13303017616271973, 0.15144062042236328, 0.13774704933166504, 0.1304454803466797, 0.144789457321167, 0.1349811553955078, 0.13276076316833496, 0.14906048774719238, 0.13075828552246094, 0.13209009170532227, 0.14920783042907715, 0.13010334968566895, 0.13327932357788086, 0.14822673797607422, 0.12965846061706543, 0.13132286071777344, 0.1473252773284912, 0.13018321990966797, 0.13100337982177734, 0.1458578109741211, 0.1356198787689209, 0.13341546058654785, 0.14725089073181152, 0.1287853717803955, 0.13320565223693848, 0.15058398246765137, 0.12470555305480957, 0.13033056259155273, 0.1474456787109375, 0.1406261920928955, 0.1334083080291748, 0.1493685245513916, 0.13134551048278809, 0.13410043716430664, 0.14868402481079102, 0.1297764778137207, 0.1313340663909912, 0.14821457862854004, 0.13164043426513672, 0.1325697898864746, 0.14538979530334473, 0.13251900672912598, 0.13308382034301758, 0.14991307258605957, 0.13153719902038574, 0.13236165046691895, 0.14949393272399902, 0.13189148902893066, 0.1323566436767578, 0.14930939674377441, 0.12958073616027832, 0.13380742073059082, 0.14923405647277832, 0.12824773788452148, 0.13236498832702637, 0.1495664119720459, 0.12655925750732422, 0.13158965110778809, 0.14976811408996582, 0.12194347381591797, 0.13100171089172363, 0.15284419059753418, 0.131361722946167, 0.13177156448364258, 0.15697789192199707, 0.12817716598510742, 0.13130640983581543, 0.14993000030517578, 