{"ID": 0, "inference time": [0.29412031173706055, 0.2418820858001709, 0.2443547248840332, 0.24362492561340332, 0.22197794914245605, 0.2597215175628662, 0.23547720909118652, 0.24117302894592285, 0.22350549697875977, 0.2377786636352539, 0.21843600273132324, 0.21382975578308105, 0.23332810401916504, 0.22925043106079102, 0.23639297485351562, 0.23482632637023926, 0.23618650436401367, 0.227982759475708, 0.21787548065185547, 0.22734427452087402, 0.22682499885559082, 0.23104357719421387, 0.23603510856628418, 0.22541546821594238, 0.21616077423095703, 0.212799072265625, 0.22230958938598633, 0.24291729927062988, 0.23755812644958496, 0.25745701789855957, 0.22413420677185059, 0.25119709968566895, 0.21233153343200684, 0.23436355590820312, 0.24579739570617676, 0.21780920028686523, 0.20766711235046387, 0.21793603897094727, 0.215651273727417, 0.21895766258239746, 0.2186567783355713, 0.23698043823242188, 0.20845341682434082, 0.22750449180603027, 0.2146778106689453, 0.2064368724822998, 0.20193123817443848, 0.23109149932861328, 0.21552562713623047, 0.20061421394348145, 0.24457597732543945, 0.19865179061889648, 0.24646854400634766, 0.23360395431518555, 0.20291900634765625, 0.2091999053955078, 0.23195767402648926, 0.2193160057067871, 0.23234057426452637, 0.23578500747680664, 0.23871541023254395, 0.22440290451049805, 0.21043825149536133, 0.20694398880004883, 0.23015356063842773, 0.2252817153930664, 0.262221097946167, 0.22893285751342773, 0.23566579818725586, 0.2511918544769287, 0.23048019409179688, 0.24429535865783691, 0.21056294441223145, 0.24288153648376465, 0.20988893508911133, 0.23804330825805664, 0.21228671073913574, 0.22565388679504395, 0.2228403091430664, 0.21901464462280273, 0.46368956565856934, 0.200852632522583, 0.20569896697998047, 0.22737479209899902, 0.19410276412963867, 0.19619536399841309, 0.19920659065246582, 0.1916637420654297, 0.2013568878173828, 0.2053060531616211, 0.1975698471069336, 0.1952977180480957, 0.19232463836669922, 0.1950976848602295, 0.20322394371032715, 0.20733141899108887, 0.19600987434387207, 0.19817590713500977, 0.20530295372009277, 0.19586873054504395, 0.20588064193725586, 0.19478058815002441, 0.18972539901733398, 0.21294069290161133, 0.19836759567260742, 0.20701217651367188, 0.1936194896697998, 0.19373059272766113, 0.19932317733764648, 0.1915416717529297, 0.20398592948913574, 0.19637131690979004, 0.2149050235748291, 0.19252228736877441, 0.19496989250183105, 0.19478654861450195, 0.19388842582702637, 0.1971290111541748, 0.19371724128723145, 0.19870972633361816, 0.1970200538635254, 0.19884657859802246, 0.19416022300720215, 0.20035266876220703, 0.2037029266357422, 0.19182395935058594, 0.20366501808166504, 0.18712401390075684, 0.19582176208496094, 0.19181156158447266, 0.19043517112731934, 0.19908428192138672, 0.20966386795043945, 0.1934373378753662, 0.19504570960998535, 0.20175552368164062, 0.23207807540893555, 0.2151014804840088, 0.20656895637512207, 0.20686674118041992, 0.20558905601501465, 0.2046034336090088, 0.19764232635498047, 0.20695996284484863, 0.21550655364990234, 0.20466160774230957, 0.19439935684204102, 0.19623279571533203, 0.19782686233520508, 0.19754743576049805, 0.20535564422607422, 0.19169926643371582, 0.1954033374786377, 0.21349453926086426, 0.19957518577575684, 0.20353984832763672, 0.20490097999572754, 0.2050783634185791, 0.2048814296722412, 0.20193696022033691, 0.2082669734954834, 0.20481157302856445, 0.20720887184143066, 0.1946098804473877, 0.18973183631896973, 0.20509076118469238, 0.20001792907714844, 0.1981031894683838, 0.195695161819458, 0.19588613510131836, 0.19532203674316406, 0.21568536758422852, 0.1972944736480713, 0.20076560974121094, 0.2004079818725586, 0.20521831512451172, 0.19382238388061523, 0.20858097076416016, 0.20180273056030273, 0.19942736625671387, 0.2136838436126709, 0.22183799743652344, 0.20277643203735352, 0.2144618034362793, 0.20346617698669434, 0.22107982635498047, 0.2122180461883545, 0.20751357078552246, 0.20287418365478516, 0.19445252418518066, 0.192108154296875, 0.20731496810913086, 0.20958566665649414, 0.2106490135192871, 0.19664978981018066, 0.19757342338562012, 0.1906604766845703, 0.19109678268432617, 0.20260071754455566, 0.19675421714782715, 0.19228887557983398, 0.2183973789215088, 0.19736742973327637, 0.18819689750671387, 0.19794249534606934, 0.20876479148864746, 0.20923709869384766, 0.21239209175109863, 0.19875884056091309, 0.20172762870788574, 0.20841479301452637, 0.19327378273010254, 0.20386838912963867, 0.2019343376159668, 0.22447657585144043, 0.19612598419189453, 0.20143461227416992, 0.19714593887329102, 0.1910092830657959, 0.19824743270874023, 0.20071053504943848, 0.20241379737854004, 0.21252965927124023, 0.19625568389892578, 0.2092573642730713, 0.19439029693603516, 0.1983346939086914, 0.19139981269836426, 0.20293116569519043, 0.20691919326782227, 0.1988232135772705, 0.20155644416809082, 0.18588709831237793, 0.19818639755249023, 0.19996380805969238, 0.21562528610229492, 0.21404433250427246, 0.20053696632385254, 0.20424294471740723, 0.19777822494506836, 0.20095181465148926, 0.19428133964538574, 0.20461273193359375, 0.20063161849975586, 0.1957714557647705, 0.22176432609558105, 0.20777225494384766, 0.2028505802154541, 0.2015683650970459, 0.19980359077453613, 0.19633173942565918, 0.20856356620788574, 0.194777250289917, 0.1998124122619629, 0.2175273895263672, 0.20267581939697266, 0.209869384765625, 0.18889737129211426, 0.2000114917755127, 0.20948219299316406, 0.2026841640472412, 0.19584250450134277, 0.1927177906036377, 0.2059338092803955, 0.20207691192626953, 0.1941361427307129, 0.19622230529785156, 0.20743536949157715, 0.20534539222717285, 0.20591306686401367, 0.2014315128326416, 0.21097946166992188, 0.21222972869873047, 0.2024843692779541, 0.19865751266479492, 0.20916175842285156, 0.18813300132751465, 0.2053818702697754, 0.21215319633483887, 0.19968891143798828, 0.19404006004333496, 0.19912219047546387, 0.19597744941711426, 0.1895439624786377, 0.19934558868408203, 0.19750714302062988, 0.2041769027709961, 0.19692373275756836, 0.1995699405670166, 0.20516157150268555, 0.22301936149597168, 0.20519638061523438, 0.19304847717285156, 0.19106602668762207, 0.19469022750854492, 0.23299241065979004, 0.20337700843811035, 0.19761919975280762, 0.19812607765197754, 0.19695138931274414, 0.19368672370910645, 0.2023932933807373, 0.20822834968566895, 0.20253276824951172, 0.21666502952575684, 0.2083137035369873, 0.19936490058898926, 0.1972792148590088, 0.2115464210510254, 0.1986689567565918, 0.20409679412841797, 0.2093219757080078, 0.20167064666748047, 0.1972060203552246, 0.1987907886505127, 0.19135689735412598, 0.1945664882659912, 0.1972646713256836, 0.1942424774169922, 0.1989908218383789, 0.20299696922302246, 0.21225428581237793, 0.20866632461547852, 0.1975722312927246, 0.2090747356414795, 0.20281624794006348, 0.2004232406616211, 0.21040558815002441, 0.2004404067993164, 0.2213585376739502, 0.20795583724975586, 0.2209482192993164, 0.21948504447937012, 0.2053394317626953, 0.19415712356567383, 0.20116615295410156, 0.18936991691589355, 0.2027575969696045, 0.21292829513549805, 0.1936943531036377, 0.19360136985778809, 0.19416308403015137, 0.19878792762756348, 0.20297765731811523, 0.19321250915527344, 0.21081018447875977, 0.20316481590270996, 0.19054746627807617, 0.19576144218444824, 0.18961262702941895, 0.19910478591918945, 0.20290875434875488, 0.2112283706665039, 0.20316505432128906, 0.20389008522033691, 0.20666909217834473, 0.2139744758605957, 0.20454764366149902, 0.1954479217529297, 0.20529723167419434, 0.2046794891357422, 0.21912169456481934, 0.19575905799865723, 0.19704461097717285, 0.1998145580291748, 0.19297575950622559, 0.22024273872375488, 0.22378826141357422, 0.22392511367797852, 0.23897194862365723, 0.21696758270263672, 0.20720839500427246, 0.20146918296813965, 0.1998445987701416, 0.20263004302978516, 0.19913935661315918, 0.20215439796447754, 0.21761631965637207, 0.20180583000183105, 0.2119286060333252, 0.21969318389892578, 0.20167303085327148, 0.1977708339691162, 0.19706463813781738, 