{"ID": 5, "inference time": [0.287548303604126, 0.2532799243927002, 0.25771355628967285, 0.2561471462249756, 0.24857044219970703, 0.26549530029296875, 0.2459561824798584, 0.2498171329498291, 0.23741507530212402, 0.2470386028289795, 0.24534869194030762, 0.24052047729492188, 0.24507594108581543, 0.24692654609680176, 0.24499273300170898, 0.24466609954833984, 0.24501252174377441, 0.23869800567626953, 0.24151992797851562, 0.24000334739685059, 0.2553427219390869, 0.2479703426361084, 0.2507193088531494, 0.24647831916809082, 0.24729061126708984, 0.25074172019958496, 0.24144363403320312, 0.24502825736999512, 0.24853086471557617, 0.26225852966308594, 0.25511837005615234, 0.26285767555236816, 0.24228620529174805, 0.24524378776550293, 0.2521214485168457, 0.24005818367004395, 0.23693299293518066, 0.24143099784851074, 0.24741363525390625, 0.24614286422729492, 0.23633480072021484, 0.24095845222473145, 0.24549245834350586, 0.24769806861877441, 0.2389993667602539, 0.24236798286437988, 0.24217963218688965, 0.24526166915893555, 0.24106073379516602, 0.23693203926086426, 0.25801706314086914, 0.2418966293334961, 0.2593073844909668, 0.2451310157775879, 0.24518203735351562, 0.2407078742980957, 0.24273371696472168, 0.25027942657470703, 0.24428772926330566, 0.2473616600036621, 0.2491440773010254, 0.24341678619384766, 0.23641562461853027, 0.24042510986328125, 0.24756455421447754, 0.23598670959472656, 0.2501189708709717, 0.23940563201904297, 0.2432568073272705, 0.24566006660461426, 0.2446143627166748, 0.2535881996154785, 0.24047183990478516, 0.25003862380981445, 0.2336585521697998, 0.24933600425720215, 0.23892426490783691, 0.2419276237487793, 0.23792147636413574, 0.24150657653808594, 0.48629140853881836, 0.20667076110839844, 0.2011096477508545, 0.21807312965393066, 0.20852899551391602, 0.22316431999206543, 0.20207786560058594, 0.21732878684997559, 0.20505118370056152, 0.21022248268127441, 0.21451973915100098, 0.2036745548248291, 0.20569562911987305, 0.20973515510559082, 0.21192097663879395, 0.21785426139831543, 0.21962928771972656, 0.21115803718566895, 0.21489691734313965, 0.20402026176452637, 0.2020869255065918, 0.20386409759521484, 0.21239924430847168, 0.2095193862915039, 0.22031164169311523, 0.21703410148620605, 0.22325921058654785, 0.2123889923095703, 0.20990371704101562, 0.21030473709106445, 0.2166895866394043, 0.20142173767089844, 0.21506190299987793, 0.202850341796875, 0.21180200576782227, 0.23128914833068848, 0.21575117111206055, 0.20769810676574707, 0.21744203567504883, 0.2134230136871338, 0.2061324119567871, 0.2101759910583496, 0.20558857917785645, 0.21149039268493652, 0.20500922203063965, 0.20525336265563965, 0.21554279327392578, 0.2283308506011963, 0.21604228019714355, 0.20713329315185547, 0.21150779724121094, 0.21611857414245605, 0.2175889015197754, 0.22391080856323242, 0.20811891555786133, 0.2023763656616211, 0.22962164878845215, 0.22554993629455566, 0.2109065055847168, 0.2139301300048828, 0.2130274772644043, 0.2112271785736084, 0.22513794898986816, 0.20314550399780273, 0.20915794372558594, 0.20568060874938965, 0.20453810691833496, 0.2101898193359375, 0.21921086311340332, 0.19685602188110352, 0.2090158462524414, 0.20529651641845703, 0.20330214500427246, 0.2222747802734375, 0.210984468460083, 0.20573949813842773, 0.2130427360534668, 0.2174372673034668, 0.21775412559509277, 0.21668696403503418, 0.2168569564819336, 0.2130429744720459, 0.2204728126525879, 0.2268998622894287, 0.2084031105041504, 0.21929335594177246, 0.2184312343597412, 0.21379828453063965, 0.20760893821716309, 0.2160789966583252, 0.21271610260009766, 0.21349740028381348, 0.2058093547821045, 0.21829938888549805, 0.21114301681518555, 0.21557188034057617, 0.21915817260742188, 0.20724987983703613, 0.2043287754058838, 0.2053694725036621, 0.2131357192993164, 0.2129662036895752, 0.22047710418701172, 0.2086019515991211, 0.21265077590942383, 0.21145153045654297, 0.20724272727966309, 0.21053218841552734, 0.20777153968811035, 0.20414209365844727, 0.21054387092590332, 0.20595574378967285, 0.20873713493347168, 0.20595049858093262, 0.1994764804840088, 0.20174002647399902, 0.20133113861083984, 0.20456552505493164, 0.21177387237548828, 0.2112288475036621, 0.20835399627685547, 0.21372175216674805, 0.2104930877685547, 0.20786046981811523, 0.20219874382019043, 0.22241449356079102, 0.2199842929840088, 0.2166304588317871, 0.20126843452453613, 0.2121267318725586, 0.22153806686401367, 0.2052755355834961, 0.2084817886352539, 0.20408058166503906, 0.21969079971313477, 0.20450901985168457, 0.19966435432434082, 0.2072920799255371, 0.20894432067871094, 0.2161543369293213, 0.2187786102294922, 0.2037341594696045, 0.22020530700683594, 0.20387053489685059, 0.206221342086792, 0.21077513694763184, 0.21227645874023438, 0.20289397239685059, 0.20134401321411133, 0.21550464630126953, 0.21638822555541992, 0.20268678665161133, 0.19939517974853516, 0.21682167053222656, 0.20306396484375, 0.2092294692993164, 0.21089720726013184, 0.21103453636169434, 0.20163702964782715, 0.21129679679870605, 0.23328709602355957, 0.21268939971923828, 0.20403718948364258, 0.22196245193481445, 0.21240234375, 0.21350741386413574, 0.20468354225158691, 0.21718764305114746, 0.22255420684814453, 0.21219611167907715, 0.2147059440612793, 0.21226286888122559, 0.21016740798950195, 0.21410155296325684, 0.21480512619018555, 0.20698952674865723, 0.21785879135131836, 0.20458602905273438, 0.21172213554382324, 0.20769143104553223, 0.21308088302612305, 0.2093493938446045, 0.21244525909423828, 0.2080395221710205, 0.21416163444519043, 0.20542550086975098, 0.2161405086517334, 0.21492648124694824, 0.21881723403930664, 0.2086951732635498, 0.20659375190734863, 0.21918702125549316, 0.2288973331451416, 0.21892499923706055, 0.2070143222808838, 0.21689772605895996, 0.21497535705566406, 0.21335363388061523, 0.21616339683532715, 0.22280335426330566, 0.20345020294189453, 0.21956300735473633, 0.21755456924438477, 0.2244551181793213, 0.21299433708190918, 0.22805118560791016, 0.22122669219970703, 0.21420669555664062, 0.22584319114685059, 0.2131049633026123, 0.2224431037902832, 0.2151637077331543, 0.2138073444366455, 0.21350693702697754, 0.20937061309814453, 0.2311711311340332, 0.2142500877380371, 0.2095024585723877, 0.20164012908935547, 0.20075488090515137, 0.20580434799194336, 0.2083418369293213, 0.22469139099121094, 0.2073988914489746, 0.22564029693603516, 0.20838713645935059, 0.22256970405578613, 0.2114729881286621, 0.2131175994873047, 0.21766352653503418, 0.20763444900512695, 0.21592283248901367, 0.22113752365112305, 0.21295833587646484, 0.20929217338562012, 0.20520353317260742, 0.2126610279083252, 0.20893311500549316, 0.20606732368469238, 0.1999497413635254, 0.21751165390014648, 0.20786547660827637, 0.2059154510498047, 0.20727849006652832, 0.2106635570526123, 0.2039628028869629, 0.21808981895446777, 0.21760773658752441, 0.21040654182434082, 0.23005270957946777, 0.21561336517333984, 0.2225053310394287, 0.22118377685546875, 0.21615147590637207, 0.23165011405944824, 0.21343064308166504, 0.21066808700561523, 0.2146909236907959, 0.21647977828979492, 0.2068798542022705, 0.2213575839996338, 0.21337270736694336, 0.21845793724060059, 0.21250557899475098, 0.20752930641174316, 0.20389938354492188, 0.1998581886291504, 0.20450067520141602, 0.2081146240234375, 0.2027590274810791, 0.20530319213867188, 0.21463775634765625, 0.22299981117248535, 0.21465563774108887, 0.2092149257659912, 0.20241284370422363, 0.2088489532470703, 0.2128448486328125, 0.2029738426208496, 0.2224135398864746, 0.21254706382751465, 0.21592998504638672, 0.21574640274047852, 0.2156507968902588, 0.20227384567260742, 0.2125988006591797, 0.21838951110839844, 0.2140941619873047, 0.21944618225097656, 0.22549080848693848, 0.2123851776123047, 0.2092750072479248, 0.21047043800354004, 0.2127213478088379, 0.21551895141601562, 0.21515345573425293, 0.20964550971984863, 0.21775555610656738, 0.20441794395446777, 0.21232390403747559, 0.21746563911437988, 0.2151026725769043, 0.2167506217956543, 0.21146798133850098, 0.20035028457641602, 