{"ID": 0, "inference time": [0.20270657539367676, 0.16870450973510742, 0.16330552101135254, 0.1672966480255127, 0.16921019554138184, 0.16588282585144043, 0.17091655731201172, 0.16803717613220215, 0.16381573677062988, 0.1686720848083496, 0.17459464073181152, 0.17492938041687012, 0.16921281814575195, 0.1730353832244873, 0.16876649856567383, 0.16544008255004883, 0.16664576530456543, 0.16759991645812988, 0.1676311492919922, 0.16639041900634766, 0.17646169662475586, 0.172410249710083, 0.17075586318969727, 0.17002463340759277, 0.16721534729003906, 0.1760239601135254, 0.17052984237670898, 0.16952157020568848, 0.17127680778503418, 0.16936635971069336, 0.17815279960632324, 0.16724038124084473, 0.17116665840148926, 0.16676545143127441, 0.17467665672302246, 0.17057061195373535, 0.16610002517700195, 0.1707160472869873, 0.1693105697631836, 0.17093515396118164, 0.17142033576965332, 0.16625499725341797, 0.17221355438232422, 0.16536831855773926, 0.16670513153076172, 0.16353249549865723, 0.17161059379577637, 0.164201021194458, 0.1689908504486084, 0.16209983825683594, 0.16087055206298828, 0.16148900985717773, 0.1701364517211914, 0.16596579551696777, 0.16263389587402344, 0.16358685493469238, 0.16927123069763184, 0.17004847526550293, 0.16772961616516113, 0.17191767692565918, 0.1685645580291748, 0.16734600067138672, 0.16434669494628906, 0.16866111755371094, 0.16510248184204102, 0.1664106845855713, 0.16957473754882812, 0.16841816902160645, 0.16669344902038574, 0.16672825813293457, 0.16286635398864746, 0.1710824966430664, 0.16698980331420898, 0.1702423095703125, 0.1692342758178711, 0.16008424758911133, 0.16764616966247559, 0.16894125938415527, 0.17215728759765625, 0.1696314811706543, 0.16956090927124023, 0.16524195671081543, 0.16200709342956543, 0.1622152328491211, 0.16561269760131836, 0.16335487365722656, 0.1673727035522461, 0.1674785614013672, 0.16606497764587402, 0.1714162826538086, 0.1695237159729004, 0.1688244342803955, 0.17212891578674316, 0.17346715927124023, 0.17040371894836426, 0.1697373390197754, 0.17077231407165527, 0.1709895133972168, 0.166426420211792, 0.16968011856079102, 0.1725914478302002, 0.17050933837890625, 0.17136001586914062, 0.1720743179321289, 0.16649413108825684, 0.1709911823272705, 0.17179107666015625, 0.17101263999938965, 0.17444252967834473, 0.16566228866577148, 0.16592669486999512, 0.16911029815673828, 0.1768331527709961, 0.17026138305664062, 0.17430925369262695, 0.1735372543334961, 0.17026472091674805, 0.17252850532531738, 0.17067980766296387, 0.17268824577331543, 0.17779827117919922, 0.1709003448486328, 0.16734671592712402, 0.17325520515441895, 0.17127537727355957, 0.16935443878173828, 0.17521142959594727, 0.16892361640930176, 0.17180514335632324, 0.17242717742919922, 0.17316627502441406, 0.17131543159484863, 0.17436623573303223, 0.17278099060058594, 0.17064547538757324, 0.17211341857910156, 0.17350530624389648, 0.1768054962158203, 0.16892313957214355, 0.1723623275756836, 0.17110085487365723, 0.17909622192382812, 0.17333054542541504, 0.1719043254852295, 0.17281079292297363, 0.17231154441833496, 0.16810059547424316, 0.17005181312561035, 0.16583919525146484, 0.17049431800842285, 0.16957736015319824, 0.17080092430114746, 0.17215275764465332, 0.16940999031066895, 0.17027640342712402, 0.17110395431518555, 0.17200636863708496, 0.16757678985595703, 0.17017197608947754, 0.17041921615600586, 0.17334413528442383, 0.17415380477905273, 0.17201876640319824, 0.16980457305908203, 0.1700880527496338, 0.1708841323852539, 0.16746902465820312, 0.16836857795715332, 0.17187142372131348, 0.16419672966003418, 0.16955947875976562, 0.17364954948425293, 0.1649913787841797, 0.1675705909729004, 0.17093443870544434, 0.1734316349029541, 0.16839146614074707, 0.17207789421081543, 0.17093873023986816, 0.17319273948669434, 0.1710507869720459, 0.17076897621154785, 0.16757559776306152, 0.1675879955291748, 0.17194461822509766, 0.16857194900512695, 0.17475008964538574, 0.16685056686401367, 0.17380952835083008, 0.1707768440246582, 0.17413091659545898, 0.17054009437561035, 0.16851592063903809, 0.16389703750610352, 0.17014503479003906, 0.1702582836151123, 0.1697523593902588, 0.17061281204223633, 0.1644604206085205, 0.1706557273864746, 0.17117047309875488, 0.1729893684387207, 0.17010712623596191, 0.1711587905883789, 0.17129945755004883, 0.17002606391906738, 0.1683335304260254, 0.1659374237060547, 0.17102432250976562, 0.16731667518615723, 0.16642332077026367, 0.16864800453186035, 0.16865801811218262, 0.1674962043762207, 0.1689465045928955, 0.1721782684326172, 0.17224812507629395, 0.16739630699157715, 0.1697239875793457, 0.16596102714538574, 0.16949844360351562, 0.16605377197265625, 0.16997075080871582, 0.1650378704071045, 0.16161179542541504, 0.1680610179901123, 0.17220354080200195, 0.16750168800354004, 0.16241788864135742, 0.17099285125732422, 0.1688227653503418, 0.1617262363433838, 0.16767191886901855, 0.16482949256896973, 0.16314077377319336, 0.15918564796447754, 0.1680290699005127, 0.16344356536865234, 0.16937041282653809, 0.16881799697875977, 0.17434453964233398, 0.16546106338500977, 0.1622142791748047, 0.16681265830993652, 0.16812920570373535, 0.1600658893585205, 0.16733574867248535, 0.16281366348266602, 0.16398096084594727, 0.1620039939880371, 0.16205906867980957, 0.16582179069519043, 0.16344499588012695, 0.1614534854888916, 0.1585242748260498, 0.16193699836730957, 0.1576218605041504, 0.1626439094543457, 0.16457033157348633, 0.1712360382080078, 0.16500425338745117, 0.1696324348449707, 0.1686546802520752, 0.1621699333190918, 0.1671888828277588, 0.16476988792419434, 0.16681122779846191, 0.16582822799682617, 0.1674971580505371, 0.16830754280090332, 0.1651768684387207, 0.16397476196289062, 0.1663374900817871, 0.16173982620239258, 0.16575312614440918, 0.15965867042541504, 0.1652677059173584, 0.16612958908081055, 0.16747713088989258, 0.16197896003723145, 0.16593217849731445, 0.167130708694458, 0.1668698787689209, 0.1664721965789795, 0.16228437423706055, 0.1655254364013672, 0.1594865322113037, 0.166456937789917, 0.16363310813903809, 0.16301631927490234, 0.16487479209899902, 0.16431093215942383, 0.15853023529052734, 0.1654376983642578, 0.16502165794372559, 0.16425442695617676, 0.16616320610046387, 0.16513729095458984, 0.16978716850280762, 0.1653122901916504, 0.17046356201171875, 0.16410422325134277, 0.16177940368652344, 0.16322040557861328, 0.16781949996948242, 0.16455912590026855, 0.16215801239013672, 0.1668863296508789, 0.1667325496673584, 0.16714262962341309, 0.16870665550231934, 0.16872167587280273, 0.1665499210357666, 0.1660473346710205, 0.16492223739624023, 0.16816949844360352, 0.163818359375, 0.16632461547851562, 0.16713833808898926, 0.1638185977935791, 0.1660006046295166, 0.16795563697814941, 0.1693587303161621, 0.16446733474731445, 0.16351962089538574, 0.16447043418884277, 0.1642742156982422, 0.16260957717895508, 0.1665968894958496, 0.1693131923675537, 0.16808176040649414, 0.1676502227783203, 0.1663191318511963, 0.16577506065368652, 0.1675271987915039, 0.16611027717590332, 0.16605329513549805, 0.16424226760864258, 0.16156768798828125, 0.17153644561767578, 0.16988277435302734, 0.16937732696533203, 0.167130708694458, 0.16642427444458008, 0.16581273078918457, 0.16905665397644043, 0.16601800918579102, 0.1678462028503418, 0.1655881404876709, 0.16708016395568848, 0.16876673698425293, 0.16862249374389648, 0.16408085823059082, 0.169297456741333, 0.1683957576751709, 0.16443824768066406, 0.16796255111694336, 0.16405773162841797, 0.16402840614318848, 0.16897130012512207, 0.16183829307556152, 0.1618659496307373, 0.16111016273498535, 0.16242623329162598, 0.1668083667755127, 0.16383004188537598, 0.16645550727844238, 0.16232919692993164, 0.17256617546081543, 0.16449713706970215, 0.16655826568603516, 0.16614985466003418, 0.17063117027282715, 0.16824126243591309, 0.16600728034973145, 0.16545844078063965, 0.16843652725219727, 0.16439127922058105, 0.16933751106262207, 0.16885948181152344, 0.1698625087738037, 0.1667025089263916, 0.16636085510253906, 0.1724236011505127, 0.16714048385620117, 