{"ID": 4, "inference time": [7.197613716125488, 0.049526214599609375, 0.04491114616394043, 0.04665684700012207, 0.04282665252685547, 0.05020308494567871, 0.04313230514526367, 0.05057024955749512, 0.05029773712158203, 0.11991000175476074, 0.1129300594329834, 0.06745362281799316, 0.04008674621582031, 0.05089926719665527, 0.0659935474395752, 0.0431208610534668, 0.05466771125793457, 0.06679177284240723, 0.04217195510864258, 0.051662445068359375, 0.0661003589630127, 0.039633750915527344, 0.05334925651550293, 0.0655217170715332, 0.04056692123413086, 0.051233768463134766, 0.06577563285827637, 0.04012179374694824, 0.05124807357788086, 0.06528043746948242, 0.039595603942871094, 0.05800676345825195, 0.10320782661437988, 0.15230774879455566, 0.1439039707183838, 0.07910799980163574, 0.03799891471862793, 0.04282069206237793, 0.059601545333862305, 0.0834493637084961, 0.05282092094421387, 0.04456925392150879, 0.037600040435791016, 0.05079507827758789, 0.059603214263916016, 0.07323145866394043, 0.03736448287963867, 0.03836655616760254, 0.03732895851135254, 0.05201005935668945, 0.060387372970581055, 0.09221339225769043, 0.039888620376586914, 0.03935551643371582, 0.037709712982177734, 0.05278277397155762, 0.0649557113647461, 0.0471498966217041, 0.037342071533203125, 0.05008268356323242, 0.0431828498840332, 0.061014652252197266, 0.06611943244934082, 0.05444455146789551, 0.03770160675048828, 0.05142354965209961, 0.05089688301086426, 0.058815717697143555, 0.062430620193481445, 0.05541038513183594, 0.06242012977600098, 0.07200193405151367, 0.03913545608520508, 0.0404515266418457, 0.0535273551940918, 0.05515909194946289, 0.06213998794555664, 0.07033348083496094, 0.04499053955078125, 0.03858542442321777, 0.05553102493286133, 0.060869693756103516, 0.06259918212890625, 0.0732429027557373, 0.04676079750061035, 0.03868389129638672, 0.05706286430358887, 0.08323335647583008, 0.06310796737670898, 0.0624384880065918, 0.04508566856384277, 0.03745269775390625, 0.05601859092712402, 0.06408548355102539, 0.0589900016784668, 0.07107686996459961, 0.06946206092834473, 0.03804492950439453, 0.044016361236572266, 0.05333971977233887, 0.056471824645996094, 0.06529998779296875, 0.09017372131347656, 0.03922677040100098, 0.04013943672180176, 0.05280303955078125, 0.054090023040771484, 0.05919790267944336, 0.0676581859588623, 0.06008172035217285, 0.06613326072692871, 0.09821748733520508, 0.05292987823486328, 0.052448272705078125, 0.0475311279296875, 0.053275108337402344, 0.059223175048828125, 0.07929611206054688, 0.061875343322753906, 0.0785069465637207, 0.05518603324890137, 0.03737282752990723, 0.051299333572387695, 0.05858206748962402, 0.052391767501831055, 0.05942416191101074, 0.0692756175994873, 0.07128477096557617, 0.062290191650390625, 0.0507810115814209, 0.03850364685058594, 0.05476260185241699, 0.06536316871643066, 0.054781436920166016, 0.06014895439147949, 0.07340025901794434, 0.06270670890808105, 0.07365942001342773, 0.05252552032470703, 0.03956460952758789, 0.05562233924865723, 0.06378340721130371, 0.04928755760192871, 0.05985736846923828, 0.07480406761169434, 0.06668758392333984, 0.07738494873046875, 0.05690431594848633, 0.038462162017822266, 0.05306577682495117, 0.0661623477935791, 0.05929732322692871, 0.06463456153869629, 0.10305595397949219, 0.07043075561523438, 0.05716443061828613, 0.055594444274902344, 0.038075923919677734, 0.0556340217590332, 0.062088966369628906, 0.05391407012939453, 0.0563507080078125, 0.08456969261169434, 0.05302166938781738, 0.06620001792907715, 0.07697153091430664, 0.06330585479736328, 0.07588863372802734, 0.056781768798828125, 0.03807663917541504, 0.05969047546386719, 0.07158827781677246, 0.05803871154785156, 0.06346368789672852, 0.07980775833129883, 0.05348515510559082, 0.05431962013244629, 0.07124757766723633, 0.05008864402770996, 0.05819225311279297, 0.074554443359375, 0.049970149993896484, 0.056023359298706055, 0.07749629020690918, 0.05113673210144043, 0.06745338439941406, 0.08027410507202148, 0.06189370155334473, 0.06114768981933594, 0.0821542739868164, 0.06053948402404785, 0.0580136775970459, 0.07929015159606934, 0.052040815353393555, 0.062004804611206055, 0.07706880569458008, 0.050325870513916016, 0.05906796455383301, 0.07851481437683105, 0.05437970161437988, 0.06462478637695312, 0.08422207832336426, 0.05365467071533203, 0.06031346321105957, 0.07907533645629883, 0.04823470115661621, 0.06108355522155762, 0.08221292495727539, 0.06228160858154297, 0.0679326057434082, 0.08212780952453613, 0.05342411994934082, 0.07043290138244629, 0.0833277702331543, 0.06252598762512207, 0.0641932487487793, 0.08116841316223145, 0.04963254928588867, 0.06313538551330566, 0.08615303039550781, 0.05318045616149902, 0.06360054016113281, 0.08944177627563477, 0.05347561836242676, 0.06772422790527344, 0.09179854393005371, 0.0517878532409668, 0.061960697174072266, 0.09569120407104492, 0.05129575729370117, 0.05983614921569824, 0.08261489868164062, 0.051679372787475586, 0.06627488136291504, 0.08895611763000488, 0.050328731536865234, 0.06705260276794434, 0.0886225700378418, 0.048125505447387695, 0.06140923500061035, 0.08623433113098145, 0.047627925872802734, 0.06526660919189453, 0.08704543113708496, 0.048389434814453125, 0.07131171226501465, 0.0976402759552002, 0.053682804107666016, 0.06792616844177246, 0.09171676635742188, 0.05439639091491699, 0.06613874435424805, 0.08596658706665039, 0.052124977111816406, 0.06400322914123535, 0.08682942390441895, 0.04137158393859863, 0.06169486045837402, 0.09071636199951172, 0.0504913330078125, 0.06164908409118652, 0.09329652786254883, 0.04776811599731445, 0.06388401985168457, 0.09258270263671875, 0.048735857009887695, 0.06456995010375977, 0.0912172794342041, 0.04943704605102539, 0.06518793106079102, 0.0947265625, 0.052451372146606445, 0.060915470123291016, 0.09490132331848145, 0.04704642295837402, 0.06306815147399902, 0.09520387649536133, 0.038498640060424805, 0.07331418991088867, 0.09736824035644531, 0.04572725296020508, 0.06392025947570801, 0.10139679908752441, 0.04010486602783203, 0.06236720085144043, 0.09699869155883789, 0.04634523391723633, 0.06514573097229004, 0.10029339790344238, 0.04744553565979004, 0.06266522407531738, 0.09411787986755371, 0.04597163200378418, 0.06388163566589355, 0.09895730018615723, 0.0460965633392334, 0.06420421600341797, 0.09622406959533691, 0.051294803619384766, 0.07051491737365723, 0.10185956954956055, 0.05217552185058594, 0.0710916519165039, 0.1024470329284668, 0.04735112190246582, 0.06398200988769531, 0.09690380096435547, 0.0498812198638916, 0.06429028511047363, 0.09770679473876953, 0.05116915702819824, 0.06521058082580566, 0.09877371788024902, 0.04879617691040039, 0.0678565502166748, 0.09357452392578125, 0.06269240379333496, 0.06573200225830078, 0.0936429500579834, 0.04707980155944824, 0.06229877471923828, 0.09568452835083008, 0.052741050720214844, 0.07171416282653809, 0.10099411010742188, 0.052771806716918945, 0.06575179100036621, 0.09225296974182129, 0.05745244026184082, 0.06734418869018555, 0.09546113014221191, 0.05069327354431152, 0.06970953941345215, 0.09578108787536621, 0.05882692337036133, 0.07091760635375977, 0.09598469734191895, 0.06232404708862305, 0.06968927383422852, 0.09080386161804199, 0.05624723434448242, 0.06646108627319336, 0.09346127510070801, 0.06105470657348633, 0.0682225227355957, 0.08923149108886719, 0.062482595443725586, 0.06912589073181152, 0.09664702415466309, 0.055982112884521484, 0.06806540489196777, 0.0897984504699707, 0.059148311614990234, 0.07222414016723633, 0.09099340438842773, 0.06512951850891113, 0.07430577278137207, 0.0925748348236084, 0.06723189353942871, 0.07671952247619629, 0.0922846794128418, 0.06412148475646973, 0.07394933700561523, 0.09099769592285156, 0.06335759162902832, 0.07614922523498535, 0.08820438385009766, 0.06869626045227051, 0.07615876197814941, 0.09596633911132812, 0.06520199775695801, 0.08820700645446777, 0.08400630950927734, 0.061734676361083984, 0.0737602710723877, 0.09345316886901855, 0.06322622299194336, 0.07101917266845703, 0.09478259086608887, 