{"ID": 6, "inference time": [16.72592282295227, 0.12438821792602539, 0.13161611557006836, 0.08696961402893066, 0.09247183799743652, 0.16186761856079102, 0.10166549682617188, 0.09464287757873535, 0.11995339393615723, 0.08962059020996094, 0.09033703804016113, 0.12211251258850098, 0.13101768493652344, 0.09724068641662598, 0.14422607421875, 0.10548901557922363, 0.10026764869689941, 0.17158889770507812, 0.1558387279510498, 0.10530996322631836, 0.13824987411499023, 0.11159229278564453, 0.09231424331665039, 0.12209701538085938, 0.12310171127319336, 0.0898599624633789, 0.14833521842956543, 0.10487651824951172, 0.10267829895019531, 0.12987232208251953, 0.12375879287719727, 0.10170984268188477, 0.15189766883850098, 0.11740589141845703, 0.10208368301391602, 0.14585494995117188, 0.11368799209594727, 0.0896456241607666, 0.12292313575744629, 0.10282015800476074, 0.10573148727416992, 0.14245915412902832, 0.1114046573638916, 0.09673762321472168, 0.12584662437438965, 0.11991190910339355, 0.09728646278381348, 0.15290164947509766, 0.12578654289245605, 0.1019449234008789, 0.12134742736816406, 0.12540507316589355, 0.10403895378112793, 0.1868443489074707, 0.12762928009033203, 0.08641910552978516, 0.12731385231018066, 0.11314153671264648, 0.09811019897460938, 0.15405988693237305, 0.11247968673706055, 0.09187698364257812, 0.12460827827453613, 0.14963674545288086, 0.09520411491394043, 0.1423184871673584, 0.12479043006896973, 0.10521578788757324, 0.17420744895935059, 0.16048216819763184, 0.09808135032653809, 0.13709664344787598, 0.11672854423522949, 0.09990644454956055, 0.15549850463867188, 0.11537504196166992, 0.0948479175567627, 0.16952037811279297, 0.10219883918762207, 0.10283684730529785, 0.13219213485717773, 0.13141655921936035, 0.10342097282409668, 0.19414663314819336, 0.14530634880065918, 0.10053277015686035, 0.1198272705078125, 0.13893675804138184, 0.10979747772216797, 0.1434781551361084, 0.14526081085205078, 0.1041104793548584, 0.15087437629699707, 0.16056036949157715, 0.09305691719055176, 0.1261122226715088, 0.12043571472167969, 0.10588431358337402, 0.1877424716949463, 0.13127684593200684, 0.09929418563842773, 0.195587158203125, 0.13175487518310547, 0.10054683685302734, 0.10494494438171387, 0.10841989517211914, 0.10380935668945312, 0.16309261322021484, 0.1216118335723877, 0.09940791130065918, 0.15368103981018066, 0.1333160400390625, 0.10085225105285645, 0.11807656288146973, 0.11301684379577637, 0.10549783706665039, 0.1567854881286621, 0.1266021728515625, 0.10294699668884277, 0.19855165481567383, 0.1567521095275879, 0.07980990409851074, 0.12575221061706543, 0.1206507682800293, 0.12549161911010742, 0.15465450286865234, 0.1217494010925293, 0.10694384574890137, 0.19315695762634277, 0.14761137962341309, 0.10634350776672363, 0.15136218070983887, 0.13527846336364746, 0.12166166305541992, 0.13426637649536133, 0.12236881256103516, 0.10652732849121094, 0.18519115447998047, 0.1480693817138672, 0.10782027244567871, 0.16968417167663574, 0.14289236068725586, 0.11175227165222168, 0.15257954597473145, 0.14424610137939453, 0.11479997634887695, 0.15221571922302246, 0.14022064208984375, 0.1303236484527588, 0.15518426895141602, 0.12808871269226074, 0.10944008827209473, 0.20411109924316406, 0.15872740745544434, 0.11275577545166016, 0.17127561569213867, 0.13320159912109375, 0.1377420425415039, 0.18810319900512695, 0.14712238311767578, 0.1258103847503662, 0.16398882865905762, 0.13135719299316406, 0.1153101921081543, 0.1726546287536621, 0.14129257202148438, 0.1113886833190918, 0.20304274559020996, 0.13954639434814453, 0.13451409339904785, 0.1563701629638672, 0.13765811920166016, 0.13571548461914062, 0.16330480575561523, 0.1524336338043213, 0.13921904563903809, 0.18033623695373535, 0.15499234199523926, 0.10487818717956543, 0.16536688804626465, 0.1553022861480713, 0.11664438247680664, 0.15883827209472656, 0.13027215003967285, 0.14928197860717773, 0.18634700775146484, 0.14647221565246582, 0.13496112823486328, 0.16213250160217285, 0.14708542823791504, 0.1265733242034912, 0.20885872840881348, 0.15968894958496094, 0.1344754695892334, 0.20450878143310547, 0.1450963020324707, 0.1489250659942627, 0.14928579330444336, 0.1440901756286621, 0.12254953384399414, 0.15736770629882812, 0.13533735275268555, 0.11176872253417969, 0.17715692520141602, 0.15326142311096191, 0.14438319206237793, 0.16839838027954102, 0.14214849472045898, 0.11780738830566406, 0.1827704906463623, 0.14802765846252441, 0.1344466209411621, 0.19121789932250977, 0.1426405906677246, 0.14928007125854492, 0.16501665115356445, 0.162675142288208, 0.14162206649780273, 0.1862332820892334, 0.15365958213806152, 0.1229407787322998, 0.16375184059143066, 0.1485128402709961, 0.14463233947753906, 0.19498538970947266, 0.1425635814666748, 0.12116074562072754, 0.19420814514160156, 0.13979005813598633, 0.1499500274658203, 0.18044328689575195, 0.1459977626800537, 0.14441609382629395, 0.1787874698638916, 0.15691351890563965, 0.13197684288024902, 0.1933598518371582, 0.1640338897705078, 0.13663172721862793, 0.17875242233276367, 0.15246939659118652, 0.1353461742401123, 0.19693398475646973, 0.1538710594177246, 0.1384885311126709, 0.21005773544311523, 0.15695810317993164, 0.14885926246643066, 0.19325828552246094, 0.14854860305786133, 0.1303713321685791, 0.19696712493896484, 0.14981889724731445, 0.1482534408569336, 0.22379469871520996, 0.15103745460510254, 0.12839031219482422, 0.20601582527160645, 0.15294194221496582, 0.14706897735595703, 0.2115488052368164, 0.159592866897583, 0.1239626407623291, 0.18700146675109863, 0.1473402976989746, 0.14024567604064941, 0.20528793334960938, 0.15700197219848633, 0.14554190635681152, 0.2181539535522461, 0.1471269130706787, 0.13423728942871094, 0.2022557258605957, 0.1497049331665039, 0.15261483192443848, 0.1816554069519043, 0.15500926971435547, 0.13725042343139648, 0.2064528465270996, 0.16785430908203125, 0.1433413028717041, 0.18975019454956055, 0.17032861709594727, 0.11642026901245117, 0.1971738338470459, 0.15375208854675293, 0.1318061351776123, 0.2000746726989746, 0.14768743515014648, 0.1407921314239502, 0.2026984691619873, 0.1556873321533203, 0.13027095794677734, 0.19575977325439453, 0.14976811408996582, 0.13036441802978516, 0.20051074028015137, 0.15529751777648926, 0.1239161491394043, 0.18657302856445312, 0.17056727409362793, 0.13613510131835938, 0.1743946075439453, 0.17173409461975098, 0.13198041915893555, 0.1530780792236328, 0.16181325912475586, 0.146925687789917, 0.20203566551208496, 0.15691232681274414, 0.14097857475280762, 0.15612339973449707, 0.18404388427734375, 0.1387312412261963, 0.18191957473754883, 0.17185115814208984, 0.13377761840820312, 0.19483637809753418, 0.18567371368408203, 0.13741564750671387, 0.178450345993042, 0.16638398170471191, 0.13984107971191406, 0.1799156665802002, 0.18628454208374023, 0.1495051383972168, 0.18914103507995605, 0.19919085502624512, 0.14911603927612305, 0.16989541053771973, 0.19945788383483887, 0.15331649780273438, 0.17930984497070312, 0.2063910961151123, 0.15221428871154785, 0.21690702438354492, 0.18735051155090332, 0.16002798080444336, 0.14437532424926758, 0.17521262168884277, 0.1473686695098877, 0.1829214096069336, 0.20092320442199707, 0.14308524131774902, 0.20351076126098633, 0.19364023208618164, 0.15070605278015137, 0.1849069595336914, 0.18603062629699707, 0.14743757247924805, 0.1825556755065918, 0.18921971321105957, 0.15032958984375, 0.19034647941589355, 0.18436527252197266, 0.15077948570251465, 0.19092941284179688, 0.19933724403381348, 0.15503978729248047, 0.14885568618774414, 0.19347739219665527, 0.15394043922424316, 0.1770477294921875, 0.1967639923095703, 0.15457653999328613, 0.2097017765045166, 0.1958310604095459, 0.15002012252807617, 0.15613126754760742, 0.20196914672851562, 0.14377379417419434, 0.15955233573913574, 0.2035057544708252, 0.1528630256652832, 0.17331528663635254, 0.1956486701965332, 0.14759373664855957, 0.18030357360839844, 0.19263219833374023, 0.14552092552185059, 0.18456268310546875, 0.20730185508728027, 0.17799687385559082, 0.17641448974609375, 