{"ID": 5, "inference time": [0.3363051414489746, 0.3586559295654297, 0.34792113304138184, 0.3448045253753662, 0.3518552780151367, 0.30750155448913574, 0.24588489532470703, 0.35887789726257324, 0.2748417854309082, 0.35424256324768066, 0.28166627883911133, 0.29089951515197754, 0.36345934867858887, 0.19000005722045898, 0.20639610290527344, 0.21968293190002441, 0.29270076751708984, 0.38029003143310547, 0.4237968921661377, 0.45013880729675293, 0.4459991455078125, 0.43007493019104004, 0.26003098487854004, 0.22080564498901367, 0.21904492378234863, 0.23862886428833008, 0.25708508491516113, 0.26171135902404785, 0.27490735054016113, 0.21025395393371582, 0.19440531730651855, 0.22861170768737793, 0.2187199592590332, 0.23357701301574707, 0.21104693412780762, 0.20422816276550293, 0.18779206275939941, 0.21086597442626953, 0.21527600288391113, 0.21221518516540527, 0.21120333671569824, 0.23002314567565918, 0.24065327644348145, 0.20266985893249512, 0.21627092361450195, 0.2050938606262207, 0.19163942337036133, 0.23159170150756836, 0.20163846015930176, 0.23262906074523926, 0.2111952304840088, 0.18851685523986816, 0.20069146156311035, 0.27588343620300293, 0.2380969524383545, 0.20408010482788086, 0.21570515632629395, 0.21083688735961914, 0.24758434295654297, 0.21150684356689453, 0.2145674228668213, 0.2173914909362793, 0.19430255889892578, 0.2623422145843506, 0.2170085906982422, 0.20696473121643066, 0.21598124504089355, 0.19576668739318848, 0.19669771194458008, 0.19753503799438477, 0.21227073669433594, 0.19915461540222168, 0.22420573234558105, 0.1946258544921875, 0.2267165184020996, 0.20833182334899902, 0.22210073471069336, 0.20637822151184082, 0.20120453834533691, 0.20908308029174805, 0.23637938499450684, 0.20995759963989258, 0.20152759552001953, 0.19982051849365234, 0.22024130821228027, 0.23454809188842773, 0.21663212776184082, 0.22488832473754883, 0.20591068267822266, 0.20814299583435059, 0.20689630508422852, 0.21661734580993652, 0.20241117477416992, 0.23495173454284668, 0.19153547286987305, 0.20929265022277832, 0.2457876205444336, 0.2039508819580078, 0.2272031307220459, 0.2217700481414795, 0.21838784217834473, 0.20012259483337402, 0.22797226905822754, 0.2154858112335205, 0.20076966285705566, 0.21176671981811523, 0.19712591171264648, 0.20554184913635254, 0.19921422004699707, 0.20011448860168457, 0.19904685020446777, 0.24791240692138672, 0.22623372077941895, 0.20926141738891602, 0.19621539115905762, 0.22352933883666992, 0.20489931106567383, 0.21823430061340332, 0.2081141471862793, 0.22397422790527344, 0.21905970573425293, 0.2066020965576172, 0.19572186470031738, 0.2660806179046631, 0.1982722282409668, 0.2050018310546875, 0.1996915340423584, 0.23270678520202637, 0.2149825096130371, 0.22642731666564941, 0.20914888381958008, 0.24229788780212402, 0.2012627124786377, 0.22379350662231445, 0.2089521884918213, 0.2258608341217041, 0.21346712112426758, 0.18962693214416504, 0.19935989379882812, 0.19626927375793457, 0.25085949897766113, 0.21931695938110352, 0.18802666664123535, 0.23464226722717285, 0.23977136611938477, 0.23813939094543457, 0.24389243125915527, 0.21881437301635742, 0.20430541038513184, 0.22865772247314453, 0.1955726146697998, 0.23909950256347656, 0.21955347061157227, 0.20345401763916016, 0.20552325248718262, 0.19772005081176758, 0.2176225185394287, 0.21697092056274414, 0.20185446739196777, 0.20203447341918945, 0.21175527572631836, 0.20819664001464844, 0.22735238075256348, 0.19840431213378906, 0.2081434726715088, 0.20111870765686035, 0.22444486618041992, 0.22054243087768555, 0.20686697959899902, 0.19734716415405273, 0.23255228996276855, 0.20217108726501465, 0.223435640335083, 0.21213626861572266, 0.21811223030090332, 0.2124166488647461, 0.22318506240844727, 0.22180509567260742, 0.22069716453552246, 0.26856350898742676, 0.20621109008789062, 0.2246084213256836, 0.19782447814941406, 0.23496031761169434, 0.19911956787109375, 0.2017357349395752, 0.21490740776062012, 0.2020556926727295, 0.2559034824371338, 0.2454674243927002, 0.1991569995880127, 0.20248007774353027, 0.20493006706237793, 0.20669126510620117, 0.21524310111999512, 0.21141624450683594, 0.2636137008666992, 0.20705842971801758, 0.23011064529418945, 0.22027134895324707, 0.22357702255249023, 0.2469170093536377, 0.22442030906677246, 0.20422053337097168, 0.2147531509399414, 0.26334285736083984, 0.22816061973571777, 0.22917723655700684, 0.2280740737915039, 0.2177109718322754, 0.22515034675598145, 0.20739340782165527, 0.20835256576538086, 0.23776483535766602, 0.2228984832763672, 0.19558930397033691, 0.23064851760864258, 0.21326184272766113, 0.22824335098266602, 0.21364569664001465, 0.2299962043762207, 0.20037341117858887, 0.23277497291564941, 0.21050405502319336, 0.22168445587158203, 0.23644471168518066, 0.21332883834838867, 0.20467233657836914, 0.2137758731842041, 0.22250914573669434, 0.24195051193237305, 0.22716641426086426, 0.21546006202697754, 0.19772648811340332, 0.19989299774169922, 0.21198511123657227, 0.2083137035369873, 0.2102978229522705, 0.20996665954589844, 0.23059630393981934, 0.20406103134155273, 0.19843530654907227, 0.19882917404174805, 0.23536348342895508, 0.19408106803894043, 0.2074720859527588, 0.2079148292541504, 0.2052295207977295, 0.20560574531555176, 0.2013840675354004, 0.220841646194458, 0.19002842903137207, 0.19793319702148438, 0.2000136375427246, 0.21640467643737793, 0.2127993106842041, 0.19495654106140137, 0.21926426887512207, 0.21377944946289062, 0.20089268684387207, 0.24558138847351074, 0.19393157958984375, 0.2186579704284668, 0.22053980827331543, 0.19942522048950195, 0.20769214630126953, 0.22072577476501465, 0.23210620880126953, 0.22445416450500488, 0.20140933990478516, 0.1938779354095459, 0.2758677005767822, 0.21371912956237793, 0.1932053565979004, 0.24615907669067383, 0.22571206092834473, 0.2240920066833496, 0.22594022750854492, 0.19797730445861816, 0.21036839485168457, 0.1992475986480713, 0.23789000511169434, 0.20374464988708496, 0.2079458236694336, 0.21496176719665527, 0.20870089530944824, 0.2082502841949463, 0.2400810718536377, 0.20009636878967285, 0.2106914520263672, 0.2084653377532959, 0.2147080898284912, 0.2256460189819336, 0.21110129356384277, 0.21246862411499023, 0.22068095207214355, 0.21403765678405762, 0.21860051155090332, 0.21999263763427734, 0.2132863998413086, 0.1956784725189209, 0.19815516471862793, 0.19975686073303223, 0.20838713645935059, 0.2224111557006836, 0.20085430145263672, 0.23845553398132324, 0.2085559368133545, 0.19515156745910645, 0.2234940528869629, 0.2378988265991211, 0.2223052978515625, 0.22172045707702637, 0.2477414608001709, 0.24333906173706055, 0.20119142532348633, 0.19366693496704102, 0.1921992301940918, 0.21634197235107422, 0.21177291870117188, 0.22512102127075195, 0.20818281173706055, 0.25553035736083984, 0.23720836639404297, 0.21074342727661133, 0.19652748107910156, 0.21671080589294434, 0.211151123046875, 0.2287290096282959, 0.21714186668395996, 0.2133171558380127, 0.20523619651794434, 0.22732973098754883, 0.21240615844726562, 0.202117919921875, 0.19910430908203125, 0.23456549644470215, 0.19762682914733887, 0.2063915729522705, 0.20848631858825684, 0.2319045066833496, 0.2102828025817871, 0.2532782554626465, 0.21661782264709473, 0.2073988914489746, 0.226578950881958, 0.19717955589294434, 0.20839524269104004, 0.19605040550231934, 0.21466708183288574, 0.2421274185180664, 0.1916828155517578, 0.22070956230163574, 0.19856691360473633, 0.19876718521118164, 0.24985384941101074, 0.2369365692138672, 0.21464109420776367, 0.2193763256072998, 0.23821806907653809, 0.23627853393554688, 0.2197561264038086, 0.19742870330810547, 0.19605159759521484, 0.21493887901306152, 0.22990751266479492, 0.20436739921569824, 0.19980525970458984, 0.2469923496246338, 0.20921683311462402, 0.24867534637451172, 0.2324841022491455, 0.21572256088256836, 0.20046210289001465, 0.21686124801635742, 0.22984051704406738, 0.19660520553588867, 0.21954917907714844, 0.22112751007080078, 0.20341062545776367, 0.24150371551513672, 0.21999883651733398, 0.19984006881713867, 0.2047874927520752, 