{"ID": 0, "inference time": [18.544610500335693, 0.10210776329040527, 0.13308501243591309, 0.1572880744934082, 0.10983729362487793, 0.12817645072937012, 0.1250143051147461, 0.09713554382324219, 0.11061906814575195, 0.11452102661132812, 0.09574484825134277, 0.1061546802520752, 0.14104914665222168, 0.10669660568237305, 0.13233447074890137, 0.14775609970092773, 0.10260868072509766, 0.13037681579589844, 0.13808250427246094, 0.09256291389465332, 0.12476539611816406, 0.1404874324798584, 0.11149144172668457, 0.13799142837524414, 0.16249537467956543, 0.09897541999816895, 0.13794374465942383, 0.14911627769470215, 0.0976107120513916, 0.12303972244262695, 0.14542055130004883, 0.09319782257080078, 0.1295607089996338, 0.1413712501525879, 0.10717034339904785, 0.1266629695892334, 0.15252923965454102, 0.09798526763916016, 0.14087963104248047, 0.13784551620483398, 0.0935525894165039, 0.11723995208740234, 0.13460040092468262, 0.09391641616821289, 0.13309979438781738, 0.11750674247741699, 0.0827934741973877, 0.0993504524230957, 0.1414320468902588, 0.10640406608581543, 0.13438010215759277, 0.12305331230163574, 0.10659980773925781, 0.1257152557373047, 0.11798238754272461, 0.0839240550994873, 0.10064053535461426, 0.13010334968566895, 0.11889219284057617, 0.12143301963806152, 0.10246086120605469, 0.08298110961914062, 0.13036155700683594, 0.1204068660736084, 0.0917348861694336, 0.1069941520690918, 0.14692091941833496, 0.10203027725219727, 0.1167452335357666, 0.11472797393798828, 0.09600377082824707, 0.14054036140441895, 0.11444282531738281, 0.0885162353515625, 0.11140990257263184, 0.1222066879272461, 0.09968090057373047, 0.11646819114685059, 0.11411190032958984, 0.09818291664123535, 0.10888171195983887, 0.10853815078735352, 0.09534454345703125, 0.13436651229858398, 0.13258767127990723, 0.09461498260498047, 0.12059283256530762, 0.10668730735778809, 0.08726716041564941, 0.11208820343017578, 0.12044501304626465, 0.1045842170715332, 0.12116456031799316, 0.1238405704498291, 0.09475016593933105, 0.1174154281616211, 0.1533982753753662, 0.10403156280517578, 0.1350560188293457, 0.14621949195861816, 0.11366558074951172, 0.14638233184814453, 0.15491104125976562, 0.11515665054321289, 0.13443517684936523, 0.14202141761779785, 0.09544801712036133, 0.1255035400390625, 0.15163564682006836, 0.13361310958862305, 0.13931846618652344, 0.14877748489379883, 0.1080024242401123, 0.13358569145202637, 0.12666726112365723, 0.10897278785705566, 0.11522555351257324, 0.1085808277130127, 0.10356569290161133, 0.13423514366149902, 0.14935970306396484, 0.10538625717163086, 0.12064313888549805, 0.14201140403747559, 0.11106181144714355, 0.1365375518798828, 0.1505415439605713, 0.10949182510375977, 0.14002275466918945, 0.14358735084533691, 0.10773420333862305, 0.13776087760925293, 0.14996576309204102, 0.10799407958984375, 0.1418161392211914, 0.1467456817626953, 0.11310672760009766, 0.14805889129638672, 0.13074278831481934, 0.10137033462524414, 0.13547444343566895, 0.15573859214782715, 0.1114511489868164, 0.14017677307128906, 0.12531518936157227, 0.1024315357208252, 0.1497499942779541, 0.15560436248779297, 0.0913691520690918, 0.14817357063293457, 0.15046215057373047, 0.10803556442260742, 0.1427631378173828, 0.1476914882659912, 0.09758210182189941, 0.14669275283813477, 0.12639284133911133, 0.10879659652709961, 0.1145317554473877, 0.11449790000915527, 0.10873985290527344, 0.11137557029724121, 0.1213521957397461, 0.0915384292602539, 0.14326190948486328, 0.12585735321044922, 0.10083770751953125, 0.11764025688171387, 0.11215662956237793, 0.09202122688293457, 0.11652636528015137, 0.1234126091003418, 0.11516308784484863, 0.13512802124023438, 0.12517213821411133, 0.0942840576171875, 0.10721802711486816, 0.1054837703704834, 0.08823204040527344, 0.10853075981140137, 0.1382744312286377, 0.10698556900024414, 0.13549590110778809, 0.1337733268737793, 0.11429738998413086, 0.11707210540771484, 0.1272907257080078, 0.10481786727905273, 0.12035322189331055, 0.11705946922302246, 0.0821845531463623, 0.11252236366271973, 0.11737179756164551, 0.09056520462036133, 0.10592079162597656, 0.1099696159362793, 0.11953234672546387, 0.13853669166564941, 0.15244579315185547, 0.11061549186706543, 0.1453568935394287, 0.13845372200012207, 0.12369060516357422, 0.14710474014282227, 0.11185503005981445, 0.0965874195098877, 0.11884808540344238, 0.1130056381225586, 0.11306595802307129, 0.13568687438964844, 0.12602448463439941, 0.09052205085754395, 0.11485099792480469, 0.10565376281738281, 0.07895898818969727, 0.12702107429504395, 0.14565086364746094, 0.1068410873413086, 0.13807034492492676, 0.15090632438659668, 0.1069478988647461, 0.12127089500427246, 0.11140084266662598, 0.12404322624206543, 0.1269845962524414, 0.11629295349121094, 0.1067655086517334, 0.11318278312683105, 0.14624595642089844, 0.10703873634338379, 0.1379833221435547, 0.1422264575958252, 0.10519242286682129, 0.14638733863830566, 0.1536407470703125, 0.10657715797424316, 0.14496231079101562, 0.10550975799560547, 0.08965873718261719, 0.1147150993347168, 0.1169595718383789, 0.0905754566192627, 0.10973024368286133, 0.10962653160095215, 0.08269166946411133, 0.10799479484558105, 0.14432168006896973, 0.11210417747497559, 0.14598941802978516, 0.15329837799072266, 0.10391092300415039, 0.13681554794311523, 0.1418910026550293, 0.10607504844665527, 0.1359102725982666, 0.11952853202819824, 0.10326433181762695, 0.1228795051574707, 0.12401461601257324, 0.08365321159362793, 0.11352968215942383, 0.12140750885009766, 0.11289739608764648, 0.1433706283569336, 0.1549241542816162, 0.10582876205444336, 0.12419271469116211, 0.12331414222717285, 0.10678577423095703, 0.13269639015197754, 0.11240649223327637, 0.08751440048217773, 0.1188514232635498, 0.1410365104675293, 0.10906744003295898, 0.15299701690673828, 0.1525576114654541, 0.10960817337036133, 0.150620698928833, 0.11808013916015625, 0.09729909896850586, 0.1172332763671875, 0.13079833984375, 0.10964679718017578, 0.1423320770263672, 0.12163448333740234, 0.09839510917663574, 0.12234616279602051, 0.12557125091552734, 0.08289575576782227, 0.1152808666229248, 0.13935065269470215, 0.10356616973876953, 0.14414477348327637, 0.13936400413513184, 0.1193993091583252, 0.12243247032165527, 0.11583590507507324, 0.0978395938873291, 0.13266849517822266, 0.10756444931030273, 0.09241962432861328, 0.10958409309387207, 0.11705327033996582, 0.10621762275695801, 0.11398029327392578, 0.1062631607055664, 0.08734583854675293, 0.1204984188079834, 0.12013459205627441, 0.09547066688537598, 0.11749839782714844, 0.12989044189453125, 0.09892654418945312, 0.1333179473876953, 0.12817144393920898, 0.10665678977966309, 0.13379383087158203, 0.12891459465026855, 0.09665751457214355, 0.12345099449157715, 0.115936279296875, 0.08584833145141602, 0.11596322059631348, 0.13298487663269043, 0.10618996620178223, 0.13652420043945312, 0.12871360778808594, 0.09608864784240723, 0.13756299018859863, 0.12758541107177734, 0.11592960357666016, 0.13280916213989258, 0.1065511703491211, 0.1062920093536377, 0.13130903244018555, 0.10469412803649902, 0.09515595436096191, 0.12235713005065918, 0.11366748809814453, 0.08804106712341309, 0.10604000091552734, 0.1079411506652832, 0.09125518798828125, 0.12683486938476562, 0.12398743629455566, 0.09397149085998535, 0.1260535717010498, 0.11214232444763184, 0.1021566390991211, 0.11870312690734863, 0.11318111419677734, 0.09011530876159668, 0.10865616798400879, 0.13567543029785156, 0.11184477806091309, 0.14537310600280762, 0.13992810249328613, 0.12037301063537598, 0.1291794776916504, 0.12417244911193848, 0.0980520248413086, 0.13770055770874023, 0.12415599822998047, 0.08572983741760254, 0.11028790473937988, 0.12343168258666992, 0.11546778678894043, 0.1353437900543213, 0.12975001335144043, 0.0876779556274414, 0.1158440113067627, 0.13130760192871094, 0.08577227592468262, 0.12808752059936523, 0.10645627975463867, 0.08481287956237793, 0.11485552787780762, 0.11631655693054199, 0.1069185733795166, 0.12754344940185547, 0.13167190551757812, 0.11542129516601562, 0.1393876075744629, 