{"ID": 6, "inference time": [15.793281316757202, 0.09295773506164551, 0.2063465118408203, 0.11113262176513672, 0.09302997589111328, 0.11169958114624023, 0.11435127258300781, 0.09544825553894043, 0.11941194534301758, 0.26702284812927246, 0.11824178695678711, 0.11577606201171875, 0.12450361251831055, 0.11590123176574707, 0.13060688972473145, 0.13752198219299316, 0.11652755737304688, 0.1285717487335205, 0.13726234436035156, 0.12285161018371582, 0.12664246559143066, 0.14252185821533203, 0.12812566757202148, 0.1293199062347412, 0.13713526725769043, 0.125946044921875, 0.13546371459960938, 0.13940811157226562, 0.11586165428161621, 0.13731765747070312, 0.13062071800231934, 0.11703014373779297, 0.1376478672027588, 0.13994240760803223, 0.11854314804077148, 0.12982726097106934, 0.14522743225097656, 0.1191706657409668, 0.13865423202514648, 0.1424105167388916, 0.13133645057678223, 0.13158512115478516, 0.14331674575805664, 0.12221074104309082, 0.13764262199401855, 0.13725709915161133, 0.11624741554260254, 0.1395261287689209, 0.1387650966644287, 0.12348151206970215, 0.13506078720092773, 0.14095211029052734, 0.11933326721191406, 0.13193345069885254, 0.13390040397644043, 0.1157071590423584, 0.1271815299987793, 0.14543437957763672, 0.1195068359375, 0.1296062469482422, 0.14047026634216309, 0.11796450614929199, 0.13238763809204102, 0.13424348831176758, 0.11631274223327637, 0.12519073486328125, 0.1388843059539795, 0.11681580543518066, 0.12337565422058105, 0.1260087490081787, 0.12699460983276367, 0.13274359703063965, 0.1471700668334961, 0.10984921455383301, 0.12735557556152344, 0.1431875228881836, 0.11626029014587402, 0.12819933891296387, 0.139404296875, 0.11928081512451172, 0.12524008750915527, 0.14211010932922363, 0.12669157981872559, 0.12613749504089355, 0.14649152755737305, 0.12899088859558105, 0.13820624351501465, 0.1401383876800537, 0.12195587158203125, 0.1259932518005371, 0.13131308555603027, 0.1161503791809082, 0.12467503547668457, 0.13745641708374023, 0.12227845191955566, 0.13172268867492676, 0.13547301292419434, 0.11810135841369629, 0.12665963172912598, 0.14653778076171875, 0.12113046646118164, 0.12227296829223633, 0.1313307285308838, 0.11149191856384277, 0.12900829315185547, 0.13516497611999512, 0.11803603172302246, 0.12875151634216309, 0.13170385360717773, 0.1194911003112793, 0.13312935829162598, 0.1322798728942871, 0.11993193626403809, 0.12944412231445312, 0.13893890380859375, 0.1185307502746582, 0.1288280487060547, 0.13387370109558105, 0.11592245101928711, 0.12535309791564941, 0.13764357566833496, 0.1155853271484375, 0.13122177124023438, 0.13560914993286133, 0.11569929122924805, 0.13023686408996582, 0.1491868495941162, 0.1156926155090332, 0.11857151985168457, 0.14250993728637695, 0.1162259578704834, 0.1318814754486084, 0.13492202758789062, 0.11686229705810547, 0.125166654586792, 0.139693021774292, 0.11788773536682129, 0.12614750862121582, 0.1387636661529541, 0.11581850051879883, 0.12619423866271973, 0.13499784469604492, 0.1223459243774414, 0.12551617622375488, 0.13318967819213867, 0.11471796035766602, 0.12913131713867188, 0.13805508613586426, 0.11605954170227051, 0.12720918655395508, 0.13864922523498535, 0.11311888694763184, 0.1335921287536621, 0.1407914161682129, 0.12794113159179688, 0.13653945922851562, 0.1352367401123047, 0.11043453216552734, 0.13624286651611328, 0.13812661170959473, 0.12038683891296387, 0.13581323623657227, 0.1380612850189209, 0.12068581581115723, 0.13634967803955078, 0.1351780891418457, 0.11938285827636719, 0.12369418144226074, 0.13796544075012207, 0.12409615516662598, 0.12838292121887207, 0.14256858825683594, 0.11662125587463379, 0.1397840976715088, 0.13630127906799316, 0.11801958084106445, 0.12917494773864746, 0.13645672798156738, 0.11767268180847168, 0.13235998153686523, 0.13771390914916992, 0.1170198917388916, 0.1295943260192871, 0.13973045349121094, 0.11921119689941406, 0.13234353065490723, 0.13457679748535156, 0.11553788185119629, 0.13388514518737793, 0.13666868209838867, 0.11621904373168945, 0.12228655815124512, 0.13620615005493164, 0.12061953544616699, 0.13016772270202637, 0.1436324119567871, 0.11618638038635254, 0.12705111503601074, 0.13667678833007812, 0.12351417541503906, 0.12819695472717285, 0.14461755752563477, 0.12118029594421387, 0.13260340690612793, 0.13618040084838867, 0.12587237358093262, 0.1192023754119873, 0.13819026947021484, 0.11936354637145996, 0.1265408992767334, 0.14047598838806152, 0.12131071090698242, 0.12474656105041504, 0.13731050491333008, 0.1230926513671875, 0.13438749313354492, 0.1413583755493164, 0.11696791648864746, 0.12240290641784668, 0.1386547088623047, 0.11556434631347656, 0.13018274307250977, 0.13674211502075195, 0.1245429515838623, 0.13297152519226074, 0.13979482650756836, 0.12160468101501465, 0.11719822883605957, 0.14240765571594238, 0.1230463981628418, 0.12486004829406738, 0.1422252655029297, 0.11886715888977051, 0.12173032760620117, 0.13656187057495117, 0.12220144271850586, 0.1258845329284668, 0.13788223266601562, 0.1242361068725586, 0.12953972816467285, 0.13703107833862305, 0.12327718734741211, 0.12584519386291504, 0.1354234218597412, 0.12177157402038574, 0.12570524215698242, 0.13860869407653809, 0.12190389633178711, 0.12517571449279785, 0.13460373878479004, 0.12408876419067383, 0.12329673767089844, 0.13863801956176758, 0.12057995796203613, 0.12573575973510742, 0.13703179359436035, 0.12515926361083984, 0.10916972160339355, 0.13626742362976074, 0.11936354637145996, 0.12528157234191895, 0.14058828353881836, 0.12195014953613281, 0.12451577186584473, 0.1367049217224121, 0.12371110916137695, 0.1216740608215332, 0.1343994140625, 0.12391042709350586, 0.12321972846984863, 0.13786745071411133, 0.12454438209533691, 0.12032961845397949, 0.13933563232421875, 0.12509489059448242, 0.12529230117797852, 0.13329792022705078, 0.13254785537719727, 0.13327240943908691, 0.13685131072998047, 0.12279057502746582, 0.12899327278137207, 0.13612699508666992, 0.12361812591552734, 0.12237286567687988, 0.13840126991271973, 0.12799429893493652, 0.12677693367004395, 0.14196324348449707, 0.12799334526062012, 0.12553644180297852, 0.14022064208984375, 0.1239473819732666, 0.12914133071899414, 0.13535189628601074, 0.13323330879211426, 0.1294257640838623, 0.13291120529174805, 0.13106107711791992, 0.1284165382385254, 0.13793516159057617, 0.13540124893188477, 0.12507176399230957, 0.1419057846069336, 0.13203763961791992, 0.12458133697509766, 0.1410059928894043, 0.12812256813049316, 0.12316370010375977, 0.1354658603668213, 0.12874245643615723, 0.12712693214416504, 0.13199782371520996, 0.12972617149353027, 0.12032961845397949, 0.13654327392578125, 0.12647223472595215, 0.11902451515197754, 0.13589191436767578, 0.13595128059387207, 0.12412142753601074, 0.13381671905517578, 0.13884401321411133, 0.1224367618560791, 0.13672924041748047, 0.1272740364074707, 0.10251784324645996, 0.13901019096374512, 0.13493657112121582, 0.12358283996582031, 0.13413310050964355, 0.1372976303100586, 0.12373161315917969, 0.1380023956298828, 0.12559056282043457, 0.121978759765625, 0.13618803024291992, 0.13406014442443848, 0.11333131790161133, 0.13944602012634277, 0.13074994087219238, 0.13017821311950684, 0.13386154174804688, 0.1396794319152832, 0.13660478591918945, 0.14443445205688477, 0.1372387409210205, 0.1341993808746338, 0.141402006149292, 0.13788151741027832, 0.13120555877685547, 0.15021729469299316, 0.13761258125305176, 0.13575077056884766, 0.14853477478027344, 0.14275670051574707, 0.13339948654174805, 0.14009594917297363, 0.13883423805236816, 0.12412786483764648, 0.13715910911560059, 0.13519835472106934, 0.12926530838012695, 0.13480663299560547, 0.14243102073669434, 0.12690448760986328, 0.15124773979187012, 0.13471078872680664, 0.13318228721618652, 0.1443018913269043, 0.14292550086975098, 0.12773489952087402, 0.1467745304107666, 0.13927936553955078, 0.1309523582458496, 0.14234495162963867, 0.13905644416809082, 0.12701892852783203, 0.13684678077697754, 0.1406998634338379, 0.12743592262268066, 0.12803936004638672, 0.14662671089172363, 0.13704657554626465, 