{"ID": 5, "inference time": [6.69614052772522, 0.04614114761352539, 0.04193472862243652, 0.04404401779174805, 0.04052925109863281, 0.05444908142089844, 0.050054073333740234, 0.056507110595703125, 0.050050973892211914, 0.05555987358093262, 0.05563616752624512, 0.07118582725524902, 0.061568498611450195, 0.044373512268066406, 0.05445504188537598, 0.10015988349914551, 0.04880499839782715, 0.06307220458984375, 0.06558489799499512, 0.04391932487487793, 0.05708742141723633, 0.06226539611816406, 0.03835749626159668, 0.04918074607849121, 0.06735420227050781, 0.039366960525512695, 0.05882978439331055, 0.06557679176330566, 0.04102730751037598, 0.05302882194519043, 0.06458830833435059, 0.11126017570495605, 0.05879998207092285, 0.08776521682739258, 0.03823280334472656, 0.045554161071777344, 0.06368303298950195, 0.039038896560668945, 0.04838275909423828, 0.0700674057006836, 0.12811923027038574, 0.0555117130279541, 0.06193184852600098, 0.047502994537353516, 0.07300567626953125, 0.07815933227539062, 0.05196738243103027, 0.08508491516113281, 0.07712268829345703, 0.05742931365966797, 0.07720398902893066, 0.07741308212280273, 0.0585479736328125, 0.08013343811035156, 0.07773041725158691, 0.056934356689453125, 0.07868671417236328, 0.07671332359313965, 0.03890347480773926, 0.08072042465209961, 0.07836651802062988, 0.05894017219543457, 0.08940625190734863, 0.07729506492614746, 0.05659198760986328, 0.08268094062805176, 0.07803821563720703, 0.059241294860839844, 0.07867860794067383, 0.07726526260375977, 0.04042530059814453, 0.07249879837036133, 0.07692337036132812, 0.04900002479553223, 0.07129192352294922, 0.07318305969238281, 0.03786039352416992, 0.07337236404418945, 0.07756352424621582, 0.04049396514892578, 0.07350468635559082, 0.07697653770446777, 0.04600977897644043, 0.07154202461242676, 0.07738637924194336, 0.04428720474243164, 0.08046817779541016, 0.0770409107208252, 0.03976583480834961, 0.0796351432800293, 0.07696890830993652, 0.045195817947387695, 0.08341097831726074, 0.07684445381164551, 0.04188990592956543, 0.0737466812133789, 0.07747030258178711, 0.039443254470825195, 0.08153367042541504, 0.0774071216583252, 0.04484152793884277, 0.07161712646484375, 0.0769040584564209, 0.04046988487243652, 0.07728266716003418, 0.0772705078125, 0.05072641372680664, 0.07907629013061523, 0.08125948905944824, 0.056929826736450195, 0.08432745933532715, 0.07721090316772461, 0.056839942932128906, 0.07790780067443848, 0.07817673683166504, 0.05829215049743652, 0.0723414421081543, 0.08210611343383789, 0.04615521430969238, 0.07951927185058594, 0.08089637756347656, 0.04476332664489746, 0.08193683624267578, 0.07903289794921875, 0.056113243103027344, 0.08043169975280762, 0.07718205451965332, 0.047759056091308594, 0.08383393287658691, 0.0765848159790039, 0.050437211990356445, 0.0862116813659668, 0.0784459114074707, 0.04553627967834473, 0.0799715518951416, 0.07798147201538086, 0.05567502975463867, 0.07886314392089844, 0.0823523998260498, 0.05172467231750488, 0.0792841911315918, 0.0759282112121582, 0.05388331413269043, 0.07633376121520996, 0.07663083076477051, 0.04904532432556152, 0.07741904258728027, 0.07831406593322754, 0.04612541198730469, 0.08234572410583496, 0.07696771621704102, 0.04892921447753906, 0.08049535751342773, 0.0782625675201416, 0.053641319274902344, 0.07277727127075195, 0.07650017738342285, 0.04586458206176758, 0.07947373390197754, 0.07664275169372559, 0.048149824142456055, 0.08138632774353027, 0.07918715476989746, 0.04730725288391113, 0.08494138717651367, 0.07859253883361816, 0.06561923027038574, 0.08180880546569824, 0.07930827140808105, 0.051036834716796875, 0.07947802543640137, 0.07804274559020996, 0.05434846878051758, 0.08222174644470215, 0.07630467414855957, 0.05671286582946777, 0.0797722339630127, 0.08149075508117676, 0.049800872802734375, 0.08201003074645996, 0.07847762107849121, 0.052532196044921875, 0.07917094230651855, 0.08141493797302246, 0.055710792541503906, 0.06995725631713867, 0.08131241798400879, 0.05558609962463379, 0.06795096397399902, 0.08109498023986816, 0.0554957389831543, 0.06975293159484863, 0.08190655708312988, 0.05709981918334961, 0.06797957420349121, 0.08165717124938965, 0.056149959564208984, 0.08217930793762207, 0.0819845199584961, 0.05595541000366211, 0.0794057846069336, 0.08072876930236816, 0.05634450912475586, 0.06603097915649414, 0.08237338066101074, 0.05316495895385742, 0.07902216911315918, 0.08180594444274902, 0.0532383918762207, 0.07815957069396973, 0.07973957061767578, 0.05812263488769531, 0.08000779151916504, 0.08115983009338379, 0.051697492599487305, 0.07576107978820801, 0.08068323135375977, 0.05142474174499512, 0.06937503814697266, 0.08127975463867188, 0.05160808563232422, 0.07735228538513184, 0.08115911483764648, 0.05531167984008789, 0.06654882431030273, 0.0811312198638916, 0.052519798278808594, 0.07142925262451172, 0.08105206489562988, 0.05688762664794922, 0.0788578987121582, 0.0791933536529541, 0.05765509605407715, 0.06806612014770508, 0.0776212215423584, 0.056404829025268555, 0.07389235496520996, 0.08092093467712402, 0.04797863960266113, 0.07845640182495117, 0.08004117012023926, 0.0572657585144043, 0.0718235969543457, 0.08047604560852051, 0.05212903022766113, 0.06431913375854492, 0.08176445960998535, 0.047391414642333984, 0.07523202896118164, 0.08095622062683105, 0.05373215675354004, 0.07538914680480957, 0.08409738540649414, 0.06024813652038574, 0.06927609443664551, 0.08090019226074219, 0.04760336875915527, 0.07965207099914551, 0.07739925384521484, 0.046988725662231445, 0.07796168327331543, 0.07928895950317383, 0.04854130744934082, 0.07466506958007812, 0.0798330307006836, 0.06026721000671387, 0.07541155815124512, 0.07922816276550293, 0.05244565010070801, 0.07088613510131836, 0.07932901382446289, 0.05775713920593262, 0.07775712013244629, 0.08026266098022461, 0.05564069747924805, 0.07682085037231445, 0.08082747459411621, 0.05564069747924805, 0.06871509552001953, 0.07926344871520996, 0.05611300468444824, 0.07644176483154297, 0.08465933799743652, 0.0577235221862793, 0.06796574592590332, 0.08087849617004395, 0.05563640594482422, 0.08025479316711426, 0.08033347129821777, 0.05024385452270508, 0.0787661075592041, 0.07983279228210449, 0.05056571960449219, 0.07552766799926758, 0.07874155044555664, 0.0559239387512207, 0.08067607879638672, 0.07935404777526855, 0.05765414237976074, 0.06927108764648438, 0.08143401145935059, 0.05650019645690918, 0.08149290084838867, 0.07968902587890625, 0.05541849136352539, 0.06650805473327637, 0.08185076713562012, 0.057646989822387695, 0.06750321388244629, 0.08079814910888672, 0.05653977394104004, 0.07206177711486816, 0.07982444763183594, 0.05900287628173828, 0.07848358154296875, 0.07993507385253906, 0.056246280670166016, 0.07474541664123535, 0.07930326461791992, 0.055170536041259766, 0.07276129722595215, 0.08061552047729492, 0.05723404884338379, 0.07244491577148438, 0.0806570053100586, 0.05903315544128418, 0.0729837417602539, 0.07988762855529785, 0.05753445625305176, 0.07855796813964844, 0.07981276512145996, 0.06023120880126953, 0.07538580894470215, 0.08019447326660156, 0.05551934242248535, 0.07521748542785645, 0.08049726486206055, 0.07049322128295898, 0.08318638801574707, 0.0798797607421875, 0.0567317008972168, 0.07150554656982422, 0.08057951927185059, 0.05704617500305176, 0.07317185401916504, 0.07920622825622559, 0.05678749084472656, 0.07305121421813965, 0.08075404167175293, 0.05702614784240723, 0.0739586353302002, 0.08691835403442383, 0.05941271781921387, 0.06702351570129395, 0.08079934120178223, 0.057138919830322266, 0.07970237731933594, 0.08072042465209961, 0.05906391143798828, 0.06619763374328613, 0.07520866394042969, 0.05916118621826172, 0.06937623023986816, 0.07700419425964355, 0.05772280693054199, 0.07111549377441406, 0.07921934127807617, 0.0688314437866211, 0.0713953971862793, 0.07953524589538574, 0.058802127838134766, 0.06965517997741699, 0.07444429397583008, 0.057450294494628906, 0.058751821517944336, 0.06991958618164062, 0.05518627166748047, 0.05862784385681152, 0.07036519050598145, 0.05348038673400879, 