{"ID": 2, "inference time": [0.2456803321838379, 0.31863951683044434, 0.271803617477417, 0.28689122200012207, 0.26985955238342285, 0.2386775016784668, 0.27451014518737793, 0.28539514541625977, 0.2586054801940918, 0.2201995849609375, 0.30594658851623535, 0.27959299087524414, 0.2988772392272949, 0.28953099250793457, 0.23749089241027832, 0.3236968517303467, 0.29279208183288574, 0.29413676261901855, 0.28980374336242676, 0.26583170890808105, 0.2152550220489502, 0.2964363098144531, 0.26288485527038574, 0.2820558547973633, 0.2598109245300293, 0.2417888641357422, 0.2745072841644287, 0.23000741004943848, 0.28084588050842285, 0.2787301540374756, 0.24599099159240723, 0.2526528835296631, 0.2508409023284912, 0.2815589904785156, 0.2937161922454834, 0.3197154998779297, 0.25432586669921875, 0.2459414005279541, 0.2872748374938965, 0.28468942642211914, 0.27845096588134766, 0.2807347774505615, 0.2325897216796875, 0.31157755851745605, 0.293712854385376, 0.26746106147766113, 0.24138450622558594, 0.2798042297363281, 0.28315258026123047, 0.27983880043029785, 0.24400663375854492, 0.2938570976257324, 0.29228949546813965, 0.27100157737731934, 0.2838890552520752, 0.2632572650909424, 0.300980806350708, 0.32059383392333984, 0.2889530658721924, 0.24329113960266113, 0.2287309169769287, 0.29465675354003906, 0.2746756076812744, 0.2685890197753906, 0.273679256439209, 0.31589746475219727, 0.2482166290283203, 0.264711856842041, 0.2844064235687256, 0.28186631202697754, 0.27866649627685547, 0.26455044746398926, 0.2909843921661377, 0.2640972137451172, 0.2806401252746582, 0.28050971031188965, 0.2831122875213623, 0.26974058151245117, 0.2699851989746094, 0.28501129150390625, 0.2575807571411133, 0.23360323905944824, 0.2874734401702881, 0.2550349235534668, 0.2734386920928955, 0.28998875617980957, 0.2936372756958008, 0.24285364151000977, 0.2761497497558594, 0.3115262985229492, 0.2556934356689453, 0.24007940292358398, 0.28672003746032715, 0.2648172378540039, 0.25690507888793945, 0.2697489261627197, 0.2993330955505371, 0.2601473331451416, 0.2423539161682129, 0.2935304641723633, 0.23877263069152832, 0.23812007904052734, 0.2772178649902344, 0.3020498752593994, 0.2578587532043457, 0.24305033683776855, 0.2961132526397705, 0.28522419929504395, 0.28429555892944336, 0.2540919780731201, 0.2709624767303467, 0.30519938468933105, 0.29973649978637695, 0.27216291427612305, 0.23167133331298828, 0.2945547103881836, 0.28569984436035156, 0.27503013610839844, 0.254483699798584, 0.2253093719482422, 0.2946312427520752, 0.2763237953186035, 0.2672257423400879, 0.26395106315612793, 0.2741732597351074, 0.25716471672058105, 0.25508546829223633, 0.25054192543029785, 0.2895641326904297, 0.2549123764038086, 0.255495548248291, 0.28079891204833984, 0.25870680809020996, 0.24986529350280762, 0.29463696479797363, 0.27942419052124023, 0.26738429069519043, 0.2644047737121582, 0.24854230880737305, 0.2272813320159912, 0.2513442039489746, 0.2819194793701172, 0.27074718475341797, 0.28473353385925293, 0.26502037048339844, 0.2574803829193115, 0.27869296073913574, 0.2499828338623047, 0.240797758102417, 0.2781836986541748, 0.27957773208618164, 0.2867145538330078, 0.28782033920288086, 0.2888972759246826, 0.2564370632171631, 0.23607921600341797, 0.29207921028137207, 0.27098917961120605, 0.28023409843444824, 0.2729666233062744, 0.2924818992614746, 0.270322322845459, 0.24291157722473145, 0.2976675033569336, 0.307614803314209, 0.2627830505371094, 0.23802590370178223, 0.29734206199645996, 0.28708481788635254, 0.2878384590148926, 0.28028440475463867, 0.2599191665649414, 0.24888134002685547, 0.3028740882873535, 0.31243395805358887, 0.28010988235473633, 0.28328371047973633, 0.25208234786987305, 0.300067663192749, 0.26723146438598633, 0.241485595703125, 0.32184267044067383, 0.27803945541381836, 0.24293208122253418, 0.284409761428833, 0.30686473846435547, 0.2627065181732178, 0.23558425903320312, 0.30582523345947266, 0.2947840690612793, 0.2631254196166992, 0.28531503677368164, 0.2954592704772949, 0.2707173824310303, 0.24927711486816406, 0.29294323921203613, 0.3234865665435791, 0.29621458053588867, 0.29852890968322754, 0.2886030673980713, 0.2725093364715576, 0.29612135887145996, 0.29625988006591797, 0.28855371475219727, 0.23641300201416016, 0.30136942863464355, 0.30168819427490234, 0.3286266326904297, 0.3050191402435303, 0.2862257957458496, 0.2719430923461914, 0.2382514476776123, 0.31787586212158203, 0.2988100051879883, 0.2809269428253174, 0.2891652584075928, 0.23497462272644043, 0.273726224899292, 0.30560898780822754, 0.26008152961730957, 0.2356400489807129, 0.3103463649749756, 0.2936985492706299, 0.29209399223327637, 0.28366541862487793, 0.27689218521118164, 0.29897451400756836, 0.2718949317932129, 0.2505021095275879, 0.31217288970947266, 0.30486559867858887, 0.2671196460723877, 0.2682685852050781, 0.26786184310913086, 0.2958662509918213, 0.2941441535949707, 0.2720181941986084, 0.31743550300598145, 0.2856588363647461, 0.29275083541870117, 0.2591259479522705, 0.28477978706359863, 0.3123180866241455, 0.2974858283996582, 0.24686741828918457, 0.28732824325561523, 0.23779749870300293, 0.2811603546142578, 0.3059360980987549, 0.27314138412475586, 0.2391655445098877, 0.29569268226623535, 0.3033764362335205, 0.2603154182434082, 0.262479305267334, 0.31307458877563477, 0.29759979248046875, 0.303006649017334, 0.28485655784606934, 0.2903141975402832, 0.3014366626739502, 0.25485920906066895, 0.30394506454467773, 0.31191205978393555, 0.2896754741668701, 0.28136205673217773, 0.308758020401001, 0.3101472854614258, 0.27077484130859375, 0.3019874095916748, 0.31757569313049316, 0.2969059944152832, 0.2913682460784912, 0.26793408393859863, 0.25443601608276367, 0.2866342067718506, 0.30860400199890137, 0.2801494598388672, 0.24110817909240723, 0.27732372283935547, 0.27138805389404297, 0.29035377502441406, 0.2812991142272949, 0.31404829025268555, 0.2997293472290039, 0.3094449043273926, 0.2760956287384033, 0.24713826179504395, 0.29971790313720703, 0.3324160575866699, 0.2730863094329834, 0.2507336139678955, 0.2703099250793457, 0.30641841888427734, 0.2736644744873047, 0.23642826080322266, 0.2462759017944336, 0.24624347686767578, 0.27617907524108887, 0.2903890609741211, 0.29578304290771484, 0.30617213249206543, 0.25638294219970703, 0.24002337455749512, 0.31569862365722656, 0.3188920021057129, 0.283156156539917, 0.2801392078399658, 0.30998897552490234, 0.3152942657470703, 0.2879912853240967, 0.3133533000946045, 0.2884385585784912, 0.2896230220794678, 0.31253552436828613, 0.29271626472473145, 0.25290846824645996, 0.2868537902832031, 0.30130839347839355, 0.2554807662963867, 0.3016345500946045, 0.28278088569641113, 0.29169416427612305, 0.26677608489990234, 0.31734442710876465, 0.32407069206237793, 0.338134765625, 0.29897403717041016, 0.2446448802947998, 0.27146077156066895, 0.26932525634765625, 0.2629830837249756, 0.26788806915283203, 0.3249318599700928, 0.29520654678344727, 0.29703736305236816, 0.2572338581085205, 0.3231174945831299, 0.27843356132507324, 0.3586742877960205, 0.3053405284881592, 0.30823493003845215, 0.3072938919067383, 0.2606809139251709, 0.29251766204833984, 0.31586432456970215, 0.3038921356201172, 0.29602551460266113, 0.29584383964538574, 0.3214566707611084, 0.30956315994262695, 0.31316137313842773, 0.3035902976989746, 0.2583138942718506, 0.28522157669067383, 0.260831356048584, 0.25539636611938477, 0.2640070915222168, 0.2861769199371338, 0.2781796455383301, 0.2949519157409668, 0.26125454902648926, 0.31743311882019043, 0.3597278594970703, 0.2935502529144287, 0.37245726585388184, 0.32558679580688477, 0.3079392910003662, 0.256380558013916, 0.24265432357788086, 0.25549793243408203, 0.251680850982666, 0.2886073589324951, 0.28789496421813965, 0.2563354969024658, 0.2468721866607666, 0.26149559020996094, 0.23687386512756348, 0.23044252395629883, 0.26482295989990234, 0.2800421714782715, 0.24276351928710938, 0.24797844886779785, 0.27965617179870605, 0.2838103771209717, 0.25682854652404785, 0.27733445167541504, 0.25388622283935547, 0.25818896293640137, 0.24446964263916016, 