{"ID": 7, "inference time": [0.5370087623596191, 0.1791529655456543, 0.18088245391845703, 0.24647903442382812, 0.2133347988128662, 0.184736967086792, 0.2207338809967041, 0.19155263900756836, 0.18944001197814941, 0.23995304107666016, 0.25276780128479004, 0.1921236515045166, 0.19979000091552734, 0.18759894371032715, 0.19446635246276855, 0.20133662223815918, 0.18616127967834473, 0.27648067474365234, 0.19671225547790527, 0.18142175674438477, 0.19365787506103516, 0.22664594650268555, 0.267714262008667, 0.18133139610290527, 0.1813652515411377, 0.2371838092803955, 0.20329666137695312, 0.19803738594055176, 0.21461939811706543, 0.23175668716430664, 0.23070335388183594, 0.20324945449829102, 0.1859598159790039, 0.18296074867248535, 0.23192667961120605, 0.23789262771606445, 0.19452452659606934, 0.2024693489074707, 0.2032015323638916, 0.18866395950317383, 0.22085165977478027, 0.1680290699005127, 0.1850109100341797, 0.19194793701171875, 0.24119877815246582, 0.21287751197814941, 0.23766446113586426, 0.23193573951721191, 0.18323135375976562, 0.18131804466247559, 0.16783428192138672, 0.19933271408081055, 0.26087331771850586, 0.23068642616271973, 0.21476268768310547, 0.1915731430053711, 0.24507904052734375, 0.2710888385772705, 0.2293241024017334, 0.19639205932617188, 0.22019100189208984, 0.2419888973236084, 0.20169639587402344, 0.2023909091949463, 0.2216951847076416, 0.24457430839538574, 0.1808488368988037, 0.1968989372253418, 0.19390130043029785, 0.18200945854187012, 0.18464279174804688, 0.22310423851013184, 0.23461222648620605, 0.20327281951904297, 0.20779013633728027, 0.19190239906311035, 0.17676210403442383, 0.18140935897827148, 0.19619369506835938, 0.22773075103759766, 0.19858860969543457, 0.1955561637878418, 0.18518614768981934, 0.1846909523010254, 0.18215465545654297, 0.2595369815826416, 0.2143540382385254, 0.22368574142456055, 0.298445463180542, 0.2077193260192871, 0.17579054832458496, 0.21006131172180176, 0.23999571800231934, 0.21768593788146973, 0.19739818572998047, 0.23680686950683594, 0.20876216888427734, 0.17818236351013184, 0.23645615577697754, 0.23288917541503906, 0.2101268768310547, 0.2416543960571289, 0.25634121894836426, 0.20937347412109375, 0.17854928970336914, 0.224395751953125, 0.26442790031433105, 0.2501053810119629, 0.18408632278442383, 0.1782991886138916, 0.19750595092773438, 0.24953150749206543, 0.184645414352417, 0.21120142936706543, 0.2080519199371338, 0.270641565322876, 0.2209463119506836, 0.22300267219543457, 0.17832303047180176, 0.19103240966796875, 0.1946556568145752, 0.1773967742919922, 0.18122434616088867, 0.2032172679901123, 0.22841525077819824, 0.21318316459655762, 0.17968368530273438, 0.24828696250915527, 0.21270227432250977, 0.1769108772277832, 0.2352144718170166, 0.23402667045593262, 0.20719480514526367, 0.22951674461364746, 0.19100332260131836, 0.1819758415222168, 0.19230985641479492, 0.1960582733154297, 0.21000313758850098, 0.18741226196289062, 0.2288670539855957, 0.22908282279968262, 0.18065714836120605, 0.18872594833374023, 0.18247365951538086, 0.20188021659851074, 0.2147822380065918, 0.19785618782043457, 0.181837797164917, 0.2505347728729248, 0.19280004501342773, 0.2147367000579834, 0.17804384231567383, 0.21581244468688965, 0.19357967376708984, 0.21414732933044434, 0.2417588233947754, 0.20499610900878906, 0.22081208229064941, 0.18931102752685547, 0.2387399673461914, 0.18505477905273438, 0.18996405601501465, 0.2748250961303711, 0.22293376922607422, 0.18097805976867676, 0.21825933456420898, 0.2559664249420166, 0.24438118934631348, 0.1799328327178955, 0.21729612350463867, 0.19483566284179688, 0.24827337265014648, 0.27390599250793457, 0.230271577835083, 0.23204255104064941, 0.17780256271362305, 0.19594931602478027, 0.18416357040405273, 0.18893146514892578, 0.1961076259613037, 0.258530855178833, 0.20881438255310059, 0.23865866661071777, 0.2625906467437744, 0.2046337127685547, 0.17815041542053223, 0.22243976593017578, 0.27871036529541016, 0.17812252044677734, 0.22171831130981445, 0.20104527473449707, 0.24634623527526855, 0.21266412734985352, 0.2492661476135254, 0.24232769012451172, 0.2192244529724121, 0.23462772369384766, 0.18780875205993652, 0.18916964530944824, 0.23344945907592773, 0.2655813694000244, 0.19669246673583984, 0.19958090782165527, 0.2275540828704834, 0.2191917896270752, 0.28246355056762695, 0.22152256965637207, 0.18029522895812988, 0.201002836227417, 0.17484021186828613, 0.22352075576782227, 0.23556256294250488, 0.1941065788269043, 0.18536114692687988, 0.1900312900543213, 0.24214434623718262, 0.27246809005737305, 0.19302892684936523, 0.18352293968200684, 0.22516894340515137, 0.26844239234924316, 0.18383502960205078, 0.2502117156982422, 0.22635483741760254, 0.17804884910583496, 0.1996443271636963, 0.21528124809265137, 0.2534213066101074, 0.22714710235595703, 0.18578815460205078, 0.22866392135620117, 0.2224259376525879, 0.2565004825592041, 0.1686384677886963, 0.1855764389038086, 0.17644667625427246, 0.23310375213623047, 0.23325228691101074, 0.20569586753845215, 0.1878190040588379, 0.2221360206604004, 0.24629449844360352, 0.1798863410949707, 0.22551536560058594, 0.20286917686462402, 0.2388448715209961, 0.2670595645904541, 0.22613048553466797, 0.18309283256530762, 0.21393418312072754, 0.28821778297424316, 0.1848912239074707, 0.22282981872558594, 0.2133631706237793, 0.2417469024658203, 0.20723867416381836, 0.24429559707641602, 0.24375367164611816, 0.22928428649902344, 0.17971181869506836, 0.24986720085144043, 0.23674273490905762, 0.2527461051940918, 0.245072603225708, 0.23589754104614258, 0.21860885620117188, 0.2154550552368164, 0.24567437171936035, 0.2184903621673584, 0.2559225559234619, 0.20536279678344727, 0.18917322158813477, 0.18201947212219238, 0.1772456169128418, 0.27545714378356934, 0.20272421836853027, 0.18584656715393066, 0.20153331756591797, 0.2536616325378418, 0.24258160591125488, 0.18001604080200195, 0.23374700546264648, 0.19159841537475586, 0.22663044929504395, 0.19641876220703125, 0.18066120147705078, 0.23690390586853027, 0.30180835723876953, 0.22718381881713867, 0.2116847038269043, 0.19486689567565918, 0.21793699264526367, 0.20819544792175293, 0.19837188720703125, 0.1896195411682129, 0.21634936332702637, 0.19289231300354004, 0.2408895492553711, 0.22387218475341797, 0.2138071060180664, 0.20461392402648926, 0.17047786712646484, 0.2043910026550293, 0.304551362991333, 0.22409272193908691, 0.2541382312774658, 0.3011910915374756, 0.27644801139831543, 0.18940210342407227, 0.25905704498291016, 0.2211298942565918, 0.2729494571685791, 0.2846248149871826, 0.2454822063446045, 0.20152997970581055, 0.24168777465820312, 0.2565600872039795, 0.20846056938171387, 0.20154070854187012, 0.2393949031829834, 0.24123907089233398, 0.17538809776306152, 0.23207688331604004, 0.25098514556884766, 0.2935035228729248, 0.25566959381103516, 0.19676613807678223, 0.21162056922912598, 0.24921727180480957, 0.21836638450622559, 0.2212212085723877, 0.20304608345031738, 0.2487320899963379, 0.22466754913330078, 0.21080517768859863, 0.2009141445159912, 0.18145489692687988, 0.22563767433166504, 0.18453121185302734, 0.18490934371948242, 0.19755959510803223, 0.18979620933532715, 0.18207669258117676, 0.1776447296142578, 0.18762946128845215, 0.1744825839996338, 0.21632909774780273, 0.17202115058898926, 0.18203949928283691, 0.16385960578918457, 0.17225933074951172, 0.20460152626037598, 0.18149638175964355, 0.2145371437072754, 0.19890451431274414, 0.2036285400390625, 0.19118142127990723, 0.17087292671203613, 0.18365478515625, 0.18634247779846191, 0.18468832969665527, 0.169525146484375, 0.18202972412109375, 0.16583824157714844, 0.15985488891601562, 0.17981529235839844, 0.17007231712341309, 0.18665289878845215, 0.17571473121643066, 0.17032504081726074, 0.18473529815673828, 0.17339110374450684, 0.19049715995788574, 0.18002104759216309, 0.1607198715209961, 0.16826128959655762, 0.17363691329956055, 0.1746530532836914, 0.16827178001403809, 0.17826294898986816, 0.17488884925842285, 0.17733263969421387, 0.17768645286560059, 0.18152928352355957, 