{"ID": 2, "inference time": [17.4570415019989, 0.14485716819763184, 0.15135622024536133, 0.1005868911743164, 0.11504530906677246, 0.11802291870117188, 0.09795331954956055, 0.10120391845703125, 0.12726235389709473, 0.09478092193603516, 0.10767149925231934, 0.0955348014831543, 0.07747626304626465, 0.11249971389770508, 0.12682437896728516, 0.09457159042358398, 0.10554623603820801, 0.12590765953063965, 0.09997797012329102, 0.10072660446166992, 0.11854887008666992, 0.10214614868164062, 0.10277724266052246, 0.12680840492248535, 0.09561514854431152, 0.10805201530456543, 0.11733126640319824, 0.11024355888366699, 0.11367130279541016, 0.12082362174987793, 0.10567069053649902, 0.10998296737670898, 0.12043046951293945, 0.10457110404968262, 0.11631035804748535, 0.1325664520263672, 0.10207891464233398, 0.10456657409667969, 0.11262154579162598, 0.11175847053527832, 0.10827279090881348, 0.11028313636779785, 0.11148452758789062, 0.11103630065917969, 0.12376666069030762, 0.09879255294799805, 0.10536575317382812, 0.1016843318939209, 0.08709025382995605, 0.10660243034362793, 0.12451720237731934, 0.09344482421875, 0.09261822700500488, 0.1113884449005127, 0.0840911865234375, 0.10863947868347168, 0.09847402572631836, 0.08035445213317871, 0.10641646385192871, 0.1244509220123291, 0.09250855445861816, 0.1099238395690918, 0.11534452438354492, 0.10883855819702148, 0.10615229606628418, 0.09662675857543945, 0.08117008209228516, 0.1111135482788086, 0.11259078979492188, 0.09635186195373535, 0.10390996932983398, 0.13823437690734863, 0.09229397773742676, 0.10567307472229004, 0.10550832748413086, 0.08115625381469727, 0.10876917839050293, 0.10919594764709473, 0.09524393081665039, 0.1036069393157959, 0.105010986328125, 0.09237289428710938, 0.0935814380645752, 0.13252019882202148, 0.10145688056945801, 0.1060333251953125, 0.11223769187927246, 0.09118986129760742, 0.10824704170227051, 0.10064315795898438, 0.08476591110229492, 0.10405087471008301, 0.1162407398223877, 0.0918276309967041, 0.11352896690368652, 0.1007838249206543, 0.08684968948364258, 0.11453962326049805, 0.12081766128540039, 0.11097455024719238, 0.10343003273010254, 0.12200260162353516, 0.10104894638061523, 0.09953045845031738, 0.1276566982269287, 0.09786367416381836, 0.1049187183380127, 0.10633039474487305, 0.10248446464538574, 0.11032462120056152, 0.13515329360961914, 0.1048274040222168, 0.10168218612670898, 0.12882542610168457, 0.11431193351745605, 0.10021185874938965, 0.1044318675994873, 0.08795022964477539, 0.09879684448242188, 0.11500740051269531, 0.10999679565429688, 0.10132455825805664, 0.12632346153259277, 0.15202832221984863, 0.10971593856811523, 0.13168048858642578, 0.11731433868408203, 0.1062002182006836, 0.11545395851135254, 0.11418581008911133, 0.10178279876708984, 0.13644123077392578, 0.10808730125427246, 0.10483717918395996, 0.11989641189575195, 0.14171314239501953, 0.10090017318725586, 0.12135052680969238, 0.10114288330078125, 0.0934298038482666, 0.1181337833404541, 0.11492514610290527, 0.10492253303527832, 0.12547898292541504, 0.10572314262390137, 0.09618830680847168, 0.11701631546020508, 0.11146092414855957, 0.10535192489624023, 0.11724162101745605, 0.11928415298461914, 0.10033154487609863, 0.1274106502532959, 0.11243486404418945, 0.09790992736816406, 0.12243843078613281, 0.12014913558959961, 0.10835480690002441, 0.11596107482910156, 0.08374476432800293, 0.08970165252685547, 0.11856985092163086, 0.08604192733764648, 0.09871244430541992, 0.12993931770324707, 0.11345362663269043, 0.10384392738342285, 0.10062074661254883, 0.09319424629211426, 0.10468721389770508, 0.10319280624389648, 0.08079361915588379, 0.10313200950622559, 0.12253260612487793, 0.09442806243896484, 0.1103963851928711, 0.10000395774841309, 0.09460973739624023, 0.10574817657470703, 0.0959479808807373, 0.08180499076843262, 0.09868025779724121, 0.1201014518737793, 0.12442207336425781, 0.11831474304199219, 0.11971902847290039, 0.10048937797546387, 0.10984158515930176, 0.11776590347290039, 0.0914621353149414, 0.09952473640441895, 0.09845733642578125, 0.07093191146850586, 0.1054544448852539, 0.10579276084899902, 0.07612824440002441, 0.09002256393432617, 0.13247323036193848, 0.12601876258850098, 0.10000276565551758, 0.12324166297912598, 0.09931421279907227, 0.09636354446411133, 0.12427711486816406, 0.11727452278137207, 0.10304713249206543, 0.11841487884521484, 0.09448838233947754, 0.08886146545410156, 0.1353752613067627, 0.09169340133666992, 0.10027623176574707, 0.10059070587158203, 0.0858762264251709, 0.0924825668334961, 0.08923506736755371, 0.08870053291320801, 0.10843181610107422, 0.12547874450683594, 0.11176204681396484, 0.09923934936523438, 0.11906743049621582, 0.09719491004943848, 0.10907578468322754, 0.12216854095458984, 0.09447550773620605, 0.10682892799377441, 0.11967039108276367, 0.0775599479675293, 0.08470797538757324, 0.11146736145019531, 0.09857392311096191, 0.10244202613830566, 0.11796689033508301, 0.11939001083374023, 0.09981083869934082, 0.1172173023223877, 0.10464882850646973, 0.09742188453674316, 0.09785223007202148, 0.07962560653686523, 0.10526776313781738, 0.11126399040222168, 0.08237981796264648, 0.09422516822814941, 0.1073918342590332, 0.08211445808410645, 0.09276580810546875, 0.11789917945861816, 0.13852190971374512, 0.09940910339355469, 0.11389493942260742, 0.11267638206481934, 0.09959173202514648, 0.11716556549072266, 0.12024903297424316, 0.09307336807250977, 0.11646556854248047, 0.09063839912414551, 0.10248661041259766, 0.10787844657897949, 0.07567548751831055, 0.10297775268554688, 0.12086296081542969, 0.11016201972961426, 0.09899234771728516, 0.11859774589538574, 0.09824752807617188, 0.11390399932861328, 0.11790585517883301, 0.09278011322021484, 0.1037745475769043, 0.10591697692871094, 0.07682251930236816, 0.10504150390625, 0.12263298034667969, 0.09760808944702148, 0.09602594375610352, 0.12986397743225098, 0.10420703887939453, 0.09004998207092285, 0.09955763816833496, 0.08108663558959961, 0.09003829956054688, 0.12855935096740723, 0.09521913528442383, 0.10064291954040527, 0.10125899314880371, 0.09072995185852051, 0.10862588882446289, 0.09848213195800781, 0.07490348815917969, 0.08983898162841797, 0.11789846420288086, 0.12154340744018555, 0.09228348731994629, 0.1317141056060791, 0.0937342643737793, 0.10484075546264648, 0.1295483112335205, 0.09659218788146973, 0.09556078910827637, 0.09829306602478027, 0.07992148399353027, 0.10468196868896484, 0.1072075366973877, 0.08692669868469238, 0.1060030460357666, 0.10704517364501953, 0.08555889129638672, 0.10180473327636719, 0.10290145874023438, 0.07904314994812012, 0.09971761703491211, 0.10225558280944824, 0.10094046592712402, 0.10498428344726562, 0.14438748359680176, 0.12092995643615723, 0.10663437843322754, 0.12072300910949707, 0.09027409553527832, 0.11513090133666992, 0.10671329498291016, 0.0762941837310791, 0.10364270210266113, 0.12682008743286133, 0.10700583457946777, 0.10664153099060059, 0.12515521049499512, 0.11536335945129395, 0.11620616912841797, 0.11281132698059082, 0.0893857479095459, 0.10055232048034668, 0.10731935501098633, 0.09787487983703613, 0.11251211166381836, 0.10253310203552246, 0.09153151512145996, 0.10449814796447754, 0.09847903251647949, 0.07580947875976562, 0.08950591087341309, 0.10584044456481934, 0.09337186813354492, 0.10508990287780762, 0.09865069389343262, 0.08733439445495605, 0.10553789138793945, 0.11153769493103027, 0.09653496742248535, 0.09807133674621582, 0.10600161552429199, 0.07539200782775879, 0.09438037872314453, 0.12159895896911621, 0.11646342277526855, 0.09243416786193848, 0.13320183753967285, 0.08628129959106445, 0.09999418258666992, 0.11656689643859863, 0.103729248046875, 0.10735321044921875, 0.10190248489379883, 0.08106708526611328, 0.09070086479187012, 0.11970067024230957, 0.10827064514160156, 0.10395216941833496, 0.11113524436950684, 0.08150529861450195, 0.0914003849029541, 0.11934161186218262, 0.10012483596801758, 0.10461878776550293, 0.10244226455688477, 0.08000731468200684, 0.10710597038269043, 0.1067805290222168, 0.10033297538757324, 