{"ID": 0, "inference time": [12.834739208221436, 0.07890033721923828, 0.07116007804870605, 0.18862056732177734, 0.09833908081054688, 0.08921456336975098, 0.09354710578918457, 0.08874368667602539, 0.10650920867919922, 0.10900545120239258, 0.09278011322021484, 0.09331774711608887, 0.12241840362548828, 0.12542486190795898, 0.1087331771850586, 0.10219383239746094, 0.09184384346008301, 0.09943890571594238, 0.10846138000488281, 0.09390997886657715, 0.08796858787536621, 0.11239981651306152, 0.11480522155761719, 0.1116936206817627, 0.1264324188232422, 0.12917184829711914, 0.12819766998291016, 0.12008237838745117, 0.1067497730255127, 0.09984326362609863, 0.10833239555358887, 0.12090826034545898, 0.10814595222473145, 0.10396003723144531, 0.0903010368347168, 0.1259009838104248, 0.1236562728881836, 0.12156867980957031, 0.11845278739929199, 0.10795783996582031, 0.08367514610290527, 0.10639619827270508, 0.12282276153564453, 0.12577176094055176, 0.10788202285766602, 0.1185297966003418, 0.12865924835205078, 0.11547183990478516, 0.11666560173034668, 0.12253069877624512, 0.12676239013671875, 0.12684106826782227, 0.13352012634277344, 0.11717009544372559, 0.12958550453186035, 0.12636852264404297, 0.12550616264343262, 0.1218116283416748, 0.11961817741394043, 0.12362241744995117, 0.12705469131469727, 0.11000776290893555, 0.10531091690063477, 0.10149478912353516, 0.1046760082244873, 0.08416414260864258, 0.08611679077148438, 0.11219549179077148, 0.12055277824401855, 0.11187934875488281, 0.09360122680664062, 0.09459567070007324, 0.12054157257080078, 0.11163139343261719, 0.10514950752258301, 0.09635663032531738, 0.10587573051452637, 0.09354305267333984, 0.10213708877563477, 0.10588407516479492, 0.0913693904876709, 0.09377312660217285, 0.1038825511932373, 0.08947324752807617, 0.09891653060913086, 0.10237741470336914, 0.08996462821960449, 0.09639120101928711, 0.10510492324829102, 0.08929276466369629, 0.09222745895385742, 0.09029817581176758, 0.08535361289978027, 0.1094198226928711, 0.09708833694458008, 0.09934210777282715, 0.1150665283203125, 0.10289263725280762, 0.11336684226989746, 0.08383393287658691, 0.11428189277648926, 0.11823773384094238, 0.11623883247375488, 0.12161374092102051, 0.11758279800415039, 0.11467266082763672, 0.10126399993896484, 0.0837559700012207, 0.10596346855163574, 0.1228933334350586, 0.12693047523498535, 0.12827324867248535, 0.11451029777526855, 0.09983396530151367, 0.10322427749633789, 0.12306809425354004, 0.10453677177429199, 0.11260104179382324, 0.10045337677001953, 0.11593890190124512, 0.12450051307678223, 0.11823630332946777, 0.09506845474243164, 0.11417961120605469, 0.10779142379760742, 0.10735416412353516, 0.09576916694641113, 0.11898207664489746, 0.11531233787536621, 0.12257051467895508, 0.1172780990600586, 0.12776684761047363, 0.118377685546875, 0.11549854278564453, 0.10712885856628418, 0.09743332862854004, 0.09734892845153809, 0.12387800216674805, 0.13399767875671387, 0.126723051071167, 0.11881732940673828, 0.10352039337158203, 0.10459518432617188, 0.09527325630187988, 0.10113048553466797, 0.10994958877563477, 0.11823296546936035, 0.12706398963928223, 0.12804460525512695, 0.11479997634887695, 0.0955042839050293, 0.09411048889160156, 0.11745381355285645, 0.1197357177734375, 0.13425230979919434, 0.11324238777160645, 0.12081241607666016, 0.12470507621765137, 0.11406779289245605, 0.10753512382507324, 0.09049773216247559, 0.1053476333618164, 0.12646722793579102, 0.11750602722167969, 0.11277532577514648, 0.10863924026489258, 0.1056520938873291, 0.11364889144897461, 0.10812878608703613, 0.10493206977844238, 0.10529685020446777, 0.10942578315734863, 0.10535359382629395, 0.11786699295043945, 0.1117393970489502, 0.09971427917480469, 0.09760570526123047, 0.11300301551818848, 0.1300365924835205, 0.11821818351745605, 0.12024426460266113, 0.11821579933166504, 0.11396360397338867, 0.10722208023071289, 0.08272242546081543, 0.11162376403808594, 0.11983513832092285, 0.12664389610290527, 0.12524938583374023, 0.12166476249694824, 0.09842276573181152, 0.10567378997802734, 0.1270461082458496, 0.13294649124145508, 0.0892794132232666, 0.11804962158203125, 0.1209721565246582, 0.11929154396057129, 0.12867999076843262, 0.10370659828186035, 0.095916748046875, 0.12630605697631836, 0.11210775375366211, 0.11469411849975586, 0.12185382843017578, 0.12326455116271973, 0.12826251983642578, 0.12031698226928711, 0.09862494468688965, 0.1002199649810791, 0.10980606079101562, 0.10575628280639648, 0.0853736400604248, 0.11611318588256836, 0.11489057540893555, 0.11713671684265137, 0.12351775169372559, 0.11917328834533691, 0.12230420112609863, 0.0926821231842041, 0.09424328804016113, 0.12224006652832031, 0.1291508674621582, 0.12206268310546875, 0.1169896125793457, 0.10935425758361816, 0.10035061836242676, 0.10239434242248535, 0.10415101051330566, 0.1065375804901123, 0.10970759391784668, 0.1235513687133789, 0.10979199409484863, 0.10369396209716797, 0.09202218055725098, 0.09518170356750488, 0.1061868667602539, 0.11187410354614258, 0.09814953804016113, 0.0956430435180664, 0.10305142402648926, 0.12160944938659668, 0.1120293140411377, 0.11015152931213379, 0.11032843589782715, 0.11224842071533203, 0.09299612045288086, 0.09374809265136719, 0.1095266342163086, 0.09649825096130371, 0.09168195724487305, 0.11426329612731934, 0.109893798828125, 0.09973883628845215, 0.08859896659851074, 0.11903715133666992, 0.12174344062805176, 0.11576318740844727, 0.10072517395019531, 0.09288787841796875, 0.11389470100402832, 0.1056356430053711, 0.10214757919311523, 0.10303616523742676, 0.12143301963806152, 0.1360771656036377, 0.1023099422454834, 0.09300470352172852, 0.12656593322753906, 0.10934829711914062, 0.10447859764099121, 0.09982180595397949, 0.10397696495056152, 0.10278058052062988, 0.10729575157165527, 0.11381030082702637, 0.09378743171691895, 0.0991811752319336, 0.1236274242401123, 0.11259818077087402, 0.11962771415710449, 0.1199185848236084, 0.11996722221374512, 0.11191105842590332, 0.11825203895568848, 0.11800384521484375, 0.10853004455566406, 0.1058952808380127, 0.09630608558654785, 0.10332894325256348, 0.11386704444885254, 0.1284632682800293, 0.12601232528686523, 0.12482166290283203, 0.10898184776306152, 0.10331845283508301, 0.09936809539794922, 0.12294745445251465, 0.12142181396484375, 0.11648368835449219, 0.11151313781738281, 0.10651063919067383, 0.1106109619140625, 0.1403062343597412, 0.12098050117492676, 0.11752152442932129, 0.09654045104980469, 0.09722709655761719, 0.12233471870422363, 0.13050222396850586, 0.117523193359375, 0.12418580055236816, 0.1181938648223877, 0.10890483856201172, 0.11181783676147461, 0.09412550926208496, 0.10697245597839355, 0.1109018325805664, 0.10456109046936035, 0.10878539085388184, 0.10097432136535645, 0.10976648330688477, 0.07588672637939453, 0.11978650093078613, 0.12657761573791504, 0.11376452445983887, 0.11421918869018555, 0.12638521194458008, 0.12558865547180176, 0.12008142471313477, 0.11742663383483887, 0.10309863090515137, 0.09746766090393066, 0.12135982513427734, 0.11406397819519043, 0.11435151100158691, 0.11014604568481445, 0.10354137420654297, 0.08922743797302246, 0.1029210090637207, 0.11204314231872559, 0.1079094409942627, 0.1044003963470459, 0.10337972640991211, 0.1291656494140625, 0.12046384811401367, 0.11113643646240234, 0.09185194969177246, 0.09581398963928223, 0.12290668487548828, 0.11630845069885254, 0.09411048889160156, 0.10924720764160156, 0.10966682434082031, 0.09227800369262695, 0.10913825035095215, 0.11330389976501465, 0.10750770568847656, 0.09894490242004395, 0.11672639846801758, 0.12294602394104004, 0.11487531661987305, 0.101654052734375, 0.10758638381958008, 0.12231302261352539, 0.1152796745300293, 0.11093473434448242, 0.11869502067565918, 0.11915016174316406, 0.11651158332824707, 0.12793779373168945, 0.13635516166687012, 0.12267351150512695, 0.12373685836791992, 0.11578965187072754, 0.11247754096984863, 0.11249971389770508, 0.09724926948547363, 0.09749698638916016, 0.11906719207763672, 0.1233985424041748, 0.10512065887451172, 