{"ID": 5, "inference time": [0.32811403274536133, 0.3619668483734131, 0.4076523780822754, 0.41881418228149414, 0.44457221031188965, 0.4494471549987793, 0.4386718273162842, 0.4322342872619629, 0.4639706611633301, 0.4265916347503662, 0.44864392280578613, 0.4311940670013428, 0.43112611770629883, 0.3519279956817627, 0.19578194618225098, 0.1916217803955078, 0.23275351524353027, 0.2695016860961914, 0.3324754238128662, 0.40748143196105957, 0.41649627685546875, 0.2602214813232422, 0.19703960418701172, 0.1913008689880371, 0.20609831809997559, 0.23276448249816895, 0.22711968421936035, 0.26578283309936523, 0.31454896926879883, 0.38492345809936523, 0.399338960647583, 0.41974854469299316, 0.4064667224884033, 0.43996715545654297, 0.4153475761413574, 0.23848390579223633, 0.20091676712036133, 0.1824495792388916, 0.19236063957214355, 0.22147130966186523, 0.2822730541229248, 0.3271791934967041, 0.375443696975708, 0.27895164489746094, 0.20508337020874023, 0.1914663314819336, 0.20121979713439941, 0.215834379196167, 0.23749947547912598, 0.2628757953643799, 0.30726099014282227, 0.369642972946167, 0.4307243824005127, 0.42813944816589355, 0.20595693588256836, 0.19471287727355957, 0.21471023559570312, 0.27312541007995605, 0.3374161720275879, 0.41136860847473145, 0.4139859676361084, 0.44738078117370605, 0.4360363483428955, 0.39690518379211426, 0.3598151206970215, 0.19727563858032227, 0.1998000144958496, 0.19936060905456543, 0.20246434211730957, 0.21158790588378906, 0.21413755416870117, 0.2523224353790283, 0.20960140228271484, 0.18859553337097168, 0.1900804042816162, 0.22054457664489746, 0.20323729515075684, 0.19426298141479492, 0.25464582443237305, 0.30573272705078125, 0.3802661895751953, 0.4024066925048828, 0.4187455177307129, 0.42075681686401367, 0.4079458713531494, 0.4024317264556885, 0.1912853717803955, 0.1986076831817627, 0.19012951850891113, 0.2221693992614746, 0.1941361427307129, 0.41913723945617676, 0.4354441165924072, 0.41380739212036133, 0.38730716705322266, 0.4053230285644531, 0.4329688549041748, 0.3905813694000244, 0.4003784656524658, 0.3633100986480713, 0.19379758834838867, 0.19293832778930664, 0.2324841022491455, 0.3090081214904785, 0.39247989654541016, 0.40088987350463867, 0.38182926177978516, 0.40574049949645996, 0.4170222282409668, 0.4010326862335205, 0.41605687141418457, 0.4065585136413574, 0.30986714363098145, 0.2040271759033203, 0.2007462978363037, 0.18889331817626953, 0.18355846405029297, 0.21061229705810547, 0.19354748725891113, 0.20757031440734863, 0.22065353393554688, 0.221632719039917, 0.24454379081726074, 0.2545478343963623, 0.26644420623779297, 0.29553890228271484, 0.3360321521759033, 0.33794641494750977, 0.29426026344299316, 0.3241713047027588, 0.27300095558166504, 0.20521926879882812, 0.20271635055541992, 0.1848130226135254, 0.2359156608581543, 0.28654026985168457, 0.3398458957672119, 0.37041544914245605, 0.4208369255065918, 0.40879034996032715, 0.41764140129089355, 0.4211547374725342, 0.4168989658355713, 0.4095029830932617, 0.4298820495605469, 0.36931443214416504, 0.19898629188537598, 0.19675827026367188, 0.2047741413116455, 0.24387574195861816, 0.28223419189453125, 0.30995726585388184, 0.36921215057373047, 0.404144287109375, 0.41532158851623535, 0.4350552558898926, 0.4163227081298828, 0.4037599563598633, 0.4157102108001709, 0.2934694290161133, 0.18749737739562988, 0.18749451637268066, 0.27100181579589844, 0.37346434593200684, 0.4374120235443115, 0.43028950691223145, 0.39255404472351074, 0.18722748756408691, 0.1942436695098877, 0.1956489086151123, 0.1934070587158203, 0.24512386322021484, 0.2132248878479004, 0.2548813819885254, 0.23458600044250488, 0.23811578750610352, 0.20925521850585938, 0.18546342849731445, 0.19685864448547363, 0.1965949535369873, 0.20499396324157715, 0.2361915111541748, 0.23571014404296875, 0.22468018531799316, 0.23090744018554688, 0.2819085121154785, 0.3519413471221924, 0.2318270206451416, 0.2013552188873291, 0.20839214324951172, 0.19035935401916504, 0.18755888938903809, 0.18505358695983887, 0.20997333526611328, 0.19170761108398438, 0.2180168628692627, 0.20198464393615723, 0.1926424503326416, 0.18992853164672852, 0.23581409454345703, 0.2815244197845459, 0.35747313499450684, 0.3924429416656494, 0.4243893623352051, 0.4106411933898926, 0.4053490161895752, 0.38436365127563477, 0.2689669132232666, 0.19237947463989258, 0.18898940086364746, 0.21344542503356934, 0.19669842720031738, 0.21681642532348633, 0.2043161392211914, 0.19673681259155273, 0.1962890625, 0.3297865390777588, 0.20997381210327148, 0.21443748474121094, 0.18866610527038574, 0.21179866790771484, 0.1939868927001953, 0.18997454643249512, 0.2382955551147461, 0.26465940475463867, 0.2936060428619385, 0.3399465084075928, 0.41362929344177246, 0.39731884002685547, 0.2313065528869629, 0.19221186637878418, 0.18952155113220215, 0.19678544998168945, 0.20569634437561035, 0.26119065284729004, 0.30216479301452637, 0.33872318267822266, 0.3288004398345947, 0.3141205310821533, 0.190842866897583, 0.18754267692565918, 0.21785235404968262, 0.23006200790405273, 0.29509878158569336, 0.3883509635925293, 0.44812560081481934, 0.4081857204437256, 0.41522932052612305, 0.4022393226623535, 0.3767986297607422, 0.38712549209594727, 0.3971717357635498, 0.2453784942626953, 0.18399858474731445, 0.21285462379455566, 0.20963215827941895, 0.19994735717773438, 0.27672338485717773, 0.18788909912109375, 0.19600534439086914, 0.22869396209716797, 0.2525060176849365, 0.3180582523345947, 0.39017677307128906, 0.4343135356903076, 0.3986320495605469, 0.4242732524871826, 0.4305994510650635, 0.28058338165283203, 0.19392776489257812, 0.19229912757873535, 0.20487046241760254, 0.2371382713317871, 0.25578856468200684, 0.23802495002746582, 0.23175501823425293, 0.2093977928161621, 0.23825931549072266, 0.27019667625427246, 0.22331690788269043, 0.20581507682800293, 0.19244885444641113, 0.20395445823669434, 0.21596908569335938, 0.2550160884857178, 0.30632567405700684, 0.39290761947631836, 0.38637709617614746, 0.4054417610168457, 0.45134544372558594, 0.4392976760864258, 0.4204435348510742, 0.3950052261352539, 0.2198789119720459, 0.2041022777557373, 0.20405292510986328, 0.25455331802368164, 0.3011503219604492, 0.3770887851715088, 0.41556644439697266, 0.40167689323425293, 0.4120473861694336, 0.406602144241333, 0.4087045192718506, 0.25306272506713867, 0.19784879684448242, 0.1934802532196045, 0.22132039070129395, 0.30217432975769043, 0.3901634216308594, 0.43180060386657715, 0.4019291400909424, 0.33756470680236816, 0.1912226676940918, 0.1860332489013672, 0.20971179008483887, 0.19187569618225098, 0.21762871742248535, 0.2352309226989746, 0.2370598316192627, 0.22827482223510742, 0.3494682312011719, 0.2027606964111328, 0.1992509365081787, 0.20782756805419922, 0.20426392555236816, 0.20001578330993652, 0.1918168067932129, 0.24382519721984863, 0.21498703956604004, 0.19304442405700684, 0.23943376541137695, 0.2323904037475586, 0.19448232650756836, 0.19069600105285645, 0.25699663162231445, 0.32837581634521484, 0.38924121856689453, 0.38152480125427246, 0.40999937057495117, 0.4175894260406494, 0.42743706703186035, 0.45264124870300293, 0.4107491970062256, 0.42779064178466797, 0.23872971534729004, 0.20117402076721191, 0.19401240348815918, 0.2042713165283203, 0.20897483825683594, 0.2541041374206543, 0.23088979721069336, 0.19144344329833984, 0.19456839561462402, 0.21620869636535645, 0.2266831398010254, 0.2917602062225342, 0.3537790775299072, 0.4190409183502197, 0.4521312713623047, 0.44554877281188965, 0.43416452407836914, 0.38780999183654785, 0.23973751068115234, 0.20106244087219238, 0.2249283790588379, 0.20632338523864746, 0.248215913772583, 0.23054909706115723, 0.19089579582214355, 0.19823217391967773, 0.1998765468597412, 0.23520326614379883, 0.19448065757751465, 0.18841195106506348, 0.25095486640930176, 0.2200455665588379, 0.38190412521362305, 0.3852510452270508, 0.38449525833129883, 0.19339203834533691, 0.20797204971313477, 0.22519683837890625, 0.23022675514221191, 0.206085205078125, 0.2930271625518799, 0.25313472747802734, 