{"ID": 7, "inference time": [14.418497562408447, 0.1521739959716797, 0.16846108436584473, 0.14809298515319824, 0.14060115814208984, 0.19574356079101562, 0.1443343162536621, 0.1400623321533203, 0.18972349166870117, 0.1361677646636963, 0.14232754707336426, 0.18430876731872559, 0.14760470390319824, 0.13960647583007812, 0.1874866485595703, 0.13818717002868652, 0.14110851287841797, 0.20006704330444336, 0.1393904685974121, 0.13985657691955566, 0.18869400024414062, 0.14132165908813477, 0.14228272438049316, 0.19299936294555664, 0.14188313484191895, 0.14792084693908691, 0.19438910484313965, 0.14314937591552734, 0.13970565795898438, 0.19521498680114746, 0.1356353759765625, 0.1396496295928955, 0.1976172924041748, 0.14122462272644043, 0.14107394218444824, 0.19705700874328613, 0.1414344310760498, 0.1398303508758545, 0.19303393363952637, 0.1410524845123291, 0.14227509498596191, 0.18759775161743164, 0.13949060440063477, 0.14629244804382324, 0.18762707710266113, 0.13121914863586426, 0.14225292205810547, 0.19079804420471191, 0.13455939292907715, 0.1409013271331787, 0.19610929489135742, 0.14633440971374512, 0.14094138145446777, 0.18787693977355957, 0.14253807067871094, 0.1519324779510498, 0.19929122924804688, 0.1370844841003418, 0.14154934883117676, 0.20036077499389648, 0.14727234840393066, 0.1502828598022461, 0.19670581817626953, 0.14885735511779785, 0.14806342124938965, 0.20085525512695312, 0.14504456520080566, 0.14115619659423828, 0.18735837936401367, 0.13986539840698242, 0.14496350288391113, 0.211381196975708, 0.13178038597106934, 0.1506352424621582, 0.18885540962219238, 0.12943220138549805, 0.14504599571228027, 0.20615434646606445, 0.13817119598388672, 0.13912630081176758, 0.1721348762512207, 0.14537596702575684, 0.14745807647705078, 0.21362853050231934, 0.13292551040649414, 0.1530904769897461, 0.19139456748962402, 0.14600086212158203, 0.13879752159118652, 0.17312216758728027, 0.13787364959716797, 0.15163683891296387, 0.2007617950439453, 0.15386748313903809, 0.1435680389404297, 0.1878829002380371, 0.1387004852294922, 0.143157958984375, 0.18948912620544434, 0.16521978378295898, 0.15750336647033691, 0.18913936614990234, 0.15349888801574707, 0.14517831802368164, 0.18104290962219238, 0.14960527420043945, 0.14210844039916992, 0.18543553352355957, 0.14899373054504395, 0.14054632186889648, 0.18108630180358887, 0.13471412658691406, 0.15324044227600098, 0.19243860244750977, 0.149428129196167, 0.14598941802978516, 0.19081854820251465, 0.15021514892578125, 0.15368390083312988, 0.1860644817352295, 0.14173674583435059, 0.14573311805725098, 0.18241405487060547, 0.13521981239318848, 0.1553490161895752, 0.18029403686523438, 0.13881182670593262, 0.15411996841430664, 0.18130731582641602, 0.13069677352905273, 0.15989446640014648, 0.19386768341064453, 0.14261698722839355, 0.15757131576538086, 0.18172955513000488, 0.1452198028564453, 0.1491236686706543, 0.1776576042175293, 0.14364409446716309, 0.14733147621154785, 0.19997119903564453, 0.13313889503479004, 0.14549779891967773, 0.18245410919189453, 0.13498640060424805, 0.16260790824890137, 0.1974177360534668, 0.13237571716308594, 0.15061402320861816, 0.2075343132019043, 0.1474313735961914, 0.15430808067321777, 0.1732041835784912, 0.13676190376281738, 0.16136693954467773, 0.18410372734069824, 0.148451566696167, 0.1622142791748047, 0.1826624870300293, 0.1423196792602539, 0.1605989933013916, 0.19450092315673828, 0.13248014450073242, 0.15547966957092285, 0.19143891334533691, 0.1329495906829834, 0.15643954277038574, 0.18497371673583984, 0.1454906463623047, 0.1510941982269287, 0.20388317108154297, 0.13838791847229004, 0.15674781799316406, 0.14745497703552246, 0.13047313690185547, 0.1605370044708252, 0.1799929141998291, 0.14635848999023438, 0.15674352645874023, 0.18381690979003906, 0.14070463180541992, 0.1501760482788086, 0.18303918838500977, 0.14396166801452637, 0.1468052864074707, 0.18343162536621094, 0.1339418888092041, 0.15373778343200684, 0.19932961463928223, 0.12699294090270996, 0.1599729061126709, 0.18222594261169434, 0.13040518760681152, 0.15850114822387695, 0.18260812759399414, 0.1349620819091797, 0.1565711498260498, 0.1844344139099121, 0.14042425155639648, 0.16012859344482422, 0.1707453727722168, 0.13995814323425293, 0.15533208847045898, 0.18268084526062012, 0.134674072265625, 0.15927457809448242, 0.19028568267822266, 0.13500165939331055, 0.1567988395690918, 0.18441987037658691, 0.11426258087158203, 0.13137435913085938, 0.15238571166992188, 0.1418144702911377, 0.1576545238494873, 0.1859891414642334, 0.13605761528015137, 0.15941071510314941, 0.17757558822631836, 0.12555456161499023, 0.15105295181274414, 0.18338632583618164, 0.16162323951721191, 0.15476346015930176, 0.1612081527709961, 0.14205670356750488, 0.15819716453552246, 0.186417818069458, 0.14587116241455078, 0.16126227378845215, 0.18498754501342773, 0.13247179985046387, 0.15686559677124023, 0.18457317352294922, 0.09454655647277832, 0.1537926197052002, 0.15728211402893066, 0.12649154663085938, 0.16023039817810059, 0.16523361206054688, 0.13258123397827148, 0.16575145721435547, 0.17429661750793457, 0.12929081916809082, 0.15916919708251953, 0.17383337020874023, 0.1404101848602295, 0.1540088653564453, 0.1805410385131836, 0.1315014362335205, 0.16443181037902832, 0.16717076301574707, 0.14107179641723633, 0.15313100814819336, 0.15957903861999512, 0.12701916694641113, 0.1474311351776123, 0.16766834259033203, 0.14580488204956055, 0.15395474433898926, 0.18424773216247559, 0.11487603187561035, 0.13007664680480957, 0.15416598320007324, 0.1316359043121338, 0.15693950653076172, 0.16753864288330078, 0.1437845230102539, 0.15760469436645508, 0.1654355525970459, 0.13156914710998535, 0.1684403419494629, 0.18370771408081055, 0.15169858932495117, 0.15663385391235352, 0.17347455024719238, 0.1507554054260254, 0.15808606147766113, 0.16175580024719238, 0.14545655250549316, 0.15897798538208008, 0.1835789680480957, 0.11925244331359863, 0.15239477157592773, 0.1544814109802246, 0.12338113784790039, 0.15573954582214355, 0.1660304069519043, 0.14261436462402344, 0.15509676933288574, 0.18648934364318848, 0.13830137252807617, 0.15133309364318848, 0.15640783309936523, 0.12460756301879883, 0.16278982162475586, 0.18075776100158691, 0.14673089981079102, 0.15619325637817383, 0.18311715126037598, 0.10909175872802734, 0.1445329189300537, 0.16070318222045898, 0.1309041976928711, 0.15814971923828125, 0.16901254653930664, 0.14522051811218262, 0.15695619583129883, 0.18571114540100098, 0.0969076156616211, 0.14004755020141602, 0.13951897621154785, 0.13501858711242676, 0.1579735279083252, 0.1665494441986084, 0.14786195755004883, 0.1612074375152588, 0.18396544456481934, 0.12221741676330566, 0.15163969993591309, 0.1509416103363037, 0.12691020965576172, 0.15468811988830566, 0.16118121147155762, 0.14060735702514648, 0.1605985164642334, 0.15938448905944824, 0.12655210494995117, 0.16570162773132324, 0.16861653327941895, 0.1458134651184082, 0.16227078437805176, 0.16430926322937012, 0.12985944747924805, 0.15764808654785156, 0.18466973304748535, 0.09122419357299805, 0.14801645278930664, 0.15878748893737793, 0.13879680633544922, 0.16704487800598145, 0.15437865257263184, 0.1395883560180664, 0.15633726119995117, 0.18426227569580078, 0.10084199905395508, 0.1520824432373047, 0.15311050415039062, 0.12804508209228516, 0.15194272994995117, 0.16704964637756348, 0.13428688049316406, 0.16302990913391113, 0.17008376121520996, 0.11830282211303711, 0.15216588973999023, 0.15578937530517578, 0.13136506080627441, 0.16367650032043457, 0.18695664405822754, 0.0975346565246582, 0.14418578147888184, 0.1510319709777832, 0.14928650856018066, 0.15902066230773926, 0.1529378890991211, 0.13679862022399902, 0.15113472938537598, 0.16616272926330566, 0.14709997177124023, 0.1611006259918213, 0.17141485214233398, 0.13269901275634766, 0.16027164459228516, 0.1803429126739502, 0.11496400833129883, 0.15548086166381836, 0.15616059303283691, 0.1395399570465088, 0.16170120239257812, 0.17392492294311523, 0.10961484909057617, 0.15091705322265625, 0.16849780082702637, 