{"ID": 5, "inference time": [0.18465185165405273, 0.15634608268737793, 0.14154791831970215, 0.1674511432647705, 0.15019488334655762, 0.13444733619689941, 0.16160368919372559, 0.14723777770996094, 0.13630199432373047, 0.18014883995056152, 0.15445375442504883, 0.13808703422546387, 0.1728510856628418, 0.1491987705230713, 0.1448516845703125, 0.17677569389343262, 0.16426301002502441, 0.14702725410461426, 0.17377257347106934, 0.15108942985534668, 0.14002037048339844, 0.17387771606445312, 0.15766072273254395, 0.14081788063049316, 0.17521357536315918, 0.15536785125732422, 0.14574432373046875, 0.1754601001739502, 0.1600027084350586, 0.14127707481384277, 0.1743013858795166, 0.15396666526794434, 0.1387650966644287, 0.17169857025146484, 0.1607809066772461, 0.14045286178588867, 0.17873573303222656, 0.15653634071350098, 0.1434926986694336, 0.17798471450805664, 0.15224337577819824, 0.14432430267333984, 0.17053532600402832, 0.16209912300109863, 0.14266681671142578, 0.16525793075561523, 0.15516161918640137, 0.14623260498046875, 0.16559362411499023, 0.14692306518554688, 0.140869140625, 0.1715404987335205, 0.15906357765197754, 0.1432056427001953, 0.16766119003295898, 0.1682436466217041, 0.14690494537353516, 0.17038869857788086, 0.1577286720275879, 0.14153456687927246, 0.17069530487060547, 0.15244174003601074, 0.13862943649291992, 0.17361807823181152, 0.14655494689941406, 0.13722658157348633, 0.17060494422912598, 0.15832138061523438, 0.13837003707885742, 0.16213512420654297, 0.16397714614868164, 0.14370346069335938, 0.17556333541870117, 0.15816330909729004, 0.1375744342803955, 0.17211031913757324, 0.1594390869140625, 0.14089488983154297, 0.16668009757995605, 0.1511225700378418, 0.14055824279785156, 0.1711432933807373, 0.15633773803710938, 0.13995790481567383, 0.17573118209838867, 0.1701505184173584, 0.13726139068603516, 0.16724538803100586, 0.15443897247314453, 0.13993382453918457, 0.1719956398010254, 0.15177321434020996, 0.1376476287841797, 0.17163395881652832, 0.14962482452392578, 0.14921975135803223, 0.1706526279449463, 0.15035271644592285, 0.13907241821289062, 0.16985368728637695, 0.16568493843078613, 0.14638233184814453, 0.1681356430053711, 0.15683412551879883, 0.14310479164123535, 0.17134523391723633, 0.16704893112182617, 0.14183473587036133, 0.16897201538085938, 0.1763017177581787, 0.1402451992034912, 0.15771722793579102, 0.17461872100830078, 0.14169692993164062, 0.16569113731384277, 0.1523277759552002, 0.14074993133544922, 0.16527056694030762, 0.17912817001342773, 0.14307546615600586, 0.1705608367919922, 0.15172481536865234, 0.140960693359375, 0.17307496070861816, 0.1536695957183838, 0.1462242603302002, 0.16660237312316895, 0.15886926651000977, 0.1425797939300537, 0.17303180694580078, 0.1677699089050293, 0.14048027992248535, 0.1711897850036621, 0.17403626441955566, 0.13667654991149902, 0.17295169830322266, 0.15272068977355957, 0.13924241065979004, 0.17708897590637207, 0.14751410484313965, 0.1420612335205078, 0.16749095916748047, 0.15804195404052734, 0.14249563217163086, 0.16304945945739746, 0.1597733497619629, 0.13716936111450195, 0.16983866691589355, 0.17090106010437012, 0.13869524002075195, 0.16478610038757324, 0.15181899070739746, 0.13717293739318848, 0.1596665382385254, 0.15263056755065918, 0.14014768600463867, 0.16391420364379883, 0.1488053798675537, 0.14940714836120605, 0.16469717025756836, 0.16120576858520508, 0.13893699645996094, 0.16813349723815918, 0.16847872734069824, 0.13918328285217285, 0.1719040870666504, 0.1720139980316162, 0.13752031326293945, 0.1668412685394287, 0.15192723274230957, 0.1365354061126709, 0.16235113143920898, 0.15448713302612305, 0.140899658203125, 0.16391301155090332, 0.15979909896850586, 0.14231634140014648, 0.16666960716247559, 0.17268991470336914, 0.13362741470336914, 0.15941333770751953, 0.15126800537109375, 0.1341254711151123, 0.16501832008361816, 0.15132474899291992, 0.13977551460266113, 0.16556215286254883, 0.16852664947509766, 0.1417372226715088, 0.17237067222595215, 0.17035627365112305, 0.1440732479095459, 0.16858983039855957, 0.16188263893127441, 0.13613224029541016, 0.16376280784606934, 0.16676902770996094, 0.1384141445159912, 0.15387272834777832, 0.17121362686157227, 0.13519811630249023, 0.16137170791625977, 0.1705019474029541, 0.13713479042053223, 0.16915678977966309, 0.16569995880126953, 0.1341547966003418, 0.15813112258911133, 0.1723473072052002, 0.1333174705505371, 0.16520428657531738, 0.14822626113891602, 0.13399767875671387, 0.15889525413513184, 0.1418781280517578, 0.1381211280822754, 0.16016006469726562, 0.1707899570465088, 0.14061665534973145, 0.17245864868164062, 0.17499995231628418, 0.1370716094970703, 0.1637279987335205, 0.16439580917358398, 0.1365821361541748, 0.15647673606872559, 0.17660808563232422, 0.1326136589050293, 0.1742701530456543, 0.16796207427978516, 0.14200592041015625, 0.16411137580871582, 0.17371654510498047, 0.13762974739074707, 0.16199922561645508, 0.17252540588378906, 0.14297151565551758, 0.1561746597290039, 0.17021965980529785, 0.1415259838104248, 0.16605854034423828, 0.16605877876281738, 0.13403558731079102, 0.16186761856079102, 0.17200493812561035, 0.1348705291748047, 0.16591930389404297, 0.1715538501739502, 0.1413416862487793, 0.16101765632629395, 0.17281842231750488, 0.14877700805664062, 0.1614828109741211, 0.16440105438232422, 0.1367511749267578, 0.16647958755493164, 0.1759352684020996, 0.1405789852142334, 0.1593930721282959, 0.16806530952453613, 0.14148283004760742, 0.1593625545501709, 0.17528629302978516, 0.14359784126281738, 0.15812301635742188, 0.1716616153717041, 0.13834524154663086, 0.15321660041809082, 0.175062894821167, 0.14106965065002441, 0.15068721771240234, 0.17645978927612305, 0.13894104957580566, 0.15691781044006348, 0.17589521408081055, 0.136305570602417, 0.16292905807495117, 0.17051100730895996, 0.14324545860290527, 0.15881633758544922, 0.16668939590454102, 0.13552546501159668, 0.1602764129638672, 0.16855311393737793, 0.14349746704101562, 0.15972280502319336, 0.17686057090759277, 0.13652467727661133, 0.1598057746887207, 0.15177536010742188, 0.14336538314819336, 0.1599583625793457, 0.178666353225708, 0.14034318923950195, 0.1503007411956787, 0.17244219779968262, 0.14386725425720215, 0.15697526931762695, 0.17007899284362793, 0.1350557804107666, 0.1552734375, 0.16915678977966309, 0.1370227336883545, 0.15810537338256836, 0.16947174072265625, 0.14035367965698242, 0.1544935703277588, 0.17548108100891113, 0.1312546730041504, 0.1585979461669922, 0.1622152328491211, 0.13719773292541504, 0.1571943759918213, 0.1733098030090332, 0.13580846786499023, 0.1664576530456543, 0.1623990535736084, 0.13746285438537598, 0.14904403686523438, 0.17158246040344238, 0.13704514503479004, 0.16102075576782227, 0.16933083534240723, 0.13483428955078125, 0.1513059139251709, 0.17155003547668457, 0.12981629371643066, 0.17425227165222168, 0.1655106544494629, 0.13384604454040527, 0.15606355667114258, 0.17145895957946777, 0.1368868350982666, 0.15028619766235352, 0.17297887802124023, 0.13646769523620605, 0.16058111190795898, 0.17031168937683105, 0.1436901092529297, 0.15167808532714844, 0.1697227954864502, 0.13568520545959473, 0.14867591857910156, 0.16712498664855957, 0.13571906089782715, 0.14821791648864746, 0.16913557052612305, 0.13821935653686523, 0.15239381790161133, 0.1728076934814453, 0.13541626930236816, 0.15682530403137207, 0.17247986793518066, 0.13663315773010254, 0.1564619541168213, 0.16889452934265137, 0.13602781295776367, 0.1580042839050293, 0.16983890533447266, 0.13397645950317383, 0.15700006484985352, 0.16577792167663574, 0.1355903148651123, 0.16133928298950195, 0.16749238967895508, 0.13757562637329102, 0.14897608757019043, 0.16946983337402344, 0.13905954360961914, 0.1556410789489746, 0.17713594436645508, 0.13764333724975586, 0.15393638610839844, 0.16878128051757812, 0.13558554649353027, 0.15380620956420898, 0.16608476638793945, 0.1375730037689209, 0.15384531021118164, 0.17229270935058594, 0.13822269439697266, 0.15348529815673828, 0.17331528663635254, 0.1380903720855713, 0.1550300121307373, 