{"ID": 0, "inference time": [12.841433763504028, 0.0695502758026123, 0.11938643455505371, 0.14979934692382812, 0.09550142288208008, 0.09637260437011719, 0.10362815856933594, 0.09567928314208984, 0.09014344215393066, 0.09642314910888672, 0.09281110763549805, 0.10772848129272461, 0.09839773178100586, 0.09505486488342285, 0.09957098960876465, 0.09048128128051758, 0.09080934524536133, 0.10096931457519531, 0.09879708290100098, 0.09262371063232422, 0.0885305404663086, 0.08883190155029297, 0.09323573112487793, 0.08775615692138672, 0.0923914909362793, 0.09472298622131348, 0.08816313743591309, 0.09507942199707031, 0.09124469757080078, 0.10011672973632812, 0.09052252769470215, 0.09261035919189453, 0.10039782524108887, 0.09134745597839355, 0.0865623950958252, 0.0908973217010498, 0.10161280632019043, 0.10358476638793945, 0.08854508399963379, 0.09651660919189453, 0.0923302173614502, 0.09463739395141602, 0.10009145736694336, 0.09563159942626953, 0.09394025802612305, 0.10576057434082031, 0.10426020622253418, 0.09255623817443848, 0.10609149932861328, 0.08635330200195312, 0.09938740730285645, 0.10161733627319336, 0.09802556037902832, 0.0986936092376709, 0.10135269165039062, 0.0925140380859375, 0.10250401496887207, 0.09734702110290527, 0.0868368148803711, 0.09184432029724121, 0.09596037864685059, 0.0898904800415039, 0.0913231372833252, 0.0940086841583252, 0.0922539234161377, 0.09560656547546387, 0.09160399436950684, 0.09119892120361328, 0.09854435920715332, 0.10040163993835449, 0.09270167350769043, 0.1001746654510498, 0.09185528755187988, 0.09469985961914062, 0.09066629409790039, 0.1112818717956543, 0.09184837341308594, 0.08785724639892578, 0.1014702320098877, 0.10016012191772461, 0.09324193000793457, 0.08869266510009766, 0.0869605541229248, 0.08609795570373535, 0.09105825424194336, 0.0987555980682373, 0.08899831771850586, 0.08890914916992188, 0.09480738639831543, 0.09111166000366211, 0.0928342342376709, 0.09905099868774414, 0.09293127059936523, 0.0859534740447998, 0.08962178230285645, 0.08698582649230957, 0.09953498840332031, 0.09448885917663574, 0.08862781524658203, 0.0894014835357666, 0.09359478950500488, 0.09171485900878906, 0.09136438369750977, 0.09665846824645996, 0.10077333450317383, 0.09045052528381348, 0.09540987014770508, 0.09236478805541992, 0.08922457695007324, 0.08767890930175781, 0.09090995788574219, 0.09151983261108398, 0.09570431709289551, 0.10125374794006348, 0.10102105140686035, 0.09919881820678711, 0.0917673110961914, 0.11427426338195801, 0.10930109024047852, 0.09813761711120605, 0.0914158821105957, 0.11185789108276367, 0.14157533645629883, 0.11444997787475586, 0.10401225090026855, 0.09225344657897949, 0.12250351905822754, 0.1267852783203125, 0.12793588638305664, 0.11126828193664551, 0.0917966365814209, 0.09679031372070312, 0.11680746078491211, 0.12040519714355469, 0.09743499755859375, 0.09734988212585449, 0.11365699768066406, 0.1168830394744873, 0.10687899589538574, 0.09912419319152832, 0.10369539260864258, 0.1267380714416504, 0.11206960678100586, 0.1000204086303711, 0.09397459030151367, 0.10023140907287598, 0.11168861389160156, 0.11888933181762695, 0.11122250556945801, 0.11058616638183594, 0.10204792022705078, 0.08734440803527832, 0.10582399368286133, 0.12537169456481934, 0.11368560791015625, 0.11616683006286621, 0.10414004325866699, 0.09096550941467285, 0.11739444732666016, 0.10804557800292969, 0.10533499717712402, 0.1004784107208252, 0.12156128883361816, 0.11991739273071289, 0.10024046897888184, 0.09311604499816895, 0.1124265193939209, 0.10998082160949707, 0.1036829948425293, 0.0966792106628418, 0.08975815773010254, 0.11065053939819336, 0.11069560050964355, 0.12663817405700684, 0.1153099536895752, 0.12060904502868652, 0.11992645263671875, 0.10915803909301758, 0.10204911231994629, 0.09443068504333496, 0.10498452186584473, 0.10771465301513672, 0.1090390682220459, 0.10942292213439941, 0.08840203285217285, 0.0925290584564209, 0.11433076858520508, 0.11577272415161133, 0.08927321434020996, 0.09304594993591309, 0.11278367042541504, 0.10750842094421387, 0.10756468772888184, 0.10038208961486816, 0.10753774642944336, 0.1348738670349121, 0.11958980560302734, 0.10530447959899902, 0.11658096313476562, 0.09709739685058594, 0.12759613990783691, 0.12372732162475586, 0.10703110694885254, 0.09709501266479492, 0.11004948616027832, 0.10795354843139648, 0.09679865837097168, 0.09369778633117676, 0.11700558662414551, 0.10421395301818848, 0.10149288177490234, 0.12840652465820312, 0.11367249488830566, 0.10877323150634766, 0.09091520309448242, 0.10389328002929688, 0.09902572631835938, 0.08904170989990234, 0.10525727272033691, 0.12154126167297363, 0.1028296947479248, 0.10140275955200195, 0.09797072410583496, 0.1243896484375, 0.10848641395568848, 0.11034750938415527, 0.09874558448791504, 0.11628913879394531, 0.12487959861755371, 0.11075496673583984, 0.09803009033203125, 0.10386419296264648, 0.11390209197998047, 0.10575103759765625, 0.08580708503723145, 0.11688351631164551, 0.11898589134216309, 0.1206517219543457, 0.10233879089355469, 0.11987447738647461, 0.11203575134277344, 0.08701515197753906, 0.09420132637023926, 0.11478972434997559, 0.09890317916870117, 0.0955810546875, 0.10590767860412598, 0.11732912063598633, 0.12017965316772461, 0.1139535903930664, 0.09809494018554688, 0.09017252922058105, 0.10255575180053711, 0.10416626930236816, 0.0926051139831543, 0.11233305931091309, 0.13330769538879395, 0.13246965408325195, 0.12421250343322754, 0.11666035652160645, 0.11013460159301758, 0.10920238494873047, 0.09761381149291992, 0.0979609489440918, 0.11975455284118652, 0.1327073574066162, 0.12377119064331055, 0.1211252212524414, 0.11892366409301758, 0.11583232879638672, 0.0977632999420166, 0.10068249702453613, 0.10754036903381348, 0.11331844329833984, 0.10336828231811523, 0.10689663887023926, 0.12781763076782227, 0.12198567390441895, 0.11299490928649902, 0.1024179458618164, 0.1051180362701416, 0.12209939956665039, 0.11072826385498047, 0.09954237937927246, 0.1152641773223877, 0.11305022239685059, 0.10378241539001465, 0.10562014579772949, 0.10829997062683105, 0.12140536308288574, 0.09793400764465332, 0.10432052612304688, 0.10075521469116211, 0.11755657196044922, 0.10960745811462402, 0.10771799087524414, 0.09556961059570312, 0.0864107608795166, 0.10405158996582031, 0.11432099342346191, 0.09418654441833496, 0.10131072998046875, 0.09995555877685547, 0.08887958526611328, 0.10716772079467773, 0.10176753997802734, 0.09019279479980469, 0.10381102561950684, 0.11511754989624023, 0.1339278221130371, 0.10198187828063965, 0.1040947437286377, 0.094390869140625, 0.09393978118896484, 0.11382460594177246, 0.12468671798706055, 0.12045073509216309, 0.11812877655029297, 0.0965108871459961, 0.10914802551269531, 0.12529826164245605, 0.11767148971557617, 0.10984373092651367, 0.0967099666595459, 0.08441972732543945, 0.09881329536437988, 0.10490918159484863, 0.10302186012268066, 0.1143193244934082, 0.11333179473876953, 0.0935971736907959, 0.09938645362854004, 0.1015317440032959, 0.1272268295288086, 0.11734986305236816, 0.13563227653503418, 0.10637307167053223, 0.09131169319152832, 0.11387348175048828, 0.12222504615783691, 0.10895085334777832, 0.09334921836853027, 0.09301018714904785, 0.10587167739868164, 0.10897636413574219, 0.09100675582885742, 0.08672142028808594, 0.12190866470336914, 0.12473440170288086, 0.11965441703796387, 0.11104011535644531, 0.10519266128540039, 0.10068035125732422, 0.07901811599731445, 0.12038660049438477, 0.11841535568237305, 0.10581183433532715, 0.09330558776855469, 0.11667442321777344, 0.11236333847045898, 0.10386180877685547, 0.09345793724060059, 0.114288330078125, 0.11140942573547363, 0.1109621524810791, 0.0964803695678711, 0.12018680572509766, 0.1226506233215332, 0.10021400451660156, 0.11133265495300293, 0.10834383964538574, 0.09298443794250488, 0.0974888801574707, 0.11438226699829102, 0.11161661148071289, 0.10198497772216797, 0.08456110954284668, 0.09737372398376465, 0.10574197769165039, 0.1033012866973877, 0.10406017303466797, 0.08421850204467773, 0.12166929244995117, 