{"ID": 5, "inference time": [10.707141876220703, 0.05191159248352051, 0.07546830177307129, 0.04315304756164551, 0.04047846794128418, 0.07896184921264648, 0.04508662223815918, 0.04430413246154785, 0.0739598274230957, 0.044801950454711914, 0.04944872856140137, 0.07799863815307617, 0.04038405418395996, 0.04195141792297363, 0.07542657852172852, 0.045439958572387695, 0.09795260429382324, 0.08609366416931152, 0.04748034477233887, 0.0511324405670166, 0.08456230163574219, 0.04130697250366211, 0.13355469703674316, 0.18425822257995605, 0.06764936447143555, 0.0650794506072998, 0.11505436897277832, 0.06126570701599121, 0.06283712387084961, 0.11332201957702637, 0.06274724006652832, 0.06446528434753418, 0.11771631240844727, 0.06134653091430664, 0.06379127502441406, 0.11177206039428711, 0.06066632270812988, 0.06501221656799316, 0.11382532119750977, 0.06443572044372559, 0.0626993179321289, 0.11551570892333984, 0.06254911422729492, 0.06698489189147949, 0.12079572677612305, 0.08118844032287598, 0.06392240524291992, 0.12122154235839844, 0.07811856269836426, 0.06566500663757324, 0.11761355400085449, 0.061666250228881836, 0.06520366668701172, 0.1129610538482666, 0.061071157455444336, 0.06650042533874512, 0.11493039131164551, 0.060126304626464844, 0.0665442943572998, 0.11610960960388184, 0.05730414390563965, 0.06624531745910645, 0.12847256660461426, 0.07238531112670898, 0.06636643409729004, 0.11560630798339844, 0.07821512222290039, 0.08715248107910156, 0.1213533878326416, 0.05993294715881348, 0.06482815742492676, 0.1126713752746582, 0.07588720321655273, 0.08637619018554688, 0.12170290946960449, 0.08029985427856445, 0.06633734703063965, 0.11511826515197754, 0.06092977523803711, 0.06474184989929199, 0.11601948738098145, 0.058725833892822266, 0.06633162498474121, 0.11657905578613281, 0.06841468811035156, 0.06753420829772949, 0.11750555038452148, 0.06900954246520996, 0.06842422485351562, 0.1286468505859375, 0.061113834381103516, 0.06900191307067871, 0.11773467063903809, 0.06537604331970215, 0.0698995590209961, 0.12360858917236328, 0.07346487045288086, 0.07190489768981934, 0.11556434631347656, 0.07356762886047363, 0.07087588310241699, 0.12232565879821777, 0.0712282657623291, 0.06853127479553223, 0.12152099609375, 0.06065821647644043, 0.07115411758422852, 0.11896085739135742, 0.06905436515808105, 0.07049870491027832, 0.11684560775756836, 0.07475018501281738, 0.08873629570007324, 0.11608362197875977, 0.0824577808380127, 0.08752083778381348, 0.12165951728820801, 0.07075858116149902, 0.07061147689819336, 0.12543773651123047, 0.06956195831298828, 0.07156610488891602, 0.11342763900756836, 0.0799856185913086, 0.08098793029785156, 0.12398433685302734, 0.08273196220397949, 0.07098627090454102, 0.11944103240966797, 0.07560491561889648, 0.08728384971618652, 0.13162946701049805, 0.06386017799377441, 0.07067561149597168, 0.11257028579711914, 0.08542728424072266, 0.08624982833862305, 0.12401747703552246, 0.0687260627746582, 0.08230018615722656, 0.1223912239074707, 0.08002591133117676, 0.07054543495178223, 0.12093782424926758, 0.07161211967468262, 0.07823920249938965, 0.12486147880554199, 0.07760334014892578, 0.0691838264465332, 0.12464022636413574, 0.06667709350585938, 0.07121443748474121, 0.11835861206054688, 0.06833314895629883, 0.07423186302185059, 0.13288283348083496, 0.07214117050170898, 0.07022595405578613, 0.11985993385314941, 0.07129406929016113, 0.06885623931884766, 0.1195380687713623, 0.06395125389099121, 0.0698549747467041, 0.11768507957458496, 0.06267976760864258, 0.06892108917236328, 0.12035679817199707, 0.06828570365905762, 0.06944870948791504, 0.11930108070373535, 0.06641197204589844, 0.06872224807739258, 0.12062668800354004, 0.06368231773376465, 0.06943273544311523, 0.11999273300170898, 0.06849336624145508, 0.06888341903686523, 0.12184572219848633, 0.06596899032592773, 0.06913018226623535, 0.11277222633361816, 0.06943964958190918, 0.07885289192199707, 0.13090085983276367, 0.07586550712585449, 0.06915879249572754, 0.11395955085754395, 0.06416845321655273, 0.06801033020019531, 0.12270879745483398, 0.06068730354309082, 0.06961202621459961, 0.11141109466552734, 0.06829333305358887, 0.06887388229370117, 0.12628602981567383, 0.06491518020629883, 0.0725107192993164, 0.1185903549194336, 0.06126832962036133, 0.06858110427856445, 0.1198275089263916, 0.06456947326660156, 0.06969380378723145, 0.11041140556335449, 0.08374214172363281, 0.07950949668884277, 0.12235689163208008, 0.07006621360778809, 0.07699942588806152, 0.13025641441345215, 0.0655519962310791, 0.06856012344360352, 0.11736512184143066, 0.0631718635559082, 0.06934905052185059, 0.11318230628967285, 0.0674750804901123, 0.0737452507019043, 0.13151860237121582, 0.0599665641784668, 0.06849431991577148, 0.11800456047058105, 0.07172322273254395, 0.07831025123596191, 0.13102984428405762, 0.06014657020568848, 0.06871867179870605, 0.11777305603027344, 0.07142162322998047, 0.07583165168762207, 0.13072872161865234, 0.05886483192443848, 0.06878542900085449, 0.11887335777282715, 0.06550216674804688, 0.0693964958190918, 0.12121200561523438, 0.05781054496765137, 0.07005715370178223, 0.12083721160888672, 0.06252241134643555, 0.06897735595703125, 0.11870050430297852, 0.062296152114868164, 0.06969785690307617, 0.12138199806213379, 0.059845924377441406, 0.06978797912597656, 0.12452864646911621, 0.059073686599731445, 0.06882047653198242, 0.12438225746154785, 0.060175180435180664, 0.06847834587097168, 0.12208199501037598, 0.06708073616027832, 0.07170796394348145, 0.11920619010925293, 0.06721806526184082, 0.06955242156982422, 0.11716032028198242, 0.06603121757507324, 0.06944966316223145, 0.11866426467895508, 0.05985832214355469, 0.06834697723388672, 0.11948227882385254, 0.07637262344360352, 0.06936240196228027, 0.1197969913482666, 0.06663990020751953, 0.0709381103515625, 0.12135863304138184, 0.059726715087890625, 0.06929397583007812, 0.12441754341125488, 0.07192420959472656, 0.07859945297241211, 0.12831950187683105, 0.0584864616394043, 0.06936764717102051, 0.12005925178527832, 0.07181596755981445, 0.08098721504211426, 0.12767505645751953, 0.0586397647857666, 0.06957554817199707, 0.12313103675842285, 0.05955982208251953, 0.06893420219421387, 0.11506986618041992, 0.1013641357421875, 0.06911754608154297, 0.11876869201660156, 0.07037901878356934, 0.07646584510803223, 0.13170576095581055, 0.06034588813781738, 0.07267546653747559, 0.11705589294433594, 0.06836748123168945, 0.07893180847167969, 0.12936973571777344, 0.06155848503112793, 0.07035660743713379, 0.12057232856750488, 0.06669092178344727, 0.07041621208190918, 0.11352896690368652, 0.077056884765625, 0.08296728134155273, 0.12935256958007812, 0.05813884735107422, 0.06924247741699219, 0.12016057968139648, 0.05862545967102051, 0.07054591178894043, 0.12072443962097168, 0.07044601440429688, 0.07684636116027832, 0.13457393646240234, 0.059061288833618164, 0.07055306434631348, 0.12155389785766602, 0.06931042671203613, 0.06957483291625977, 0.11969470977783203, 0.0698084831237793, 0.07275056838989258, 0.13503813743591309, 0.058416128158569336, 0.06923747062683105, 0.1136627197265625, 0.09132862091064453, 0.06986784934997559, 0.12052059173583984, 0.07229423522949219, 0.07313084602355957, 0.11317110061645508, 0.08306455612182617, 0.07709789276123047, 0.12300777435302734, 0.06995463371276855, 0.07419276237487793, 0.13378524780273438, 0.05989718437194824, 0.07080841064453125, 0.11249303817749023, 0.0690300464630127, 0.07087969779968262, 0.12316226959228516, 0.05826282501220703, 0.07095170021057129, 0.1129763126373291, 0.08743619918823242, 0.07043790817260742, 0.11737847328186035, 0.09419822692871094, 0.07060813903808594, 0.12538385391235352, 0.06548357009887695, 0.07120847702026367, 0.11902284622192383, 0.05755496025085449, 0.07105231285095215, 0.12394165992736816, 0.06687283515930176, 0.0705270767211914, 0.12208771705627441, 0.057027339935302734, 0.07040596008300781, 0.10931754112243652, 0.08145642280578613, 0.0751028060913086, 0.12068414688110352, 0.07315826416015625, 0.07896924018859863, 0.13336515426635742,