{"ID": 6, "inference time": [0.632871150970459, 0.40663933753967285, 0.414142370223999, 0.3971891403198242, 0.35825324058532715, 0.19429469108581543, 0.2025151252746582, 0.23459386825561523, 0.22785615921020508, 0.21953749656677246, 0.21492385864257812, 0.24439620971679688, 0.23182201385498047, 0.20805907249450684, 0.2375965118408203, 0.2439892292022705, 0.21775078773498535, 0.20977282524108887, 0.2448732852935791, 0.24109864234924316, 0.208754301071167, 0.20970916748046875, 0.21923398971557617, 0.2460625171661377, 0.21382737159729004, 0.2280733585357666, 0.21300959587097168, 0.23225784301757812, 0.213090181350708, 0.23430109024047852, 0.21760916709899902, 0.21656370162963867, 0.21177291870117188, 0.25721025466918945, 0.24274492263793945, 0.21382927894592285, 0.21825122833251953, 0.1970689296722412, 0.20768022537231445, 0.25455665588378906, 0.27918052673339844, 0.2762744426727295, 0.2536172866821289, 0.25408196449279785, 0.24517130851745605, 0.2534005641937256, 0.2775425910949707, 0.2546834945678711, 0.23388671875, 0.22749948501586914, 0.23992490768432617, 0.23415327072143555, 0.22591233253479004, 0.23227596282958984, 0.24453163146972656, 0.24126815795898438, 0.25068044662475586, 0.23172926902770996, 0.2330782413482666, 0.2421567440032959, 0.2533531188964844, 0.268176794052124, 0.27202510833740234, 0.24341559410095215, 0.25406575202941895, 0.2287275791168213, 0.24034714698791504, 0.23098158836364746, 0.2573990821838379, 0.2540438175201416, 0.2739391326904297, 0.2735447883605957, 0.25768065452575684, 0.26357412338256836, 0.2614452838897705, 0.23504424095153809, 0.2806131839752197, 0.2770247459411621, 0.26255249977111816, 0.26119565963745117, 0.255828857421875, 0.23253822326660156, 0.2368466854095459, 0.2698700428009033, 0.2750110626220703, 0.2552978992462158, 0.22828078269958496, 0.2536921501159668, 0.24826431274414062, 0.24805665016174316, 0.24787592887878418, 0.25243639945983887, 0.23334717750549316, 0.23240137100219727, 0.22330570220947266, 0.27013111114501953, 0.26663851737976074, 0.2597808837890625, 0.25137805938720703, 0.25699472427368164, 0.2446885108947754, 0.23830032348632812, 0.2547752857208252, 0.24417757987976074, 0.245863676071167, 0.23764395713806152, 0.21501612663269043, 0.26705360412597656, 0.2534768581390381, 0.2559523582458496, 0.21549439430236816, 0.23433423042297363, 0.24613595008850098, 0.2403261661529541, 0.25956153869628906, 0.2438042163848877, 0.23548531532287598, 0.23918771743774414, 0.24835443496704102, 0.24175810813903809, 0.25431275367736816, 0.21517395973205566, 0.2550973892211914, 0.2638969421386719, 0.266216516494751, 0.25998497009277344, 0.23067975044250488, 0.23823213577270508, 0.26111602783203125, 0.2878687381744385, 0.3541843891143799, 0.42969560623168945, 0.3935105800628662, 0.374786376953125, 0.38768553733825684, 0.3198671340942383, 0.19491958618164062, 0.22141599655151367, 0.20515775680541992, 0.22095441818237305, 0.22025799751281738, 0.20050740242004395, 0.19046545028686523, 0.20467877388000488, 0.26750850677490234, 0.3425116539001465, 0.40727972984313965, 0.37440943717956543, 0.36671900749206543, 0.36415719985961914, 0.33619117736816406, 0.28215575218200684, 0.22321295738220215, 0.2441096305847168, 0.19968128204345703, 0.21680808067321777, 0.24167299270629883, 0.23509526252746582, 0.2048020362854004, 0.22323870658874512, 0.21944236755371094, 0.22719383239746094, 0.22691798210144043, 0.23193883895874023, 0.2096843719482422, 0.218475341796875, 0.20581459999084473, 0.22988128662109375, 0.22535490989685059, 0.2208404541015625, 0.23476529121398926, 0.23116350173950195, 0.24021315574645996, 0.23221516609191895, 0.24193739891052246, 0.25434041023254395, 0.23932552337646484, 0.2285158634185791, 0.2153182029724121, 0.21688437461853027, 0.20631766319274902, 0.20917797088623047, 0.2141408920288086, 0.21776509284973145, 0.2192988395690918, 0.24472904205322266, 0.23586273193359375, 0.22622966766357422, 0.1969764232635498, 0.23279571533203125, 0.23005318641662598, 0.2215280532836914, 0.1947629451751709, 0.21848845481872559, 0.20615744590759277, 0.24465513229370117, 0.2027738094329834, 0.19710779190063477, 0.2303330898284912, 0.24649620056152344, 0.22333884239196777, 0.24681973457336426, 0.2008514404296875, 0.24082565307617188, 0.26273584365844727, 0.24099087715148926, 0.22169709205627441, 0.2433304786682129, 0.2082221508026123, 0.23943710327148438, 0.2131500244140625, 0.25279760360717773, 0.2211441993713379, 0.23445510864257812, 0.23306584358215332, 0.22771692276000977, 0.21259236335754395, 0.2287130355834961, 0.20125675201416016, 0.22007489204406738, 0.2049427032470703, 0.23692727088928223, 0.23034906387329102, 0.22525930404663086, 0.2074272632598877, 0.23152542114257812, 0.2242136001586914, 0.22248148918151855, 0.1969912052154541, 0.22721314430236816, 0.22883915901184082, 0.22881078720092773, 0.24048995971679688, 0.2561984062194824, 0.22521090507507324, 0.24887347221374512, 0.2201521396636963, 0.2272660732269287, 0.21395397186279297, 0.23512482643127441, 0.23777484893798828, 0.2148597240447998, 0.21842122077941895, 0.23465251922607422, 0.19803118705749512, 0.22736001014709473, 0.22985625267028809, 0.23382139205932617, 0.2330460548400879, 0.23201608657836914, 0.22712421417236328, 0.2411031723022461, 0.22048497200012207, 0.22747206687927246, 0.24070215225219727, 0.20931792259216309, 0.22777414321899414, 0.22389435768127441, 0.22461771965026855, 0.22095894813537598, 0.24104762077331543, 0.22460079193115234, 0.22578001022338867, 0.22805261611938477, 0.23102664947509766, 0.21929597854614258, 0.20296096801757812, 0.22746872901916504, 0.20732712745666504, 0.23767662048339844, 0.23567414283752441, 0.22094082832336426, 0.20739984512329102, 0.2133190631866455, 0.2377002239227295, 0.22412490844726562, 0.20920228958129883, 0.24806737899780273, 0.23419404029846191, 0.21923542022705078, 0.22918391227722168, 0.2263493537902832, 0.21372365951538086, 0.2270054817199707, 0.21038150787353516, 0.23615264892578125, 0.2098996639251709, 0.21986889839172363, 0.22698712348937988, 0.23124170303344727, 0.24146103858947754, 0.22697210311889648, 0.21496009826660156, 0.23041319847106934, 0.20265960693359375, 0.20972275733947754, 0.20676946640014648, 0.21404623985290527, 0.26951074600219727, 0.25092291831970215, 0.228790283203125, 0.2225489616394043, 0.20934772491455078, 0.23378205299377441, 0.21234965324401855, 0.1948244571685791, 0.21109819412231445, 0.23603105545043945, 0.21177148818969727, 0.23850107192993164, 0.20910906791687012, 0.23423337936401367, 0.21980810165405273, 0.23193955421447754, 0.2038743495941162, 0.2155768871307373, 0.2114882469177246, 0.22065520286560059, 0.21996140480041504, 0.23200416564941406, 0.22475528717041016, 0.23524904251098633, 0.20472502708435059, 0.21719932556152344, 0.20821809768676758, 0.20883822441101074, 0.20938491821289062, 0.24533438682556152, 0.20815443992614746, 0.22083616256713867, 0.20802760124206543, 0.23018193244934082, 0.2138831615447998, 0.22887277603149414, 0.2078394889831543, 0.2110891342163086, 0.21307730674743652, 0.22484803199768066, 0.20837974548339844, 0.2143714427947998, 0.23903274536132812, 0.24423456192016602, 0.202073335647583, 0.23649001121520996, 0.23009610176086426, 0.22882771492004395, 0.20144104957580566, 0.25215768814086914, 0.22139978408813477, 0.20662307739257812, 0.23792672157287598, 0.18918514251708984, 0.27518701553344727, 0.24576115608215332, 0.21620392799377441, 0.21804022789001465, 0.2395155429840088, 0.214097261428833, 0.21187758445739746, 0.226548433303833, 0.21016788482666016, 0.2054760456085205, 0.2354567050933838, 0.2165241241455078, 0.21847867965698242, 0.23779082298278809, 0.22934412956237793, 0.2487485408782959, 0.2173469066619873, 0.22569918632507324, 0.21294188499450684, 0.19568252563476562, 0.23332571983337402, 0.2382800579071045, 0.22084712982177734, 0.23746681213378906, 0.20122742652893066, 0.22505998611450195, 0.23978304862976074, 0.24370551109313965, 0.2257397174835205, 0.21939635276794434, 0.23817229270935059, 0.24540185928344727, 0.23967552185058594, 