{"ID": 0, "inference time": [9.701478719711304, 0.04874992370605469, 0.04319572448730469, 0.10277009010314941, 0.0522615909576416, 0.07525062561035156, 0.06405448913574219, 0.049973249435424805, 0.07247304916381836, 0.06070995330810547, 0.04872488975524902, 0.07208108901977539, 0.059232234954833984, 0.05064964294433594, 0.07853078842163086, 0.06327533721923828, 0.05284595489501953, 0.0750575065612793, 0.053723812103271484, 0.10832738876342773, 0.14478707313537598, 0.10878276824951172, 0.09404420852661133, 0.12760257720947266, 0.07827305793762207, 0.0835878849029541, 0.10373783111572266, 0.07681584358215332, 0.08385252952575684, 0.10606050491333008, 0.07805371284484863, 0.09088897705078125, 0.11634206771850586, 0.07654190063476562, 0.0903170108795166, 0.11333346366882324, 0.050112009048461914, 0.0899510383605957, 0.11203598976135254, 0.05200672149658203, 0.09048724174499512, 0.11188745498657227, 0.05057072639465332, 0.09715008735656738, 0.11524271965026855, 0.05270195007324219, 0.08795785903930664, 0.11410307884216309, 0.059691667556762695, 0.09016919136047363, 0.11869263648986816, 0.05473613739013672, 0.08236551284790039, 0.11423325538635254, 0.04998016357421875, 0.09100484848022461, 0.11736702919006348, 0.060082435607910156, 0.09318399429321289, 0.11563611030578613, 0.061625003814697266, 0.08754301071166992, 0.10734367370605469, 0.05225491523742676, 0.08188533782958984, 0.11298799514770508, 0.06507682800292969, 0.09054780006408691, 0.11421966552734375, 0.05926966667175293, 0.09136223793029785, 0.11273884773254395, 0.06483578681945801, 0.08519816398620605, 0.11557960510253906, 0.06492447853088379, 0.08898711204528809, 0.11113286018371582, 0.07095623016357422, 0.08260536193847656, 0.1156303882598877, 0.05714702606201172, 0.09303975105285645, 0.1086130142211914, 0.06995248794555664, 0.09074187278747559, 0.11631584167480469, 0.056424856185913086, 0.0905158519744873, 0.11942481994628906, 0.056554317474365234, 0.0904850959777832, 0.11259984970092773, 0.06908822059631348, 0.08905243873596191, 0.11496210098266602, 0.06899070739746094, 0.08483648300170898, 0.11844015121459961, 0.09767556190490723, 0.08972620964050293, 0.12030458450317383, 0.06033205986022949, 0.08466196060180664, 0.11792874336242676, 0.06299257278442383, 0.08804655075073242, 0.1157832145690918, 0.07071256637573242, 0.07606101036071777, 0.11502647399902344, 0.06925058364868164, 0.08340835571289062, 0.10990452766418457, 0.08895635604858398, 0.09659552574157715, 0.12262749671936035, 0.06068587303161621, 0.09035682678222656, 0.12816166877746582, 0.07161545753479004, 0.08600068092346191, 0.11704874038696289, 0.06656718254089355, 0.08515238761901855, 0.11062788963317871, 0.07530832290649414, 0.08879232406616211, 0.13136863708496094, 0.0688927173614502, 0.10025715827941895, 0.11536741256713867, 0.06804871559143066, 0.08903145790100098, 0.12537264823913574, 0.06721353530883789, 0.08691287040710449, 0.11719059944152832, 0.07136750221252441, 0.08830785751342773, 0.1265411376953125, 0.05834364891052246, 0.08747053146362305, 0.12413620948791504, 0.09566116333007812, 0.0966958999633789, 0.13698172569274902, 0.0882718563079834, 0.0822908878326416, 0.11183476448059082, 0.08332252502441406, 0.0822608470916748, 0.11818385124206543, 0.07010602951049805, 0.09380674362182617, 0.10949087142944336, 0.0740206241607666, 0.09100699424743652, 0.1319563388824463, 0.06421327590942383, 0.09784960746765137, 0.11436271667480469, 0.074462890625, 0.08547163009643555, 0.11681890487670898, 0.07813477516174316, 0.08613014221191406, 0.1328129768371582, 0.06972956657409668, 0.08629870414733887, 0.11141109466552734, 0.07306575775146484, 0.08922553062438965, 0.12262225151062012, 0.0716400146484375, 0.08870863914489746, 0.12238764762878418, 0.07192540168762207, 0.08258938789367676, 0.1246330738067627, 0.06498551368713379, 0.08924722671508789, 0.1269829273223877, 0.07360076904296875, 0.08638238906860352, 0.11427545547485352, 0.0760657787322998, 0.08449482917785645, 0.11957001686096191, 0.07184934616088867, 0.08460879325866699, 0.12555623054504395, 0.07670807838439941, 0.08594012260437012, 0.12302565574645996, 0.07265472412109375, 0.08349061012268066, 0.11783432960510254, 0.07295870780944824, 0.08420324325561523, 0.1154487133026123, 0.07391071319580078, 0.08146309852600098, 0.11989688873291016, 0.07409405708312988, 0.08654093742370605, 0.11737298965454102, 0.07416200637817383, 0.09193849563598633, 0.1354525089263916, 0.07025313377380371, 0.08208346366882324, 0.12542128562927246, 0.07474040985107422, 0.08331847190856934, 0.12026524543762207, 0.07344651222229004, 0.08153080940246582, 0.1259934902191162, 0.07191967964172363, 0.0840916633605957, 0.12429118156433105, 0.09124898910522461, 0.08045744895935059, 0.12695097923278809, 0.07467937469482422, 0.08572173118591309, 0.11569023132324219, 0.0924842357635498, 0.08829164505004883, 0.13329243659973145, 0.06946635246276855, 0.08486723899841309, 0.12554335594177246, 0.0742177963256836, 0.09752202033996582, 0.11963319778442383, 0.1212320327758789, 0.07651257514953613, 0.11450600624084473, 0.12154316902160645, 0.09692621231079102, 0.11474347114562988, 0.08205437660217285, 0.0925595760345459, 0.1289844512939453, 0.06587767601013184, 0.0965585708618164, 0.11961507797241211, 0.0748140811920166, 0.08430886268615723, 0.12025809288024902, 0.07139062881469727, 0.09822940826416016, 0.10961341857910156, 0.07865548133850098, 0.08509564399719238, 0.12021017074584961, 0.08274054527282715, 0.08328437805175781, 0.12446975708007812, 0.0743100643157959, 0.08592844009399414, 0.12402653694152832, 0.09091401100158691, 0.09041380882263184, 0.12120509147644043, 0.08053374290466309, 0.09893131256103516, 0.14177393913269043, 0.11659765243530273, 0.09173750877380371, 0.12157940864562988, 0.0902414321899414, 0.0986793041229248, 0.12045121192932129, 0.10486793518066406, 0.08729386329650879, 0.11698246002197266, 0.10232067108154297, 0.09883546829223633, 0.13057279586791992, 0.07562112808227539, 0.09159064292907715, 0.1319563388824463, 0.0670020580291748, 0.10191059112548828, 0.14467811584472656, 0.09586310386657715, 0.08821487426757812, 0.12255692481994629, 0.09184908866882324, 0.10331416130065918, 0.1195383071899414, 0.08291435241699219, 0.09153151512145996, 0.136124849319458, 0.10136151313781738, 0.092071533203125, 0.11694574356079102, 0.07996416091918945, 0.10163331031799316, 0.14195656776428223, 0.09690213203430176, 0.08992457389831543, 0.12314891815185547, 0.09285354614257812, 0.0964968204498291, 0.11846399307250977, 0.11018109321594238, 0.10519170761108398, 0.12189126014709473, 0.11268043518066406, 0.09123849868774414, 0.12552428245544434, 0.0779576301574707, 0.09264111518859863, 0.1374528408050537, 0.07897496223449707, 0.08842778205871582, 0.13449478149414062, 0.07296299934387207, 0.09293055534362793, 0.13646221160888672, 0.1054987907409668, 0.09160780906677246, 0.13257217407226562, 0.13146114349365234, 0.09387826919555664, 0.12463617324829102, 0.0888526439666748, 0.09131765365600586, 0.11664414405822754, 0.11364364624023438, 0.10431456565856934, 0.12279868125915527, 0.0828864574432373, 0.08669543266296387, 0.13706183433532715, 0.07615923881530762, 0.09081339836120605, 0.13405656814575195, 0.07138609886169434, 0.08451199531555176, 0.1443004608154297, 0.08221030235290527, 0.10081696510314941, 0.14092636108398438, 0.10734152793884277, 0.08784294128417969, 0.11892294883728027, 0.11883807182312012, 0.10395979881286621, 0.11971735954284668, 0.11215806007385254, 0.09603357315063477, 0.12398362159729004, 0.09432268142700195, 0.09229469299316406, 0.13812708854675293, 0.08045220375061035, 0.08869290351867676, 0.12151718139648438, 0.11324620246887207, 0.10855460166931152, 0.12529921531677246, 0.09365582466125488, 0.10183596611022949, 0.13826298713684082, 0.07336711883544922, 0.09032154083251953, 0.13949227333068848, 0.11692380905151367, 0.09931802749633789, 0.12940549850463867, 0.1212775707244873, 0.09023690223693848, 0.12278056144714355, 0.09704780578613281, 0.09900569915771484, 0.12281060218811035, 0.11322784423828125,