{"ID": 5, "inference time": [0.3057386875152588, 0.33216118812561035, 0.40669965744018555, 0.4107358455657959, 0.40387558937072754, 0.3900940418243408, 0.37413573265075684, 0.3431267738342285, 0.28299474716186523, 0.27992844581604004, 0.25319838523864746, 0.2584874629974365, 0.2653772830963135, 0.25362062454223633, 0.2819962501525879, 0.26068568229675293, 0.28243255615234375, 0.2651674747467041, 0.3079986572265625, 0.25873613357543945, 0.22257566452026367, 0.29245781898498535, 0.31758904457092285, 0.27298951148986816, 0.2674827575683594, 0.24201440811157227, 0.2438969612121582, 0.2713780403137207, 0.2788431644439697, 0.3211851119995117, 0.22856426239013672, 0.309436559677124, 0.29790353775024414, 0.3049323558807373, 0.2636220455169678, 0.21047425270080566, 0.2412877082824707, 0.3651609420776367, 0.4097151756286621, 0.3714027404785156, 0.3585190773010254, 0.31491947174072266, 0.25233006477355957, 0.2774171829223633, 0.24030375480651855, 0.24330997467041016, 0.31625938415527344, 0.2701399326324463, 0.26389288902282715, 0.24339938163757324, 0.2519521713256836, 0.24970650672912598, 0.2502264976501465, 0.2681102752685547, 0.27187609672546387, 0.2784574031829834, 0.24324870109558105, 0.2496953010559082, 0.26592540740966797, 0.26383352279663086, 0.2781097888946533, 0.3039054870605469, 0.3187747001647949, 0.25662660598754883, 0.24314260482788086, 0.27625250816345215, 0.24244093894958496, 0.23372149467468262, 0.258530855178833, 0.3055286407470703, 0.3094775676727295, 0.26048731803894043, 0.299182653427124, 0.28210997581481934, 0.30832862854003906, 0.29266905784606934, 0.32729434967041016, 0.30812811851501465, 0.28212690353393555, 0.26775217056274414, 0.29084086418151855, 0.2522702217102051, 0.25975704193115234, 0.2564685344696045, 0.26018261909484863, 0.2905850410461426, 0.23828840255737305, 0.2771139144897461, 0.28025269508361816, 0.258347749710083, 0.2785489559173584, 0.2861058712005615, 0.27925634384155273, 0.23934650421142578, 0.23850226402282715, 0.24754810333251953, 0.2742304801940918, 0.29315924644470215, 0.2969357967376709, 0.28166770935058594, 0.24847769737243652, 0.271350622177124, 0.2802410125732422, 0.2696828842163086, 0.2521045207977295, 0.27982401847839355, 0.2436981201171875, 0.31786632537841797, 0.29759979248046875, 0.26439619064331055, 0.2469189167022705, 0.2360215187072754, 0.2787661552429199, 0.24629521369934082, 0.24442148208618164, 0.27675509452819824, 0.23180675506591797, 0.2507758140563965, 0.2840864658355713, 0.24741220474243164, 0.2478041648864746, 0.2390594482421875, 0.2766838073730469, 0.2989945411682129, 0.3061349391937256, 0.24880433082580566, 0.2513136863708496, 0.25777173042297363, 0.3074061870574951, 0.3601062297821045, 0.40039515495300293, 0.430225133895874, 0.3987574577331543, 0.37134504318237305, 0.3992328643798828, 0.3783838748931885, 0.3624439239501953, 0.3299071788787842, 0.25655269622802734, 0.34575915336608887, 0.31667280197143555, 0.28063154220581055, 0.3971872329711914, 0.40511298179626465, 0.3926241397857666, 0.20810389518737793, 0.19106101989746094, 0.19742488861083984, 0.22878789901733398, 0.2529428005218506, 0.26004648208618164, 0.2221815586090088, 0.2187659740447998, 0.21939539909362793, 0.22260522842407227, 0.21109437942504883, 0.2438812255859375, 0.21882891654968262, 0.21222853660583496, 0.21194672584533691, 0.20905661582946777, 0.2152693271636963, 0.22443604469299316, 0.21381258964538574, 0.22402381896972656, 0.20260119438171387, 0.21480846405029297, 0.22156739234924316, 0.21903133392333984, 0.2433936595916748, 0.21651101112365723, 0.20906424522399902, 0.2082691192626953, 0.2127399444580078, 0.23398065567016602, 0.22997474670410156, 0.2187671661376953, 0.21951580047607422, 0.21196627616882324, 0.20675373077392578, 0.21409940719604492, 0.2045912742614746, 0.22304415702819824, 0.23344659805297852, 0.23613595962524414, 0.22072410583496094, 0.20183134078979492, 0.3181300163269043, 0.3031320571899414, 0.26489806175231934, 0.21066951751708984, 0.1997833251953125, 0.22307944297790527, 0.21819829940795898, 0.22176837921142578, 0.2122509479522705, 0.21700215339660645, 0.21826171875, 0.2216811180114746, 0.23022174835205078, 0.23042559623718262, 0.21877670288085938, 0.24232006072998047, 0.21584582328796387, 0.2140336036682129, 0.21274089813232422, 0.21413540840148926, 0.21814584732055664, 0.2160017490386963, 0.2044668197631836, 0.22936391830444336, 0.22965145111083984, 0.20960402488708496, 0.21770644187927246, 0.20817852020263672, 0.2216658592224121, 0.26494526863098145, 0.2178938388824463, 0.21370220184326172, 0.21486639976501465, 0.2061784267425537, 0.22904729843139648, 0.21668481826782227, 0.20678138732910156, 0.2312469482421875, 0.23681902885437012, 0.2268540859222412, 0.207855224609375, 0.22808074951171875, 0.1997969150543213, 0.2378237247467041, 0.21060824394226074, 0.23441839218139648, 0.20918011665344238, 0.2137889862060547, 0.210707426071167, 0.2291274070739746, 0.2123572826385498, 0.21850228309631348, 0.21295690536499023, 0.22206664085388184, 0.21908783912658691, 0.2067856788635254, 0.21271753311157227, 0.2347574234008789, 0.21886277198791504, 0.22141242027282715, 0.208021879196167, 0.23661160469055176, 0.22263574600219727, 0.22116541862487793, 0.23172760009765625, 0.23744726181030273, 0.21856069564819336, 0.2297680377960205, 0.21473050117492676, 0.21172809600830078, 0.2142009735107422, 0.21836018562316895, 0.22708511352539062, 0.2182753086090088, 0.23249244689941406, 0.2165384292602539, 0.2118375301361084, 0.22201895713806152, 0.21993350982666016, 0.2148740291595459, 0.2239828109741211, 0.20955729484558105, 0.2036442756652832, 0.22404837608337402, 0.2132859230041504, 0.22296643257141113, 0.19911956787109375, 0.21590518951416016, 0.21376276016235352, 0.21140313148498535, 0.21405482292175293, 0.2203688621520996, 0.22544264793395996, 0.2084193229675293, 0.22090363502502441, 0.21290802955627441, 0.2094268798828125, 0.23644471168518066, 0.21251416206359863, 0.23126959800720215, 0.22535371780395508, 0.2076127529144287, 0.23465180397033691, 0.21544384956359863, 0.21159052848815918, 0.212371826171875, 0.20325589179992676, 0.24906492233276367, 0.21161198616027832, 0.24526309967041016, 0.23533058166503906, 0.21701884269714355, 0.20490145683288574, 0.2261042594909668, 0.21677470207214355, 0.2181544303894043, 0.22428250312805176, 0.20788121223449707, 0.20542311668395996, 0.20714116096496582, 0.24944329261779785, 0.21007132530212402, 0.20506978034973145, 0.20497536659240723, 0.2193310260772705, 0.20570039749145508, 0.20663666725158691, 0.20941781997680664, 0.20722484588623047, 0.21204805374145508, 0.20980501174926758, 0.20416545867919922, 0.20125317573547363, 0.21393156051635742, 0.2149183750152588, 0.21787762641906738, 0.1989884376525879, 0.2127370834350586, 0.21610164642333984, 0.1999225616455078, 0.2063760757446289, 0.21678590774536133, 0.195082426071167, 0.20459651947021484, 0.20827603340148926, 0.20523691177368164, 0.20564031600952148, 0.21105384826660156, 0.2219388484954834, 0.20436525344848633, 0.2049698829650879, 0.22801733016967773, 0.20437026023864746, 0.1980116367340088, 0.2504732608795166, 0.2043147087097168, 0.20779967308044434, 0.2485363483428955, 0.20971465110778809, 0.26542186737060547, 0.21125149726867676, 0.23645281791687012, 0.24378085136413574, 0.21457672119140625, 0.25759005546569824, 0.2269437313079834, 0.1968836784362793, 0.21193909645080566, 0.24115633964538574, 0.2202904224395752, 0.20068764686584473, 0.21709036827087402, 0.2122361660003662, 0.2063732147216797, 0.22135233879089355, 0.21819591522216797, 0.20838284492492676, 0.21547341346740723, 0.21447110176086426, 0.21357345581054688, 0.21144628524780273, 0.21594667434692383, 0.21405267715454102, 0.20903253555297852, 0.23334550857543945, 0.2159290313720703, 0.22456979751586914, 0.23029327392578125, 0.24342679977416992, 0.2396683692932129, 0.20444846153259277, 0.20936799049377441, 0.21138381958007812, 0.20303773880004883, 0.19945335388183594, 0.22544384002685547, 0.20859789848327637, 0.2061903476715088, 0.2027759552001953, 0.21451425552368164, 