{"ID": 6, "inference time": [17.222479581832886, 0.18871092796325684, 0.1381676197052002, 0.0722043514251709, 0.13658761978149414, 0.07040858268737793, 0.1389789581298828, 0.07406997680664062, 0.1335620880126953, 0.07643795013427734, 0.13691091537475586, 0.07247519493103027, 0.13570404052734375, 0.07236337661743164, 0.13832473754882812, 0.06967520713806152, 0.13914012908935547, 0.072723388671875, 0.13281464576721191, 0.0660855770111084, 0.13298869132995605, 0.06715774536132812, 0.13128900527954102, 0.06355452537536621, 0.13615703582763672, 0.06838250160217285, 0.13420605659484863, 0.061026811599731445, 0.12944531440734863, 0.07419490814208984, 0.14147543907165527, 0.06588578224182129, 0.1342775821685791, 0.06387090682983398, 0.13769221305847168, 0.07280206680297852, 0.13187241554260254, 0.06275320053100586, 0.13234591484069824, 0.06250548362731934, 0.13239526748657227, 0.06479430198669434, 0.1316366195678711, 0.0628352165222168, 0.1392686367034912, 0.06441044807434082, 0.13060998916625977, 0.06396198272705078, 0.13319659233093262, 0.06232786178588867, 0.1327972412109375, 0.06318092346191406, 0.13663864135742188, 0.06853628158569336, 0.13169550895690918, 0.06483268737792969, 0.1323833465576172, 0.06528663635253906, 0.13330745697021484, 0.0629568099975586, 0.14235424995422363, 0.06752848625183105, 0.1438002586364746, 0.0636599063873291, 0.13590788841247559, 0.05957984924316406, 0.13337349891662598, 0.06132674217224121, 0.14050769805908203, 0.06481742858886719, 0.13367128372192383, 0.06447672843933105, 0.1394033432006836, 0.06435394287109375, 0.13509535789489746, 0.061728715896606445, 0.13419532775878906, 0.06371450424194336, 0.13564825057983398, 0.08171439170837402, 0.1368694305419922, 0.06278109550476074, 0.13495159149169922, 0.07024192810058594, 0.13678431510925293, 0.06241583824157715, 0.13511276245117188, 0.06481647491455078, 0.1367321014404297, 0.07345080375671387, 0.13272976875305176, 0.06473779678344727, 0.1348581314086914, 0.0635535717010498, 0.13092255592346191, 0.06371355056762695, 0.13394427299499512, 0.07002615928649902, 0.13624024391174316, 0.06666684150695801, 0.1351945400238037, 0.06416440010070801, 0.13263654708862305, 0.06400704383850098, 0.13571977615356445, 0.06572914123535156, 0.1338515281677246, 0.06393766403198242, 0.13669371604919434, 0.09242057800292969, 0.13680505752563477, 0.0652008056640625, 0.13410282135009766, 0.06700825691223145, 0.12905478477478027, 0.06393003463745117, 0.13675475120544434, 0.07114458084106445, 0.1314864158630371, 0.06622886657714844, 0.13092827796936035, 0.06272387504577637, 0.13094425201416016, 0.0623016357421875, 0.13611841201782227, 0.0648488998413086, 0.1379222869873047, 0.06850433349609375, 0.1293196678161621, 0.06230020523071289, 0.1279919147491455, 0.060576677322387695, 0.13692045211791992, 0.06915283203125, 0.1310560703277588, 0.060326337814331055, 0.13535499572753906, 0.08381009101867676, 0.1294708251953125, 0.05902862548828125, 0.1355574131011963, 0.06579947471618652, 0.12938952445983887, 0.0630342960357666, 0.13307690620422363, 0.06304049491882324, 0.1315596103668213, 0.06330251693725586, 0.1295630931854248, 0.06211256980895996, 0.1293342113494873, 0.06466293334960938, 0.132124662399292, 0.06707906723022461, 0.12748360633850098, 0.0652005672454834, 0.13347482681274414, 0.06531786918640137, 0.1344614028930664, 0.06332993507385254, 0.13594579696655273, 0.06071138381958008, 0.13183951377868652, 0.06000876426696777, 0.1343536376953125, 0.06578373908996582, 0.12872052192687988, 0.06464791297912598, 0.13518357276916504, 0.06297779083251953, 0.1329948902130127, 0.06308269500732422, 0.13702845573425293, 0.073486328125, 0.12732934951782227, 0.0635521411895752, 0.13969683647155762, 0.06791925430297852, 0.12839317321777344, 0.06354808807373047, 0.13028979301452637, 0.06455540657043457, 0.1269063949584961, 0.06211447715759277, 0.13877367973327637, 0.07310342788696289, 0.12782788276672363, 0.061775922775268555, 0.13438868522644043, 0.07021927833557129, 0.12932634353637695, 0.06376028060913086, 0.13253283500671387, 0.06359386444091797, 0.13919997215270996, 0.07388424873352051, 0.129011869430542, 0.06063485145568848, 0.12980341911315918, 0.06373286247253418, 0.1351330280303955, 0.0809168815612793, 0.12790369987487793, 0.06489181518554688, 0.1375117301940918, 0.06671690940856934, 0.1384751796722412, 0.06783771514892578, 0.13036584854125977, 0.0627901554107666, 0.12767720222473145, 0.06201577186584473, 0.13591933250427246, 0.06391167640686035, 0.13280677795410156, 0.0634775161743164, 0.1320028305053711, 0.06865668296813965, 0.1330263614654541, 0.06994891166687012, 0.13841867446899414, 0.0691521167755127, 0.12965154647827148, 0.06398677825927734, 0.12715578079223633, 0.06461358070373535, 0.1259300708770752, 0.06469297409057617, 0.13270330429077148, 0.06702947616577148, 0.12752366065979004, 0.06517791748046875, 0.12892603874206543, 0.05991172790527344, 0.12512946128845215, 0.06221151351928711, 0.13387703895568848, 0.06265091896057129, 0.1369647979736328, 0.07980036735534668, 0.12931203842163086, 0.06387138366699219, 0.13421273231506348, 0.07306814193725586, 0.13064813613891602, 0.06383395195007324, 0.12230443954467773, 0.06220102310180664, 0.12707066535949707, 0.06235766410827637, 0.12746667861938477, 0.06137561798095703, 0.13138628005981445, 0.0900571346282959, 0.13342714309692383, 0.06711244583129883, 0.12914752960205078, 0.06210637092590332, 0.13189148902893066, 0.06402015686035156, 0.12703680992126465, 0.08501839637756348, 0.12556743621826172, 0.06574606895446777, 0.13101410865783691, 0.061834096908569336, 0.13434815406799316, 0.07049846649169922, 0.12846970558166504, 0.06369423866271973, 0.1297893524169922, 0.0632631778717041, 0.12867951393127441, 0.06326699256896973, 0.12906813621520996, 0.0737757682800293, 0.12843060493469238, 0.10847663879394531, 0.12990212440490723, 0.06382441520690918, 0.12322354316711426, 0.0593266487121582, 0.12656784057617188, 0.06411123275756836, 0.1327977180480957, 0.06774139404296875, 0.12750744819641113, 0.06630301475524902, 0.12595796585083008, 0.06306982040405273, 0.1292564868927002, 0.061846017837524414, 0.12929487228393555, 0.06431937217712402, 0.1244499683380127, 0.06604242324829102, 0.12514638900756836, 0.0660092830657959, 0.1264784336090088, 0.06344318389892578, 0.1263868808746338, 0.0610506534576416, 0.12792491912841797, 0.06473517417907715, 0.12097477912902832, 0.06497478485107422, 0.12938165664672852, 0.06307840347290039, 0.12947607040405273, 0.07241320610046387, 0.12074446678161621, 0.06420636177062988, 0.1288764476776123, 0.06313729286193848, 0.12611126899719238, 0.06562924385070801, 0.11838006973266602, 0.06987714767456055, 0.12275314331054688, 0.06205248832702637, 0.12227845191955566, 0.06179094314575195, 0.11900949478149414, 0.06133246421813965, 0.12260317802429199, 0.06254220008850098, 0.12903928756713867, 0.09548449516296387, 0.12316608428955078, 0.06494665145874023, 0.12805557250976562, 0.07506871223449707, 0.12776970863342285, 0.06500411033630371, 0.12457036972045898, 0.06285667419433594, 0.11921143531799316, 0.06294059753417969, 0.12704825401306152, 0.06805896759033203, 0.12578082084655762, 0.06612896919250488, 0.12610912322998047, 0.06235623359680176, 0.1311492919921875, 0.06934857368469238, 0.1255800724029541, 0.06267547607421875, 0.11890149116516113, 0.061635494232177734, 0.11545395851135254, 0.062096357345581055, 0.13084936141967773, 0.06487131118774414, 0.12553739547729492, 0.0644676685333252, 0.12652897834777832, 0.0633993148803711, 0.12389612197875977, 0.06587767601013184, 0.13443374633789062, 0.06093883514404297, 0.132735013961792, 0.06558442115783691, 0.11845159530639648, 0.06493616104125977, 0.1293044090270996, 0.07079291343688965, 0.12685823440551758, 0.06171274185180664, 0.11818122863769531, 0.06185555458068848, 0.12688851356506348, 0.07269883155822754, 0.12559103965759277, 0.06016206741333008, 0.1202387809753418, 0.06479644775390625, 0.12842559814453125, 0.06348490715026855, 0.12876224517822266, 0.06794619560241699, 0.12372374534606934, 