{"ID": 5, "inference time": [13.977262735366821, 0.10476970672607422, 0.12389731407165527, 0.1293811798095703, 0.12981247901916504, 0.13016748428344727, 0.12227559089660645, 0.12010812759399414, 0.11668944358825684, 0.11242198944091797, 0.09147405624389648, 0.10857081413269043, 0.08627724647521973, 0.10698723793029785, 0.11575865745544434, 0.10509538650512695, 0.09560298919677734, 0.09877514839172363, 0.09893536567687988, 0.11701059341430664, 0.10846281051635742, 0.1039893627166748, 0.08735036849975586, 0.09397554397583008, 0.11266613006591797, 0.11333203315734863, 0.09570550918579102, 0.08753442764282227, 0.1191251277923584, 0.11841154098510742, 0.12138724327087402, 0.13211679458618164, 0.11760187149047852, 0.12125563621520996, 0.11846494674682617, 0.1171116828918457, 0.12068533897399902, 0.11927962303161621, 0.11758184432983398, 0.13085436820983887, 0.11646151542663574, 0.11313486099243164, 0.12615656852722168, 0.11887812614440918, 0.12092280387878418, 0.12112283706665039, 0.11938095092773438, 0.09967684745788574, 0.0938863754272461, 0.11830615997314453, 0.12840676307678223, 0.12022209167480469, 0.09936809539794922, 0.10437345504760742, 0.10965418815612793, 0.11471796035766602, 0.09232449531555176, 0.0886070728302002, 0.10184621810913086, 0.1114203929901123, 0.08815479278564453, 0.10590338706970215, 0.09984993934631348, 0.08363556861877441, 0.10839009284973145, 0.11584186553955078, 0.09025764465332031, 0.09479212760925293, 0.1031498908996582, 0.10792016983032227, 0.10042786598205566, 0.0907282829284668, 0.09647989273071289, 0.10112547874450684, 0.09454059600830078, 0.0887746810913086, 0.09955525398254395, 0.09270477294921875, 0.09492945671081543, 0.09505009651184082, 0.08794689178466797, 0.09381818771362305, 0.0989692211151123, 0.08759188652038574, 0.08996748924255371, 0.08962726593017578, 0.09105229377746582, 0.09648561477661133, 0.09483718872070312, 0.0885772705078125, 0.09753894805908203, 0.09605288505554199, 0.09047889709472656, 0.12586760520935059, 0.12449264526367188, 0.11195492744445801, 0.11711788177490234, 0.11896157264709473, 0.12198305130004883, 0.13364720344543457, 0.12104582786560059, 0.10609960556030273, 0.11570954322814941, 0.11236166954040527, 0.09705567359924316, 0.08947300910949707, 0.12099909782409668, 0.11937975883483887, 0.11243438720703125, 0.11010146141052246, 0.10846352577209473, 0.09049415588378906, 0.12251543998718262, 0.11213874816894531, 0.12272500991821289, 0.09817814826965332, 0.09372854232788086, 0.11544561386108398, 0.10925960540771484, 0.09405016899108887, 0.09716534614562988, 0.12267494201660156, 0.14623212814331055, 0.10198211669921875, 0.11892390251159668, 0.12490081787109375, 0.12162971496582031, 0.11338353157043457, 0.10639834403991699, 0.08596992492675781, 0.10971450805664062, 0.11068034172058105, 0.08416557312011719, 0.12104249000549316, 0.1177518367767334, 0.11834883689880371, 0.10984420776367188, 0.10906386375427246, 0.10231161117553711, 0.10122489929199219, 0.10700798034667969, 0.11635923385620117, 0.12324762344360352, 0.11888384819030762, 0.09296059608459473, 0.10075497627258301, 0.0940558910369873, 0.11812210083007812, 0.12636804580688477, 0.13408517837524414, 0.11392045021057129, 0.10919404029846191, 0.11031627655029297, 0.10692119598388672, 0.11944794654846191, 0.13526344299316406, 0.11027836799621582, 0.09234046936035156, 0.11698269844055176, 0.1300950050354004, 0.12686681747436523, 0.11927223205566406, 0.11380434036254883, 0.10210776329040527, 0.09516453742980957, 0.10923480987548828, 0.10930776596069336, 0.11055183410644531, 0.09894943237304688, 0.09241271018981934, 0.09867000579833984, 0.1106882095336914, 0.10255265235900879, 0.09168481826782227, 0.1125180721282959, 0.12839841842651367, 0.12232756614685059, 0.12611603736877441, 0.11745214462280273, 0.11008048057556152, 0.09378695487976074, 0.08734560012817383, 0.10812139511108398, 0.10442304611206055, 0.1029806137084961, 0.10322999954223633, 0.09279203414916992, 0.09583091735839844, 0.09279441833496094, 0.11929631233215332, 0.10967111587524414, 0.10785722732543945, 0.09560680389404297, 0.0926361083984375, 0.1216278076171875, 0.11704611778259277, 0.11890506744384766, 0.1213235855102539, 0.10555696487426758, 0.10389399528503418, 0.10417342185974121, 0.10749125480651855, 0.12329244613647461, 0.13348078727722168, 0.11554527282714844, 0.0960688591003418, 0.11337733268737793, 0.1207425594329834, 0.10864448547363281, 0.10702943801879883, 0.09440946578979492, 0.1093130111694336, 0.12314772605895996, 0.10674071311950684, 0.08827877044677734, 0.11464786529541016, 0.1228475570678711, 0.11416840553283691, 0.09179997444152832, 0.11358380317687988, 0.10813117027282715, 0.11052680015563965, 0.10333132743835449, 0.0974576473236084, 0.11246252059936523, 0.09438323974609375, 0.10296940803527832, 0.09942865371704102, 0.10848879814147949, 0.11979794502258301, 0.11430764198303223, 0.11505246162414551, 0.09153866767883301, 0.09601640701293945, 0.11246848106384277, 0.10290765762329102, 0.08402013778686523, 0.10172319412231445, 0.1094050407409668, 0.10315752029418945, 0.10497856140136719, 0.0964043140411377, 0.11225724220275879, 0.11599278450012207, 0.0999596118927002, 0.08357810974121094, 0.11916327476501465, 0.11806988716125488, 0.10196495056152344, 0.09631037712097168, 0.11382555961608887, 0.1049041748046875, 0.10326051712036133, 0.09994864463806152, 0.11231327056884766, 0.12458324432373047, 0.11020183563232422, 0.10161375999450684, 0.08655476570129395, 0.1185300350189209, 0.13779163360595703, 0.1115260124206543, 0.1315159797668457, 0.12635564804077148, 0.11396217346191406, 0.12421298027038574, 0.10715937614440918, 0.09583926200866699, 0.09898138046264648, 0.12384963035583496, 0.13345766067504883, 0.10793519020080566, 0.1276688575744629, 0.1307837963104248, 0.12882089614868164, 0.11972784996032715, 0.11036324501037598, 0.09985065460205078, 0.09680938720703125, 0.10961484909057617, 0.1319742202758789, 0.12209510803222656, 0.11678457260131836, 0.13466620445251465, 0.11445093154907227, 0.10832762718200684, 0.0929563045501709, 0.10518002510070801, 0.11164522171020508, 0.13020753860473633, 0.10976600646972656, 0.09678816795349121, 0.10236358642578125, 0.09822940826416016, 0.08962011337280273, 0.11229109764099121, 0.10835862159729004, 0.09749054908752441, 0.10267162322998047, 0.09677720069885254, 0.11865997314453125, 0.11246919631958008, 0.11188673973083496, 0.09884309768676758, 0.10691475868225098, 0.12409806251525879, 0.12263011932373047, 0.1342453956604004, 0.12711501121520996, 0.11495304107666016, 0.10797286033630371, 0.09673953056335449, 0.09196996688842773, 0.11307454109191895, 0.10653996467590332, 0.10118460655212402, 0.09313702583312988, 0.09407424926757812, 0.1080474853515625, 0.09821605682373047, 0.09441089630126953, 0.10362005233764648, 0.10115718841552734, 0.09388589859008789, 0.1073141098022461, 0.0892181396484375, 0.09459805488586426, 0.10101509094238281, 0.10555481910705566, 0.09966135025024414, 0.10430240631103516, 0.10629892349243164, 0.10415339469909668, 0.11831903457641602, 0.1090536117553711, 0.10317754745483398, 0.1105809211730957, 0.09882807731628418, 0.08952522277832031, 0.12241792678833008, 0.11142611503601074, 0.11587643623352051, 0.0911259651184082, 0.09938454627990723, 0.11126852035522461, 0.10419535636901855, 0.09919261932373047, 0.10935592651367188, 0.10032343864440918, 0.10615110397338867, 0.09860610961914062, 0.10303139686584473, 0.10799169540405273, 0.10080862045288086, 0.10495448112487793, 0.10668039321899414, 0.10961174964904785, 0.10665488243103027, 0.09333038330078125, 0.0952751636505127, 0.09253621101379395, 0.09229564666748047, 0.10350728034973145, 0.09475970268249512, 0.08970332145690918, 0.11086058616638184, 0.10773491859436035, 0.10081768035888672, 0.12119531631469727, 0.11327147483825684, 0.10157442092895508, 0.10671448707580566, 0.1271963119506836, 0.11939311027526855, 0.11170816421508789, 0.09193181991577148, 0.10813188552856445, 0.11440706253051758, 0.10604715347290039, 0.09922051429748535, 0.0982053279876709, 