{"ID": 5, "inference time": [7.117906093597412, 0.044996023178100586, 0.05781245231628418, 0.057405710220336914, 0.057520389556884766, 0.05820178985595703, 0.058399200439453125, 0.05871224403381348, 0.05889630317687988, 0.058109283447265625, 0.0588841438293457, 0.05858349800109863, 0.06023740768432617, 0.05960369110107422, 0.059461355209350586, 0.06008458137512207, 0.06055951118469238, 0.060848236083984375, 0.061101436614990234, 0.061697959899902344, 0.06330466270446777, 0.06362342834472656, 0.06572294235229492, 0.06357145309448242, 0.07280111312866211, 0.08433294296264648, 0.09938406944274902, 0.0814518928527832, 0.08317017555236816, 0.07855486869812012, 0.0789949893951416, 0.07752084732055664, 0.07893848419189453, 0.06736373901367188, 0.0697331428527832, 0.07220911979675293, 0.06729602813720703, 0.06904745101928711, 0.06743359565734863, 0.07225704193115234, 0.07469463348388672, 0.0750877857208252, 0.07781767845153809, 0.08177018165588379, 0.08298802375793457, 0.08156251907348633, 0.09241247177124023, 0.08913087844848633, 0.07277131080627441, 0.07178330421447754, 0.07513999938964844, 0.07700967788696289, 0.07560300827026367, 0.07219624519348145, 0.07284140586853027, 0.07173538208007812, 0.06991910934448242, 0.07530069351196289, 0.07284283638000488, 0.07151937484741211, 0.060777902603149414, 0.07436347007751465, 0.07282733917236328, 0.06830263137817383, 0.07979321479797363, 0.07866597175598145, 0.07584309577941895, 0.07679224014282227, 0.07971358299255371, 0.07689595222473145, 0.07267189025878906, 0.07799839973449707, 0.08052349090576172, 0.0796198844909668, 0.08068275451660156, 0.07599163055419922, 0.08055901527404785, 0.07835507392883301, 0.08289480209350586, 0.07802391052246094, 0.08157205581665039, 0.08288407325744629, 0.08463668823242188, 0.08424091339111328, 0.07449984550476074, 0.07801270484924316, 0.07835030555725098, 0.0749063491821289, 0.07067608833312988, 0.07059240341186523, 0.07122039794921875, 0.0766134262084961, 0.07651019096374512, 0.07780599594116211, 0.07407760620117188, 0.07425761222839355, 0.07595348358154297, 0.07876181602478027, 0.07365560531616211, 0.07707786560058594, 0.06548547744750977, 0.07817530632019043, 0.0796811580657959, 0.07711338996887207, 0.08038759231567383, 0.07966256141662598, 0.07999730110168457, 0.0791330337524414, 0.08060121536254883, 0.08070635795593262, 0.08050894737243652, 0.0787820816040039, 0.07847714424133301, 0.0829610824584961, 0.07964777946472168, 0.07495427131652832, 0.08092594146728516, 0.08213019371032715, 0.0829305648803711, 0.08138775825500488, 0.0794985294342041, 0.07897472381591797, 0.08138251304626465, 0.08194684982299805, 0.08224368095397949, 0.08367276191711426, 0.08330583572387695, 0.08261537551879883, 0.0825045108795166, 0.08199167251586914, 0.08275508880615234, 0.08777666091918945, 0.07872438430786133, 0.07725644111633301, 0.07750177383422852, 0.07376694679260254, 0.07273173332214355, 0.07877945899963379, 0.07904577255249023, 0.0791475772857666, 0.07851481437683105, 0.07295536994934082, 0.07834315299987793, 0.07541012763977051, 0.07997608184814453, 0.08154964447021484, 0.07659411430358887, 0.07488250732421875, 0.07267594337463379, 0.07976913452148438, 0.07900238037109375, 0.07114362716674805, 0.06948161125183105, 0.07546734809875488, 0.0774838924407959, 0.06599307060241699, 0.07844710350036621, 0.07314252853393555, 0.07827115058898926, 0.07504391670227051, 0.07233238220214844, 0.0758962631225586, 0.07366061210632324, 0.07407379150390625, 0.08029842376708984, 0.07363367080688477, 0.07429862022399902, 0.07315945625305176, 0.07226443290710449, 0.07556962966918945, 0.0757894515991211, 0.06958293914794922, 0.07326793670654297, 0.07226276397705078, 0.07608199119567871, 0.07646822929382324, 0.07849955558776855, 0.0708158016204834, 0.0778648853302002, 0.07313847541809082, 0.07495927810668945, 0.07321619987487793, 0.07953357696533203, 0.07700157165527344, 0.07437562942504883, 0.0751194953918457, 0.07410073280334473, 0.07100772857666016, 0.061560630798339844, 0.06298947334289551, 0.06440997123718262, 0.06333470344543457, 0.06158566474914551, 0.0615079402923584, 0.06696391105651855, 0.07061052322387695, 0.07604265213012695, 0.07391214370727539, 0.08496403694152832, 0.08269691467285156, 0.08030962944030762, 0.07835507392883301, 0.08020281791687012, 0.08132028579711914, 0.08393239974975586, 0.07043194770812988, 0.07621574401855469, 0.07084107398986816, 0.07325625419616699, 0.07824134826660156, 0.07508492469787598, 0.07074284553527832, 0.07467126846313477, 0.07761287689208984, 0.07487964630126953, 0.07291436195373535, 0.07055211067199707, 0.07651185989379883, 0.07466363906860352, 0.07521867752075195, 0.07572507858276367, 0.08568692207336426, 0.07329845428466797, 0.07740569114685059, 0.07629776000976562, 0.07688355445861816, 0.07698845863342285, 0.07605910301208496, 0.07847380638122559, 0.0850071907043457, 0.06270098686218262, 0.07123255729675293, 0.07404041290283203, 0.07661724090576172, 0.07545161247253418, 0.07536482810974121, 0.07149958610534668, 0.07242488861083984, 0.06899571418762207, 0.06914854049682617, 0.07310175895690918, 0.06844043731689453, 0.07107400894165039, 0.06822395324707031, 0.06554555892944336, 0.06660819053649902, 0.06590390205383301, 0.06406211853027344, 0.06266593933105469, 0.07129406929016113, 0.07001662254333496, 0.0734107494354248, 0.07904934883117676, 0.07150483131408691, 0.0745396614074707, 0.07236456871032715, 0.07204937934875488, 0.07259202003479004, 0.07845902442932129, 0.07356929779052734, 0.07289767265319824, 0.07427287101745605, 0.07332849502563477, 0.07512021064758301, 0.07479143142700195, 0.0743093490600586, 0.0758664608001709, 0.0756375789642334, 0.07515501976013184, 0.07483553886413574, 0.0746011734008789, 0.07507729530334473, 0.07467842102050781, 0.0748128890991211, 0.07496786117553711, 0.0757131576538086, 0.07595586776733398, 0.0743553638458252, 0.0765683650970459, 0.0738525390625, 0.07532405853271484, 0.0767507553100586, 0.07834625244140625, 0.07689142227172852, 0.07623982429504395, 0.07005739212036133, 0.06937885284423828, 0.06335854530334473, 0.0678718090057373, 0.06011533737182617, 0.07092571258544922, 0.06084012985229492, 0.060593366622924805, 0.07049989700317383, 0.06969714164733887, 0.07570123672485352, 0.07233762741088867, 0.0816349983215332, 0.0760488510131836, 0.07297277450561523, 0.08108258247375488, 0.08081340789794922, 0.07447218894958496, 0.07880330085754395, 0.07353544235229492, 0.06907105445861816, 0.0732412338256836, 0.07617664337158203, 0.06615304946899414, 0.07677936553955078, 0.07428121566772461, 0.07478713989257812, 0.07787847518920898, 0.07715463638305664, 0.07712507247924805, 0.0761861801147461, 0.07977914810180664, 0.07655954360961914, 0.07542777061462402, 0.07561206817626953, 0.07647275924682617, 0.07895183563232422, 0.07629561424255371, 0.07713127136230469, 0.07152628898620605, 0.06839537620544434, 0.06682920455932617, 0.06727933883666992, 0.06146550178527832, 0.0660090446472168, 0.07261157035827637, 0.07377243041992188, 0.0749974250793457, 0.07533144950866699, 0.07654237747192383, 0.07739758491516113, 0.08131957054138184, 0.08441019058227539, 0.08624601364135742, 0.07144546508789062, 0.07643294334411621, 0.07976961135864258, 0.0811927318572998, 0.0774843692779541, 0.08133363723754883, 0.07663083076477051, 0.07537722587585449, 0.07844305038452148, 0.0762026309967041, 0.07820296287536621, 0.07322239875793457, 0.07515764236450195, 0.07097411155700684, 0.0727090835571289, 0.07104754447937012, 0.06900382041931152, 0.07023143768310547, 0.0691826343536377, 0.07636618614196777, 0.06978511810302734, 0.07058310508728027, 0.07469296455383301, 0.07694792747497559, 0.07117390632629395, 0.07050156593322754, 0.07117629051208496, 0.07160758972167969, 0.07271194458007812, 0.07317209243774414, 0.07126045227050781, 0.07166171073913574, 0.07797932624816895, 0.07700037956237793, 0.07027935981750488, 0.0726768970489502, 0.07590317726135254, 0.07215189933776855, 0.06525659561157227, 0.06317877769470215, 0.07208561897277832, 0.06737017631530762, 