{"ID": 5, "inference time": [0.2823610305786133, 0.2202000617980957, 0.22386670112609863, 0.24953985214233398, 0.19986915588378906, 0.23139476776123047, 0.2289597988128662, 0.2072460651397705, 0.220412015914917, 0.20910191535949707, 0.24341082572937012, 0.2200314998626709, 0.2111814022064209, 0.24010467529296875, 0.20546507835388184, 0.2423715591430664, 0.21804547309875488, 0.24463534355163574, 0.20335173606872559, 0.24892497062683105, 0.2066497802734375, 0.22232389450073242, 0.21770811080932617, 0.21573543548583984, 0.225968599319458, 0.24767732620239258, 0.23901748657226562, 0.2001192569732666, 0.2180638313293457, 0.23105645179748535, 0.199446439743042, 0.30732107162475586, 0.2259526252746582, 0.22206974029541016, 0.19998860359191895, 0.20355606079101562, 0.20667648315429688, 0.1919848918914795, 0.2662341594696045, 0.20738577842712402, 0.2471604347229004, 0.21700644493103027, 0.20622515678405762, 0.21302151679992676, 0.2081153392791748, 0.2334127426147461, 0.19838309288024902, 0.20551133155822754, 0.22196340560913086, 0.20646095275878906, 0.21997594833374023, 0.2243788242340088, 0.20217251777648926, 0.2337043285369873, 0.20210552215576172, 0.23095417022705078, 0.20886707305908203, 0.21979570388793945, 0.20530200004577637, 0.24983954429626465, 0.20373892784118652, 0.27838683128356934, 0.20446348190307617, 0.21173310279846191, 0.20560264587402344, 0.20149588584899902, 0.20642828941345215, 0.20673394203186035, 0.1974468231201172, 0.22337055206298828, 0.20322442054748535, 0.2297821044921875, 0.2113189697265625, 0.20214414596557617, 0.20077300071716309, 0.23597455024719238, 0.2066512107849121, 0.2031872272491455, 0.2175581455230713, 0.20737028121948242, 0.20653104782104492, 0.20037174224853516, 0.21079587936401367, 0.21080803871154785, 0.20093679428100586, 0.20015287399291992, 0.20926141738891602, 0.23398065567016602, 0.19955730438232422, 0.2162463665008545, 0.21609902381896973, 0.20506811141967773, 0.1961071491241455, 0.2080087661743164, 0.2117631435394287, 0.22700858116149902, 0.21137523651123047, 0.21013951301574707, 0.22738099098205566, 0.21051669120788574, 0.2267310619354248, 0.2023460865020752, 0.212493896484375, 0.21423602104187012, 0.217789888381958, 0.20815062522888184, 0.20866870880126953, 0.19607806205749512, 0.20286226272583008, 0.20115280151367188, 0.21210670471191406, 0.21302103996276855, 0.22791051864624023, 0.20210599899291992, 0.20959854125976562, 0.21452021598815918, 0.20633339881896973, 0.2254626750946045, 0.20214056968688965, 0.24312567710876465, 0.22119736671447754, 0.23384833335876465, 0.19333577156066895, 0.23078274726867676, 0.19707894325256348, 0.24555277824401855, 0.20535945892333984, 0.23994684219360352, 0.20353031158447266, 0.23453903198242188, 0.1993567943572998, 0.22152471542358398, 0.20992422103881836, 0.21259117126464844, 0.21971940994262695, 0.23907852172851562, 0.21175551414489746, 0.29135751724243164, 0.23013567924499512, 0.22352123260498047, 0.20419025421142578, 0.21273303031921387, 0.2113361358642578, 0.200514554977417, 0.2223982810974121, 0.21809005737304688, 0.2272329330444336, 0.20770716667175293, 0.21469426155090332, 0.2143535614013672, 0.1994953155517578, 0.21453285217285156, 0.20129632949829102, 0.22069025039672852, 0.20535755157470703, 0.2018413543701172, 0.2229468822479248, 0.19963788986206055, 0.20417189598083496, 0.22394990921020508, 0.20259976387023926, 0.2152996063232422, 0.21765542030334473, 0.21073007583618164, 0.21816277503967285, 0.2154858112335205, 0.20306038856506348, 0.2085270881652832, 0.21358203887939453, 0.20863652229309082, 0.22263336181640625, 0.19883131980895996, 0.21697545051574707, 0.23187994956970215, 0.22037720680236816, 0.21091198921203613, 0.21512341499328613, 0.2218928337097168, 0.21069741249084473, 0.22685575485229492, 0.2149207592010498, 0.21915483474731445, 0.20801472663879395, 0.23685431480407715, 0.2097930908203125, 0.2139270305633545, 0.21776747703552246, 0.2191162109375, 0.213348388671875, 0.2410571575164795, 0.20273447036743164, 0.22609996795654297, 0.23588204383850098, 0.21814680099487305, 0.2070467472076416, 0.21358227729797363, 0.23468923568725586, 0.20146608352661133, 0.23076272010803223, 0.20668745040893555, 0.20790362358093262, 0.21088719367980957, 0.21648001670837402, 0.21981143951416016, 0.22222018241882324, 0.20360088348388672, 0.21534061431884766, 0.22809934616088867, 0.22169160842895508, 0.21979117393493652, 0.23072528839111328, 0.20844817161560059, 0.2011699676513672, 0.2149033546447754, 0.22029566764831543, 0.20714569091796875, 0.22278070449829102, 0.20514583587646484, 0.22136569023132324, 0.209869384765625, 0.23493337631225586, 0.2108607292175293, 0.23453855514526367, 0.21655058860778809, 0.2314591407775879, 0.219376802444458, 0.21558880805969238, 0.21491050720214844, 0.20954513549804688, 0.2337784767150879, 0.19725775718688965, 0.22030115127563477, 0.2180933952331543, 0.21462416648864746, 0.20893025398254395, 0.22222495079040527, 0.20878338813781738, 0.21943092346191406, 0.2046823501586914, 0.21833491325378418, 0.22470617294311523, 0.25444579124450684, 0.21264934539794922, 0.22932982444763184, 0.21485042572021484, 0.217864990234375, 0.2111058235168457, 0.21370553970336914, 0.2301006317138672, 0.20787858963012695, 0.2169950008392334, 0.21998023986816406, 0.21275067329406738, 0.25516557693481445, 0.20153284072875977, 0.2148902416229248, 0.20985651016235352, 0.24096107482910156, 0.21275067329406738, 0.2241227626800537, 0.21199488639831543, 0.21303248405456543, 0.20755815505981445, 0.22323203086853027, 0.25649428367614746, 0.20326447486877441, 0.23409724235534668, 0.2149960994720459, 0.2351057529449463, 0.214860200881958, 0.23262286186218262, 0.20203328132629395, 0.21126985549926758, 0.2591259479522705, 0.21880698204040527, 0.21874403953552246, 0.22807073593139648, 0.20187592506408691, 0.22934508323669434, 0.22225236892700195, 0.21712064743041992, 0.23337483406066895, 0.20040202140808105, 0.2100367546081543, 0.21863770484924316, 0.21216678619384766, 0.2782096862792969, 0.2014479637145996, 0.2142775058746338, 0.21367359161376953, 0.20150232315063477, 0.24755859375, 0.21459603309631348, 0.2364046573638916, 0.21346259117126465, 0.2364363670349121, 0.19986772537231445, 0.21405982971191406, 0.2229902744293213, 0.20483016967773438, 0.2321162223815918, 0.21442937850952148, 0.21354436874389648, 0.22432398796081543, 0.21106314659118652, 0.20491671562194824, 0.21574020385742188, 0.2035062313079834, 0.2204279899597168, 0.2138669490814209, 0.20425844192504883, 0.208662748336792, 0.21476030349731445, 0.20569586753845215, 0.22246432304382324, 0.199232816696167, 0.2133314609527588, 0.21727824211120605, 0.20577001571655273, 0.20960378646850586, 0.2160353660583496, 0.1996464729309082, 0.22354722023010254, 0.24054908752441406, 0.20266962051391602, 0.22070908546447754, 0.21322154998779297, 0.2098374366760254, 0.24141478538513184, 0.20219898223876953, 0.24086880683898926, 0.215606689453125, 0.2031102180480957, 0.2180345058441162, 0.21362018585205078, 0.246079683303833, 0.20591092109680176, 0.27305150032043457, 0.2118821144104004, 0.2109978199005127, 0.20850014686584473, 0.23996520042419434, 0.22766399383544922, 0.2105269432067871, 0.2232811450958252, 0.21282172203063965, 0.20759105682373047, 0.2167825698852539, 0.21822476387023926, 0.2113497257232666, 0.21750950813293457, 0.20917177200317383, 0.23523736000061035, 0.21728110313415527, 0.2192530632019043, 0.2231128215789795, 0.20853233337402344, 0.23893404006958008, 0.21560907363891602, 0.2681553363800049, 0.20780229568481445, 0.2216794490814209, 0.20641207695007324, 0.21483826637268066, 0.20209670066833496, 0.20175480842590332, 0.22453975677490234, 0.20609831809997559, 0.19963383674621582, 0.22351956367492676, 0.20074176788330078, 0.2072603702545166, 0.21413397789001465, 0.21020889282226562, 0.1961524486541748, 0.202545166015625, 0.21342062950134277, 0.1865251064300537, 0.3084235191345215, 0.21814370155334473, 0.2101306915283203, 0.22080373764038086, 0.20294499397277832, 0.20834708213806152, 0.25343918800354004, 0.198883056640625, 