{"ID": 2, "inference time": [0.24780511856079102, 0.2115623950958252, 0.22748661041259766, 0.20352530479431152, 0.20357704162597656, 0.20488548278808594, 0.1945481300354004, 0.20273852348327637, 0.20429754257202148, 0.20313501358032227, 0.22191452980041504, 0.20101189613342285, 0.22881507873535156, 0.21864795684814453, 0.20978903770446777, 0.20567822456359863, 0.21631789207458496, 0.20860958099365234, 0.22242522239685059, 0.20720839500427246, 0.214508056640625, 0.20627546310424805, 0.20846223831176758, 0.22295069694519043, 0.20002245903015137, 0.20887470245361328, 0.2129521369934082, 0.21706056594848633, 0.20515227317810059, 0.23131155967712402, 0.22713828086853027, 0.19759273529052734, 0.21861767768859863, 0.21932649612426758, 0.19965696334838867, 0.20187616348266602, 0.2196516990661621, 0.2192070484161377, 0.20563316345214844, 0.1975116729736328, 0.222015380859375, 0.20569157600402832, 0.2005326747894287, 0.22339153289794922, 0.21291542053222656, 0.20080304145812988, 0.2055530548095703, 0.2053666114807129, 0.21054959297180176, 0.1971454620361328, 0.20652151107788086, 0.2020554542541504, 0.21944832801818848, 0.20667338371276855, 0.20640349388122559, 0.19987225532531738, 0.20788049697875977, 0.20470213890075684, 0.20000290870666504, 0.21939754486083984, 0.20138883590698242, 0.20419788360595703, 0.21442151069641113, 0.20287322998046875, 0.2227764129638672, 0.2066185474395752, 0.20901179313659668, 0.19884610176086426, 0.2127845287322998, 0.21223187446594238, 0.22822999954223633, 0.2239246368408203, 0.21397805213928223, 0.19932270050048828, 0.21259689331054688, 0.20448613166809082, 0.21579289436340332, 0.2123699188232422, 0.20514988899230957, 0.23128128051757812, 0.2268526554107666, 0.21562767028808594, 0.2012183666229248, 0.20058584213256836, 0.2301032543182373, 0.20449042320251465, 0.21097874641418457, 0.21034598350524902, 0.2122488021850586, 0.20397353172302246, 0.22147250175476074, 0.20436692237854004, 0.23152971267700195, 0.20649242401123047, 0.21330547332763672, 0.2263810634613037, 0.22341632843017578, 0.22539186477661133, 0.22843670845031738, 0.2059168815612793, 0.23665428161621094, 0.22443270683288574, 0.22195053100585938, 0.21931195259094238, 0.23074722290039062, 0.20311307907104492, 0.20209383964538574, 0.22440600395202637, 0.20323896408081055, 0.21312904357910156, 0.2166883945465088, 0.20720171928405762, 0.2105555534362793, 0.21100354194641113, 0.21903729438781738, 0.21521210670471191, 0.2215254306793213, 0.21983098983764648, 0.2193286418914795, 0.22343063354492188, 0.21358895301818848, 0.2054917812347412, 0.2202458381652832, 0.2117910385131836, 0.2126467227935791, 0.2250375747680664, 0.22369599342346191, 0.21372008323669434, 0.22348427772521973, 0.20806264877319336, 0.22198963165283203, 0.20298361778259277, 0.21206974983215332, 0.21490192413330078, 0.22066068649291992, 0.221970796585083, 0.20637083053588867, 0.21712660789489746, 0.216508150100708, 0.2111060619354248, 0.22278618812561035, 0.22829365730285645, 0.21576166152954102, 0.2255256175994873, 0.2021787166595459, 0.2143106460571289, 0.21122336387634277, 0.1991283893585205, 0.2120363712310791, 0.2188122272491455, 0.22954654693603516, 0.22702383995056152, 0.21525883674621582, 0.2231919765472412, 0.229292631149292, 0.24287700653076172, 0.21378850936889648, 0.21175599098205566, 0.20828676223754883, 0.21184277534484863, 0.22809886932373047, 0.2166287899017334, 0.21556568145751953, 0.2098405361175537, 0.21537041664123535, 0.21543312072753906, 0.20631694793701172, 0.21274256706237793, 0.21896767616271973, 0.19979619979858398, 0.20626044273376465, 0.20739316940307617, 0.20651650428771973, 0.20696020126342773, 0.20475363731384277, 0.21374797821044922, 0.2115325927734375, 0.20730018615722656, 0.21552658081054688, 0.2239973545074463, 0.21910905838012695, 0.2052464485168457, 0.21854901313781738, 0.22223854064941406, 0.2312774658203125, 0.20333361625671387, 0.23557543754577637, 0.2143702507019043, 0.22345280647277832, 0.2225489616394043, 0.20588135719299316, 0.2156507968902588, 0.21947979927062988, 0.22780609130859375, 0.21100592613220215, 0.20198988914489746, 0.21104645729064941, 0.21683454513549805, 0.20552492141723633, 0.20404553413391113, 0.22221112251281738, 0.21569371223449707, 0.20721960067749023, 0.20927166938781738, 0.21105432510375977, 0.21368932723999023, 0.20279717445373535, 0.20896697044372559, 0.20989727973937988, 0.21250152587890625, 0.22950053215026855, 0.2263474464416504, 0.21416282653808594, 0.22740721702575684, 0.20196843147277832, 0.20477080345153809, 0.1995854377746582, 0.20644545555114746, 0.23330092430114746, 0.22720789909362793, 0.21502971649169922, 0.21313095092773438, 0.2299187183380127, 0.22381973266601562, 0.2160170078277588, 0.20930099487304688, 0.20348000526428223, 0.20998477935791016, 0.2269291877746582, 0.22927308082580566, 0.22631072998046875, 0.21447014808654785, 0.20778203010559082, 0.1954655647277832, 0.2161562442779541, 0.20917773246765137, 0.22410082817077637, 0.2001190185546875, 0.20737719535827637, 0.23987650871276855, 0.2378833293914795, 0.20602989196777344, 0.21245718002319336, 0.22783565521240234, 0.22454214096069336, 0.20705652236938477, 0.21373319625854492, 0.23018765449523926, 0.22473978996276855, 0.21521329879760742, 0.2044084072113037, 0.21400094032287598, 0.2108170986175537, 0.21100115776062012, 0.22422552108764648, 0.21052837371826172, 0.2070326805114746, 0.20389533042907715, 0.2132730484008789, 0.20460844039916992, 0.21407675743103027, 0.21163177490234375, 0.21218395233154297, 0.22974634170532227, 0.20647883415222168, 0.22708940505981445, 0.20635271072387695, 0.209822416305542, 0.21097445487976074, 0.21067571640014648, 0.21429800987243652, 0.21247100830078125, 0.2201993465423584, 0.21078705787658691, 0.22139692306518555, 0.2400355339050293, 0.22924566268920898, 0.21059823036193848, 0.20590877532958984, 0.22147369384765625, 0.2174692153930664, 0.22092342376708984, 0.2083578109741211, 0.2021324634552002, 0.22929120063781738, 0.2094275951385498, 0.20842576026916504, 0.21875572204589844, 0.2098088264465332, 0.2102053165435791, 0.22214126586914062, 0.20650577545166016, 0.24518084526062012, 0.20642542839050293, 0.21369481086730957, 0.21695423126220703, 0.20875263214111328, 0.21924185752868652, 0.2094433307647705, 0.21094846725463867, 0.2188868522644043, 0.21068644523620605, 0.23732852935791016, 0.21166157722473145, 0.2286379337310791, 0.2202587127685547, 0.19507479667663574, 0.21185851097106934, 0.22470521926879883, 0.2104499340057373, 0.22803092002868652, 0.20900487899780273, 0.20905089378356934, 0.22505784034729004, 0.21535205841064453, 0.2015526294708252, 0.21392202377319336, 0.2182924747467041, 0.20193004608154297, 0.2140977382659912, 0.22562837600708008, 0.211838960647583, 0.21728897094726562, 0.20673894882202148, 0.2109076976776123, 0.21574807167053223, 0.20205116271972656, 0.22163128852844238, 0.21391010284423828, 0.20572805404663086, 0.23152494430541992, 0.20640921592712402, 0.20197248458862305, 0.2385861873626709, 0.21235871315002441, 0.21897554397583008, 0.2207965850830078, 0.21780061721801758, 0.21514105796813965, 0.2146904468536377, 0.22322607040405273, 0.22213315963745117, 0.21455788612365723, 0.21326422691345215, 0.2267472743988037, 0.2144908905029297, 0.21900582313537598, 0.21002769470214844, 0.22020936012268066, 0.21420717239379883, 0.20611023902893066, 0.2143235206604004, 0.21073603630065918, 0.20478606224060059, 0.21208739280700684, 0.20073866844177246, 0.2167203426361084, 0.20030450820922852, 0.22078847885131836, 0.2151165008544922, 0.21178936958312988, 0.21463894844055176, 0.21744775772094727, 0.22675108909606934, 0.21217679977416992, 0.20697617530822754, 0.2027733325958252, 0.22752833366394043, 0.23477983474731445, 0.2202916145324707, 0.21482491493225098, 0.2339940071105957, 0.25162792205810547, 0.21483826637268066, 0.22027826309204102, 0.20848703384399414, 0.23810768127441406, 0.21162843704223633, 0.22632169723510742, 0.22434186935424805, 0.23417186737060547, 0.21629595756530762, 0.20757198333740234, 0.22709918022155762, 