{"ID": 2, "inference time": [0.24612164497375488, 0.1996455192565918, 0.21157407760620117, 0.205230712890625, 0.2058272361755371, 0.19583463668823242, 0.22060632705688477, 0.200761079788208, 0.21244382858276367, 0.21320128440856934, 0.22043180465698242, 0.20854949951171875, 0.2087996006011963, 0.21654534339904785, 0.21058249473571777, 0.20693731307983398, 0.20479965209960938, 0.2076091766357422, 0.2110750675201416, 0.2030351161956787, 0.20756769180297852, 0.22350215911865234, 0.20732831954956055, 0.20711898803710938, 0.2012012004852295, 0.20305800437927246, 0.21290349960327148, 0.19914817810058594, 0.21802568435668945, 0.2040114402770996, 0.2081906795501709, 0.23085641860961914, 0.22380542755126953, 0.2267305850982666, 0.22244739532470703, 0.22176909446716309, 0.20243597030639648, 0.22007441520690918, 0.20411396026611328, 0.21181297302246094, 0.22097110748291016, 0.21609711647033691, 0.20912551879882812, 0.2022571563720703, 0.20627665519714355, 0.22007322311401367, 0.20859885215759277, 0.21300983428955078, 0.20354485511779785, 0.2231597900390625, 0.21342921257019043, 0.19960260391235352, 0.20934700965881348, 0.21124887466430664, 0.2230396270751953, 0.22601079940795898, 0.22169184684753418, 0.22013068199157715, 0.21652579307556152, 0.20249414443969727, 0.21232962608337402, 0.2208569049835205, 0.22123050689697266, 0.20032978057861328, 0.21274948120117188, 0.2061324119567871, 0.20962262153625488, 0.20463871955871582, 0.20010161399841309, 0.19832849502563477, 0.22486615180969238, 0.21637773513793945, 0.20479202270507812, 0.2165968418121338, 0.21770167350769043, 0.19852137565612793, 0.2235579490661621, 0.20267486572265625, 0.21521925926208496, 0.21131157875061035, 0.205427885055542, 0.20296883583068848, 0.20865631103515625, 0.20267701148986816, 0.23199915885925293, 0.2060704231262207, 0.21361279487609863, 0.20796847343444824, 0.21930980682373047, 0.2068941593170166, 0.20778322219848633, 0.22215533256530762, 0.2029423713684082, 0.20055556297302246, 0.20550799369812012, 0.2061471939086914, 0.20934391021728516, 0.20270180702209473, 0.20317792892456055, 0.20898675918579102, 0.19952630996704102, 0.2243483066558838, 0.21750330924987793, 0.20611333847045898, 0.21254205703735352, 0.20833325386047363, 0.2083444595336914, 0.21283459663391113, 0.20935416221618652, 0.20546841621398926, 0.21016740798950195, 0.2212526798248291, 0.21396231651306152, 0.22149205207824707, 0.21098661422729492, 0.20664596557617188, 0.21395587921142578, 0.20968270301818848, 0.20992255210876465, 0.21040892601013184, 0.21386051177978516, 0.21997714042663574, 0.22558379173278809, 0.21117687225341797, 0.2260756492614746, 0.21832060813903809, 0.233123779296875, 0.21269869804382324, 0.21763873100280762, 0.20938611030578613, 0.2214350700378418, 0.20816493034362793, 0.20293927192687988, 0.21160650253295898, 0.20638060569763184, 0.21645832061767578, 0.22037768363952637, 0.20435523986816406, 0.21482443809509277, 0.20165467262268066, 0.20234060287475586, 0.2213735580444336, 0.22146391868591309, 0.21152234077453613, 0.2114419937133789, 0.21664190292358398, 0.2026982307434082, 0.21100997924804688, 0.21923375129699707, 0.21133804321289062, 0.22584772109985352, 0.2227771282196045, 0.20292258262634277, 0.1983950138092041, 0.21349740028381348, 0.20359516143798828, 0.20629668235778809, 0.2050621509552002, 0.22726178169250488, 0.21632695198059082, 0.21148133277893066, 0.20276474952697754, 0.20878911018371582, 0.2072441577911377, 0.21568059921264648, 0.2064685821533203, 0.22130918502807617, 0.21606135368347168, 0.21430683135986328, 0.19856810569763184, 0.21165680885314941, 0.21604084968566895, 0.20292878150939941, 0.21890783309936523, 0.20804500579833984, 0.20629143714904785, 0.214461088180542, 0.20226120948791504, 0.21532058715820312, 0.2297048568725586, 0.20960330963134766, 0.214249849319458, 0.20318007469177246, 0.21261119842529297, 0.22114086151123047, 0.20784473419189453, 0.21839427947998047, 0.21138787269592285, 0.21768450736999512, 0.19483470916748047, 0.20645952224731445, 0.22211384773254395, 0.21657085418701172, 0.2168107032775879, 0.2262260913848877, 0.20999598503112793, 0.21940279006958008, 0.21239376068115234, 0.22970867156982422, 0.21290302276611328, 0.22515130043029785, 0.20757603645324707, 0.22223210334777832, 0.22202205657958984, 0.21841955184936523, 0.21083998680114746, 0.20681047439575195, 0.21155500411987305, 0.20656847953796387, 0.20540452003479004, 0.23115801811218262, 0.22019267082214355, 0.21088624000549316, 0.22033095359802246, 0.2241044044494629, 0.21979355812072754, 0.20519447326660156, 0.218764066696167, 0.21575403213500977, 0.21776199340820312, 0.21393203735351562, 0.20734405517578125, 0.21658897399902344, 0.21141266822814941, 0.21091318130493164, 0.20374226570129395, 0.21363115310668945, 0.21452879905700684, 0.20524048805236816, 0.22150087356567383, 0.20529532432556152, 0.22283029556274414, 0.22283530235290527, 0.21517276763916016, 0.21103239059448242, 0.2125389575958252, 0.20149898529052734, 0.20934557914733887, 0.19906377792358398, 0.20047569274902344, 0.2079906463623047, 0.2199864387512207, 0.20603060722351074, 0.20411992073059082, 0.20414257049560547, 0.20506930351257324, 0.2086341381072998, 0.21483612060546875, 0.20687103271484375, 0.2051839828491211, 0.21065902709960938, 0.20996451377868652, 0.20967721939086914, 0.2045729160308838, 0.2129075527191162, 0.20267248153686523, 0.1997370719909668, 0.22088980674743652, 0.21348357200622559, 0.19907665252685547, 0.2148268222808838, 0.22101473808288574, 0.20574641227722168, 0.20538592338562012, 0.20491456985473633, 0.22348403930664062, 0.2075357437133789, 0.20764732360839844, 0.2142348289489746, 0.22394609451293945, 0.21245932579040527, 0.21721863746643066, 0.21896004676818848, 0.20747995376586914, 0.21897053718566895, 0.22661709785461426, 0.20561552047729492, 0.20653915405273438, 0.21680641174316406, 0.20929169654846191, 0.21767330169677734, 0.2152249813079834, 0.20505237579345703, 0.212843656539917, 0.22090625762939453, 0.21193194389343262, 0.21806097030639648, 0.20276308059692383, 0.2017521858215332, 0.23076534271240234, 0.20747995376586914, 0.20904302597045898, 0.20037412643432617, 0.2244713306427002, 0.21254444122314453, 0.2044053077697754, 0.2026052474975586, 0.20540285110473633, 0.21179676055908203, 0.2112724781036377, 0.20470452308654785, 0.1984272003173828, 0.22640085220336914, 0.21887946128845215, 0.21297001838684082, 0.2056102752685547, 0.20203542709350586, 0.22324609756469727, 0.2127985954284668, 0.20211434364318848, 0.21657299995422363, 0.20302987098693848, 0.20736193656921387, 0.20976018905639648, 0.21930694580078125, 0.22003507614135742, 0.21479153633117676, 0.22809386253356934, 0.21859097480773926, 0.2242743968963623, 0.205580472946167, 0.20406627655029297, 0.2037816047668457, 0.2122032642364502, 0.22054290771484375, 0.20162034034729004, 0.20931482315063477, 0.2193312644958496, 0.21437406539916992, 0.21655893325805664, 0.20221853256225586, 0.20971202850341797, 0.20107603073120117, 0.2181103229522705, 0.20479035377502441, 0.2018566131591797, 0.2132856845855713, 0.21726608276367188, 0.21824002265930176, 0.20877432823181152, 0.2146294116973877, 0.22375988960266113, 0.22122693061828613, 0.20484685897827148, 0.2150259017944336, 0.2179393768310547, 0.19979262351989746, 0.22432732582092285, 0.20850563049316406, 0.2301805019378662, 0.21077990531921387, 0.21117949485778809, 0.23219919204711914, 0.20731878280639648, 0.22255611419677734, 0.22458481788635254, 0.21402978897094727, 0.22922372817993164, 0.20081019401550293, 0.21557402610778809, 0.22420549392700195, 0.20694303512573242, 0.209672212600708, 0.20591974258422852, 0.21125006675720215, 0.21428394317626953, 0.21896696090698242, 0.21048831939697266, 0.21617436408996582, 0.21297812461853027, 0.20325326919555664, 0.2113044261932373, 0.22527146339416504, 0.2244248390197754, 0.21582293510437012, 0.21468138694763184, 0.20639801025390625, 0.20875239372253418, 0.2169787883758545, 0.21431946754455566, 0.22469449043273926, 0.20240449905395508, 0.2138841152191162, 0.22045636177062988, 