{"ID": 6, "inference time": [0.23395752906799316, 0.20736193656921387, 0.2155914306640625, 0.20097613334655762, 0.20426225662231445, 0.1967916488647461, 0.2023167610168457, 0.20975899696350098, 0.20653152465820312, 0.20762062072753906, 0.20281195640563965, 0.20173239707946777, 0.20164132118225098, 0.21537494659423828, 0.21348333358764648, 0.20978283882141113, 0.20209836959838867, 0.20251250267028809, 0.2102670669555664, 0.21007513999938965, 0.21499037742614746, 0.2153472900390625, 0.2092912197113037, 0.21308183670043945, 0.20471477508544922, 0.20894742012023926, 0.21924257278442383, 0.20384430885314941, 0.21163344383239746, 0.20930027961730957, 0.21297788619995117, 0.2203676700592041, 0.20420432090759277, 0.20868754386901855, 0.2149801254272461, 0.212296724319458, 0.2036595344543457, 0.21278643608093262, 0.20354175567626953, 0.20542240142822266, 0.2117612361907959, 0.20273709297180176, 0.20469284057617188, 0.2031557559967041, 0.20540547370910645, 0.21172857284545898, 0.20300602912902832, 0.20145153999328613, 0.20694446563720703, 0.21422314643859863, 0.21233677864074707, 0.19913077354431152, 0.20604372024536133, 0.20347881317138672, 0.20377755165100098, 0.2031717300415039, 0.2060410976409912, 0.21063685417175293, 0.2071666717529297, 0.20208168029785156, 0.2073514461517334, 0.1984879970550537, 0.20495986938476562, 0.20006895065307617, 0.2127373218536377, 0.21025609970092773, 0.2044203281402588, 0.2022247314453125, 0.20148658752441406, 0.1998612880706787, 0.21799874305725098, 0.20995640754699707, 0.21331143379211426, 0.2025132179260254, 0.1993851661682129, 0.20293498039245605, 0.20557045936584473, 0.20331382751464844, 0.20977020263671875, 0.20717859268188477, 0.20876836776733398, 0.20498323440551758, 0.2090930938720703, 0.20450973510742188, 0.20998024940490723, 0.20036745071411133, 0.20822596549987793, 0.20641255378723145, 0.2034761905670166, 0.208465576171875, 0.200209379196167, 0.2169337272644043, 0.20165133476257324, 0.2045140266418457, 0.20873355865478516, 0.20294404029846191, 0.2079908847808838, 0.20528650283813477, 0.20606446266174316, 0.20419716835021973, 0.20165228843688965, 0.22028708457946777, 0.20919489860534668, 0.20211029052734375, 0.21533727645874023, 0.20270991325378418, 0.2039339542388916, 0.21169471740722656, 0.20189881324768066, 0.20822405815124512, 0.21015524864196777, 0.2142162322998047, 0.21503019332885742, 0.21842360496520996, 0.20725321769714355, 0.2049579620361328, 0.2141098976135254, 0.20571208000183105, 0.2073988914489746, 0.20820045471191406, 0.20669054985046387, 0.21132874488830566, 0.2073366641998291, 0.1988513469696045, 0.20525288581848145, 0.2101895809173584, 0.2232809066772461, 0.20621347427368164, 0.21207761764526367, 0.2054600715637207, 0.21944189071655273, 0.20592093467712402, 0.2031567096710205, 0.2087857723236084, 0.20636820793151855, 0.21259832382202148, 0.22117352485656738, 0.20537400245666504, 0.20553255081176758, 0.20630598068237305, 0.2016313076019287, 0.22310113906860352, 0.20371294021606445, 0.21068692207336426, 0.21375083923339844, 0.21654438972473145, 0.20683646202087402, 0.20953917503356934, 0.2261524200439453, 0.2090606689453125, 0.22411632537841797, 0.20983147621154785, 0.21350765228271484, 0.20266008377075195, 0.21227025985717773, 0.21081900596618652, 0.20674753189086914, 0.20906352996826172, 0.22143316268920898, 0.21254229545593262, 0.21296048164367676, 0.2074265480041504, 0.20432257652282715, 0.20743179321289062, 0.21363306045532227, 0.204512357711792, 0.21291399002075195, 0.20965313911437988, 0.21901726722717285, 0.20633316040039062, 0.21083927154541016, 0.20788311958312988, 0.20485877990722656, 0.21579980850219727, 0.21511554718017578, 0.21573519706726074, 0.21585774421691895, 0.2083289623260498, 0.21719884872436523, 0.21269965171813965, 0.2109510898590088, 0.21583771705627441, 0.20225167274475098, 0.2112281322479248, 0.22089004516601562, 0.21001505851745605, 0.2175278663635254, 0.21616697311401367, 0.21027445793151855, 0.20699810981750488, 0.21065330505371094, 0.22554659843444824, 0.21403813362121582, 0.21168088912963867, 0.20255541801452637, 0.20488619804382324, 0.21401429176330566, 0.20478200912475586, 0.21827173233032227, 0.21546673774719238, 0.20731735229492188, 0.20334124565124512, 0.214874267578125, 0.22106432914733887, 0.21370506286621094, 0.20740365982055664, 0.21112918853759766, 0.20770859718322754, 0.20970940589904785, 0.20506906509399414, 0.2209010124206543, 0.2145252227783203, 0.21233749389648438, 0.2156202793121338, 0.21952176094055176, 0.21724748611450195, 0.20411109924316406, 0.21495866775512695, 0.21376395225524902, 0.2169952392578125, 0.21497845649719238, 0.20386433601379395, 0.21600723266601562, 0.2105731964111328, 0.2138671875, 0.2015700340270996, 0.20601391792297363, 0.20115900039672852, 0.2077808380126953, 0.21721339225769043, 0.20679163932800293, 0.20513296127319336, 0.2105722427368164, 0.2153770923614502, 0.20514297485351562, 0.20592951774597168, 0.20488643646240234, 0.21518540382385254, 0.2150712013244629, 0.20784378051757812, 0.20775461196899414, 0.21730279922485352, 0.2061767578125, 0.2040576934814453, 0.20620989799499512, 0.21129322052001953, 0.21252846717834473, 0.20764970779418945, 0.20317435264587402, 0.21410369873046875, 0.20803403854370117, 0.21389269828796387, 0.21483826637268066, 0.20354914665222168, 0.20850443840026855, 0.20738601684570312, 0.20453834533691406, 0.22380280494689941, 0.21081209182739258, 0.21016502380371094, 0.2024524211883545, 0.21643733978271484, 0.2092900276184082, 0.20428085327148438, 0.20770621299743652, 0.22072052955627441, 0.21134185791015625, 0.20430302619934082, 0.204864501953125, 0.21668672561645508, 0.2007298469543457, 0.21261119842529297, 0.2140183448791504, 0.20958805084228516, 0.2138669490814209, 0.21637821197509766, 0.20541977882385254, 0.20494937896728516, 0.2115328311920166, 0.21237897872924805, 0.20972728729248047, 0.21814465522766113, 0.20810461044311523, 0.20508742332458496, 0.21667742729187012, 0.20872855186462402, 0.20192837715148926, 0.20697522163391113, 0.2021195888519287, 0.21622371673583984, 0.21253323554992676, 0.21048307418823242, 0.21669864654541016, 0.20526409149169922, 0.20799040794372559, 0.20585870742797852, 0.20753264427185059, 0.2153933048248291, 0.2113337516784668, 0.21069645881652832, 0.21795225143432617, 0.20436549186706543, 0.20996570587158203, 0.2183847427368164, 0.2137293815612793, 0.20478224754333496, 0.202866792678833, 0.20399928092956543, 0.2158818244934082, 0.21022963523864746, 0.21773004531860352, 0.20890307426452637, 0.20868253707885742, 0.21809029579162598, 0.20392489433288574, 0.22481679916381836, 0.21793580055236816, 0.22798442840576172, 0.20491266250610352, 0.20615553855895996, 0.2012341022491455, 0.20366477966308594, 0.21210312843322754, 0.21343111991882324, 0.2182910442352295, 0.20912766456604004, 0.21092891693115234, 0.2103595733642578, 0.21880745887756348, 0.2130601406097412, 0.20557284355163574, 0.21501946449279785, 0.20548105239868164, 0.2091054916381836, 0.20657753944396973, 0.20421981811523438, 0.20885705947875977, 0.21202516555786133, 0.21628046035766602, 0.2067549228668213, 0.21438097953796387, 0.21110796928405762, 0.20749592781066895, 0.204742431640625, 0.20827770233154297, 0.21128082275390625, 0.20194149017333984, 0.21257686614990234, 0.2098381519317627, 0.22723722457885742, 0.21301865577697754, 0.21251153945922852, 0.22768330574035645, 0.20517635345458984, 0.21990084648132324, 0.21666812896728516, 0.20899629592895508, 0.22547674179077148, 0.2056276798248291, 0.2094104290008545, 0.21105098724365234, 0.20804286003112793, 0.20952558517456055, 0.21303510665893555, 0.21319055557250977, 0.21219277381896973, 0.20278310775756836, 0.21476340293884277, 0.20827460289001465, 0.20944738388061523, 0.2111220359802246, 0.20948219299316406, 0.20750188827514648, 0.2176494598388672, 0.2152705192565918, 0.21246552467346191, 0.2085561752319336, 0.20669221878051758, 0.20790672302246094, 0.20469999313354492, 0.21823930740356445, 0.2054145336151123, 0.2138984203338623, 0.22457456588745117, 