{"ID": 5, "inference time": [13.32972526550293, 0.11027407646179199, 0.13382434844970703, 0.14343762397766113, 0.13825225830078125, 0.1280536651611328, 0.13817930221557617, 0.14017581939697266, 0.1414625644683838, 0.1348400115966797, 0.13907957077026367, 0.1345195770263672, 0.13420963287353516, 0.1474316120147705, 0.13392257690429688, 0.13414335250854492, 0.1345522403717041, 0.13843965530395508, 0.12026071548461914, 0.12839937210083008, 0.14597177505493164, 0.10387516021728516, 0.14210891723632812, 0.1398463249206543, 0.14244842529296875, 0.11612129211425781, 0.12350916862487793, 0.1262071132659912, 0.1279444694519043, 0.13226842880249023, 0.13843607902526855, 0.12514781951904297, 0.12723159790039062, 0.13195204734802246, 0.1360466480255127, 0.14519906044006348, 0.13849902153015137, 0.12295389175415039, 0.13319921493530273, 0.14104890823364258, 0.13431906700134277, 0.14110445976257324, 0.13756775856018066, 0.13653850555419922, 0.14186620712280273, 0.14014649391174316, 0.13583135604858398, 0.13679909706115723, 0.13765525817871094, 0.13880157470703125, 0.13888859748840332, 0.14120864868164062, 0.13449478149414062, 0.139784574508667, 0.13544940948486328, 0.14356064796447754, 0.14563965797424316, 0.13456153869628906, 0.13818883895874023, 0.1348555088043213, 0.1492938995361328, 0.1337604522705078, 0.1431729793548584, 0.1300055980682373, 0.1416771411895752, 0.13584160804748535, 0.12169790267944336, 0.12612581253051758, 0.1406099796295166, 0.143233060836792, 0.14654159545898438, 0.13467073440551758, 0.13869023323059082, 0.13886046409606934, 0.1148674488067627, 0.12119150161743164, 0.12856507301330566, 0.1485428810119629, 0.1390068531036377, 0.11184120178222656, 0.12240982055664062, 0.11934947967529297, 0.12262535095214844, 0.1466374397277832, 0.1331920623779297, 0.13836407661437988, 0.13864684104919434, 0.1187596321105957, 0.11086249351501465, 0.13503098487854004, 0.13592910766601562, 0.15566205978393555, 0.1376359462738037, 0.1317148208618164, 0.13625001907348633, 0.14628934860229492, 0.12192821502685547, 0.12673068046569824, 0.1374967098236084, 0.1493070125579834, 0.14607000350952148, 0.1478564739227295, 0.14298534393310547, 0.1559314727783203, 0.13802480697631836, 0.13944125175476074, 0.14276838302612305, 0.11784029006958008, 0.13633513450622559, 0.13958168029785156, 0.14350318908691406, 0.14954924583435059, 0.16191434860229492, 0.12952065467834473, 0.12878942489624023, 0.13625049591064453, 0.12320542335510254, 0.1127023696899414, 0.13352656364440918, 0.14208006858825684, 0.1513986587524414, 0.14983582496643066, 0.14553356170654297, 0.14134693145751953, 0.14392828941345215, 0.10872220993041992, 0.1462392807006836, 0.1425774097442627, 0.14555835723876953, 0.14143610000610352, 0.13664555549621582, 0.11796689033508301, 0.1341404914855957, 0.14412569999694824, 0.14981412887573242, 0.14638853073120117, 0.1402122974395752, 0.13621044158935547, 0.12613773345947266, 0.13760685920715332, 0.13510608673095703, 0.13468694686889648, 0.13466453552246094, 0.1417982578277588, 0.14085865020751953, 0.14840912818908691, 0.15200352668762207, 0.15032243728637695, 0.13776922225952148, 0.13486838340759277, 0.14167356491088867, 0.1387181282043457, 0.13424253463745117, 0.13312983512878418, 0.12933707237243652, 0.13825583457946777, 0.1432807445526123, 0.15142822265625, 0.14017844200134277, 0.14085793495178223, 0.15117907524108887, 0.1422586441040039, 0.1374659538269043, 0.14680910110473633, 0.1372203826904297, 0.1421947479248047, 0.14931821823120117, 0.14300179481506348, 0.12553811073303223, 0.11422014236450195, 0.14615488052368164, 0.13003110885620117, 0.13267207145690918, 0.12212109565734863, 0.16201233863830566, 0.14630866050720215, 0.14617180824279785, 0.14834094047546387, 0.14240145683288574, 0.14109182357788086, 0.14760351181030273, 0.1242828369140625, 0.11953926086425781, 0.14565539360046387, 0.13437938690185547, 0.1391737461090088, 0.14362168312072754, 0.1376056671142578, 0.14078617095947266, 0.14671730995178223, 0.1418008804321289, 0.14239978790283203, 0.14816737174987793, 0.13898491859436035, 0.14124512672424316, 0.14119195938110352, 0.14897513389587402, 0.1373147964477539, 0.13893985748291016, 0.14219999313354492, 0.14147305488586426, 0.1404409408569336, 0.1365823745727539, 0.14960718154907227, 0.13990163803100586, 0.14680051803588867, 0.13640403747558594, 0.14196133613586426, 0.11640262603759766, 0.1204218864440918, 0.12723946571350098, 0.1446082592010498, 0.14354705810546875, 0.14140892028808594, 0.14652681350708008, 0.14711403846740723, 0.15346550941467285, 0.14643168449401855, 0.13511109352111816, 0.10309624671936035, 0.12156414985656738, 0.15248751640319824, 0.15993261337280273, 0.15124154090881348, 0.15127229690551758, 0.1332094669342041, 0.14544034004211426, 0.14629340171813965, 0.1373758316040039, 0.13996267318725586, 0.14684510231018066, 0.13704824447631836, 0.10952973365783691, 0.14386725425720215, 0.14982199668884277, 0.1459658145904541, 0.1448369026184082, 0.1551501750946045, 0.13872051239013672, 0.1497342586517334, 0.1455233097076416, 0.13507771492004395, 0.1360177993774414, 0.13354206085205078, 0.14848089218139648, 0.1405785083770752, 0.151597261428833, 0.14617347717285156, 0.14592266082763672, 0.14020442962646484, 0.12021517753601074, 0.12079954147338867, 0.14870572090148926, 0.11759591102600098, 0.133514404296875, 0.14269113540649414, 0.1411447525024414, 0.1430661678314209, 0.15790891647338867, 0.14477777481079102, 0.13900065422058105, 0.13776731491088867, 0.13753652572631836, 0.14543938636779785, 0.14396047592163086, 0.14519667625427246, 0.1378021240234375, 0.14126896858215332, 0.1445455551147461, 0.1404252052307129, 0.14094066619873047, 0.11487865447998047, 0.11748456954956055, 0.11403846740722656, 0.13751888275146484, 0.14197897911071777, 0.14270877838134766, 0.14514422416687012, 0.14641404151916504, 0.12772321701049805, 0.13268446922302246, 0.13841819763183594, 0.13918042182922363, 0.1364436149597168, 0.13623666763305664, 0.14506888389587402, 0.14299321174621582, 0.14698433876037598, 0.13769817352294922, 0.14292097091674805, 0.14676570892333984, 0.13970112800598145, 0.12845492362976074, 0.12221646308898926, 0.12639427185058594, 0.15123915672302246, 0.1345045566558838, 0.11712455749511719, 0.13788938522338867, 0.12926673889160156, 0.14634275436401367, 0.13364839553833008, 0.11168813705444336, 0.12038969993591309, 0.12843084335327148, 0.12267208099365234, 0.14839863777160645, 0.15100789070129395, 0.13386130332946777, 0.13415312767028809, 0.13985681533813477, 0.14184927940368652, 0.11041092872619629, 0.14389610290527344, 0.13306975364685059, 0.15763068199157715, 0.11258459091186523, 0.1152350902557373, 0.12489199638366699, 0.10987091064453125, 0.1225593090057373, 0.1398460865020752, 0.14959406852722168, 0.13475465774536133, 0.1143033504486084, 0.13469624519348145, 0.11134791374206543, 0.13313865661621094, 0.1411755084991455, 0.1325690746307373, 0.12244439125061035, 0.12885689735412598, 0.14464116096496582, 0.1493222713470459, 0.13755202293395996, 0.13659286499023438, 0.13185524940490723, 0.10781431198120117, 0.14075040817260742, 0.13616490364074707, 0.1353006362915039, 0.1073598861694336, 0.12899136543273926, 0.14435911178588867, 0.13799047470092773, 0.13999319076538086, 0.13651609420776367, 0.14391422271728516, 0.13455700874328613, 0.1304614543914795, 0.13836431503295898, 0.14702486991882324, 0.14747071266174316, 0.14282608032226562, 0.14159464836120605, 0.12880420684814453, 0.1317605972290039, 0.13507390022277832, 0.1306753158569336, 0.11161088943481445, 0.11232781410217285, 0.12550997734069824, 0.11886143684387207, 0.1175997257232666, 0.12551331520080566, 0.1353740692138672, 0.14454174041748047, 0.13329458236694336, 0.1378955841064453, 0.11191630363464355, 0.1310265064239502, 0.12314486503601074, 0.12436437606811523, 0.11894583702087402, 0.1469283103942871, 0.14681291580200195, 0.1465754508972168, 0.12817621231079102, 0.12604665756225586, 0.1507863998413086, 0.1399517059326172, 0.136549711227417, 0.13366270065307617, 0.1133115291595459, 