{"ID": 7, "inference time": [6.109919548034668, 0.04247307777404785, 0.03880476951599121, 0.036850690841674805, 0.03633713722229004, 0.035706281661987305, 0.03778433799743652, 0.03678274154663086, 0.038822174072265625, 0.03633880615234375, 0.043930768966674805, 0.041063785552978516, 0.03597521781921387, 0.041578054428100586, 0.0370786190032959, 0.04132270812988281, 0.039359092712402344, 0.03627371788024902, 0.03748369216918945, 0.04258990287780762, 0.03892803192138672, 0.03776907920837402, 0.037996530532836914, 0.03694033622741699, 0.07222819328308105, 0.039134979248046875, 0.044202566146850586, 0.06756949424743652, 0.08613872528076172, 0.08846139907836914, 0.0987694263458252, 0.09061336517333984, 0.09347772598266602, 0.09643936157226562, 0.08616900444030762, 0.08768105506896973, 0.09053349494934082, 0.09063959121704102, 0.09001612663269043, 0.10083603858947754, 0.06712675094604492, 0.08194947242736816, 0.08772969245910645, 0.05730175971984863, 0.05057120323181152, 0.05099153518676758, 0.0707864761352539, 0.05704474449157715, 0.0903775691986084, 0.09358716011047363, 0.0949399471282959, 0.0742650032043457, 0.0783839225769043, 0.08135366439819336, 0.08572840690612793, 0.09039950370788574, 0.08529806137084961, 0.08239102363586426, 0.08772063255310059, 0.09481239318847656, 0.0823204517364502, 0.09553217887878418, 0.0986020565032959, 0.055049896240234375, 0.08565711975097656, 0.09584808349609375, 0.09931135177612305, 0.10645747184753418, 0.09514784812927246, 0.09129786491394043, 0.10432696342468262, 0.11014509201049805, 0.09525871276855469, 0.09892678260803223, 0.10140013694763184, 0.1014409065246582, 0.09383106231689453, 0.10482597351074219, 0.09378314018249512, 0.11069536209106445, 0.09673500061035156, 0.1041102409362793, 0.08832788467407227, 0.09865045547485352, 0.10104203224182129, 0.09447264671325684, 0.10449576377868652, 0.0854036808013916, 0.1067800521850586, 0.08873414993286133, 0.10202598571777344, 0.09344625473022461, 0.057764530181884766, 0.06524252891540527, 0.07785296440124512, 0.10394096374511719, 0.10138320922851562, 0.08637022972106934, 0.06189870834350586, 0.05139946937561035, 0.057433128356933594, 0.06914854049682617, 0.09472918510437012, 0.10040473937988281, 0.08411812782287598, 0.054015159606933594, 0.06464099884033203, 0.07043290138244629, 0.07165646553039551, 0.11140990257263184, 0.0786275863647461, 0.08265304565429688, 0.09684228897094727, 0.05514121055603027, 0.05835747718811035, 0.07444930076599121, 0.08935832977294922, 0.09033727645874023, 0.09187889099121094, 0.05113053321838379, 0.053955793380737305, 0.05938863754272461, 0.05764913558959961, 0.0650634765625, 0.08739137649536133, 0.10410308837890625, 0.090118408203125, 0.1063687801361084, 0.09295177459716797, 0.10096597671508789, 0.1019895076751709, 0.10124063491821289, 0.09987521171569824, 0.050315141677856445, 0.06660270690917969, 0.08428788185119629, 0.0984499454498291, 0.10595703125, 0.10669851303100586, 0.0519251823425293, 0.06363463401794434, 0.09202003479003906, 0.05187106132507324, 0.06262826919555664, 0.0706636905670166, 0.08639121055603027, 0.10725951194763184, 0.09981846809387207, 0.08736824989318848, 0.08605670928955078, 0.09752655029296875, 0.05335426330566406, 0.09277224540710449, 0.10040593147277832, 0.10492944717407227, 0.10531306266784668, 0.07222986221313477, 0.06237649917602539, 0.09187793731689453, 0.10122132301330566, 0.10373473167419434, 0.1069328784942627, 0.0847322940826416, 0.05443620681762695, 0.0667886734008789, 0.09476232528686523, 0.08744096755981445, 0.06350588798522949, 0.08330368995666504, 0.09085440635681152, 0.08758926391601562, 0.10420560836791992, 0.10688924789428711, 0.09824943542480469, 0.09234094619750977, 0.07043719291687012, 0.09169793128967285, 0.07304739952087402, 0.06600356101989746, 0.060933589935302734, 0.0599820613861084, 0.09345722198486328, 0.10290145874023438, 0.10736751556396484, 0.0971226692199707, 0.09920287132263184, 0.10145998001098633, 0.10003304481506348, 0.09682559967041016, 0.10396194458007812, 0.10044097900390625, 0.10425162315368652, 0.10423707962036133, 0.10391783714294434, 0.054070472717285156, 0.0534212589263916, 0.09339356422424316, 0.057785987854003906, 0.06551861763000488, 0.07038617134094238, 0.10718894004821777, 0.08688068389892578, 0.0912928581237793, 0.0929114818572998, 0.09680795669555664, 0.07812929153442383, 0.08879780769348145, 0.05576682090759277, 0.05462217330932617, 0.0981900691986084, 0.08192133903503418, 0.09232163429260254, 0.09692001342773438, 0.09083151817321777, 0.10281229019165039, 0.09759807586669922, 0.1039881706237793, 0.10306310653686523, 0.10282087326049805, 0.09743189811706543, 0.1003580093383789, 0.10254764556884766, 0.10350942611694336, 0.09924006462097168, 0.10193324089050293, 0.10298562049865723, 0.10215568542480469, 0.10012364387512207, 0.10326576232910156, 0.10950493812561035, 0.0792083740234375, 0.09011054039001465, 0.08041501045227051, 0.0999753475189209, 0.05355072021484375, 0.07699441909790039, 0.08668804168701172, 0.10233545303344727, 0.09548044204711914, 0.09910964965820312, 0.10009098052978516, 0.10607767105102539, 0.10479116439819336, 0.10283851623535156, 0.08006453514099121, 0.04923701286315918, 0.06431198120117188, 0.06881475448608398, 0.10255193710327148, 0.10058307647705078, 0.10308074951171875, 0.08683395385742188, 0.09590840339660645, 0.09939694404602051, 0.09919095039367676, 0.09858274459838867, 0.1001276969909668, 0.07574748992919922, 0.06566524505615234, 0.09675860404968262, 0.10034847259521484, 0.10291123390197754, 0.10107016563415527, 0.11116814613342285, 0.09558963775634766, 0.10400390625, 0.10412263870239258, 0.08366131782531738, 0.08921504020690918, 0.0896608829498291, 0.09536099433898926, 0.09917283058166504, 0.09850287437438965, 0.09994363784790039, 0.09401488304138184, 0.09155631065368652, 0.05009937286376953, 0.05401730537414551, 0.08118677139282227, 0.05102801322937012, 0.08205509185791016, 0.09972095489501953, 0.10137414932250977, 0.10009431838989258, 0.10861945152282715, 0.09138607978820801, 0.09759950637817383, 0.09704279899597168, 0.09937644004821777, 0.0997929573059082, 0.0973823070526123, 0.08690071105957031, 0.0971219539642334, 0.09691023826599121, 0.09762930870056152, 0.09318423271179199, 0.09158468246459961, 0.049333810806274414, 0.06599187850952148, 0.06580972671508789, 0.07791399955749512, 0.09564781188964844, 0.0979468822479248, 0.1035912036895752, 0.10381579399108887, 0.06873750686645508, 0.08141231536865234, 0.09742259979248047, 0.09589195251464844, 0.09736180305480957, 0.09605193138122559, 0.09607887268066406, 0.10182595252990723, 0.10222506523132324, 0.0958561897277832, 0.09726381301879883, 0.10042572021484375, 0.08042120933532715, 0.05297374725341797, 0.06969118118286133, 0.08437943458557129, 0.09595084190368652, 0.09012126922607422, 0.047804832458496094, 0.05643653869628906, 0.08677959442138672, 0.09727787971496582, 0.0762782096862793, 0.052689552307128906, 0.05205392837524414, 0.06548213958740234, 0.06406807899475098, 0.09129977226257324, 0.10212969779968262, 0.09785985946655273, 0.09653735160827637, 0.08052325248718262, 0.08031487464904785, 0.04821896553039551, 0.05993223190307617, 0.0754392147064209, 0.1074368953704834, 0.055284738540649414, 0.06203603744506836, 0.06918764114379883, 0.048787832260131836, 0.05627775192260742, 0.07866930961608887, 0.10639595985412598, 0.08980560302734375, 0.0460047721862793, 0.08387613296508789, 0.047306060791015625, 0.05314970016479492, 0.06410741806030273, 0.06621670722961426, 0.06736040115356445, 0.07469868659973145, 0.08736252784729004, 0.10566878318786621, 0.0787966251373291, 0.09018802642822266, 0.08299756050109863, 0.04544830322265625, 0.09118437767028809, 0.09061694145202637, 0.0880594253540039, 0.04550457000732422, 0.08060884475708008, 0.0939950942993164, 0.09446358680725098, 0.0935823917388916, 0.09291911125183105, 0.09697628021240234, 0.09709787368774414, 0.08686494827270508, 0.0903174877166748, 0.0994868278503418, 0.10254454612731934, 0.09240841865539551, 0.09795236587524414, 