{"ID": 0, "inference time": [0.31212830543518066, 0.22882342338562012, 0.23146319389343262, 0.2363138198852539, 0.23612761497497559, 0.2225968837738037, 0.22562789916992188, 0.2454533576965332, 0.23852896690368652, 0.20784974098205566, 0.22817635536193848, 0.24162650108337402, 0.24840545654296875, 0.2273573875427246, 0.25357532501220703, 0.229323148727417, 0.24677443504333496, 0.24569368362426758, 0.20970869064331055, 0.23041534423828125, 0.23277568817138672, 0.2388148307800293, 0.2159414291381836, 0.22994518280029297, 0.24785900115966797, 0.21520447731018066, 0.2268848419189453, 0.247575044631958, 0.2798347473144531, 0.23244667053222656, 0.20952296257019043, 0.24882960319519043, 0.24855613708496094, 0.23173189163208008, 0.22593402862548828, 0.21146702766418457, 0.21573710441589355, 0.22287583351135254, 0.20754551887512207, 0.2304236888885498, 0.2296314239501953, 0.21982860565185547, 0.22784042358398438, 0.22698259353637695, 0.22910070419311523, 0.21965646743774414, 0.22295022010803223, 0.22585773468017578, 0.22701764106750488, 0.21734929084777832, 0.2193450927734375, 0.2240602970123291, 0.22678327560424805, 0.22565603256225586, 0.2292616367340088, 0.21077704429626465, 0.21863341331481934, 0.2276453971862793, 0.23288393020629883, 0.2302241325378418, 0.22348332405090332, 0.23462176322937012, 0.2242734432220459, 0.21066784858703613, 0.23692607879638672, 0.2217874526977539, 0.2198486328125, 0.23460626602172852, 0.23387813568115234, 0.22867417335510254, 0.22063279151916504, 0.23317813873291016, 0.22266340255737305, 0.22609567642211914, 0.21866464614868164, 0.233443021774292, 0.23186945915222168, 0.24884581565856934, 0.23223495483398438, 0.2275712490081787, 0.6794328689575195, 0.17736220359802246, 0.18001198768615723, 0.17646074295043945, 0.18256449699401855, 0.194502592086792, 0.1970362663269043, 0.18202972412109375, 0.17974638938903809, 0.17781710624694824, 0.17942237854003906, 0.18553805351257324, 0.18189120292663574, 0.1862342357635498, 0.18704843521118164, 0.18053865432739258, 0.19639921188354492, 0.19408297538757324, 0.18182873725891113, 0.18053793907165527, 0.17946910858154297, 0.17725372314453125, 0.17885494232177734, 0.18340516090393066, 0.18656063079833984, 0.17688584327697754, 0.18325042724609375, 0.17534971237182617, 0.17792916297912598, 0.1784191131591797, 0.18258404731750488, 0.17673707008361816, 0.17672395706176758, 0.18187642097473145, 0.18500804901123047, 0.1995832920074463, 0.18606328964233398, 0.18564367294311523, 0.1837913990020752, 0.17792415618896484, 0.1834108829498291, 0.18427038192749023, 0.17890620231628418, 0.18232035636901855, 0.18140459060668945, 0.18277740478515625, 0.17995190620422363, 0.1898643970489502, 0.1842186450958252, 0.17665576934814453, 0.17711400985717773, 0.1860792636871338, 0.1845104694366455, 0.18204212188720703, 0.17551183700561523, 0.1842360496520996, 0.17772483825683594, 0.18444609642028809, 0.18954992294311523, 0.18070650100708008, 0.18372392654418945, 0.18083572387695312, 0.1829075813293457, 0.1827409267425537, 0.18544530868530273, 0.18801450729370117, 0.17852091789245605, 0.1863572597503662, 0.19008088111877441, 0.1815342903137207, 0.18375635147094727, 0.18149256706237793, 0.17637395858764648, 0.18075180053710938, 0.18316054344177246, 0.19390106201171875, 0.1866896152496338, 0.18656706809997559, 0.19442343711853027, 0.1848890781402588, 0.1949453353881836, 0.17833971977233887, 0.18761515617370605, 0.18469715118408203, 0.1811974048614502, 0.1846766471862793, 0.18561792373657227, 0.18238568305969238, 0.17951202392578125, 0.17798852920532227, 0.18529629707336426, 0.1861436367034912, 0.1835792064666748, 0.1873025894165039, 0.1774890422821045, 0.18713903427124023, 0.18187594413757324, 0.17853617668151855, 0.17946743965148926, 0.1822948455810547, 0.188004732131958, 0.1867227554321289, 0.18587374687194824, 0.18239665031433105, 0.18224000930786133, 0.1914675235748291, 0.1915276050567627, 0.18253731727600098, 0.18107843399047852, 0.18075275421142578, 0.17892909049987793, 0.18042278289794922, 0.1934976577758789, 0.1820831298828125, 0.17847919464111328, 0.18221831321716309, 0.18674254417419434, 0.17593646049499512, 0.1848158836364746, 0.19196200370788574, 0.187849760055542, 0.1837754249572754, 0.19349980354309082, 0.17936110496520996, 0.18104076385498047, 0.19152021408081055, 0.1956474781036377, 0.1902003288269043, 0.18253254890441895, 0.19012689590454102, 0.17933869361877441, 0.18183064460754395, 0.1778860092163086, 0.18319487571716309, 0.18060541152954102, 0.18507766723632812, 0.1769270896911621, 0.1775650978088379, 0.17791008949279785, 0.18057537078857422, 0.1851968765258789, 0.18870973587036133, 0.1854853630065918, 0.18262815475463867, 0.1874866485595703, 0.1835923194885254, 0.18182802200317383, 0.18136835098266602, 0.17802977561950684, 0.18495512008666992, 0.18880510330200195, 0.18238186836242676, 0.18715977668762207, 0.18642473220825195, 0.18049287796020508, 0.18061447143554688, 0.1845080852508545, 0.18496203422546387, 0.17861318588256836, 0.18662309646606445, 0.1764369010925293, 0.18073487281799316, 0.18087077140808105, 0.18410849571228027, 0.18695282936096191, 0.18746161460876465, 0.18836426734924316, 0.17579269409179688, 0.19936847686767578, 0.1878829002380371, 0.17870759963989258, 0.1788921356201172, 0.18128752708435059, 0.18691802024841309, 0.18819785118103027, 0.18717360496520996, 0.1939868927001953, 0.18874382972717285, 0.18880510330200195, 0.18635201454162598, 0.1881711483001709, 0.1900777816772461, 0.17843937873840332, 0.18546199798583984, 0.19406533241271973, 0.18121600151062012, 0.184112548828125, 0.19803810119628906, 0.18684792518615723, 0.1852552890777588, 0.18314337730407715, 0.18337225914001465, 0.1920759677886963, 0.19159984588623047, 0.18119359016418457, 0.18586421012878418, 0.19451618194580078, 0.17684245109558105, 0.19002485275268555, 0.18866562843322754, 0.18199992179870605, 0.18764257431030273, 0.18640828132629395, 0.18877792358398438, 0.189117431640625, 0.18467068672180176, 0.19165563583374023, 0.18471956253051758, 0.18099188804626465, 0.18378615379333496, 0.18157386779785156, 0.18514704704284668, 0.17691421508789062, 0.18378543853759766, 0.18021178245544434, 0.1828911304473877, 0.17989468574523926, 0.18239140510559082, 0.18247246742248535, 0.17986440658569336, 0.18438339233398438, 0.18186664581298828, 0.1810464859008789, 0.18363332748413086, 0.18977856636047363, 0.18434381484985352, 0.18572187423706055, 0.1762223243713379, 0.18802762031555176, 0.1863257884979248, 0.1829831600189209, 0.18941545486450195, 0.18501806259155273, 0.18111085891723633, 0.18575024604797363, 0.18866515159606934, 0.18159222602844238, 0.18150782585144043, 0.18216919898986816, 0.1783289909362793, 0.18926572799682617, 0.18682432174682617, 0.1882305145263672, 0.19011163711547852, 0.19173645973205566, 0.1792457103729248, 0.19235563278198242, 0.19196248054504395, 0.1815047264099121, 0.18036746978759766, 0.18256139755249023, 0.18699932098388672, 0.18778276443481445, 0.18557095527648926, 0.1846332550048828, 0.19205880165100098, 0.19576549530029297, 0.1939411163330078, 0.18937253952026367, 0.1816713809967041, 0.18659377098083496, 0.18282198905944824, 0.1910696029663086, 0.18698501586914062, 0.17875957489013672, 0.18018007278442383, 0.17731213569641113, 0.18027758598327637, 0.18026351928710938, 0.1821122169494629, 0.18375778198242188, 0.18437528610229492, 0.18630218505859375, 0.18250346183776855, 0.1883678436279297, 0.18933534622192383, 0.18578362464904785, 0.19104528427124023, 0.18308615684509277, 0.189924955368042, 0.18300509452819824, 0.18402838706970215, 0.19001173973083496, 0.1770648956298828, 0.17456960678100586, 0.17920947074890137, 0.1894853115081787, 0.17713069915771484, 0.18794965744018555, 0.17908549308776855, 0.17774248123168945, 0.18275117874145508, 0.18665432929992676, 0.18013644218444824, 0.18056941032409668, 0.1846761703491211, 0.1898515224456787, 0.19227004051208496, 0.19349455833435059, 0.17582464218139648, 0.1919724941253662, 0.17988848686218262, 0.18140149116516113, 0.18297171592712402, 