{"ID": 0, "inference time": [12.937097072601318, 0.11739325523376465, 0.10404014587402344, 0.15214300155639648, 0.10895681381225586, 0.08233356475830078, 0.1155843734741211, 0.11907768249511719, 0.09772372245788574, 0.08401608467102051, 0.11589813232421875, 0.11086845397949219, 0.13392066955566406, 0.11881542205810547, 0.12106776237487793, 0.11613702774047852, 0.10699343681335449, 0.09427189826965332, 0.08363533020019531, 0.10763025283813477, 0.12340331077575684, 0.09415268898010254, 0.0971832275390625, 0.10368514060974121, 0.12470769882202148, 0.11364388465881348, 0.10631895065307617, 0.08212018013000488, 0.10912585258483887, 0.10793542861938477, 0.09974241256713867, 0.09165096282958984, 0.10384345054626465, 0.10598325729370117, 0.10266470909118652, 0.11031413078308105, 0.1117095947265625, 0.10147356986999512, 0.08804607391357422, 0.10170292854309082, 0.10113215446472168, 0.09001469612121582, 0.10328006744384766, 0.1064157485961914, 0.09566545486450195, 0.10306859016418457, 0.10272598266601562, 0.10953688621520996, 0.10433197021484375, 0.09611916542053223, 0.07780337333679199, 0.10885834693908691, 0.11938142776489258, 0.10866403579711914, 0.08758234977722168, 0.09322452545166016, 0.11533498764038086, 0.10836219787597656, 0.11340522766113281, 0.09170937538146973, 0.08556842803955078, 0.11229467391967773, 0.11816811561584473, 0.12082028388977051, 0.12723875045776367, 0.11544322967529297, 0.1088259220123291, 0.09384346008300781, 0.08812355995178223, 0.10943913459777832, 0.10663056373596191, 0.09710526466369629, 0.10338068008422852, 0.11058282852172852, 0.10190749168395996, 0.09889817237854004, 0.10535192489624023, 0.11241841316223145, 0.08946442604064941, 0.10981249809265137, 0.11833357810974121, 0.10500693321228027, 0.09802579879760742, 0.11620426177978516, 0.11779904365539551, 0.10367774963378906, 0.09763336181640625, 0.11110043525695801, 0.1213226318359375, 0.10962748527526855, 0.09575867652893066, 0.11898016929626465, 0.10829782485961914, 0.09408712387084961, 0.08791494369506836, 0.1063084602355957, 0.10909891128540039, 0.09455609321594238, 0.09221816062927246, 0.1132361888885498, 0.12079143524169922, 0.10782647132873535, 0.10985755920410156, 0.1039431095123291, 0.0854640007019043, 0.09895610809326172, 0.11634969711303711, 0.10825848579406738, 0.08302092552185059, 0.09174036979675293, 0.1037907600402832, 0.09844064712524414, 0.09586358070373535, 0.124664306640625, 0.12512636184692383, 0.11870312690734863, 0.09862279891967773, 0.09934639930725098, 0.09795784950256348, 0.09491443634033203, 0.12512874603271484, 0.12021732330322266, 0.12000751495361328, 0.11833786964416504, 0.1141972541809082, 0.10461592674255371, 0.10529136657714844, 0.1170196533203125, 0.11035776138305664, 0.09916424751281738, 0.09955072402954102, 0.12275815010070801, 0.10678434371948242, 0.10335135459899902, 0.0912942886352539, 0.10652518272399902, 0.11917805671691895, 0.1360771656036377, 0.10810708999633789, 0.10261797904968262, 0.0870215892791748, 0.09985518455505371, 0.08429956436157227, 0.10904526710510254, 0.10570120811462402, 0.1087803840637207, 0.08986735343933105, 0.08884787559509277, 0.1120753288269043, 0.12389564514160156, 0.10765790939331055, 0.10545492172241211, 0.10216164588928223, 0.09772896766662598, 0.11931180953979492, 0.09825968742370605, 0.09488463401794434, 0.10643172264099121, 0.10292530059814453, 0.10460948944091797, 0.09871697425842285, 0.09851861000061035, 0.12032294273376465, 0.13096165657043457, 0.12063956260681152, 0.12236356735229492, 0.11145949363708496, 0.10661792755126953, 0.11337137222290039, 0.11322331428527832, 0.10950374603271484, 0.09056448936462402, 0.09355854988098145, 0.11275172233581543, 0.09163880348205566, 0.08054256439208984, 0.11685824394226074, 0.11504554748535156, 0.09886789321899414, 0.0911245346069336, 0.10825181007385254, 0.12344956398010254, 0.12017488479614258, 0.12020325660705566, 0.09760427474975586, 0.08294081687927246, 0.11483907699584961, 0.12364721298217773, 0.10104179382324219, 0.09688520431518555, 0.09891390800476074, 0.1052553653717041, 0.10805559158325195, 0.0871880054473877, 0.09175944328308105, 0.10486292839050293, 0.1146843433380127, 0.12283682823181152, 0.09535574913024902, 0.12402892112731934, 0.09643912315368652, 0.08227324485778809, 0.1133427619934082, 0.1198422908782959, 0.09720492362976074, 0.09354472160339355, 0.11968183517456055, 0.1215047836303711, 0.11152982711791992, 0.09696555137634277, 0.08990287780761719, 0.10815238952636719, 0.11237621307373047, 0.09639430046081543, 0.10459637641906738, 0.09196019172668457, 0.09533262252807617, 0.12088251113891602, 0.1103217601776123, 0.09560322761535645, 0.08390998840332031, 0.10702204704284668, 0.10352492332458496, 0.09369802474975586, 0.08060288429260254, 0.10252928733825684, 0.12014460563659668, 0.11269760131835938, 0.12182998657226562, 0.11549115180969238, 0.13128423690795898, 0.12448430061340332, 0.10816240310668945, 0.10726404190063477, 0.09528660774230957, 0.09889483451843262, 0.11286759376525879, 0.11150431632995605, 0.09789824485778809, 0.09578061103820801, 0.09373617172241211, 0.1027064323425293, 0.10724115371704102, 0.10004854202270508, 0.1008157730102539, 0.11735916137695312, 0.1117713451385498, 0.08965706825256348, 0.09585356712341309, 0.11531496047973633, 0.12407922744750977, 0.11667513847351074, 0.11724400520324707, 0.10518288612365723, 0.09506344795227051, 0.08934855461120605, 0.1091911792755127, 0.10506033897399902, 0.10050749778747559, 0.0932769775390625, 0.11573624610900879, 0.10171842575073242, 0.08222842216491699, 0.11084246635437012, 0.1124269962310791, 0.09359097480773926, 0.09490442276000977, 0.0876157283782959, 0.10073065757751465, 0.10141634941101074, 0.10469841957092285, 0.0962526798248291, 0.0976417064666748, 0.12240433692932129, 0.1125786304473877, 0.10144948959350586, 0.08739256858825684, 0.11266374588012695, 0.11859774589538574, 0.10962104797363281, 0.09767818450927734, 0.08016180992126465, 0.11527037620544434, 0.10558342933654785, 0.09559798240661621, 0.10473251342773438, 0.10728144645690918, 0.11162996292114258, 0.0891714096069336, 0.11748576164245605, 0.11015939712524414, 0.1076052188873291, 0.09105038642883301, 0.08526039123535156, 0.11583590507507324, 0.11001896858215332, 0.08751320838928223, 0.08401060104370117, 0.1154639720916748, 0.11141133308410645, 0.11469292640686035, 0.13750553131103516, 0.11520791053771973, 0.11181855201721191, 0.12538838386535645, 0.12587666511535645, 0.10914230346679688, 0.10246849060058594, 0.11647915840148926, 0.11902952194213867, 0.10007381439208984, 0.09702634811401367, 0.09716320037841797, 0.10772180557250977, 0.11219358444213867, 0.11292099952697754, 0.14493584632873535, 0.11978363990783691, 0.11798453330993652, 0.1129612922668457, 0.1043708324432373, 0.08947944641113281, 0.07746338844299316, 0.11954212188720703, 0.11706304550170898, 0.12220478057861328, 0.1317272186279297, 0.12653112411499023, 0.12661242485046387, 0.10370755195617676, 0.0984499454498291, 0.1093897819519043, 0.11481881141662598, 0.10228157043457031, 0.10078072547912598, 0.10969829559326172, 0.11050248146057129, 0.11044907569885254, 0.10516881942749023, 0.09614014625549316, 0.1163170337677002, 0.09407734870910645, 0.07897734642028809, 0.1165170669555664, 0.10980391502380371, 0.0910944938659668, 0.09337830543518066, 0.10851144790649414, 0.10587191581726074, 0.10389590263366699, 0.10211467742919922, 0.07517719268798828, 0.12558484077453613, 0.1171877384185791, 0.10634946823120117, 0.10365128517150879, 0.08790898323059082, 0.08502364158630371, 0.10639476776123047, 0.10029792785644531, 0.09093952178955078, 0.1077735424041748, 0.11547327041625977, 0.09765338897705078, 0.08846116065979004, 0.11286783218383789, 0.11744022369384766, 0.12578129768371582, 0.11203765869140625, 0.09786415100097656, 0.09146547317504883, 0.11588811874389648, 0.12344884872436523, 0.10853409767150879, 0.09871149063110352, 0.09726595878601074, 0.11361575126647949, 0.13763666152954102, 0.10833573341369629, 0.126936674118042, 0.11517500877380371, 0.10462713241577148, 