{"ID": 5, "inference time": [1.329782247543335, 0.5590479373931885, 0.7336008548736572, 0.2265925407409668, 0.20983576774597168, 0.18389201164245605, 0.23215126991271973, 0.188201904296875, 0.22516584396362305, 0.21059060096740723, 0.1821761131286621, 0.2371070384979248, 0.17291617393493652, 0.21662306785583496, 0.21335506439208984, 0.18214797973632812, 0.25333428382873535, 0.19164109230041504, 0.21439695358276367, 0.21617937088012695, 0.18037843704223633, 0.2215123176574707, 0.19390296936035156, 0.19025063514709473, 0.2278287410736084, 0.18515229225158691, 0.21428251266479492, 0.20788860321044922, 0.1787259578704834, 0.23419976234436035, 0.2063312530517578, 0.19018054008483887, 0.21195673942565918, 0.17925214767456055, 0.20852947235107422, 0.2215595245361328, 0.17633509635925293, 0.24259161949157715, 0.18439102172851562, 0.2149958610534668, 0.2168431282043457, 0.17844676971435547, 0.22957205772399902, 0.2021620273590088, 0.18551325798034668, 0.2423839569091797, 0.184952974319458, 0.21338939666748047, 0.2109391689300537, 0.186614990234375, 0.2370896339416504, 0.19318366050720215, 0.21152448654174805, 0.20908284187316895, 0.19932866096496582, 0.23397397994995117, 0.20760369300842285, 0.19429588317871094, 0.23146367073059082, 0.19334864616394043, 0.2095484733581543, 0.22079944610595703, 0.18880915641784668, 0.2294778823852539, 0.20834088325500488, 0.19048452377319336, 0.23649930953979492, 0.1870725154876709, 0.22566604614257812, 0.2179269790649414, 0.18254709243774414, 0.23858118057250977, 0.19830822944641113, 0.20381903648376465, 0.21733522415161133, 0.19280076026916504, 0.22481441497802734, 0.21000123023986816, 0.18001079559326172, 0.24190759658813477, 0.18557977676391602, 0.22302007675170898, 0.21411991119384766, 0.18167710304260254, 0.23679661750793457, 0.1977226734161377, 0.2348949909210205, 0.2066175937652588, 0.182295560836792, 0.2373640537261963, 0.19150710105895996, 0.21793675422668457, 0.21247076988220215, 0.18453264236450195, 0.24102187156677246, 0.1843278408050537, 0.21056151390075684, 0.2191762924194336, 0.23512029647827148, 0.204833984375, 0.20618295669555664, 0.22093915939331055, 0.18873119354248047, 0.2229154109954834, 0.21327877044677734, 0.1832573413848877, 0.22913718223571777, 0.18231201171875, 0.22278141975402832, 0.21073031425476074, 0.17502522468566895, 0.23872709274291992, 0.1859419345855713, 0.22467494010925293, 0.2161273956298828, 0.18860125541687012, 0.23733210563659668, 0.1815171241760254, 0.21204257011413574, 0.2090773582458496, 0.18336248397827148, 0.24148821830749512, 0.22039508819580078, 0.1954355239868164, 0.22632265090942383, 0.19309449195861816, 0.21879196166992188, 0.21146106719970703, 0.1824934482574463, 0.24856233596801758, 0.1911933422088623, 0.21455955505371094, 0.20879435539245605, 0.17811179161071777, 0.23307013511657715, 0.21790719032287598, 0.18871665000915527, 0.23662567138671875, 0.18974542617797852, 0.2284560203552246, 0.18282008171081543, 0.24600648880004883, 0.18627166748046875, 0.2209639549255371, 0.20936799049377441, 0.18087077140808105, 0.24695229530334473, 0.18141722679138184, 0.2391655445098877, 0.21573328971862793, 0.20255064964294434, 0.21669888496398926, 0.19584321975708008, 0.2186121940612793, 0.21366524696350098, 0.17770624160766602, 0.25249552726745605, 0.17794418334960938, 0.21966838836669922, 0.21274495124816895, 0.1815354824066162, 0.24689555168151855, 0.1872563362121582, 0.23023724555969238, 0.21501469612121582, 0.18732213973999023, 0.22584795951843262, 0.18904948234558105, 0.21894502639770508, 0.2062370777130127, 0.17972278594970703, 0.24260711669921875, 0.1791393756866455, 0.21732378005981445, 0.22251105308532715, 0.18430399894714355, 0.2454972267150879, 0.22774171829223633, 0.22234106063842773, 0.21087431907653809, 0.1781628131866455, 0.24919939041137695, 0.2070178985595703, 0.2035963535308838, 0.21350312232971191, 0.1788647174835205, 0.230482816696167, 0.2128303050994873, 0.18457746505737305, 0.22861003875732422, 0.18315410614013672, 0.2289888858795166, 0.20874691009521484, 0.18609857559204102, 0.24104738235473633, 0.18998241424560547, 0.22809886932373047, 0.21717500686645508, 0.18306851387023926, 0.22573328018188477, 0.18543195724487305, 0.22228622436523438, 0.21125078201293945, 0.1798844337463379, 0.24833464622497559, 0.19144868850708008, 0.20817279815673828, 0.21843576431274414, 0.18688726425170898, 0.22920727729797363, 0.200300931930542, 0.18578410148620605, 0.22640228271484375, 0.17915964126586914, 0.21909475326538086, 0.2106940746307373, 0.18586373329162598, 0.24353623390197754, 0.18713951110839844, 0.227064847946167, 0.21634531021118164, 0.18671107292175293, 0.22378253936767578, 0.1904590129852295, 0.22654247283935547, 0.21426033973693848, 0.1766984462738037, 0.2288227081298828, 0.18155741691589355, 0.2180163860321045, 0.20671916007995605, 0.17600250244140625, 0.23070049285888672, 0.19240522384643555, 0.2323291301727295, 0.20949625968933105, 0.17530202865600586, 0.24110054969787598, 0.18541979789733887, 0.2256455421447754, 0.2215900421142578, 0.18234610557556152, 0.23033857345581055, 0.21082520484924316, 0.1999976634979248, 0.2357337474822998, 0.1867523193359375, 0.21723198890686035, 0.21620535850524902, 0.17834258079528809, 0.2230527400970459, 0.19806265830993652, 0.1984567642211914, 0.22632217407226562, 0.17846059799194336, 0.24339914321899414, 0.18418145179748535, 0.21076011657714844, 0.22024250030517578, 0.1816425323486328, 0.2288496494293213, 0.2123270034790039, 0.18053364753723145, 0.18771624565124512, 0.20095086097717285, 0.16788887977600098, 0.18367671966552734, 0.2025902271270752, 0.17339825630187988, 0.18783140182495117, 0.2025747299194336, 0.17524194717407227, 0.19289278984069824, 0.1958770751953125, 0.1654512882232666, 0.1889328956604004, 0.20759844779968262, 0.17382502555847168, 0.1917555332183838, 0.1981978416442871, 0.16746044158935547, 0.19273805618286133, 0.197188138961792, 0.16382670402526855, 0.19219207763671875, 0.1956007480621338, 0.1678323745727539, 0.19217777252197266, 0.19231867790222168, 0.1653597354888916, 0.19332528114318848, 0.19709157943725586, 0.17122554779052734, 0.2022707462310791, 0.20231175422668457, 0.1716153621673584, 0.19958090782165527, 0.188828706741333, 0.171952486038208, 0.1968073844909668, 0.1969907283782959, 0.17369365692138672, 0.2016618251800537, 0.1985633373260498, 0.17376017570495605, 0.20646333694458008, 0.19343924522399902, 0.1661243438720703, 0.21314001083374023, 0.19087958335876465, 0.1667783260345459, 0.20020294189453125, 0.18321013450622559, 0.17234539985656738, 0.2110893726348877, 0.18817591667175293, 0.17464804649353027, 0.2116224765777588, 0.19159674644470215, 0.16609597206115723, 0.21424508094787598, 0.19507718086242676, 0.16855192184448242, 0.21038198471069336, 0.18204712867736816, 0.16842985153198242, 0.21410894393920898, 0.18021130561828613, 0.18178391456604004, 0.21702313423156738, 0.18444108963012695, 0.18573236465454102, 0.20074462890625, 0.17459702491760254, 0.1807575225830078, 0.19545602798461914, 0.18194365501403809, 0.17900967597961426, 0.2054905891418457, 0.1663515567779541, 0.18282437324523926, 0.210479736328125, 0.1751265525817871, 0.271775484085083, 0.17076659202575684, 0.23150086402893066, 0.16956734657287598, 0.20093989372253418, 0.20715594291687012, 0.17150425910949707, 0.2037816047668457, 0.19480347633361816, 0.1685938835144043, 0.20199322700500488, 0.19747018814086914, 0.17194843292236328, 0.2059783935546875, 0.19557499885559082, 0.1737656593322754, 0.20593738555908203, 0.19285798072814941, 0.16782784461975098, 0.20749354362487793, 0.20081067085266113, 0.17106294631958008, 0.2130138874053955, 0.1877748966217041, 0.16801142692565918, 0.2168102264404297, 0.19329524040222168, 0.1681363582611084, 0.20877766609191895, 0.1862938404083252, 0.17234444618225098, 0.20740962028503418, 0.18577957153320312, 0.16769146919250488, 0.21029448509216309, 0.18219542503356934, 0.17454266548156738, 0.21061253547668457, 0.18677353858947754, 0.17528390884399414, 0.2265489101409912, 0.17967796325683594, 0.18086814880371094, 