{"ID": 2, "inference time": [1.3509349822998047, 1.2745592594146729, 0.22624826431274414, 0.2004539966583252, 0.17674946784973145, 0.22871613502502441, 0.17323589324951172, 0.22048187255859375, 0.21881318092346191, 0.18317747116088867, 0.22925734519958496, 0.19148778915405273, 0.22442150115966797, 0.22402358055114746, 0.17460346221923828, 0.23936867713928223, 0.19075846672058105, 0.21602749824523926, 0.21985578536987305, 0.1748192310333252, 0.22431230545043945, 0.2007153034210205, 0.19857001304626465, 0.21994280815124512, 0.1791977882385254, 0.20866608619689941, 0.22959113121032715, 0.1663827896118164, 0.23484349250793457, 0.18241524696350098, 0.18695831298828125, 0.2281789779663086, 0.17169666290283203, 0.21961259841918945, 0.22316503524780273, 0.16521191596984863, 0.24648427963256836, 0.19419193267822266, 0.21116137504577637, 0.22281455993652344, 0.16187238693237305, 0.2417137622833252, 0.2152249813079834, 0.1964247226715088, 0.24470281600952148, 0.19823169708251953, 0.22521018981933594, 0.22327303886413574, 0.17925572395324707, 0.23220562934875488, 0.18940281867980957, 0.2159407138824463, 0.19766569137573242, 0.18070483207702637, 0.2279524803161621, 0.1953141689300537, 0.20083832740783691, 0.22505784034729004, 0.18265151977539062, 0.2121584415435791, 0.22052764892578125, 0.19034171104431152, 0.22332024574279785, 0.22109723091125488, 0.1751842498779297, 0.24584555625915527, 0.1705946922302246, 0.22708439826965332, 0.23055124282836914, 0.17415571212768555, 0.22981929779052734, 0.19252777099609375, 0.20920133590698242, 0.22075176239013672, 0.16562938690185547, 0.22513818740844727, 0.22165298461914062, 0.1785578727722168, 0.23487472534179688, 0.16499710083007812, 0.2314462661743164, 0.22675848007202148, 0.18331217765808105, 0.22519302368164062, 0.18251919746398926, 0.23613429069519043, 0.19640183448791504, 0.19700837135314941, 0.22240138053894043, 0.18500018119812012, 0.23040986061096191, 0.22098159790039062, 0.1911931037902832, 0.22639107704162598, 0.174910306930542, 0.21883940696716309, 0.22489595413208008, 0.26724958419799805, 0.15998125076293945, 0.20563006401062012, 0.22577500343322754, 0.1925053596496582, 0.22335052490234375, 0.2271747589111328, 0.17588472366333008, 0.2257702350616455, 0.18137693405151367, 0.22470784187316895, 0.21817588806152344, 0.1723482608795166, 0.23221135139465332, 0.17928051948547363, 0.21987223625183105, 0.23124456405639648, 0.1730046272277832, 0.2280592918395996, 0.16745281219482422, 0.210892915725708, 0.21982765197753906, 0.16953587532043457, 0.23320579528808594, 0.22837591171264648, 0.19810199737548828, 0.22500133514404297, 0.18683528900146484, 0.22146296501159668, 0.22358226776123047, 0.17233943939208984, 0.24170494079589844, 0.17841124534606934, 0.2233412265777588, 0.2189033031463623, 0.17833471298217773, 0.22339892387390137, 0.22076082229614258, 0.1877439022064209, 0.2430129051208496, 0.17654204368591309, 0.2357041835784912, 0.18797612190246582, 0.24252629280090332, 0.178938627243042, 0.2353525161743164, 0.22303247451782227, 0.18732666969299316, 0.24009275436401367, 0.18887567520141602, 0.23791217803955078, 0.22754836082458496, 0.21264982223510742, 0.21911096572875977, 0.20300078392028809, 0.23021793365478516, 0.22643065452575684, 0.18436741828918457, 0.24060988426208496, 0.177992582321167, 0.23050451278686523, 0.22298598289489746, 0.17547345161437988, 0.2417149543762207, 0.17642664909362793, 0.23841571807861328, 0.22075486183166504, 0.19777274131774902, 0.22545671463012695, 0.1736903190612793, 0.2211143970489502, 0.2187058925628662, 0.18138766288757324, 0.23291301727294922, 0.17601704597473145, 0.21584773063659668, 0.24317431449890137, 0.17989444732666016, 0.22760963439941406, 0.16472315788269043, 0.2178637981414795, 0.2197885513305664, 0.171189546585083, 0.24332046508789062, 0.20868945121765137, 0.2142350673675537, 0.2254946231842041, 0.18395376205444336, 0.23747801780700684, 0.22699666023254395, 0.1920766830444336, 0.2363419532775879, 0.17458558082580566, 0.2377607822418213, 0.20009112358093262, 0.1907520294189453, 0.22521424293518066, 0.19178056716918945, 0.23369383811950684, 0.2305302619934082, 0.18942022323608398, 0.22768163681030273, 0.19074344635009766, 0.21561455726623535, 0.22202420234680176, 0.18670225143432617, 0.23838376998901367, 0.1828615665435791, 0.2118828296661377, 0.22238469123840332, 0.1891930103302002, 0.2263953685760498, 0.1901109218597412, 0.19371557235717773, 0.2301006317138672, 0.1876964569091797, 0.23195838928222656, 0.2236804962158203, 0.18936443328857422, 0.23580193519592285, 0.17799019813537598, 0.22962522506713867, 0.22844815254211426, 0.18673276901245117, 0.2339010238647461, 0.21168041229248047, 0.21752071380615234, 0.22575831413269043, 0.18633055686950684, 0.23458552360534668, 0.17702674865722656, 0.22498631477355957, 0.2244722843170166, 0.17908787727355957, 0.23150229454040527, 0.17826485633850098, 0.22310256958007812, 0.2248857021331787, 0.18482279777526855, 0.2389850616455078, 0.17992353439331055, 0.21599984169006348, 0.2386493682861328, 0.18711447715759277, 0.22128939628601074, 0.20880460739135742, 0.21300101280212402, 0.22882890701293945, 0.20785236358642578, 0.23168134689331055, 0.21665358543395996, 0.18481922149658203, 0.22947072982788086, 0.1925649642944336, 0.2070155143737793, 0.23885583877563477, 0.18257999420166016, 0.2519519329071045, 0.17175889015197754, 0.2099931240081787, 0.2220926284790039, 0.17624902725219727, 0.23799562454223633, 0.21709275245666504, 0.17791748046875, 0.20058345794677734, 0.21051883697509766, 0.1662299633026123, 0.1963510513305664, 0.20967650413513184, 0.1684722900390625, 0.1985480785369873, 0.21091485023498535, 0.17445898056030273, 0.2040417194366455, 0.20135927200317383, 0.16462206840515137, 0.20095348358154297, 0.21285605430603027, 0.15707683563232422, 0.20256471633911133, 0.202561616897583, 0.16498136520385742, 0.2007298469543457, 0.2047271728515625, 0.1526660919189453, 0.20711421966552734, 0.19751811027526855, 0.16178274154663086, 0.2021317481994629, 0.18112635612487793, 0.1610240936279297, 0.20355868339538574, 0.2014319896697998, 0.1552717685699463, 0.19405031204223633, 0.21255254745483398, 0.17247343063354492, 0.20814156532287598, 0.17266058921813965, 0.16463184356689453, 0.20870494842529297, 0.20438432693481445, 0.16161656379699707, 0.20436978340148926, 0.20792055130004883, 0.1715388298034668, 0.2173154354095459, 0.201157808303833, 0.16939926147460938, 0.22315549850463867, 0.1942920684814453, 0.16719961166381836, 0.2033219337463379, 0.1729586124420166, 0.1739809513092041, 0.22132444381713867, 0.1778700351715088, 0.1752169132232666, 0.2074439525604248, 0.1950087547302246, 0.15665435791015625, 0.20800113677978516, 0.18426942825317383, 0.1721055507659912, 0.20093894004821777, 0.17368364334106445, 0.17980074882507324, 0.20275616645812988, 0.16409635543823242, 0.1922464370727539, 0.20588231086730957, 0.1978156566619873, 0.20210504531860352, 0.20002484321594238, 0.16192340850830078, 0.1891167163848877, 0.1984550952911377, 0.19445252418518066, 0.17772531509399414, 0.20631098747253418, 0.16941571235656738, 0.19642376899719238, 0.21492338180541992, 0.17446184158325195, 0.2635233402252197, 0.1719646453857422, 0.22046184539794922, 0.15799975395202637, 0.19969630241394043, 0.20112824440002441, 0.16835951805114746, 0.21001148223876953, 0.1954479217529297, 0.15116000175476074, 0.21596837043762207, 0.19657135009765625, 0.1596696376800537, 0.21860647201538086, 0.19621825218200684, 0.16656875610351562, 0.20606708526611328, 0.18836069107055664, 0.1759505271911621, 0.21081233024597168, 0.1980910301208496, 0.16936516761779785, 0.20857667922973633, 0.17533111572265625, 0.16502070426940918, 0.20489740371704102, 0.18489766120910645, 0.17748451232910156, 0.20170307159423828, 0.18046927452087402, 0.17296695709228516, 0.20658445358276367, 0.183457612991333, 0.1843702793121338, 0.21140408515930176, 0.16520285606384277, 0.18282485008239746, 0.21572065353393555, 0.19038105010986328, 0.1856825351715088, 0.21442008018493652, 0.17183613777160645, 0.19165587425231934, 