{"ID": 4, "inference time": [1.9908180236816406, 0.5243847370147705, 0.21104931831359863, 0.20122265815734863, 0.17708039283752441, 0.220811128616333, 0.17649030685424805, 0.20659422874450684, 0.19884276390075684, 0.17625641822814941, 0.21855449676513672, 0.1912829875946045, 0.20304632186889648, 0.2099318504333496, 0.1734333038330078, 0.2248668670654297, 0.19367218017578125, 0.19954824447631836, 0.20289063453674316, 0.1761631965637207, 0.20528507232666016, 0.19438505172729492, 0.17955350875854492, 0.20984792709350586, 0.18544793128967285, 0.19156932830810547, 0.21103978157043457, 0.17588067054748535, 0.21364831924438477, 0.19095611572265625, 0.18457484245300293, 0.2111053466796875, 0.17388367652893066, 0.19749879837036133, 0.2112720012664795, 0.17366576194763184, 0.22657322883605957, 0.18841791152954102, 0.19023871421813965, 0.2100973129272461, 0.17071080207824707, 0.20964336395263672, 0.19881558418273926, 0.17978930473327637, 0.22662568092346191, 0.18219327926635742, 0.2003920078277588, 0.2095623016357422, 0.17808914184570312, 0.22289633750915527, 0.18958401679992676, 0.19347381591796875, 0.1995100975036621, 0.1742079257965088, 0.20923447608947754, 0.1943066120147705, 0.1815783977508545, 0.2229902744293213, 0.18521952629089355, 0.19404363632202148, 0.21357488632202148, 0.17954444885253906, 0.20632362365722656, 0.19710397720336914, 0.1704719066619873, 0.22576594352722168, 0.1734473705291748, 0.20663857460021973, 0.21436142921447754, 0.17656254768371582, 0.2187807559967041, 0.19312119483947754, 0.1921529769897461, 0.21496939659118652, 0.17413592338562012, 0.20568442344665527, 0.20769810676574707, 0.17693233489990234, 0.22483158111572266, 0.1734917163848877, 0.20996570587158203, 0.20605874061584473, 0.17472100257873535, 0.22276806831359863, 0.1800823211669922, 0.2193155288696289, 0.19466233253479004, 0.17540431022644043, 0.21891522407531738, 0.18634605407714844, 0.2064955234527588, 0.21629977226257324, 0.17535829544067383, 0.22249197959899902, 0.19269227981567383, 0.1945497989654541, 0.22136163711547852, 0.19903016090393066, 0.18882036209106445, 0.19004440307617188, 0.21858572959899902, 0.19556331634521484, 0.21198415756225586, 0.2106313705444336, 0.17563414573669434, 0.21694111824035645, 0.1830286979675293, 0.2047748565673828, 0.20838308334350586, 0.17943453788757324, 0.22560787200927734, 0.18612098693847656, 0.2036747932434082, 0.21224284172058105, 0.17786312103271484, 0.22021031379699707, 0.1809990406036377, 0.19776248931884766, 0.212310791015625, 0.1766681671142578, 0.22961091995239258, 0.20375537872314453, 0.18493938446044922, 0.22126412391662598, 0.19450616836547852, 0.20400357246398926, 0.20685720443725586, 0.17892169952392578, 0.22743940353393555, 0.18654632568359375, 0.19755291938781738, 0.20181751251220703, 0.17849993705749512, 0.21753835678100586, 0.20989155769348145, 0.18237876892089844, 0.22944974899291992, 0.18103814125061035, 0.2148594856262207, 0.1802539825439453, 0.23369193077087402, 0.18407416343688965, 0.2116994857788086, 0.20476675033569336, 0.18017578125, 0.2315073013305664, 0.1837749481201172, 0.2223377227783203, 0.2035534381866455, 0.1867380142211914, 0.20962834358215332, 0.19455456733703613, 0.2039802074432373, 0.21782851219177246, 0.1808180809020996, 0.2271561622619629, 0.1832280158996582, 0.2113199234008789, 0.20395541191101074, 0.17874360084533691, 0.22898006439208984, 0.17997097969055176, 0.21830320358276367, 0.19887995719909668, 0.18741130828857422, 0.21339201927185059, 0.18949580192565918, 0.2000272274017334, 0.2099606990814209, 0.17780590057373047, 0.23082280158996582, 0.18096375465393066, 0.20085525512695312, 0.221390962600708, 0.1808629035949707, 0.2238445281982422, 0.1808147430419922, 0.19901514053344727, 0.20057010650634766, 0.17557787895202637, 0.22491741180419922, 0.19623422622680664, 0.19289851188659668, 0.21777796745300293, 0.1751537322998047, 0.21684670448303223, 0.20807313919067383, 0.18356919288635254, 0.21968293190002441, 0.18269658088684082, 0.2157580852508545, 0.1940164566040039, 0.17637848854064941, 0.21805763244628906, 0.1834421157836914, 0.21436667442321777, 0.21506786346435547, 0.17558526992797852, 0.2215414047241211, 0.1884164810180664, 0.20037317276000977, 0.2071225643157959, 0.17856049537658691, 0.22433233261108398, 0.18909478187561035, 0.19646692276000977, 0.2137620449066162, 0.18450617790222168, 0.2085895538330078, 0.18690133094787598, 0.1773386001586914, 0.2195587158203125, 0.1801002025604248, 0.21414446830749512, 0.2075951099395752, 0.17864012718200684, 0.22589492797851562, 0.1873466968536377, 0.21265482902526855, 0.21267318725585938, 0.1849045753479004, 0.2236020565032959, 0.19331026077270508, 0.20729947090148926, 0.20635414123535156, 0.17433691024780273, 0.22129225730895996, 0.1805589199066162, 0.2076258659362793, 0.20836973190307617, 0.18067193031311035, 0.21927905082702637, 0.18784332275390625, 0.2086811065673828, 0.21325087547302246, 0.17766857147216797, 0.2308957576751709, 0.18829560279846191, 0.2022688388824463, 0.22073101997375488, 0.17734718322753906, 0.21175241470336914, 0.20427870750427246, 0.19403743743896484, 0.22264766693115234, 0.19834232330322266, 0.21123147010803223, 0.2123701572418213, 0.18015694618225098, 0.2181243896484375, 0.18876123428344727, 0.19121479988098145, 0.22501277923583984, 0.1795949935913086, 0.23250484466552734, 0.178572416305542, 0.19466018676757812, 0.214996337890625, 0.17793798446655273, 0.21613216400146484, 0.19809913635253906, 0.4592869281768799, 0.17890524864196777, 0.13716793060302734, 0.13646602630615234, 0.17813587188720703, 0.1411881446838379, 0.13982391357421875, 0.17587900161743164, 0.14612865447998047, 0.13674354553222656, 0.18129658699035645, 0.14744353294372559, 0.1356654167175293, 0.17274928092956543, 0.13493776321411133, 0.14119958877563477, 0.1675090789794922, 0.1455223560333252, 0.13811969757080078, 0.17303943634033203, 0.1416463851928711, 0.136338472366333, 0.1478593349456787, 0.13125252723693848, 0.13819551467895508, 0.15832734107971191, 0.1388406753540039, 0.13977551460266113, 0.16689181327819824, 0.1373457908630371, 0.13348960876464844, 0.16046547889709473, 0.1310281753540039, 0.13774371147155762, 0.16220307350158691, 0.1363217830657959, 0.13416528701782227, 0.16120553016662598, 0.14726972579956055, 0.14331412315368652, 0.1512918472290039, 0.1376504898071289, 0.1351311206817627, 0.15649771690368652, 0.13373565673828125, 0.14203882217407227, 0.15571069717407227, 0.13426923751831055, 0.1507871150970459, 0.15558886528015137, 0.1367185115814209, 0.14673686027526855, 0.15502500534057617, 0.1325976848602295, 0.14890527725219727, 0.15526390075683594, 0.13045454025268555, 0.14449167251586914, 0.1452040672302246, 0.13715910911560059, 0.148148775100708, 0.15439438819885254, 0.13133478164672852, 0.15199780464172363, 0.1458287239074707, 0.13731741905212402, 0.15752887725830078, 0.13377737998962402, 0.1408090591430664, 0.16300582885742188, 0.14589571952819824, 0.13728618621826172, 0.16422271728515625, 0.1453380584716797, 0.13189387321472168, 0.16206860542297363, 0.1443173885345459, 0.12775564193725586, 0.15778160095214844, 0.14626026153564453, 0.14758801460266113, 0.1466202735900879, 0.157883882522583, 0.13110804557800293, 0.13939738273620605, 0.15560317039489746, 0.14008712768554688, 0.14057683944702148, 0.17136192321777344, 0.14548587799072266, 0.13894009590148926, 0.15821146965026855, 0.1383068561553955, 0.13431763648986816, 0.18367266654968262, 0.1381986141204834, 0.14681529998779297, 0.16257905960083008, 0.13678574562072754, 0.13760066032409668, 0.16443657875061035, 0.14304137229919434, 0.14265656471252441, 0.14885544776916504, 0.13956236839294434, 0.14630126953125, 0.14780783653259277, 0.13414478302001953, 0.14264297485351562, 0.14820361137390137, 0.13581132888793945, 0.14534401893615723, 0.15078330039978027, 0.1333789825439453, 0.14697623252868652, 0.1603841781616211, 0.13996195793151855, 0.15522074699401855, 0.15079760551452637, 0.1370692253112793, 0.15612530708312988, 0.14425230026245117, 0.13562631607055664, 0.16356253623962402, 