{"ID": 6, "inference time": [13.520855903625488, 0.5573229789733887, 0.5339622497558594, 0.5127301216125488, 0.46656179428100586, 0.4325428009033203, 0.4138150215148926, 0.20961689949035645, 0.23485493659973145, 0.3225269317626953, 0.46120786666870117, 0.48188328742980957, 0.46000218391418457, 0.45190000534057617, 0.45189332962036133, 0.48399996757507324, 0.4725921154022217, 0.48459696769714355, 0.4761338233947754, 0.20809245109558105, 0.2296597957611084, 0.3365776538848877, 0.450441837310791, 0.48459768295288086, 0.47010111808776855, 0.4867727756500244, 0.5141241550445557, 0.49271368980407715, 0.4908745288848877, 0.45214080810546875, 0.3742387294769287, 0.2514474391937256, 0.22799038887023926, 0.3064689636230469, 0.4635312557220459, 0.5348362922668457, 0.5269918441772461, 0.508267879486084, 0.4420192241668701, 0.486952543258667, 0.5167930126190186, 0.47809600830078125, 0.4766726493835449, 0.46990251541137695, 0.4485783576965332, 0.49019646644592285, 0.5032434463500977, 0.5095119476318359, 0.5141685009002686, 0.48707008361816406, 0.5038073062896729, 0.28517794609069824, 0.22833824157714844, 0.3343844413757324, 0.4425969123840332, 0.4465162754058838, 0.53350830078125, 0.5138342380523682, 0.5189034938812256, 0.4798867702484131, 0.445662260055542, 0.2121109962463379, 0.2542579174041748, 0.35262274742126465, 0.4450671672821045, 0.5076165199279785, 0.5587241649627686, 0.5293009281158447, 0.492964506149292, 0.5045163631439209, 0.5126199722290039, 0.48245859146118164, 0.48286962509155273, 0.4311635494232178, 0.47025609016418457, 0.4373307228088379, 0.49099302291870117, 0.5101842880249023, 0.49465155601501465, 0.4357943534851074, 0.21536874771118164, 0.23099136352539062, 0.34349846839904785, 0.4575943946838379, 0.4778716564178467, 0.47679853439331055, 0.4783167839050293, 0.4995265007019043, 0.5313730239868164, 0.5031461715698242, 0.4845461845397949, 0.2208878993988037, 0.24735474586486816, 0.3805522918701172, 0.488314151763916, 0.48732519149780273, 0.4983515739440918, 0.49298524856567383, 0.4756438732147217, 0.4649677276611328, 0.4398517608642578, 0.20395135879516602, 0.20787572860717773, 0.32351064682006836, 0.438098669052124, 0.5430877208709717, 0.5480062961578369, 0.4739971160888672, 0.20848321914672852, 0.21847295761108398, 0.3296513557434082, 0.4654231071472168, 0.48158788681030273, 0.4932069778442383, 0.5048379898071289, 0.5205464363098145, 0.4586033821105957, 0.4891667366027832, 0.2456352710723877, 0.214111328125, 0.3123600482940674, 0.43648576736450195, 0.4655468463897705, 0.5054299831390381, 0.508674144744873, 0.5339264869689941, 0.5189971923828125, 0.48514533042907715, 0.4556863307952881, 0.5027446746826172, 0.48978471755981445, 0.5136077404022217, 0.48659634590148926, 0.5074598789215088, 0.47406578063964844, 0.4812746047973633, 0.4518914222717285, 0.4510962963104248, 0.4752185344696045, 0.46866798400878906, 0.2853419780731201, 0.24416875839233398, 0.318223237991333, 0.42093324661254883, 0.5273048877716064, 0.48383522033691406, 0.4606807231903076, 0.36426544189453125, 0.2132585048675537, 0.2323455810546875, 0.2933828830718994, 0.37906408309936523, 0.49986958503723145, 0.461453914642334, 0.4825325012207031, 0.47197437286376953, 0.45901942253112793, 0.23441219329833984, 0.22920012474060059, 0.3203880786895752, 0.4809403419494629, 0.46007561683654785, 0.4554464817047119, 0.4960167407989502, 0.49580979347229004, 0.47867584228515625, 0.429950475692749, 0.21340560913085938, 0.2376844882965088, 0.35385632514953613, 0.44173550605773926, 0.4961841106414795, 0.4769861698150635, 0.48497676849365234, 0.5214688777923584, 0.5051963329315186, 0.4849550724029541, 0.47467756271362305, 0.43614673614501953, 0.21407151222229004, 0.2201824188232422, 0.34611940383911133, 0.5000438690185547, 0.4752678871154785, 0.5153203010559082, 0.512988805770874, 0.48497867584228516, 0.45273613929748535, 0.5198659896850586, 0.4922966957092285, 0.2222280502319336, 0.2487931251525879, 0.3803582191467285, 0.4917762279510498, 0.5342745780944824, 0.5103473663330078, 0.4833106994628906, 0.5238502025604248, 0.32994651794433594, 0.21699786186218262, 0.3462955951690674, 0.5242197513580322, 0.5173969268798828, 0.49461960792541504, 0.5010530948638916, 0.5175487995147705, 0.5037815570831299, 0.49994587898254395, 0.4747886657714844, 0.47840380668640137, 0.45226263999938965, 0.47488975524902344, 0.2090470790863037, 0.25307536125183105, 0.38933777809143066, 0.4855213165283203, 0.4718141555786133, 0.5297069549560547, 0.4997739791870117, 0.28746795654296875, 0.20562219619750977, 0.29727888107299805, 0.3925156593322754, 0.47721338272094727, 0.45554041862487793, 0.5088672637939453, 0.5090723037719727, 0.49350690841674805, 0.48000502586364746, 0.46413278579711914, 0.23260855674743652, 0.2684049606323242, 0.41430139541625977, 0.5144102573394775, 0.5176646709442139, 0.5348892211914062, 0.47796130180358887, 0.2066183090209961, 0.24286150932312012, 0.3892331123352051, 0.4880514144897461, 0.4961724281311035, 0.5007362365722656, 0.5000638961791992, 0.49578332901000977, 0.47802281379699707, 0.47342872619628906, 0.49163222312927246, 0.49016332626342773, 0.4120962619781494, 0.22528719902038574, 0.266432523727417, 0.33675646781921387, 0.4820246696472168, 0.5352029800415039, 0.4737248420715332, 0.36863088607788086, 0.19933390617370605, 0.2840864658355713, 0.42014002799987793, 0.5025732517242432, 0.513481855392456, 0.5074496269226074, 0.4931800365447998, 0.5223500728607178, 0.5174775123596191, 0.4940054416656494, 0.4826395511627197, 0.3042874336242676, 0.21498394012451172, 0.3079416751861572, 0.4338245391845703, 0.5044240951538086, 0.5024600028991699, 0.4759657382965088, 0.5004494190216064, 0.45818209648132324, 0.2254629135131836, 0.21605944633483887, 0.3109750747680664, 0.4703960418701172, 0.5161349773406982, 0.5086636543273926, 0.48899006843566895, 0.4419713020324707, 0.4625697135925293, 0.43375492095947266, 0.49210190773010254, 0.503807783126831, 0.5287938117980957, 0.47816967964172363, 0.4970989227294922, 0.5219528675079346, 0.22824978828430176, 0.26064205169677734, 0.42177510261535645, 0.5009229183197021, 0.46373844146728516, 0.48542237281799316, 0.49134349822998047, 0.5367183685302734, 0.5403869152069092, 0.49216723442077637, 0.525259256362915, 0.4842262268066406, 0.2610297203063965, 0.22319555282592773, 0.36107730865478516, 0.45983457565307617, 0.48964500427246094, 0.5004916191101074, 0.5086982250213623, 0.49956607818603516, 0.46439290046691895, 0.5098204612731934, 0.4801912307739258, 0.4807703495025635, 0.46189403533935547, 0.22202229499816895, 0.22781014442443848, 0.3787045478820801, 0.49895286560058594, 0.48084282875061035, 0.4815490245819092, 0.46070289611816406, 0.412308931350708, 0.20564985275268555, 0.21016693115234375, 0.3168766498565674, 0.4374690055847168, 0.5352194309234619, 0.5244152545928955, 0.4969794750213623, 0.4822068214416504, 0.1991276741027832, 0.25933003425598145, 0.386380672454834, 0.473132848739624, 0.4951515197753906, 0.5064740180969238, 0.3119239807128906, 0.24487733840942383, 0.3517642021179199, 0.4897449016571045, 0.5175082683563232, 0.4989283084869385, 0.39866042137145996, 0.20219779014587402, 0.24473047256469727, 0.3543407917022705, 0.4488804340362549, 0.49155306816101074, 0.48781585693359375, 0.4904513359069824, 0.49385833740234375, 0.5176668167114258, 0.28670573234558105, 0.23215556144714355, 0.340836763381958, 0.5272083282470703, 0.522097110748291, 0.49304628372192383, 0.4799618721008301, 0.47721242904663086, 0.5248141288757324, 0.48893165588378906, 0.5232114791870117, 0.4584939479827881, 0.42577314376831055, 0.20107650756835938, 0.20668721199035645, 0.2696504592895508, 0.42376255989074707, 0.5228009223937988, 0.5209829807281494, 0.5056195259094238, 0.4871222972869873, 0.5135838985443115, 0.5113146305084229, 0.31850218772888184, 0.2215883731842041, 0.38365960121154785, 0.5367963314056396, 0.4699273109436035, 0.5293774604797363, 0.4806785583496094, 0.5082986354827881, 0.5125472545623779, 0.48488664627075195, 0.5187973976135254, 0.5362248420715332, 0.49919557571411133, 