{"ID": 2, "inference time": [0.3037223815917969, 0.255098819732666, 0.24379396438598633, 0.23092317581176758, 0.25907230377197266, 0.2381880283355713, 0.24657034873962402, 0.25168848037719727, 0.25714111328125, 0.23104166984558105, 0.24869322776794434, 0.23304009437561035, 0.23827648162841797, 0.23042821884155273, 0.23993420600891113, 0.23917675018310547, 0.22102856636047363, 0.2443525791168213, 0.23104405403137207, 0.22848105430603027, 0.24918293952941895, 0.2653846740722656, 0.22672033309936523, 0.2222304344177246, 0.24231767654418945, 0.22192668914794922, 0.22261786460876465, 0.23268842697143555, 0.23954081535339355, 0.2582206726074219, 0.25328755378723145, 0.23371505737304688, 0.24495172500610352, 0.24777793884277344, 0.2420802116394043, 0.23608613014221191, 0.2529277801513672, 0.23879575729370117, 0.24104833602905273, 0.23916316032409668, 0.23413872718811035, 0.21933960914611816, 0.2214503288269043, 0.22875094413757324, 0.2261037826538086, 0.22901105880737305, 0.23839426040649414, 0.2260580062866211, 0.22620105743408203, 0.2169637680053711, 0.22811079025268555, 0.22553277015686035, 0.24013948440551758, 0.22997808456420898, 0.252307653427124, 0.23244380950927734, 0.24431920051574707, 0.252152681350708, 0.2205500602722168, 0.2376422882080078, 0.23483490943908691, 0.21530818939208984, 0.23537564277648926, 0.25282716751098633, 0.23596858978271484, 0.25578737258911133, 0.2531599998474121, 0.22698545455932617, 0.24277424812316895, 0.24277639389038086, 0.2277543544769287, 0.22521686553955078, 0.21954798698425293, 0.22635149955749512, 0.21977639198303223, 0.23706650733947754, 0.22060227394104004, 0.23407435417175293, 0.22013163566589355, 0.2347118854522705, 0.58062744140625, 0.1974811553955078, 0.20839786529541016, 0.2059493064880371, 0.20027422904968262, 0.20446467399597168, 0.19408416748046875, 0.20229148864746094, 0.20140528678894043, 0.21448922157287598, 0.20272135734558105, 0.20641326904296875, 0.20540761947631836, 0.20665860176086426, 0.20149803161621094, 0.20096635818481445, 0.2032451629638672, 0.20616531372070312, 0.20392775535583496, 0.19971585273742676, 0.20960378646850586, 0.20618319511413574, 0.19969964027404785, 0.20345854759216309, 0.20362615585327148, 0.1955585479736328, 0.20020389556884766, 0.19585609436035156, 0.19747471809387207, 0.20488405227661133, 0.20140767097473145, 0.20695805549621582, 0.1962110996246338, 0.19926762580871582, 0.20590424537658691, 0.2034924030303955, 0.19722700119018555, 0.20439791679382324, 0.209228515625, 0.19808459281921387, 0.19602632522583008, 0.20337271690368652, 0.2173318862915039, 0.19493365287780762, 0.20388102531433105, 0.19921350479125977, 0.19637751579284668, 0.19823312759399414, 0.2000560760498047, 0.19785094261169434, 0.19117951393127441, 0.19573140144348145, 0.19310402870178223, 0.19049429893493652, 0.19727492332458496, 0.19239330291748047, 0.20199847221374512, 0.19749832153320312, 0.19428753852844238, 0.1912827491760254, 0.1979813575744629, 0.19593119621276855, 0.19919800758361816, 0.19816279411315918, 0.1991124153137207, 0.19417810440063477, 0.2022252082824707, 0.20067501068115234, 0.20280957221984863, 0.19644951820373535, 0.20021486282348633, 0.19893622398376465, 0.200697660446167, 0.2004251480102539, 0.1964890956878662, 0.20208954811096191, 0.20792555809020996, 0.21103119850158691, 0.2073376178741455, 0.19893860816955566, 0.1980578899383545, 0.2076702117919922, 0.2158513069152832, 0.20274114608764648, 0.1997222900390625, 0.19784069061279297, 0.20647239685058594, 0.20311689376831055, 0.20733428001403809, 0.2013709545135498, 0.20600438117980957, 0.20377206802368164, 0.20656824111938477, 0.20233893394470215, 0.2050614356994629, 0.20413661003112793, 0.21447181701660156, 0.20650672912597656, 0.20621991157531738, 0.19658851623535156, 0.20825576782226562, 0.20348405838012695, 0.20209670066833496, 0.19825172424316406, 0.20101141929626465, 0.1966233253479004, 0.19956612586975098, 0.20847439765930176, 0.1977856159210205, 0.2050034999847412, 0.20999455451965332, 0.20058894157409668, 0.20663785934448242, 0.20267605781555176, 0.1966688632965088, 0.1966562271118164, 0.19267559051513672, 0.19905996322631836, 0.19826388359069824, 0.2003483772277832, 0.20802831649780273, 0.20599055290222168, 0.20703506469726562, 0.20552349090576172, 0.20222973823547363, 0.2038273811340332, 0.19526100158691406, 0.19839024543762207, 0.2163851261138916, 0.20331501960754395, 0.20444917678833008, 0.1998758316040039, 0.20703411102294922, 0.19768166542053223, 0.20145773887634277, 0.20488834381103516, 0.19927096366882324, 0.21242856979370117, 0.20614004135131836, 0.19744038581848145, 0.20620965957641602, 0.20093297958374023, 0.20370888710021973, 0.1960606575012207, 0.2029411792755127, 0.194718599319458, 0.20086240768432617, 0.1963815689086914, 0.2022407054901123, 0.20333027839660645, 0.19858622550964355, 0.20021700859069824, 0.2081139087677002, 0.206756591796875, 0.20169544219970703, 0.1972060203552246, 0.19879555702209473, 0.19863605499267578, 0.20530056953430176, 0.20460915565490723, 0.20606660842895508, 0.19884467124938965, 0.20379137992858887, 0.20241951942443848, 0.2045731544494629, 0.1963646411895752, 0.1922624111175537, 0.20102739334106445, 0.2015390396118164, 0.20323657989501953, 0.2056128978729248, 0.19758033752441406, 0.1995716094970703, 0.19554615020751953, 0.20520448684692383, 0.19785046577453613, 0.20719671249389648, 0.20557689666748047, 0.20141363143920898, 0.19813203811645508, 0.20512747764587402, 0.19497299194335938, 0.20224595069885254, 0.20736145973205566, 0.20413947105407715, 0.20657992362976074, 0.2063279151916504, 0.204392671585083, 0.1975080966949463, 0.2038865089416504, 0.21616840362548828, 0.21002554893493652, 0.21276235580444336, 0.20804834365844727, 0.20940923690795898, 0.20652389526367188, 0.20801734924316406, 0.20618462562561035, 0.20607662200927734, 0.2058422565460205, 0.2034437656402588, 0.20192313194274902, 0.2085721492767334, 0.20901107788085938, 0.2057642936706543, 0.20243096351623535, 0.2070326805114746, 0.21471405029296875, 0.21526050567626953, 0.2019796371459961, 0.19880986213684082, 0.1974031925201416, 0.19980239868164062, 0.20469450950622559, 0.1980304718017578, 0.21010804176330566, 0.20634078979492188, 0.20440435409545898, 0.2072756290435791, 0.20038700103759766, 0.2024552822113037, 0.2080824375152588, 0.20084500312805176, 0.2048931121826172, 0.21084213256835938, 0.20044302940368652, 0.20904231071472168, 0.206803560256958, 0.2062993049621582, 0.2052319049835205, 0.20245599746704102, 0.20700788497924805, 0.203139066696167, 0.20373153686523438, 0.20140290260314941, 0.20361876487731934, 0.19833922386169434, 0.2028050422668457, 0.21647930145263672, 0.19931960105895996, 0.20297574996948242, 0.20700454711914062, 0.20097804069519043, 0.19802188873291016, 0.20429110527038574, 0.1943671703338623, 0.21267008781433105, 0.21034717559814453, 0.20856475830078125, 0.2052452564239502, 0.20592927932739258, 0.20606541633605957, 0.2048203945159912, 0.20098304748535156, 0.19945883750915527, 0.19861745834350586, 0.2033083438873291, 0.20302605628967285, 0.20248079299926758, 0.20002508163452148, 0.2135152816772461, 0.20302414894104004, 0.20382213592529297, 0.19910168647766113, 0.1999342441558838, 0.19820356369018555, 0.20078325271606445, 0.20128870010375977, 0.19620609283447266, 0.19403648376464844, 0.19980597496032715, 0.19795632362365723, 0.20232915878295898, 0.1959834098815918, 0.2005321979522705, 0.20029377937316895, 0.19905543327331543, 0.20270133018493652, 0.19843029975891113, 0.20124077796936035, 0.20328402519226074, 0.20831680297851562, 0.1990365982055664, 0.19988274574279785, 0.19887900352478027, 0.2087080478668213, 0.20023584365844727, 0.20639324188232422, 0.204209566116333, 0.19968748092651367, 0.19496583938598633, 0.1988680362701416, 0.19936013221740723, 0.20137405395507812, 0.20206046104431152, 0.20073795318603516, 0.2016429901123047, 0.20113301277160645, 0.19751214981079102, 0.20287561416625977, 0.20237421989440918, 0.20342159271240234, 0.20885181427001953, 0.20064568519592285, 0.21017718315124512, 