{"ID": 1, "inference time": [10.666960954666138, 0.08457088470458984, 0.04639554023742676, 0.08282971382141113, 0.07000970840454102, 0.046270132064819336, 0.09361815452575684, 0.1190493106842041, 0.06287312507629395, 0.09331893920898438, 0.0714559555053711, 0.05430150032043457, 0.10509300231933594, 0.09134793281555176, 0.06277322769165039, 0.0933539867401123, 0.08435559272766113, 0.06389403343200684, 0.08963179588317871, 0.09039640426635742, 0.0600736141204834, 0.10602688789367676, 0.0928800106048584, 0.06211233139038086, 0.09275245666503906, 0.07882237434387207, 0.05451703071594238, 0.10244941711425781, 0.09240317344665527, 0.05973672866821289, 0.10898852348327637, 0.09494280815124512, 0.06302213668823242, 0.09719538688659668, 0.09433364868164062, 0.06783843040466309, 0.0867917537689209, 0.071807861328125, 0.055783748626708984, 0.10625076293945312, 0.09188103675842285, 0.06056666374206543, 0.100860595703125, 0.09944295883178711, 0.06447577476501465, 0.09044957160949707, 0.07146954536437988, 0.05810737609863281, 0.110565185546875, 0.09159660339355469, 0.062957763671875, 0.09144949913024902, 0.0751183032989502, 0.055552005767822266, 0.1027987003326416, 0.09169840812683105, 0.06027507781982422, 0.10962915420532227, 0.09114909172058105, 0.06287050247192383, 0.09135770797729492, 0.06962251663208008, 0.06247544288635254, 0.11178278923034668, 0.10159039497375488, 0.06467914581298828, 0.09103226661682129, 0.07152271270751953, 0.061589717864990234, 0.1119375228881836, 0.09856581687927246, 0.06537175178527832, 0.08798646926879883, 0.07469964027404785, 0.0646963119506836, 0.11206340789794922, 0.08751654624938965, 0.06391692161560059, 0.09235405921936035, 0.07768583297729492, 0.05615067481994629, 0.10165095329284668, 0.08909320831298828, 0.06414198875427246, 0.09261250495910645, 0.06928586959838867, 0.060579776763916016, 0.11031389236450195, 0.08962178230285645, 0.06442523002624512, 0.0929257869720459, 0.07821083068847656, 0.05656027793884277, 0.10457849502563477, 0.08565354347229004, 0.0660560131072998, 0.08898115158081055, 0.06921172142028809, 0.0667271614074707, 0.10968160629272461, 0.0978238582611084, 0.06825494766235352, 0.08783245086669922, 0.07269430160522461, 0.06342816352844238, 0.09235239028930664, 0.06714296340942383, 0.06079530715942383, 0.10674238204956055, 0.09482455253601074, 0.07208871841430664, 0.09191107749938965, 0.07062935829162598, 0.06627058982849121, 0.10765910148620605, 0.09836173057556152, 0.0679008960723877, 0.08817577362060547, 0.07223701477050781, 0.06481695175170898, 0.1093747615814209, 0.1020205020904541, 0.06657147407531738, 0.09290862083435059, 0.07874870300292969, 0.057048797607421875, 0.10607576370239258, 0.08791828155517578, 0.06341814994812012, 0.09156322479248047, 0.06975221633911133, 0.06473159790039062, 0.11074995994567871, 0.09737586975097656, 0.06431174278259277, 0.09290885925292969, 0.07306170463562012, 0.05848407745361328, 0.10936641693115234, 0.08812952041625977, 0.06475543975830078, 0.0916593074798584, 0.06762290000915527, 0.06583905220031738, 0.10998272895812988, 0.0979464054107666, 0.06838226318359375, 0.08672547340393066, 0.06997227668762207, 0.06714391708374023, 0.10982990264892578, 0.08548712730407715, 0.06479573249816895, 0.09443068504333496, 0.07506990432739258, 0.05841875076293945, 0.10212087631225586, 0.08404111862182617, 0.06444001197814941, 0.09083008766174316, 0.06542325019836426, 0.06561732292175293, 0.10607576370239258, 0.09888434410095215, 0.06747698783874512, 0.08640027046203613, 0.07377910614013672, 0.057897090911865234, 0.10884451866149902, 0.08795619010925293, 0.06380200386047363, 0.09238505363464355, 0.06488299369812012, 0.0580601692199707, 0.10326194763183594, 0.08387422561645508, 0.06532692909240723, 0.09091997146606445, 0.06537747383117676, 0.06365108489990234, 0.10930109024047852, 0.09729623794555664, 0.06632184982299805, 0.08877396583557129, 0.06921577453613281, 0.06057310104370117, 0.10204744338989258, 0.08478546142578125, 0.06342673301696777, 0.09446191787719727, 0.06447768211364746, 0.05615711212158203, 0.10152769088745117, 0.08455491065979004, 0.06337666511535645, 0.09936785697937012, 0.09335923194885254, 0.06932377815246582, 0.09052658081054688, 0.07365131378173828, 0.0668942928314209, 0.11160445213317871, 0.08957052230834961, 0.06290030479431152, 0.0911550521850586, 0.06646943092346191, 0.06601309776306152, 0.10822129249572754, 0.09525561332702637, 0.06712865829467773, 0.08842277526855469, 0.0637974739074707, 0.06768441200256348, 0.10529398918151855, 0.09799623489379883, 0.06858181953430176, 0.09085631370544434, 0.0631868839263916, 0.06126904487609863, 0.10468173027038574, 0.09891581535339355, 0.06214737892150879, 0.09290361404418945, 0.06408262252807617, 0.05855441093444824, 0.10402822494506836, 0.08588600158691406, 0.06320977210998535, 0.09065651893615723, 0.07435417175292969, 0.057457923889160156, 0.09904122352600098, 0.08379149436950684, 0.0632171630859375, 0.09225726127624512, 0.06398177146911621, 0.06630825996398926, 0.1119387149810791, 0.09490537643432617, 0.06485176086425781, 0.08996772766113281, 0.06411886215209961, 0.06327533721923828, 0.10796833038330078, 0.09902071952819824, 0.06345391273498535, 0.08811450004577637, 0.06455564498901367, 0.062140464782714844, 0.10698580741882324, 0.09070277214050293, 0.0653696060180664, 0.09204864501953125, 0.06495499610900879, 0.05814814567565918, 0.10061836242675781, 0.08295559883117676, 0.06268739700317383, 0.09079504013061523, 0.06551647186279297, 0.05893993377685547, 0.10340261459350586, 0.09651517868041992, 0.062246084213256836, 0.09241843223571777, 0.06329798698425293, 0.06474161148071289, 0.10986804962158203, 0.08869600296020508, 0.06587934494018555, 0.09137368202209473, 0.06137394905090332, 0.06492972373962402, 0.10968494415283203, 0.09524726867675781, 0.06599211692810059, 0.09218549728393555, 0.05994701385498047, 0.06511592864990234, 0.11106562614440918, 0.08253312110900879, 0.06319570541381836, 0.09240984916687012, 0.060846805572509766, 0.06480026245117188, 0.1112203598022461, 0.09508109092712402, 0.06701445579528809, 0.09144258499145508, 0.06707406044006348, 0.058829545974731445, 0.10330414772033691, 0.08119416236877441, 0.06630492210388184, 0.09310054779052734, 0.07301640510559082, 0.05710482597351074, 0.10070228576660156, 0.07659196853637695, 0.0626060962677002, 0.09503698348999023, 0.06888103485107422, 0.05770683288574219, 0.10487556457519531, 0.08695244789123535, 0.06764698028564453, 0.0917825698852539, 0.07267308235168457, 0.057462215423583984, 0.10290956497192383, 0.07577061653137207, 0.06311964988708496, 0.09268426895141602, 0.06399822235107422, 0.0675201416015625, 0.11194896697998047, 0.08881545066833496, 0.06453776359558105, 0.09279918670654297, 0.06263279914855957, 0.06359076499938965, 0.11320281028747559, 0.08593297004699707, 0.06443428993225098, 0.09489154815673828, 0.06348896026611328, 0.06348729133605957, 0.11289501190185547, 0.08567047119140625, 0.06650567054748535, 0.09254169464111328, 0.06320571899414062, 0.06517505645751953, 0.11112546920776367, 0.09160041809082031, 0.06530952453613281, 0.09250402450561523, 0.06250858306884766, 0.06203937530517578, 0.11225581169128418, 0.10188913345336914, 0.06246614456176758, 0.09239530563354492, 0.06725001335144043, 0.05793166160583496, 0.10756373405456543, 0.0790400505065918, 0.06685137748718262, 0.09329843521118164, 0.07512569427490234, 0.05719923973083496, 0.1042938232421875, 0.08258271217346191, 0.06205105781555176, 0.09341192245483398, 0.06923508644104004, 0.0591280460357666, 0.10095810890197754, 0.08246493339538574, 0.06338381767272949, 0.09433984756469727, 0.07312250137329102, 0.05778217315673828, 0.10329747200012207, 0.07061362266540527, 0.0623626708984375, 0.1128847599029541, 0.0787053108215332, 0.061480045318603516, 0.09533309936523438, 0.06797575950622559, 0.05936264991760254, 0.1090247631072998, 0.07698440551757812, 0.06198310852050781, 0.09367156028747559, 0.06287288665771484, 0.05787825584411621, 0.10460376739501953, 0.07520818710327148, 0.06212329864501953, 