{"ID": 5, "inference time": [0.3513298034667969, 0.3385798931121826, 0.2010507583618164, 0.24788641929626465, 0.20041871070861816, 0.19547557830810547, 0.24723482131958008, 0.2028641700744629, 0.3796722888946533, 0.45169496536254883, 0.4343852996826172, 0.2550010681152344, 0.2233889102935791, 0.3702738285064697, 0.5054008960723877, 0.4895055294036865, 0.3984827995300293, 0.20740962028503418, 0.2625694274902344, 0.4020111560821533, 0.4945688247680664, 0.48554301261901855, 0.46436047554016113, 0.4679572582244873, 0.4528162479400635, 0.2083754539489746, 0.22895097732543945, 0.360335111618042, 0.49335646629333496, 0.29166126251220703, 0.19466233253479004, 0.28945302963256836, 0.42839860916137695, 0.48808836936950684, 0.47003722190856934, 0.49843716621398926, 0.5080435276031494, 0.5126185417175293, 0.48942065238952637, 0.34997010231018066, 0.19624614715576172, 0.281919002532959, 0.4322514533996582, 0.4618682861328125, 0.5105700492858887, 0.5105471611022949, 0.48826098442077637, 0.487246036529541, 0.4665212631225586, 0.23271989822387695, 0.20321440696716309, 0.2566487789154053, 0.4121558666229248, 0.5042328834533691, 0.4715545177459717, 0.5016415119171143, 0.46262264251708984, 0.23614931106567383, 0.2090468406677246, 0.31627774238586426, 0.44652247428894043, 0.5032436847686768, 0.5248119831085205, 0.5271179676055908, 0.4943068027496338, 0.4796271324157715, 0.18066143989562988, 0.21369481086730957, 0.3368654251098633, 0.4902040958404541, 0.4883542060852051, 0.4993464946746826, 0.4995760917663574, 0.45548176765441895, 0.25142884254455566, 0.2097301483154297, 0.33072376251220703, 0.46495819091796875, 0.4953887462615967, 0.4682645797729492, 0.504647970199585, 0.5166852474212646, 0.4664163589477539, 0.25516176223754883, 0.2345881462097168, 0.41160106658935547, 0.5079989433288574, 0.4898793697357178, 0.4848673343658447, 0.47963809967041016, 0.4881172180175781, 0.2879364490509033, 0.2228708267211914, 0.30606627464294434, 0.4038047790527344, 0.48742103576660156, 0.47183680534362793, 0.4340803623199463, 0.19948053359985352, 0.2299494743347168, 0.36205291748046875, 0.4773828983306885, 0.5256760120391846, 0.5334866046905518, 0.4915487766265869, 0.48026227951049805, 0.4773085117340088, 0.4575998783111572, 0.46671175956726074, 0.4479060173034668, 0.2803771495819092, 0.19328761100769043, 0.29561495780944824, 0.47612953186035156, 0.5169084072113037, 0.4755833148956299, 0.5172719955444336, 0.5060245990753174, 0.47378087043762207, 0.19128108024597168, 0.21944475173950195, 0.3286116123199463, 0.4556102752685547, 0.47991037368774414, 0.47683048248291016, 0.4762105941772461, 0.44220447540283203, 0.2786600589752197, 0.23563170433044434, 0.38170504570007324, 0.43674278259277344, 0.46526503562927246, 0.2722203731536865, 0.23278212547302246, 0.38529539108276367, 0.5091686248779297, 0.4823191165924072, 0.508204460144043, 0.47328805923461914, 0.5083346366882324, 0.525141716003418, 0.48583555221557617, 0.399822473526001, 0.18939208984375, 0.27158069610595703, 0.37180113792419434, 0.45110392570495605, 0.4778299331665039, 0.4568912982940674, 0.2522609233856201, 0.20890450477600098, 0.36601734161376953, 0.48832225799560547, 0.516852617263794, 0.355161190032959, 0.20291638374328613, 0.3149135112762451, 0.4570608139038086, 0.4951159954071045, 0.4648439884185791, 0.5135650634765625, 0.5099153518676758, 0.47280049324035645, 0.47435855865478516, 0.4839510917663574, 0.5033235549926758, 0.49649643898010254, 0.4668147563934326, 0.22257661819458008, 0.21594643592834473, 0.3121621608734131, 0.4725198745727539, 0.48159050941467285, 0.4726846218109131, 0.4923391342163086, 0.40874314308166504, 0.18318557739257812, 0.2670707702636719, 0.4017460346221924, 0.5033659934997559, 0.42916035652160645, 0.19304370880126953, 0.23250246047973633, 0.36867523193359375, 0.4926121234893799, 0.5059821605682373, 0.49933576583862305, 0.46599388122558594, 0.19343137741088867, 0.23569846153259277, 0.3643045425415039, 0.4912586212158203, 0.49332189559936523, 0.4215731620788574, 0.19447994232177734, 0.22909164428710938, 0.3626716136932373, 0.508486270904541, 0.5244977474212646, 0.4725501537322998, 0.23969769477844238, 0.1977550983428955, 0.33275461196899414, 0.4939141273498535, 0.5033974647521973, 0.4662139415740967, 0.18941760063171387, 0.20913267135620117, 0.3297712802886963, 0.46712541580200195, 0.49378323554992676, 0.45354294776916504, 0.4719858169555664, 0.4881007671356201, 0.4668395519256592, 0.1831834316253662, 0.21790528297424316, 0.35498499870300293, 0.5227723121643066, 0.5044972896575928, 0.4318413734436035, 0.19205856323242188, 0.2631509304046631, 0.3879055976867676, 0.5179531574249268, 0.5119707584381104, 0.23924493789672852, 0.24415206909179688, 0.360058069229126, 0.483051061630249, 0.5204381942749023, 0.5130860805511475, 0.41500210762023926, 0.18369388580322266, 0.22846174240112305, 0.2955496311187744, 0.4258260726928711, 0.4853997230529785, 0.5156955718994141, 0.48441004753112793, 0.303741455078125, 0.21365785598754883, 0.34223175048828125, 0.4575636386871338, 0.4641237258911133, 0.39572739601135254, 0.1836693286895752, 0.2963557243347168, 0.45125865936279297, 0.4704921245574951, 0.41016530990600586, 0.1945176124572754, 0.28632569313049316, 0.4089083671569824, 0.4967362880706787, 0.5068237781524658, 0.4556849002838135, 0.19186902046203613, 0.20593667030334473, 0.3325655460357666, 0.4407496452331543, 0.48294997215270996, 0.4900178909301758, 0.4856436252593994, 0.44188904762268066, 0.19822144508361816, 0.24573922157287598, 0.34145259857177734, 0.4489874839782715, 0.4922797679901123, 0.49880146980285645, 0.4628636837005615, 0.2644505500793457, 0.2006523609161377, 0.3014836311340332, 0.44321775436401367, 0.44580674171447754, 0.2643003463745117, 0.18606114387512207, 0.2765510082244873, 0.4192831516265869, 0.497805118560791, 0.4733762741088867, 0.2466897964477539, 0.2247762680053711, 0.35921621322631836, 0.46667003631591797, 0.4951598644256592, 0.499666690826416, 0.48966336250305176, 0.4773521423339844, 0.4664018154144287, 0.494701623916626, 0.4691956043243408, 0.4952812194824219, 0.498934268951416, 0.46184444427490234, 0.22611331939697266, 0.19792413711547852, 0.31698107719421387, 0.510453462600708, 0.49132752418518066, 0.46198368072509766, 0.43321824073791504, 0.23431968688964844, 0.22386646270751953, 0.378833532333374, 0.4906303882598877, 0.4809565544128418, 0.5051047801971436, 0.4942145347595215, 0.26818180084228516, 0.24176454544067383, 0.38889455795288086, 0.5021600723266602, 0.4672694206237793, 0.46827268600463867, 0.4422760009765625, 0.3953583240509033, 0.18311095237731934, 0.2851419448852539, 0.44263696670532227, 0.47902488708496094, 0.46309971809387207, 0.452101469039917, 0.4900379180908203, 0.4803354740142822, 0.40346479415893555, 0.19354629516601562, 0.22822022438049316, 0.31891417503356934, 0.4817619323730469, 0.510007381439209, 0.5308566093444824, 0.4963545799255371, 0.2640819549560547, 0.23641157150268555, 0.36782407760620117, 0.5288193225860596, 0.4936988353729248, 0.20704269409179688, 0.23182439804077148, 0.36490702629089355, 0.4913668632507324, 0.46220970153808594, 0.2712700366973877, 0.22359657287597656, 0.30556797981262207, 0.49716734886169434, 0.4574851989746094, 0.19131684303283691, 0.28330302238464355, 0.4481852054595947, 0.462695837020874, 0.18923497200012207, 0.2266087532043457, 0.3666069507598877, 0.5082075595855713, 0.4721951484680176, 0.46327853202819824, 0.2594316005706787, 0.19860577583312988, 0.2903287410736084, 0.3896138668060303, 0.47200465202331543, 0.5171780586242676, 0.5026040077209473, 0.49120116233825684, 0.47241759300231934, 0.26255321502685547, 0.2053544521331787, 0.29810380935668945, 0.43001341819763184, 0.5060431957244873, 0.4936797618865967, 0.4848055839538574, 0.2823374271392822, 0.22347164154052734, 0.34430670738220215, 0.4769129753112793, 0.4817371368408203, 0.4656953811645508, 0.3964986801147461, 0.18641209602355957, 0.2826685905456543, 0.4298982620239258, 0.4990692138671875, 0.5228097438812256, 0.25533390045166016, 0.2331104278564453, 0.3736696243286133, 