{"ID": 0, "inference time": [0.20862936973571777, 0.16948294639587402, 0.1721479892730713, 0.1677384376525879, 0.16962599754333496, 0.16858816146850586, 0.17215633392333984, 0.16587090492248535, 0.16974234580993652, 0.17013287544250488, 0.1693108081817627, 0.17903566360473633, 0.16730070114135742, 0.1754777431488037, 0.17302203178405762, 0.1701350212097168, 0.17398953437805176, 0.17415332794189453, 0.1671898365020752, 0.1732785701751709, 0.16632294654846191, 0.17312407493591309, 0.17082834243774414, 0.18530869483947754, 0.16972804069519043, 0.18586254119873047, 0.18126177787780762, 0.17641782760620117, 0.17829132080078125, 0.1750810146331787, 0.1739959716796875, 0.17905712127685547, 0.17358803749084473, 0.1761915683746338, 0.17663979530334473, 0.18099093437194824, 0.18978404998779297, 0.18348288536071777, 0.18459320068359375, 0.1748518943786621, 0.17883992195129395, 0.18176054954528809, 0.186293363571167, 0.19225502014160156, 0.18553471565246582, 0.1746528148651123, 0.17020916938781738, 0.17538094520568848, 0.1780714988708496, 0.17395234107971191, 0.1856985092163086, 0.17245793342590332, 0.18021535873413086, 0.17669391632080078, 0.18018627166748047, 0.1783897876739502, 0.18122005462646484, 0.1747441291809082, 0.1809985637664795, 0.1784970760345459, 0.1833665370941162, 0.1820838451385498, 0.17829108238220215, 0.18509817123413086, 0.17693257331848145, 0.17406487464904785, 0.17662572860717773, 0.18366575241088867, 0.1968700885772705, 0.17934846878051758, 0.18112778663635254, 0.18030166625976562, 0.1844635009765625, 0.17537975311279297, 0.177443265914917, 0.18005585670471191, 0.18476486206054688, 0.1835803985595703, 0.17895770072937012, 0.17623353004455566, 0.1773514747619629, 0.17628169059753418, 0.18129801750183105, 0.19392156600952148, 0.18223881721496582, 0.17702579498291016, 0.1923978328704834, 0.17496395111083984, 0.17560625076293945, 0.1802365779876709, 0.1741654872894287, 0.1724255084991455, 0.17360258102416992, 0.17879915237426758, 0.1933145523071289, 0.19199371337890625, 0.17850732803344727, 0.17493605613708496, 0.19039273262023926, 0.17821431159973145, 0.17463970184326172, 0.17416882514953613, 0.18196344375610352, 0.17438387870788574, 0.17736339569091797, 0.17630577087402344, 0.23601365089416504, 0.19090533256530762, 0.17650222778320312, 0.18328166007995605, 0.18652892112731934, 0.18038249015808105, 0.18630027770996094, 0.18857860565185547, 0.17804908752441406, 0.18018531799316406, 0.17965435981750488, 0.17698001861572266, 0.17983055114746094, 0.19330978393554688, 0.1752181053161621, 0.1791384220123291, 0.1807575225830078, 0.17646479606628418, 0.192274808883667, 0.1795949935913086, 0.17925620079040527, 0.17905974388122559, 0.17938756942749023, 0.18666529655456543, 0.18993163108825684, 0.18289852142333984, 0.17550277709960938, 0.18448305130004883, 0.1856997013092041, 0.17716193199157715, 0.17755866050720215, 0.1688213348388672, 0.1914818286895752, 0.1943674087524414, 0.18804025650024414, 0.1793079376220703, 0.19150614738464355, 0.19456171989440918, 0.19031953811645508, 0.18042969703674316, 0.18210220336914062, 0.1791088581085205, 0.19438552856445312, 0.17991328239440918, 0.18935036659240723, 0.18215537071228027, 0.17671608924865723, 0.190687894821167, 0.18226218223571777, 0.1820697784423828, 0.18316960334777832, 0.17434000968933105, 0.18094682693481445, 0.17679357528686523, 0.17747068405151367, 0.18244385719299316, 0.17885899543762207, 0.17637324333190918, 0.17831039428710938, 0.1913456916809082, 0.17813396453857422, 0.17583823204040527, 0.17886972427368164, 0.18252301216125488, 0.18019843101501465, 0.1775052547454834, 0.17717647552490234, 0.17452096939086914, 0.1736125946044922, 0.18175077438354492, 0.18822836875915527, 0.1761014461517334, 0.1867828369140625, 0.18194341659545898, 0.17890191078186035, 0.17406129837036133, 0.17920446395874023, 0.17647743225097656, 0.17603492736816406, 0.18561387062072754, 0.1728665828704834, 0.18521547317504883, 0.18480968475341797, 0.18203306198120117, 0.17454791069030762, 0.1671149730682373, 0.1767563819885254, 0.18935155868530273, 0.18540549278259277, 0.17630219459533691, 0.18928194046020508, 0.17260050773620605, 0.19332528114318848, 0.1806328296661377, 0.17987394332885742, 0.17936420440673828, 0.18410325050354004, 0.1906883716583252, 0.18004441261291504, 0.17943143844604492, 0.18252015113830566, 0.18415594100952148, 0.19418764114379883, 0.1802978515625, 0.18329596519470215, 0.18032383918762207, 0.18584513664245605, 0.1719658374786377, 0.17852425575256348, 0.17801403999328613, 0.17771124839782715, 0.17086386680603027, 0.18209505081176758, 0.17319488525390625, 0.18267822265625, 0.1742863655090332, 0.1777973175048828, 0.18081450462341309, 0.17423343658447266, 0.1781291961669922, 0.17513608932495117, 0.1822047233581543, 0.18802785873413086, 0.17725777626037598, 0.1813039779663086, 0.1746823787689209, 0.19210147857666016, 0.19562625885009766, 0.17761826515197754, 0.17368650436401367, 0.17908644676208496, 0.19127321243286133, 0.17390155792236328, 0.1771993637084961, 0.17859458923339844, 0.17801856994628906, 0.17902660369873047, 0.17638826370239258, 0.17514491081237793, 0.17538666725158691, 0.18565869331359863, 0.17829203605651855, 0.17421555519104004, 0.17913031578063965, 0.1778566837310791, 0.18352174758911133, 0.17533230781555176, 0.17677950859069824, 0.18490839004516602, 0.18114662170410156, 0.17690420150756836, 0.18198800086975098, 0.17805051803588867, 0.1775035858154297, 0.18643832206726074, 0.17867708206176758, 0.18140363693237305, 0.1935710906982422, 0.18630528450012207, 0.17609691619873047, 0.18945932388305664, 0.17465710639953613, 0.18474173545837402, 0.1788034439086914, 0.18095707893371582, 0.17594552040100098, 0.1793515682220459, 0.17738032341003418, 0.17971396446228027, 0.1769425868988037, 0.17799711227416992, 0.17971324920654297, 0.20086407661437988, 0.17226028442382812, 0.17836594581604004, 0.19505858421325684, 0.17659759521484375, 0.17554783821105957, 0.18897461891174316, 0.1812756061553955, 0.1761152744293213, 0.1740429401397705, 0.17401409149169922, 0.17845368385314941, 0.17274928092956543, 0.18961024284362793, 0.17697453498840332, 0.17939090728759766, 0.1769406795501709, 0.17131376266479492, 0.18059110641479492, 0.18442869186401367, 0.1770153045654297, 0.17664837837219238, 0.17752289772033691, 0.19203400611877441, 0.19012951850891113, 0.18464398384094238, 0.17749786376953125, 0.18321657180786133, 0.17349839210510254, 0.18896269798278809, 0.19284272193908691, 0.17464065551757812, 0.18714523315429688, 0.19174861907958984, 0.17780375480651855, 0.1801891326904297, 0.1796588897705078, 0.17722415924072266, 0.18540120124816895, 0.17811083793640137, 0.18060970306396484, 0.18593835830688477, 0.1804046630859375, 0.1807389259338379, 0.17937159538269043, 0.17429566383361816, 0.1730186939239502, 0.17616891860961914, 0.19297122955322266, 0.18158721923828125, 0.1824948787689209, 0.17708921432495117, 0.17865896224975586, 0.18847441673278809, 0.17501378059387207, 0.19303536415100098, 0.1756894588470459, 0.18114280700683594, 0.18617749214172363, 0.17393732070922852, 0.1870279312133789, 0.17640900611877441, 0.17889618873596191, 0.18096923828125, 0.1792914867401123, 0.1795635223388672, 0.1965193748474121, 0.1767745018005371, 0.18566465377807617, 0.1765444278717041, 0.17539572715759277, 0.17861104011535645, 0.183732271194458, 0.17464709281921387, 0.19255280494689941, 0.1917283535003662, 0.1791374683380127, 0.1963038444519043, 0.1782081127166748, 0.1895296573638916, 0.19132113456726074, 0.1710822582244873, 0.18307209014892578, 0.1830909252166748, 0.1811981201171875, 0.18203115463256836, 0.1777632236480713, 0.18174433708190918, 0.1730632781982422, 0.1795821189880371, 0.19858527183532715, 0.18772435188293457, 0.17937374114990234, 0.18744421005249023, 0.19425249099731445, 0.1916971206665039, 0.17612195014953613, 0.18323683738708496, 0.17548561096191406, 0.1787421703338623, 0.17523455619812012, 0.17612123489379883, 0.18219280242919922, 0.18064403533935547, 0.17137575149536133, 0.17363739013671875, 0.17966175079345703, 