{"ID": 0, "inference time": [12.923835039138794, 0.17319273948669434, 0.15937519073486328, 0.12807750701904297, 0.12578034400939941, 0.1170504093170166, 0.12183761596679688, 0.1112372875213623, 0.12306833267211914, 0.10837244987487793, 0.09427523612976074, 0.10618758201599121, 0.11308026313781738, 0.11595702171325684, 0.10391545295715332, 0.11429882049560547, 0.12073302268981934, 0.11745905876159668, 0.11162090301513672, 0.08896517753601074, 0.11653590202331543, 0.11270761489868164, 0.12305474281311035, 0.1096346378326416, 0.12277460098266602, 0.12230467796325684, 0.1263580322265625, 0.1181786060333252, 0.13584041595458984, 0.13592004776000977, 0.12735557556152344, 0.11150050163269043, 0.11572098731994629, 0.12132453918457031, 0.13113188743591309, 0.1273808479309082, 0.12600922584533691, 0.1287059783935547, 0.10859107971191406, 0.10677385330200195, 0.09831595420837402, 0.10496354103088379, 0.10060262680053711, 0.11528730392456055, 0.12224173545837402, 0.14376473426818848, 0.10416460037231445, 0.10626530647277832, 0.12448549270629883, 0.11823749542236328, 0.12923908233642578, 0.11233401298522949, 0.10350179672241211, 0.11285758018493652, 0.09144258499145508, 0.118194580078125, 0.12242317199707031, 0.13785958290100098, 0.12499618530273438, 0.12388038635253906, 0.12438321113586426, 0.10747575759887695, 0.11230587959289551, 0.12228012084960938, 0.11968159675598145, 0.11618304252624512, 0.10969138145446777, 0.09721851348876953, 0.10312891006469727, 0.11226868629455566, 0.09985661506652832, 0.09389114379882812, 0.1094503402709961, 0.10155725479125977, 0.09788274765014648, 0.10957002639770508, 0.09816837310791016, 0.09516787528991699, 0.1069180965423584, 0.10517692565917969, 0.09819912910461426, 0.09522557258605957, 0.10920381546020508, 0.10221290588378906, 0.11481165885925293, 0.12476921081542969, 0.11064267158508301, 0.1168208122253418, 0.10423827171325684, 0.11460757255554199, 0.11394357681274414, 0.08864474296569824, 0.10662341117858887, 0.099822998046875, 0.08626008033752441, 0.1267838478088379, 0.12276029586791992, 0.13394975662231445, 0.12034034729003906, 0.11426377296447754, 0.11742043495178223, 0.11575698852539062, 0.13139748573303223, 0.11751770973205566, 0.10958290100097656, 0.10407471656799316, 0.09904670715332031, 0.10549116134643555, 0.11573338508605957, 0.12668704986572266, 0.11408638954162598, 0.10121798515319824, 0.11805200576782227, 0.12234020233154297, 0.13124465942382812, 0.11885428428649902, 0.11834955215454102, 0.12168002128601074, 0.11360597610473633, 0.12506604194641113, 0.11384177207946777, 0.11570858955383301, 0.10309338569641113, 0.09504318237304688, 0.11111783981323242, 0.12055516242980957, 0.11293458938598633, 0.10282468795776367, 0.1242527961730957, 0.1214451789855957, 0.10370302200317383, 0.1148672103881836, 0.10933923721313477, 0.09965920448303223, 0.10677766799926758, 0.11535096168518066, 0.10323977470397949, 0.09589886665344238, 0.10421037673950195, 0.10773253440856934, 0.11608767509460449, 0.0928187370300293, 0.08804583549499512, 0.11319398880004883, 0.11510109901428223, 0.1050577163696289, 0.10692739486694336, 0.08899259567260742, 0.10631489753723145, 0.10018539428710938, 0.08861446380615234, 0.11691427230834961, 0.12922096252441406, 0.09448099136352539, 0.11996960639953613, 0.1250624656677246, 0.12167787551879883, 0.11154413223266602, 0.11854100227355957, 0.14260101318359375, 0.12041902542114258, 0.1010284423828125, 0.09391355514526367, 0.12029409408569336, 0.11356496810913086, 0.10235786437988281, 0.0979461669921875, 0.12565255165100098, 0.1294713020324707, 0.12292098999023438, 0.11894798278808594, 0.10555434226989746, 0.09601187705993652, 0.10547780990600586, 0.11007833480834961, 0.11376547813415527, 0.10536432266235352, 0.10335493087768555, 0.11554884910583496, 0.09401702880859375, 0.09851813316345215, 0.10215878486633301, 0.09516739845275879, 0.10259246826171875, 0.10557913780212402, 0.11183834075927734, 0.11208176612854004, 0.10146307945251465, 0.10296177864074707, 0.12417411804199219, 0.11703372001647949, 0.11188912391662598, 0.09942960739135742, 0.09541893005371094, 0.13091301918029785, 0.12287688255310059, 0.12873458862304688, 0.12436270713806152, 0.13084864616394043, 0.11435389518737793, 0.11509323120117188, 0.11913371086120605, 0.11468935012817383, 0.10021138191223145, 0.10532546043395996, 0.10210990905761719, 0.1153402328491211, 0.10943746566772461, 0.10399866104125977, 0.09974837303161621, 0.09473419189453125, 0.09591007232666016, 0.0913095474243164, 0.10155248641967773, 0.10120582580566406, 0.10487771034240723, 0.1031503677368164, 0.09377241134643555, 0.09249162673950195, 0.09551072120666504, 0.099884033203125, 0.09958672523498535, 0.10389471054077148, 0.11000275611877441, 0.11162042617797852, 0.10049009323120117, 0.1018209457397461, 0.09543061256408691, 0.1021583080291748, 0.10090398788452148, 0.11216092109680176, 0.10715675354003906, 0.10854244232177734, 0.10567378997802734, 0.09538388252258301, 0.10933732986450195, 0.10880208015441895, 0.09661984443664551, 0.0950319766998291, 0.11474013328552246, 0.12250924110412598, 0.11581087112426758, 0.10381436347961426, 0.10899734497070312, 0.11116623878479004, 0.11818599700927734, 0.1183781623840332, 0.1003258228302002, 0.09917044639587402, 0.11745953559875488, 0.1257331371307373, 0.12046432495117188, 0.09883427619934082, 0.09050536155700684, 0.12676644325256348, 0.12743878364562988, 0.11464810371398926, 0.1217491626739502, 0.13761401176452637, 0.11741304397583008, 0.09569549560546875, 0.10674118995666504, 0.12088894844055176, 0.10889363288879395, 0.11320829391479492, 0.09158706665039062, 0.10400104522705078, 0.12250518798828125, 0.12164664268493652, 0.11664319038391113, 0.12071847915649414, 0.12587499618530273, 0.12336516380310059, 0.11475396156311035, 0.10863327980041504, 0.10663294792175293, 0.12567949295043945, 0.1350407600402832, 0.1189274787902832, 0.09666943550109863, 0.08524274826049805, 0.0934758186340332, 0.11546683311462402, 0.12115812301635742, 0.1350266933441162, 0.12730813026428223, 0.12636232376098633, 0.11277413368225098, 0.10098648071289062, 0.12323880195617676, 0.11976504325866699, 0.12565279006958008, 0.12425827980041504, 0.11812615394592285, 0.10936808586120605, 0.10448694229125977, 0.12698721885681152, 0.11867380142211914, 0.10099029541015625, 0.10640239715576172, 0.12234640121459961, 0.12430477142333984, 0.14071440696716309, 0.10220551490783691, 0.11327242851257324, 0.10935807228088379, 0.10820794105529785, 0.10648822784423828, 0.10132741928100586, 0.10445761680603027, 0.11361145973205566, 0.1138153076171875, 0.10989689826965332, 0.0899515151977539, 0.11559629440307617, 0.12783598899841309, 0.11360907554626465, 0.11636018753051758, 0.10978341102600098, 0.08845973014831543, 0.11101627349853516, 0.1172182559967041, 0.11496829986572266, 0.10706543922424316, 0.1172628402709961, 0.10438275337219238, 0.10602664947509766, 0.11812162399291992, 0.11715364456176758, 0.09550881385803223, 0.09679388999938965, 0.12466144561767578, 0.10038328170776367, 0.12480902671813965, 0.11704182624816895, 0.1265270709991455, 0.10870957374572754, 0.103973388671875, 0.09430432319641113, 0.12038850784301758, 0.12170219421386719, 0.112335205078125, 0.10210752487182617, 0.12743616104125977, 0.10541963577270508, 0.11298608779907227, 0.10807967185974121, 0.11893129348754883, 0.11447310447692871, 0.1163330078125, 0.10266375541687012, 0.09341263771057129, 0.09722709655761719, 0.13428711891174316, 0.1340322494506836, 0.13846421241760254, 0.12090754508972168, 0.1205286979675293, 0.12100481986999512, 0.10500288009643555, 0.10624551773071289, 0.10143446922302246, 0.12322616577148438, 0.13016653060913086, 0.1077108383178711, 0.11266136169433594, 0.11633706092834473, 0.11944842338562012, 0.12314701080322266, 0.11820292472839355, 0.11820554733276367, 0.11798763275146484, 0.1069948673248291, 0.11344170570373535, 0.143998384475708, 0.12904977798461914, 0.13801980018615723, 0.12486028671264648, 0.12684965133666992, 0.11771035194396973, 0.11686229705810547, 0.09588742256164551, 