{"ID": 5, "inference time": [13.002916812896729, 0.2147045135498047, 0.17040467262268066, 0.1224372386932373, 0.13994860649108887, 0.09842324256896973, 0.10228872299194336, 0.09388208389282227, 0.12520861625671387, 0.1237328052520752, 0.11838626861572266, 0.11693596839904785, 0.0915224552154541, 0.10605931282043457, 0.1220862865447998, 0.11867785453796387, 0.11915373802185059, 0.09762835502624512, 0.09750127792358398, 0.13103151321411133, 0.12155985832214355, 0.10369753837585449, 0.10355663299560547, 0.10125064849853516, 0.10747480392456055, 0.12193870544433594, 0.11684966087341309, 0.12336134910583496, 0.11355781555175781, 0.12047553062438965, 0.12529206275939941, 0.11738324165344238, 0.13080620765686035, 0.11201643943786621, 0.13105154037475586, 0.12108230590820312, 0.09549927711486816, 0.10138964653015137, 0.10729384422302246, 0.10531949996948242, 0.09350371360778809, 0.0963129997253418, 0.13017725944519043, 0.12335896492004395, 0.1203458309173584, 0.1277616024017334, 0.11691427230834961, 0.1177361011505127, 0.12659406661987305, 0.11362743377685547, 0.12929463386535645, 0.11769342422485352, 0.11600542068481445, 0.09079790115356445, 0.1258985996246338, 0.13046669960021973, 0.13169550895690918, 0.12043309211730957, 0.12308669090270996, 0.12101292610168457, 0.11173462867736816, 0.10526680946350098, 0.10742568969726562, 0.1192476749420166, 0.12120842933654785, 0.11715412139892578, 0.11073756217956543, 0.11434745788574219, 0.09903669357299805, 0.09940385818481445, 0.08805727958679199, 0.09360027313232422, 0.10681653022766113, 0.0909261703491211, 0.10148096084594727, 0.11010122299194336, 0.09720683097839355, 0.1001901626586914, 0.09894323348999023, 0.10120344161987305, 0.09623312950134277, 0.09768891334533691, 0.10821747779846191, 0.1052248477935791, 0.11442041397094727, 0.1284799575805664, 0.1139683723449707, 0.09845137596130371, 0.09571671485900879, 0.1158444881439209, 0.10861015319824219, 0.10106158256530762, 0.09049654006958008, 0.10136818885803223, 0.12151265144348145, 0.13339996337890625, 0.12148761749267578, 0.12485742568969727, 0.1300046443939209, 0.12359213829040527, 0.10426688194274902, 0.1245720386505127, 0.1159505844116211, 0.12700557708740234, 0.12048077583312988, 0.12097764015197754, 0.12846612930297852, 0.13056230545043945, 0.0966033935546875, 0.135772705078125, 0.11358499526977539, 0.11487865447998047, 0.1258409023284912, 0.12426185607910156, 0.11881780624389648, 0.11730742454528809, 0.11458182334899902, 0.11623740196228027, 0.11324906349182129, 0.0998077392578125, 0.0915994644165039, 0.1217350959777832, 0.12928342819213867, 0.10036110877990723, 0.11691689491271973, 0.14144563674926758, 0.12463521957397461, 0.11587285995483398, 0.10306930541992188, 0.09769225120544434, 0.1160426139831543, 0.11056256294250488, 0.12993168830871582, 0.12314343452453613, 0.12405014038085938, 0.1264631748199463, 0.14380311965942383, 0.12003564834594727, 0.12388157844543457, 0.11724996566772461, 0.10633087158203125, 0.09464645385742188, 0.11750125885009766, 0.14149093627929688, 0.10861325263977051, 0.11082315444946289, 0.10239624977111816, 0.11591887474060059, 0.1258375644683838, 0.11586570739746094, 0.13315415382385254, 0.11315703392028809, 0.13252997398376465, 0.13172626495361328, 0.1255049705505371, 0.12236547470092773, 0.12182354927062988, 0.1211080551147461, 0.10391426086425781, 0.09924149513244629, 0.10443258285522461, 0.11229133605957031, 0.1179969310760498, 0.10648202896118164, 0.0991678237915039, 0.10833597183227539, 0.10249137878417969, 0.11962127685546875, 0.09834074974060059, 0.11742186546325684, 0.12569212913513184, 0.11766862869262695, 0.11295151710510254, 0.10628414154052734, 0.10769176483154297, 0.1182093620300293, 0.11517524719238281, 0.10896944999694824, 0.09550619125366211, 0.11608052253723145, 0.13611340522766113, 0.1442413330078125, 0.13448357582092285, 0.14138221740722656, 0.13185954093933105, 0.12537074089050293, 0.11703038215637207, 0.10518169403076172, 0.10564947128295898, 0.10189342498779297, 0.09601354598999023, 0.11071586608886719, 0.1245276927947998, 0.1197957992553711, 0.12428164482116699, 0.11337828636169434, 0.12919998168945312, 0.12400531768798828, 0.11649560928344727, 0.11479735374450684, 0.11009001731872559, 0.1067056655883789, 0.11660647392272949, 0.11639189720153809, 0.12087726593017578, 0.10186624526977539, 0.10211491584777832, 0.09557652473449707, 0.09701299667358398, 0.10599255561828613, 0.10215258598327637, 0.10178232192993164, 0.1102912425994873, 0.1278543472290039, 0.12471985816955566, 0.11008358001708984, 0.09426641464233398, 0.09832596778869629, 0.11840987205505371, 0.11371374130249023, 0.1164240837097168, 0.10356354713439941, 0.09723401069641113, 0.11367034912109375, 0.09881877899169922, 0.09860587120056152, 0.10754895210266113, 0.11032509803771973, 0.1250901222229004, 0.11696910858154297, 0.10829949378967285, 0.10871100425720215, 0.1000063419342041, 0.09547090530395508, 0.1251847743988037, 0.12717056274414062, 0.11433815956115723, 0.09780311584472656, 0.09735321998596191, 0.10791015625, 0.12417268753051758, 0.11306619644165039, 0.1127004623413086, 0.11000847816467285, 0.09911203384399414, 0.11955475807189941, 0.11979365348815918, 0.1251392364501953, 0.11960244178771973, 0.11662435531616211, 0.10492777824401855, 0.11760711669921875, 0.10883688926696777, 0.10999226570129395, 0.1133115291595459, 0.11662435531616211, 0.10002613067626953, 0.09096121788024902, 0.12949204444885254, 0.13636112213134766, 0.12108969688415527, 0.09739017486572266, 0.11855101585388184, 0.11583924293518066, 0.10227417945861816, 0.09639620780944824, 0.11175656318664551, 0.11980748176574707, 0.12146210670471191, 0.12237906455993652, 0.11842012405395508, 0.10742568969726562, 0.11003828048706055, 0.0994863510131836, 0.12694334983825684, 0.12264418601989746, 0.12694358825683594, 0.1201169490814209, 0.12417793273925781, 0.10904407501220703, 0.09925007820129395, 0.10034012794494629, 0.10542440414428711, 0.10653400421142578, 0.09566140174865723, 0.09904003143310547, 0.09828758239746094, 0.10460543632507324, 0.12070417404174805, 0.12949085235595703, 0.12789416313171387, 0.11707091331481934, 0.12151646614074707, 0.10849428176879883, 0.10501742362976074, 0.12082958221435547, 0.10597944259643555, 0.11396312713623047, 0.11249279975891113, 0.08756470680236816, 0.12270331382751465, 0.1311347484588623, 0.13390684127807617, 0.12563824653625488, 0.11995220184326172, 0.12276768684387207, 0.11688399314880371, 0.11232686042785645, 0.13660144805908203, 0.0956118106842041, 0.13499784469604492, 0.10873079299926758, 0.11740684509277344, 0.12347126007080078, 0.122161865234375, 0.11404132843017578, 0.1010894775390625, 0.09487605094909668, 0.11534404754638672, 0.12357497215270996, 0.10779190063476562, 0.116607666015625, 0.1428852081298828, 0.12958383560180664, 0.12379336357116699, 0.12060666084289551, 0.12552857398986816, 0.12753701210021973, 0.12378191947937012, 0.10148406028747559, 0.09885096549987793, 0.12899994850158691, 0.11297154426574707, 0.12937140464782715, 0.12120580673217773, 0.12389588356018066, 0.10505509376525879, 0.09272503852844238, 0.12553048133850098, 0.12589025497436523, 0.11851763725280762, 0.10570621490478516, 0.09514188766479492, 0.11640715599060059, 0.10205650329589844, 0.10523176193237305, 0.10315656661987305, 0.1324467658996582, 0.12507963180541992, 0.1289212703704834, 0.12144088745117188, 0.1032559871673584, 0.11976456642150879, 0.14180588722229004, 0.13138484954833984, 0.13577818870544434, 0.11832571029663086, 0.09445357322692871, 0.0972447395324707, 0.12466192245483398, 0.09861922264099121, 0.12220239639282227, 0.10946321487426758, 0.1239011287689209, 0.12534666061401367, 0.10617470741271973, 0.11585879325866699, 0.10976886749267578, 0.12562775611877441, 0.1153099536895752, 0.11737418174743652, 0.09891605377197266, 0.12124943733215332, 0.13330650329589844, 0.12120628356933594, 0.12592411041259766, 0.11413073539733887, 0.12444901466369629, 0.12203741073608398, 0.11845612525939941, 0.10261940956115723, 0.11548328399658203, 0.1281449794769287, 