{"ID": 5, "inference time": [7.5303802490234375, 0.24983739852905273, 0.2165966033935547, 0.24280691146850586, 0.24393320083618164, 0.26062989234924316, 0.263718843460083, 0.23820710182189941, 0.2392716407775879, 0.25859522819519043, 0.23875975608825684, 0.24689507484436035, 0.2428145408630371, 0.2392287254333496, 0.2485344409942627, 0.26365232467651367, 0.22679424285888672, 0.2610170841217041, 0.24290013313293457, 0.2367541790008545, 0.23607873916625977, 0.23402881622314453, 0.24486327171325684, 0.23541879653930664, 0.23875832557678223, 0.25101327896118164, 0.23714494705200195, 0.23652052879333496, 0.24630069732666016, 0.2500736713409424, 0.26031994819641113, 0.24927306175231934, 0.26912879943847656, 0.25142908096313477, 0.2552456855773926, 0.24497199058532715, 0.2519240379333496, 0.2724745273590088, 0.24111366271972656, 0.23814058303833008, 0.24084734916687012, 0.24855279922485352, 0.25034403800964355, 0.245560884475708, 0.25710272789001465, 0.2657454013824463, 0.250931978225708, 0.23765301704406738, 0.24272942543029785, 0.25617361068725586, 0.24420905113220215, 0.24041128158569336, 0.2599639892578125, 0.25924110412597656, 0.25249552726745605, 0.24933481216430664, 0.24933934211730957, 0.24975967407226562, 0.2517223358154297, 0.23665261268615723, 0.25319719314575195, 0.23968863487243652, 0.2542703151702881, 0.232743501663208, 0.2574465274810791, 0.21656441688537598, 0.2318880558013916, 0.2399158477783203, 0.21537184715270996, 0.21545910835266113, 0.22542977333068848, 0.21079707145690918, 0.20755243301391602, 0.22203922271728516, 0.20603299140930176, 0.2198317050933838, 0.22224712371826172, 0.2217271327972412, 0.22620892524719238, 0.2201080322265625, 0.3724181652069092, 0.2044539451599121, 0.20357561111450195, 0.2086167335510254, 0.20495104789733887, 0.24352121353149414, 0.21401357650756836, 0.19443869590759277, 0.20704984664916992, 0.20566725730895996, 0.2078418731689453, 0.20390033721923828, 0.2093825340270996, 0.22405457496643066, 0.19974017143249512, 0.21278929710388184, 0.21092891693115234, 0.20095062255859375, 0.211228609085083, 0.20960092544555664, 0.20290422439575195, 0.21114301681518555, 0.21024084091186523, 0.19664883613586426, 0.21538448333740234, 0.21502900123596191, 0.20505332946777344, 0.20809531211853027, 0.19940876960754395, 0.20391464233398438, 0.2160649299621582, 0.20747947692871094, 0.19787907600402832, 0.21094608306884766, 0.2145552635192871, 0.20073390007019043, 0.20431137084960938, 0.20109248161315918, 0.20497393608093262, 0.20487332344055176, 0.21717238426208496, 0.21086978912353516, 0.20728468894958496, 0.2066030502319336, 0.21679329872131348, 0.22025847434997559, 0.21394062042236328, 0.21026873588562012, 0.20462298393249512, 0.20173978805541992, 0.1941525936126709, 0.20856499671936035, 0.21951770782470703, 0.21014976501464844, 0.2105576992034912, 0.21172523498535156, 0.21096491813659668, 0.20508027076721191, 0.2194211483001709, 0.21204161643981934, 0.20764565467834473, 0.20958900451660156, 0.20819425582885742, 0.23291778564453125, 0.2129056453704834, 0.2178356647491455, 0.20246410369873047, 0.2012472152709961, 0.20315790176391602, 0.2037043571472168, 0.20867538452148438, 0.19876503944396973, 0.20496654510498047, 0.2015986442565918, 0.19260597229003906, 0.1979508399963379, 0.19525861740112305, 0.20998382568359375, 0.1987285614013672, 0.1957383155822754, 0.20264625549316406, 0.20266437530517578, 0.1981184482574463, 0.20704865455627441, 0.20189571380615234, 0.20897793769836426, 0.20624423027038574, 0.20197081565856934, 0.2086646556854248, 0.19961786270141602, 0.21378421783447266, 0.2178053855895996, 0.22101569175720215, 0.21007132530212402, 0.2164466381072998, 0.21394634246826172, 0.21288824081420898, 0.2050800323486328, 0.2069847583770752, 0.21120047569274902, 0.23022079467773438, 0.20678210258483887, 0.2031702995300293, 0.203568696975708, 0.21470141410827637, 0.19848942756652832, 0.2050168514251709, 0.19924712181091309, 0.20573806762695312, 0.20259928703308105, 0.2007768154144287, 0.20386052131652832, 0.2094874382019043, 0.21442365646362305, 0.19905495643615723, 0.20537829399108887, 0.2026503086090088, 0.19989490509033203, 0.20307660102844238, 0.19558954238891602, 0.2122974395751953, 0.20858502388000488, 0.19788861274719238, 0.20689988136291504, 0.1950383186340332, 0.195756196975708, 0.19739103317260742, 0.20158100128173828, 0.20112848281860352, 0.2138814926147461, 0.21540379524230957, 0.20570635795593262, 0.20696473121643066, 0.2046036720275879, 0.21492314338684082, 0.21641802787780762, 0.21012115478515625, 0.20829391479492188, 0.20404386520385742, 0.19777941703796387, 0.20445537567138672, 0.20122432708740234, 0.20569968223571777, 0.20600056648254395, 0.2056868076324463, 0.2005295753479004, 0.2045300006866455, 0.20039939880371094, 0.2112128734588623, 0.21483469009399414, 0.2104661464691162, 0.20914578437805176, 0.20329642295837402, 0.21076130867004395, 0.20299196243286133, 0.20245623588562012, 0.21561765670776367, 0.2185835838317871, 0.19974780082702637, 0.1977527141571045, 0.21043062210083008, 0.20312952995300293, 0.20926284790039062, 0.20517897605895996, 0.20929837226867676, 0.21593952178955078, 0.19625282287597656, 0.2101154327392578, 0.21308016777038574, 0.19676589965820312, 0.2131807804107666, 0.20373010635375977, 0.20842289924621582, 0.20306062698364258, 0.20174050331115723, 0.20062494277954102, 0.20203280448913574, 0.2114245891571045, 0.20299625396728516, 0.20958518981933594, 0.21819400787353516, 0.20546627044677734, 0.20104384422302246, 0.2050783634185791, 0.21337056159973145, 0.2007462978363037, 0.20012545585632324, 0.20558786392211914, 0.21242928504943848, 0.2007582187652588, 0.20563411712646484, 0.20688128471374512, 0.21880125999450684, 0.21137332916259766, 0.1980743408203125, 0.19659709930419922, 0.1920015811920166, 0.19965529441833496, 0.20686674118041992, 0.20022845268249512, 0.2080233097076416, 0.2120962142944336, 0.19550371170043945, 0.2237858772277832, 0.21119093894958496, 0.2090129852294922, 0.2039203643798828, 0.21375679969787598, 0.20969629287719727, 0.20298504829406738, 0.21105313301086426, 0.2068161964416504, 0.19673538208007812, 0.20276308059692383, 0.2050180435180664, 0.20607829093933105, 0.19811081886291504, 0.20574545860290527, 0.19701743125915527, 0.1950514316558838, 0.20725107192993164, 0.1901109218597412, 0.20341110229492188, 0.19762873649597168, 0.2053847312927246, 0.19781064987182617, 0.20822525024414062, 0.1996626853942871, 0.20911097526550293, 0.2149050235748291, 0.20913362503051758, 0.204850435256958, 0.21069645881652832, 0.2249009609222412, 0.19998955726623535, 0.19519257545471191, 0.20255541801452637, 0.20000553131103516, 0.2014458179473877, 0.21022701263427734, 0.20499849319458008, 0.20257878303527832, 0.1956932544708252, 0.20355844497680664, 0.20775580406188965, 0.19652390480041504, 0.20915484428405762, 0.19951820373535156, 0.20556640625, 0.19373774528503418, 0.2140350341796875, 0.20639443397521973, 0.20267105102539062, 0.2089989185333252, 0.20147919654846191, 0.20879912376403809, 0.2012937068939209, 0.2246389389038086, 0.20299148559570312, 0.20377802848815918, 0.20208024978637695, 0.20542407035827637, 0.20876431465148926, 0.22230243682861328, 0.20336198806762695, 0.19247841835021973, 0.19643259048461914, 0.20237302780151367, 0.20256423950195312, 0.19881105422973633, 0.19442057609558105, 0.19618916511535645, 0.21206355094909668, 0.20433855056762695, 0.2038271427154541, 0.2049558162689209, 0.20322203636169434, 0.20302152633666992, 0.19881463050842285, 0.20313334465026855, 0.21192693710327148, 0.20581650733947754, 0.20700860023498535, 0.20712661743164062, 0.20271778106689453, 0.20229649543762207, 0.21244359016418457, 0.2065737247467041, 0.20051169395446777, 0.20906591415405273, 0.22153902053833008, 0.19786953926086426, 0.20055603981018066, 0.21533846855163574, 0.19927453994750977, 0.20644855499267578, 0.20545601844787598, 0.20574140548706055, 0.19944357872009277, 0.2120819091796875, 0.1985490322113037, 0.2063431739807129, 0.20206713676452637, 0.20802903175354004, 0.20517730712890625, 