{"ID": 0, "inference time": [6.077928781509399, 0.1897261142730713, 0.18375754356384277, 0.19087910652160645, 0.19554519653320312, 0.18941092491149902, 0.2077159881591797, 0.19917821884155273, 0.196397066116333, 0.19756174087524414, 0.19090604782104492, 0.2330644130706787, 0.27732014656066895, 0.3836524486541748, 0.24016857147216797, 0.2276618480682373, 0.24025583267211914, 0.2489767074584961, 0.235032320022583, 0.2319643497467041, 0.21976089477539062, 0.22745299339294434, 0.23770737648010254, 0.23131465911865234, 0.23645257949829102, 0.23310327529907227, 0.22672796249389648, 0.2399592399597168, 0.2425825595855713, 0.23290038108825684, 0.24605536460876465, 0.24469995498657227, 0.23620820045471191, 0.2303915023803711, 0.23540520668029785, 0.23546195030212402, 0.23879313468933105, 0.2393968105316162, 0.23637652397155762, 0.2487049102783203, 0.2437138557434082, 0.23728060722351074, 0.2254793643951416, 0.2471621036529541, 0.2336714267730713, 0.23511528968811035, 0.23636221885681152, 0.22361469268798828, 0.22816920280456543, 0.23945188522338867, 0.24004030227661133, 0.23044228553771973, 0.23177695274353027, 0.2328965663909912, 0.2335665225982666, 0.24128007888793945, 0.234724760055542, 0.25017261505126953, 0.2262115478515625, 0.24139761924743652, 0.23517942428588867, 0.23426580429077148, 0.2411651611328125, 0.23527812957763672, 0.24187684059143066, 0.22774839401245117, 0.2396259307861328, 0.2349081039428711, 0.24036192893981934, 0.22937774658203125, 0.2400345802307129, 0.24152326583862305, 0.2382056713104248, 0.23115897178649902, 0.23407411575317383, 0.24095702171325684, 0.2366018295288086, 0.2457714080810547, 0.2281327247619629, 0.23727893829345703, 0.45993757247924805, 0.18447446823120117, 0.18973445892333984, 0.20124554634094238, 0.19720149040222168, 0.18698501586914062, 0.1872241497039795, 0.18249034881591797, 0.18933796882629395, 0.18910765647888184, 0.1890857219696045, 0.19078850746154785, 0.19144511222839355, 0.19090509414672852, 0.19005489349365234, 0.1913142204284668, 0.19278955459594727, 0.18935060501098633, 0.19138169288635254, 0.18535661697387695, 0.1891486644744873, 0.18256235122680664, 0.18979930877685547, 0.1878373622894287, 0.18996977806091309, 0.18602848052978516, 0.19272136688232422, 0.20343685150146484, 0.18388891220092773, 0.18865609169006348, 0.18863844871520996, 0.18189620971679688, 0.18863630294799805, 0.20040416717529297, 0.20830106735229492, 0.19623112678527832, 0.20330572128295898, 0.1908886432647705, 0.19015169143676758, 0.18905234336853027, 0.19562864303588867, 0.19277596473693848, 0.20189642906188965, 0.19995760917663574, 0.1962263584136963, 0.20498323440551758, 0.20255517959594727, 0.2072734832763672, 0.1909191608428955, 0.19557976722717285, 0.19077396392822266, 0.19240260124206543, 0.2031409740447998, 0.1976640224456787, 0.19815802574157715, 0.19250750541687012, 0.19509172439575195, 0.19032812118530273, 0.20162606239318848, 0.19641685485839844, 0.18718719482421875, 0.19405674934387207, 0.19800829887390137, 0.19731664657592773, 0.1929481029510498, 0.1936793327331543, 0.1915738582611084, 0.1913588047027588, 0.20037245750427246, 0.1927356719970703, 0.19212913513183594, 0.1886894702911377, 0.19555163383483887, 0.1947317123413086, 0.1938333511352539, 0.19227814674377441, 0.18886947631835938, 0.19436907768249512, 0.18732762336730957, 0.18435239791870117, 0.19074249267578125, 0.19817900657653809, 0.19977593421936035, 0.19762182235717773, 0.18645501136779785, 0.19523119926452637, 0.20507097244262695, 0.18673324584960938, 0.19759535789489746, 0.18446850776672363, 0.20136332511901855, 0.20675444602966309, 0.19965767860412598, 0.1960608959197998, 0.18901991844177246, 0.19817066192626953, 0.19413542747497559, 0.18980050086975098, 0.19228315353393555, 0.20137977600097656, 0.2020878791809082, 0.19862937927246094, 0.1890711784362793, 0.1885514259338379, 0.1902921199798584, 0.19271087646484375, 0.1965479850769043, 0.2023160457611084, 0.1898953914642334, 0.19550561904907227, 0.19559860229492188, 0.19259142875671387, 0.20263290405273438, 0.1909351348876953, 0.19597196578979492, 0.20177459716796875, 0.18981528282165527, 0.19368863105773926, 0.19309425354003906, 0.19908595085144043, 0.19310522079467773, 0.19234514236450195, 0.19498157501220703, 0.1868727207183838, 0.18853187561035156, 0.1937105655670166, 0.1894702911376953, 0.20474696159362793, 0.19929909706115723, 0.18811583518981934, 0.2038559913635254, 0.1933119297027588, 0.19373178482055664, 0.1938033103942871, 0.19842839241027832, 0.1924591064453125, 0.1916828155517578, 0.19778180122375488, 0.19270849227905273, 0.2002568244934082, 0.20315098762512207, 0.1913163661956787, 0.19598126411437988, 0.19362807273864746, 0.17838335037231445, 0.1870741844177246, 0.19554901123046875, 0.19152188301086426, 0.19271636009216309, 0.19487547874450684, 0.19156646728515625, 0.18732404708862305, 0.18573832511901855, 0.19062209129333496, 0.1865236759185791, 0.19297385215759277, 0.19052958488464355, 0.19011521339416504, 0.18886756896972656, 0.1927657127380371, 0.19062256813049316, 0.1990649700164795, 0.18910813331604004, 0.19849228858947754, 0.19554948806762695, 0.20099258422851562, 0.18559741973876953, 0.1909315586090088, 0.20703816413879395, 0.19087600708007812, 0.18695688247680664, 0.1880192756652832, 0.20003533363342285, 0.19185733795166016, 0.19436359405517578, 0.19164347648620605, 0.2034306526184082, 0.18524503707885742, 0.1963062286376953, 0.19912338256835938, 0.1942613124847412, 0.18956780433654785, 0.19422698020935059, 0.19065046310424805, 0.19451904296875, 0.19819068908691406, 0.20458269119262695, 0.19750761985778809, 0.19159579277038574, 0.19772577285766602, 0.18992829322814941, 0.199873685836792, 0.2015683650970459, 0.1978778839111328, 0.20337128639221191, 0.19647765159606934, 0.18840384483337402, 0.1920619010925293, 0.19842147827148438, 0.20598316192626953, 0.20184564590454102, 0.19408535957336426, 0.18950915336608887, 0.20126986503601074, 0.19303441047668457, 0.19408798217773438, 0.19964146614074707, 0.1926712989807129, 0.19444632530212402, 0.19664621353149414, 0.19439291954040527, 0.2048652172088623, 0.19889140129089355, 0.20186829566955566, 0.18317437171936035, 0.19121170043945312, 0.19448065757751465, 0.18562912940979004, 0.1898961067199707, 0.19081807136535645, 0.18609952926635742, 0.19346857070922852, 0.18776631355285645, 0.19274520874023438, 0.20053768157958984, 0.19698309898376465, 0.20221686363220215, 0.18867230415344238, 0.19559979438781738, 0.1928555965423584, 0.204559326171875, 0.19959616661071777, 0.19895386695861816, 0.1847078800201416, 0.1861870288848877, 0.18637299537658691, 0.19259977340698242, 0.19432330131530762, 0.19925618171691895, 0.1956920623779297, 0.19123435020446777, 0.19234824180603027, 0.19066143035888672, 0.19060707092285156, 0.19160056114196777, 0.1913139820098877, 0.19117164611816406, 0.19660115242004395, 0.18691277503967285, 0.19590115547180176, 0.19134902954101562, 0.1983809471130371, 0.18311643600463867, 0.18817400932312012, 0.19917774200439453, 0.19301986694335938, 0.1848442554473877, 0.19807791709899902, 0.19720101356506348, 0.19513821601867676, 0.19788050651550293, 0.18873333930969238, 0.19563913345336914, 0.19265174865722656, 0.1898207664489746, 0.19143342971801758, 0.193892240524292, 0.19163298606872559, 0.18638992309570312, 0.18463611602783203, 0.19127416610717773, 0.19565463066101074, 0.20071125030517578, 0.1883387565612793, 0.1933305263519287, 0.18872737884521484, 0.18532276153564453, 0.19499921798706055, 0.19024205207824707, 0.1891012191772461, 0.1940145492553711, 0.19118237495422363, 0.19581818580627441, 0.1899430751800537, 0.19587945938110352, 0.19502735137939453, 0.19681596755981445, 0.19041991233825684, 0.18686938285827637, 0.2021651268005371, 0.18811631202697754, 0.2046360969543457, 0.19797992706298828, 0.1859130859375, 0.19719934463500977, 0.19152402877807617, 0.18943524360656738, 0.19405221939086914, 0.19741487503051758, 0.20494341850280762, 0.19115495681762695, 0.19211626052856445, 0.19131946563720703, 0.1925346851348877, 0.2026076316833496, 