{"ID": 3, "inference time": [6.928151369094849, 0.2738156318664551, 0.2796630859375, 0.20914959907531738, 0.2066185474395752, 0.2065424919128418, 0.20887017250061035, 0.20862054824829102, 0.20389103889465332, 0.19339776039123535, 0.20056462287902832, 0.20778393745422363, 0.1986830234527588, 0.2047712802886963, 0.20139002799987793, 0.20203781127929688, 0.20861339569091797, 0.21391773223876953, 0.20009827613830566, 0.2088027000427246, 0.20361804962158203, 0.2006380558013916, 0.20026636123657227, 0.20257973670959473, 0.20606040954589844, 0.20749568939208984, 0.20199084281921387, 0.20541810989379883, 0.2054147720336914, 0.20357894897460938, 0.2078261375427246, 0.20325827598571777, 0.21486115455627441, 0.20232439041137695, 0.21608662605285645, 0.21099162101745605, 0.20287060737609863, 0.19843506813049316, 0.210493803024292, 0.21971344947814941, 0.20264315605163574, 0.20213794708251953, 0.20328140258789062, 0.20496106147766113, 0.21054649353027344, 0.21383070945739746, 0.21527767181396484, 0.21731972694396973, 0.20788192749023438, 0.20894861221313477, 0.2076115608215332, 0.21145176887512207, 0.20650625228881836, 0.20553040504455566, 0.21250581741333008, 0.21259045600891113, 0.20933818817138672, 0.20979619026184082, 0.20520544052124023, 0.2107985019683838, 0.20970463752746582, 0.20726704597473145, 0.20534682273864746, 0.20879268646240234, 0.20944857597351074, 0.2009749412536621, 0.21202325820922852, 0.20450305938720703, 0.20223021507263184, 0.20273876190185547, 0.2046337127685547, 0.2017667293548584, 0.19983601570129395, 0.19277000427246094, 0.18893909454345703, 0.19058656692504883, 0.1900172233581543, 0.189009428024292, 0.1954643726348877, 0.19698214530944824, 0.3666253089904785, 0.18242549896240234, 0.18364524841308594, 0.2086038589477539, 0.19601130485534668, 0.1865544319152832, 0.20790934562683105, 0.20078825950622559, 0.1917896270751953, 0.18886399269104004, 0.18640613555908203, 0.2060079574584961, 0.20733141899108887, 0.20806097984313965, 0.19403076171875, 0.20118188858032227, 0.1872413158416748, 0.18441390991210938, 0.20224714279174805, 0.18998169898986816, 0.1873486042022705, 0.18854761123657227, 0.18858766555786133, 0.18593144416809082, 0.19031739234924316, 0.20213556289672852, 0.19356536865234375, 0.18891263008117676, 0.19421029090881348, 0.1858363151550293, 0.19793462753295898, 0.2018880844116211, 0.18587088584899902, 0.20111298561096191, 0.2007453441619873, 0.19259381294250488, 0.19281768798828125, 0.18926620483398438, 0.18407630920410156, 0.19286584854125977, 0.19205546379089355, 0.18178725242614746, 0.19112944602966309, 0.19151616096496582, 0.2018272876739502, 0.20319151878356934, 0.19446754455566406, 0.18672680854797363, 0.19096922874450684, 0.18726015090942383, 0.1853020191192627, 0.1984713077545166, 0.20254969596862793, 0.20053887367248535, 0.2066364288330078, 0.19368529319763184, 0.19030451774597168, 0.18774724006652832, 0.185516357421875, 0.19864654541015625, 0.20998287200927734, 0.21185612678527832, 0.2074892520904541, 0.2086350917816162, 0.2022404670715332, 0.19435429573059082, 0.18474817276000977, 0.18100190162658691, 0.1863088607788086, 0.18839383125305176, 0.18964886665344238, 0.19122624397277832, 0.19306612014770508, 0.19301724433898926, 0.2025156021118164, 0.20409607887268066, 0.20331764221191406, 0.18333101272583008, 0.19416499137878418, 0.18333053588867188, 0.19133687019348145, 0.18293452262878418, 0.19096732139587402, 0.187211275100708, 0.20583391189575195, 0.19688796997070312, 0.1919710636138916, 0.19063591957092285, 0.19391775131225586, 0.18795180320739746, 0.19259929656982422, 0.19971084594726562, 0.1896066665649414, 0.19139528274536133, 0.20145463943481445, 0.18297743797302246, 0.18633365631103516, 0.20029067993164062, 0.19321250915527344, 0.2131175994873047, 0.20411229133605957, 0.18757271766662598, 0.1899268627166748, 0.19471144676208496, 0.17708134651184082, 0.19020509719848633, 0.1986544132232666, 0.19018077850341797, 0.18366694450378418, 0.17740201950073242, 0.17985939979553223, 0.1825864315032959, 0.1918165683746338, 0.20087051391601562, 0.19481778144836426, 0.19771242141723633, 0.19921326637268066, 0.1988990306854248, 0.1861870288848877, 0.18433046340942383, 0.18929719924926758, 0.18859481811523438, 0.193159818649292, 0.188934326171875, 0.18954229354858398, 0.18892431259155273, 0.20607447624206543, 0.1983177661895752, 0.19430232048034668, 0.18806695938110352, 0.1871943473815918, 0.19071722030639648, 0.21029138565063477, 0.19213438034057617, 0.2023332118988037, 0.21066832542419434, 0.20372414588928223, 0.19046783447265625, 0.18521523475646973, 0.18724679946899414, 0.1856529712677002, 0.1842489242553711, 0.1900191307067871, 0.20014309883117676, 0.19008207321166992, 0.18793129920959473, 0.17775440216064453, 0.19495415687561035, 0.20080351829528809, 0.19902753829956055, 0.1854720115661621, 0.1952381134033203, 0.1814422607421875, 0.18181419372558594, 0.20997190475463867, 0.18864917755126953, 0.19293880462646484, 0.20712947845458984, 0.1933460235595703, 0.1880660057067871, 0.18263936042785645, 0.18572092056274414, 0.18463993072509766, 0.18655943870544434, 0.18304705619812012, 0.19455432891845703, 0.1898212432861328, 0.17891263961791992, 0.18285417556762695, 0.18507766723632812, 0.1839132308959961, 0.19475841522216797, 0.1924605369567871, 0.18085122108459473, 0.19097661972045898, 0.22593164443969727, 0.21327614784240723, 0.20193266868591309, 0.19671058654785156, 0.1841750144958496, 0.21017789840698242, 0.1943349838256836, 0.1996922492980957, 0.19060683250427246, 0.1825542449951172, 0.181107759475708, 0.18839478492736816, 0.20249128341674805, 0.20717310905456543, 0.1906576156616211, 0.1863725185394287, 0.19283461570739746, 0.20627093315124512, 0.20241689682006836, 0.18523669242858887, 0.1917262077331543, 0.20140576362609863, 0.18898415565490723, 0.19209957122802734, 0.20493173599243164, 0.17963242530822754, 0.1821146011352539, 0.18736028671264648, 0.19468188285827637, 0.18587923049926758, 0.2044825553894043, 0.18757128715515137, 0.20095062255859375, 0.19565987586975098, 0.19463253021240234, 0.20604562759399414, 0.18959569931030273, 0.2082359790802002, 0.19422292709350586, 0.18818140029907227, 0.18808913230895996, 0.18479037284851074, 0.18407797813415527, 0.19361591339111328, 0.18491554260253906, 0.19168663024902344, 0.1852710247039795, 0.1909010410308838, 0.18843913078308105, 0.1885240077972412, 0.19526886940002441, 0.2017977237701416, 0.18038415908813477, 0.17642784118652344, 0.1880049705505371, 0.19170808792114258, 0.18905115127563477, 0.20349431037902832, 0.20151329040527344, 0.1967630386352539, 0.19996166229248047, 0.1900012493133545, 0.18577361106872559, 0.19977760314941406, 0.19210004806518555, 0.17919015884399414, 0.18639540672302246, 0.1898651123046875, 0.18430423736572266, 0.188187837600708, 0.18854713439941406, 0.1854398250579834, 0.1888577938079834, 0.2150101661682129, 0.19836735725402832, 0.20074176788330078, 0.19785332679748535, 0.20379328727722168, 0.20105957984924316, 0.1932218074798584, 0.1860494613647461, 0.21248340606689453, 0.19314336776733398, 0.1923530101776123, 0.20986342430114746, 0.2137126922607422, 0.19864225387573242, 0.20636487007141113, 0.20477890968322754, 0.19704699516296387, 0.18675994873046875, 0.17648577690124512, 0.21059012413024902, 0.19338274002075195, 0.19106078147888184, 0.18884491920471191, 0.19045734405517578, 0.19219040870666504, 0.2019639015197754, 0.1921985149383545, 0.17907142639160156, 0.18584489822387695, 0.19223403930664062, 0.187347412109375, 0.18946337699890137, 0.2020885944366455, 0.19647645950317383, 0.184950590133667, 0.18715643882751465, 0.1825869083404541, 0.1889972686767578, 0.20001888275146484, 0.18288564682006836, 0.18370413780212402, 0.2005443572998047, 0.19434499740600586, 0.17856287956237793, 0.20073890686035156, 0.1930398941040039, 0.18959975242614746, 0.18095874786376953, 0.18170452117919922, 0.18994426727294922, 0.18393945693969727, 0.1951754093170166, 0.20186185836791992, 0.1870725154876709, 0.18726754188537598, 0.17937254905700684, 0.20736026763916016, 