{"ID": 4, "inference time": [9.388005256652832, 0.07256817817687988, 0.04008364677429199, 0.037938833236694336, 0.05782818794250488, 0.038153648376464844, 0.03942084312438965, 0.05676460266113281, 0.0420229434967041, 0.041266441345214844, 0.054387569427490234, 0.03888225555419922, 0.04085397720336914, 0.11236763000488281, 0.056163787841796875, 0.03891921043395996, 0.06440925598144531, 0.05436229705810547, 0.042972564697265625, 0.06071066856384277, 0.05538368225097656, 0.04242110252380371, 0.06704950332641602, 0.053926944732666016, 0.045239925384521484, 0.06434059143066406, 0.11942768096923828, 0.04785323143005371, 0.10525941848754883, 0.03827857971191406, 0.055647850036621094, 0.0850520133972168, 0.0662989616394043, 0.07094669342041016, 0.08031129837036133, 0.0631406307220459, 0.07003259658813477, 0.0831456184387207, 0.06579232215881348, 0.07166433334350586, 0.08797645568847656, 0.05856895446777344, 0.06766676902770996, 0.0832834243774414, 0.04889106750488281, 0.039968252182006836, 0.0836939811706543, 0.06237506866455078, 0.07392621040344238, 0.081573486328125, 0.05243277549743652, 0.03849673271179199, 0.07659244537353516, 0.047800540924072266, 0.03883934020996094, 0.07433223724365234, 0.048933982849121094, 0.05499839782714844, 0.08323478698730469, 0.048430442810058594, 0.05475807189941406, 0.07841110229492188, 0.06488609313964844, 0.07420563697814941, 0.08459043502807617, 0.06375670433044434, 0.06863641738891602, 0.08010053634643555, 0.06097912788391113, 0.0717005729675293, 0.07915997505187988, 0.05404829978942871, 0.041695356369018555, 0.07773041725158691, 0.050966739654541016, 0.04131054878234863, 0.07543778419494629, 0.04393959045410156, 0.038374900817871094, 0.07039713859558105, 0.04430365562438965, 0.03786778450012207, 0.05311393737792969, 0.03761601448059082, 0.03837227821350098, 0.06552767753601074, 0.049798011779785156, 0.0385289192199707, 0.0747077465057373, 0.04633831977844238, 0.03884267807006836, 0.07062029838562012, 0.045714378356933594, 0.038099050521850586, 0.07672762870788574, 0.052825927734375, 0.03933095932006836, 0.07772541046142578, 0.048387765884399414, 0.03914165496826172, 0.0721430778503418, 0.04992818832397461, 0.039017438888549805, 0.0788431167602539, 0.053775787353515625, 0.03880810737609863, 0.06197071075439453, 0.04754829406738281, 0.04047560691833496, 0.05864596366882324, 0.05405831336975098, 0.0612940788269043, 0.08122611045837402, 0.0551905632019043, 0.039873361587524414, 0.06259894371032715, 0.051964521408081055, 0.043517112731933594, 0.0788729190826416, 0.041465044021606445, 0.05894160270690918, 0.07578420639038086, 0.04863548278808594, 0.03841066360473633, 0.07521700859069824, 0.04744911193847656, 0.047547101974487305, 0.07217621803283691, 0.0406496524810791, 0.03909039497375488, 0.0681161880493164, 0.04351663589477539, 0.04187154769897461, 0.05370783805847168, 0.04868316650390625, 0.03941798210144043, 0.07689690589904785, 0.04849362373352051, 0.03934597969055176, 0.05384063720703125, 0.03925514221191406, 0.03858375549316406, 0.0599668025970459, 0.04270124435424805, 0.06090807914733887, 0.07903742790222168, 0.06676769256591797, 0.06506800651550293, 0.07639837265014648, 0.03952360153198242, 0.060106515884399414, 0.05171775817871094, 0.04774355888366699, 0.03918147087097168, 0.05891060829162598, 0.055202484130859375, 0.06656742095947266, 0.0774695873260498, 0.03881382942199707, 0.03800368309020996, 0.056131839752197266, 0.03926801681518555, 0.03982400894165039, 0.059099435806274414, 0.04919242858886719, 0.03825736045837402, 0.058721303939819336, 0.06480646133422852, 0.07519173622131348, 0.08420801162719727, 0.04745054244995117, 0.04092979431152344, 0.0745854377746582, 0.038121938705444336, 0.041105031967163086, 0.0782623291015625, 0.04303169250488281, 0.03818559646606445, 0.0573115348815918, 0.043092966079711914, 0.0395655632019043, 0.059989213943481445, 0.06465554237365723, 0.06694269180297852, 0.0795905590057373, 0.04076743125915527, 0.03856968879699707, 0.05815458297729492, 0.0443120002746582, 0.037726640701293945, 0.053591012954711914, 0.03758859634399414, 0.03863334655761719, 0.05898714065551758, 0.03824496269226074, 0.038176536560058594, 0.07409834861755371, 0.04136848449707031, 0.03835034370422363, 0.07966256141662598, 0.048136234283447266, 0.03768157958984375, 0.07586908340454102, 0.04918694496154785, 0.04371976852416992, 0.07591533660888672, 0.052895545959472656, 0.0696418285369873, 0.07831931114196777, 0.04449748992919922, 0.03903675079345703, 0.05673980712890625, 0.0387425422668457, 0.04179835319519043, 0.0706939697265625, 0.04973721504211426, 0.03942751884460449, 0.056513309478759766, 0.04723477363586426, 0.04142141342163086, 0.07726407051086426, 0.04803013801574707, 0.047258615493774414, 0.07438802719116211, 0.04146766662597656, 0.03830146789550781, 0.05801558494567871, 0.04278159141540527, 0.0431218147277832, 0.05801057815551758, 0.0395967960357666, 0.04120469093322754, 0.05971169471740723, 0.041120290756225586, 0.04243111610412598, 0.05679154396057129, 0.040055274963378906, 0.04403972625732422, 0.05440807342529297, 0.03832221031188965, 0.038486480712890625, 0.0553584098815918, 0.044497013092041016, 0.03842782974243164, 0.055435895919799805, 0.03821849822998047, 0.03824162483215332, 0.0531771183013916, 0.039087772369384766, 0.042996883392333984, 0.07465004920959473, 0.03850364685058594, 0.03886103630065918, 0.05628252029418945, 0.03853964805603027, 0.03859210014343262, 0.06916093826293945, 0.0500035285949707, 0.0512995719909668, 0.07179760932922363, 0.04539656639099121, 0.04226827621459961, 0.05356264114379883, 0.040027618408203125, 0.038930416107177734, 0.054882049560546875, 0.04346060752868652, 0.04220890998840332, 0.05333566665649414, 0.045479774475097656, 0.038568735122680664, 0.05496954917907715, 0.048154354095458984, 0.04596567153930664, 0.07291245460510254, 0.05278754234313965, 0.061784982681274414, 0.07342839241027832, 0.056581974029541016, 0.04761981964111328, 0.07800102233886719, 0.04508090019226074, 0.03883981704711914, 0.04986715316772461, 0.04745912551879883, 0.03759264945983887, 0.054778099060058594, 0.04532575607299805, 0.038683414459228516, 0.05700492858886719, 0.06700944900512695, 0.046195030212402344, 0.07567095756530762, 0.043712615966796875, 0.04198312759399414, 0.06925249099731445, 0.052179574966430664, 0.038303375244140625, 0.05822396278381348, 0.05547761917114258, 0.041399240493774414, 0.05976700782775879, 0.06198763847351074, 0.03766489028930664, 0.07090234756469727, 0.05018734931945801, 0.04464268684387207, 0.07213592529296875, 0.0516667366027832, 0.03760790824890137, 0.05653023719787598, 0.05323433876037598, 0.042000770568847656, 0.06895756721496582, 0.06612157821655273, 0.043662309646606445, 0.053400278091430664, 0.05786633491516113, 0.039572715759277344, 0.07142496109008789, 0.05002713203430176, 0.03831076622009277, 0.07201099395751953, 0.05607724189758301, 0.03927922248840332, 0.05050373077392578, 0.06154489517211914, 0.0386202335357666, 0.05082583427429199, 0.05239439010620117, 0.03855180740356445, 0.052559852600097656, 0.0382990837097168, 0.03791213035583496, 0.060527801513671875, 0.04993915557861328, 0.04026460647583008, 0.07435417175292969, 0.0630030632019043, 0.03779196739196777, 0.06316661834716797, 0.07040882110595703, 0.038609981536865234, 0.07520723342895508, 0.06246685981750488, 0.03739476203918457, 0.05224943161010742, 0.056359052658081055, 0.04527735710144043, 0.07605767250061035, 0.04980111122131348, 0.038056135177612305, 0.05118751525878906, 0.0643916130065918, 0.03938150405883789, 0.04902338981628418, 0.04309415817260742, 0.038460731506347656, 0.051283836364746094, 0.04854583740234375, 0.03863787651062012, 0.051401615142822266, 0.05233502388000488, 0.039325714111328125, 0.05495905876159668, 0.049254417419433594, 0.040194034576416016, 0.06157064437866211, 0.07175064086914062, 0.045224666595458984, 0.05909109115600586, 0.07073974609375, 0.051973819732666016, 0.08023643493652344, 0.05211281776428223, 0.03818035125732422, 0.06246471405029297, 0.06910157203674316,