{"ID": 5, "inference time": [0.22292494773864746, 0.23525357246398926, 0.1868915557861328, 0.26444435119628906, 0.19149374961853027, 0.22182893753051758, 0.23113417625427246, 0.22806572914123535, 0.19773006439208984, 0.25397205352783203, 0.24053120613098145, 0.24503064155578613, 0.20132660865783691, 0.2087540626525879, 0.24442028999328613, 0.21660089492797852, 0.21635794639587402, 0.2203381061553955, 0.2480156421661377, 0.2460315227508545, 0.20701313018798828, 0.29285550117492676, 0.2682383060455322, 0.24640846252441406, 0.23083949089050293, 0.22838687896728516, 0.21483159065246582, 0.20216608047485352, 0.2763669490814209, 0.3144981861114502, 0.2568333148956299, 0.221360445022583, 0.2097606658935547, 0.2085118293762207, 0.2751138210296631, 0.2347095012664795, 0.24339914321899414, 0.24103307723999023, 0.21750473976135254, 0.2537355422973633, 0.18685579299926758, 0.21143388748168945, 0.2844572067260742, 0.23047471046447754, 0.22664737701416016, 0.21885132789611816, 0.237351655960083, 0.251812219619751, 0.22756123542785645, 0.23183560371398926, 0.26671743392944336, 0.25609374046325684, 0.23875951766967773, 0.2515401840209961, 0.20613813400268555, 0.24122977256774902, 0.2507462501525879, 0.24772119522094727, 0.24251699447631836, 0.2606067657470703, 0.22512507438659668, 0.24012160301208496, 0.19661974906921387, 0.2528970241546631, 0.26105523109436035, 0.18894386291503906, 0.2695760726928711, 0.2606518268585205, 0.1925802230834961, 0.23699450492858887, 0.2588536739349365, 0.19262170791625977, 0.27838897705078125, 0.24961471557617188, 0.24664688110351562, 0.23012542724609375, 0.260422945022583, 0.22005152702331543, 0.23582816123962402, 0.2921028137207031, 0.25858068466186523, 0.18796563148498535, 0.2781810760498047, 0.28343725204467773, 0.2140941619873047, 0.2760183811187744, 0.25665283203125, 0.22424864768981934, 0.21673083305358887, 0.25898194313049316, 0.21387577056884766, 0.2471914291381836, 0.20822405815124512, 0.243912935256958, 0.24848222732543945, 0.22096705436706543, 0.272291898727417, 0.2688906192779541, 0.22910761833190918, 0.289353609085083, 0.23644447326660156, 0.23729562759399414, 0.23443317413330078, 0.21290946006774902, 0.23423552513122559, 0.2721877098083496, 0.2439424991607666, 0.21960973739624023, 0.2079939842224121, 0.28798675537109375, 0.28664588928222656, 0.19328594207763672, 0.2796957492828369, 0.29036974906921387, 0.25552797317504883, 0.2673604488372803, 0.27073001861572266, 0.22598886489868164, 0.2476816177368164, 0.21613073348999023, 0.25423359870910645, 0.24120688438415527, 0.24309563636779785, 0.2107999324798584, 0.2819185256958008, 0.2609272003173828, 0.2687191963195801, 0.26715850830078125, 0.20514607429504395, 0.28572583198547363, 0.2297804355621338, 0.23924040794372559, 0.2176511287689209, 0.24716639518737793, 0.23838138580322266, 0.22170567512512207, 0.2534050941467285, 0.25465822219848633, 0.23762798309326172, 0.25054454803466797, 0.2418217658996582, 0.22197246551513672, 0.22428655624389648, 0.2633523941040039, 0.2156386375427246, 0.25299954414367676, 0.2502727508544922, 0.2400367259979248, 0.20278644561767578, 0.25138354301452637, 0.24640226364135742, 0.2655482292175293, 0.2353196144104004, 0.21931123733520508, 0.2318418025970459, 0.27317047119140625, 0.28664588928222656, 0.29526829719543457, 0.26145362854003906, 0.25325727462768555, 0.22822928428649902, 0.2482917308807373, 0.2070167064666748, 0.25955796241760254, 0.2020430564880371, 0.24149727821350098, 0.2631206512451172, 0.21135425567626953, 0.26070594787597656, 0.2564535140991211, 0.24347138404846191, 0.28699183464050293, 0.2696537971496582, 0.21121788024902344, 0.2775764465332031, 0.19438481330871582, 0.24596643447875977, 0.270460844039917, 0.2342689037322998, 0.1910843849182129, 0.25832056999206543, 0.23520946502685547, 0.2669248580932617, 0.21168160438537598, 0.2911186218261719, 0.2570526599884033, 0.2102046012878418, 0.23171281814575195, 0.22296571731567383, 0.25984907150268555, 0.25145912170410156, 0.21705865859985352, 0.23579049110412598, 0.25243067741394043, 0.20726871490478516, 0.23763489723205566, 0.27524805068969727, 0.23195910453796387, 0.24259471893310547, 0.21122384071350098, 0.22345495223999023, 0.27343297004699707, 0.24567484855651855, 0.29033827781677246, 0.2740516662597656, 0.2438676357269287, 0.25955748558044434, 0.26137685775756836, 0.24778008460998535, 0.21310710906982422, 0.2373034954071045, 0.2889554500579834, 0.290820837020874, 0.2606534957885742, 0.2320568561553955, 0.2189500331878662, 0.274691104888916, 0.2600393295288086, 0.26236748695373535, 0.266329288482666, 0.2175145149230957, 0.2966940402984619, 0.2861933708190918, 0.26265740394592285, 0.2649714946746826, 0.24708938598632812, 0.26050543785095215, 0.261674165725708, 0.2679007053375244, 0.22919225692749023, 0.24435734748840332, 0.247544527053833, 0.21074581146240234, 0.20270705223083496, 0.26873087882995605, 0.21433806419372559, 0.2839779853820801, 0.243086576461792, 0.21671533584594727, 0.26282739639282227, 0.2472212314605713, 0.2483656406402588, 0.23615694046020508, 0.2679269313812256, 0.24856901168823242, 0.23707795143127441, 0.2260911464691162, 0.2441110610961914, 0.21470332145690918, 0.24229860305786133, 0.25432348251342773, 0.20727133750915527, 0.2320563793182373, 0.25499725341796875, 0.2300100326538086, 0.25631213188171387, 0.22603893280029297, 0.216080904006958, 0.22400927543640137, 0.24085736274719238, 0.23681163787841797, 0.2552793025970459, 0.21772217750549316, 0.24642395973205566, 0.2684617042541504, 0.27752256393432617, 0.21120882034301758, 0.2810506820678711, 0.24818897247314453, 0.2352762222290039, 0.21051836013793945, 0.25005578994750977, 0.2332134246826172, 0.24698853492736816, 0.23908162117004395, 0.2615177631378174, 0.22623825073242188, 0.25161123275756836, 0.21123647689819336, 0.2646188735961914, 0.24014735221862793, 0.22576284408569336, 0.21084165573120117, 0.23452997207641602, 0.22707343101501465, 0.20585918426513672, 0.27196455001831055, 0.24092888832092285, 0.23842763900756836, 0.2694544792175293, 0.23244619369506836, 0.23442435264587402, 0.22368597984313965, 0.2543923854827881, 0.2811598777770996, 0.24628114700317383, 0.20492148399353027, 0.2767295837402344, 0.25510501861572266, 0.23119211196899414, 0.23100066184997559, 0.22866296768188477, 0.2702977657318115, 0.25732898712158203, 0.23250579833984375, 0.22777175903320312, 0.21391010284423828, 0.2410883903503418, 0.2437295913696289, 0.26267051696777344, 0.2647862434387207, 0.22177696228027344, 0.23660850524902344, 0.2569568157196045, 0.26305723190307617, 0.25319910049438477, 0.23085474967956543, 0.23966050148010254, 0.21762681007385254, 0.260087251663208, 0.22565603256225586, 0.2220478057861328, 0.27468419075012207, 0.22111773490905762, 0.25681471824645996, 0.2099285125732422, 0.27571725845336914, 0.2741553783416748, 0.20598387718200684, 0.22148942947387695, 0.2551586627960205, 0.20035719871520996, 0.25475215911865234, 0.20221400260925293, 0.29178547859191895, 0.24564504623413086, 0.24015188217163086, 0.2461414337158203, 0.2684316635131836, 0.2370448112487793, 0.27182698249816895, 0.311276912689209, 0.2881951332092285, 0.22460007667541504, 0.22425007820129395, 0.27809977531433105, 0.2203528881072998, 0.28806638717651367, 0.27509593963623047, 0.23155784606933594, 0.2746720314025879, 0.2662501335144043, 0.26911282539367676, 0.2522454261779785, 0.24603962898254395, 0.2578110694885254, 0.25475597381591797, 0.21558260917663574, 0.2965579032897949, 0.274517297744751, 0.20423030853271484, 0.271787166595459, 0.24250483512878418, 0.2170884609222412, 0.2225935459136963, 0.19001507759094238, 0.21673178672790527, 0.25795555114746094, 0.23941659927368164, 0.23810625076293945, 0.18257808685302734, 0.25253820419311523, 0.28597354888916016, 0.24476313591003418, 0.2309095859527588, 0.24625563621520996, 0.2313079833984375, 0.2595937252044678, 0.2196979522705078, 0.24180388450622559, 0.2602274417877197, 0.20441055297851562, 0.22474122047424316, 0.248734712600708, 0.22615265846252441, 0.24177074432373047, 0.28314208984375, 