{"ID": 4, "inference time": [0.25027966499328613, 0.26209354400634766, 0.22886919975280762, 0.2735905647277832, 0.22637701034545898, 0.2422807216644287, 0.257490873336792, 0.2630295753479004, 0.21218228340148926, 0.2879610061645508, 0.26405763626098633, 0.25600266456604004, 0.2202768325805664, 0.25090956687927246, 0.28829526901245117, 0.24793171882629395, 0.22214889526367188, 0.22325611114501953, 0.2686917781829834, 0.27333569526672363, 0.22857069969177246, 0.31964564323425293, 0.2949216365814209, 0.2660818099975586, 0.2730140686035156, 0.24551129341125488, 0.2483518123626709, 0.23327970504760742, 0.3191070556640625, 0.3355076313018799, 0.302947998046875, 0.24722862243652344, 0.25841689109802246, 0.25090599060058594, 0.28069615364074707, 0.28820276260375977, 0.27210092544555664, 0.26839351654052734, 0.26583313941955566, 0.2565481662750244, 0.25719237327575684, 0.26325130462646484, 0.2999582290649414, 0.292924165725708, 0.24007678031921387, 0.2504615783691406, 0.25872278213500977, 0.27834081649780273, 0.25127673149108887, 0.24598455429077148, 0.2923929691314697, 0.25373148918151855, 0.25359034538269043, 0.28195786476135254, 0.27275824546813965, 0.25974464416503906, 0.27929091453552246, 0.28510212898254395, 0.25974416732788086, 0.2999546527862549, 0.24953985214233398, 0.25151705741882324, 0.2490675449371338, 0.28146791458129883, 0.30356264114379883, 0.24020147323608398, 0.2966294288635254, 0.28458213806152344, 0.23779678344726562, 0.25325965881347656, 0.28595662117004395, 0.2314620018005371, 0.2822847366333008, 0.27756595611572266, 0.2556161880493164, 0.23531460762023926, 0.29162168502807617, 0.24886274337768555, 0.2725222110748291, 0.31967973709106445, 0.2911405563354492, 0.23037958145141602, 0.27204298973083496, 0.3061394691467285, 0.24241328239440918, 0.275299072265625, 0.31003761291503906, 0.25618934631347656, 0.2590301036834717, 0.2909054756164551, 0.27353382110595703, 0.2696235179901123, 0.23968029022216797, 0.2634265422821045, 0.2657308578491211, 0.2756803035736084, 0.28809046745300293, 0.3077433109283447, 0.25590038299560547, 0.3160238265991211, 0.29157066345214844, 0.2501404285430908, 0.27405428886413574, 0.23962926864624023, 0.23630571365356445, 0.295412540435791, 0.27637338638305664, 0.24236798286437988, 0.2499227523803711, 0.29628539085388184, 0.31863880157470703, 0.23765921592712402, 0.31643080711364746, 0.31908392906188965, 0.2811870574951172, 0.28048229217529297, 0.29973459243774414, 0.2501041889190674, 0.264697790145874, 0.27195143699645996, 0.2733285427093506, 0.2631094455718994, 0.2564375400543213, 0.23179340362548828, 0.29506349563598633, 0.26633191108703613, 0.2871973514556885, 0.2994358539581299, 0.23298883438110352, 0.3170478343963623, 0.2784411907196045, 0.25903964042663574, 0.2521963119506836, 0.2742781639099121, 0.26698732376098633, 0.28569960594177246, 0.26649928092956543, 0.27108335494995117, 0.2586631774902344, 0.25716710090637207, 0.26928043365478516, 0.2633330821990967, 0.259108304977417, 0.2741732597351074, 0.2808971405029297, 0.28098368644714355, 0.2782440185546875, 0.26612114906311035, 0.2231597900390625, 0.29434871673583984, 0.27394771575927734, 0.28984808921813965, 0.24638795852661133, 0.23284101486206055, 0.2527906894683838, 0.29754066467285156, 0.30734872817993164, 0.33387207984924316, 0.2906179428100586, 0.27146363258361816, 0.25646448135375977, 0.27684903144836426, 0.23267316818237305, 0.28897666931152344, 0.22951912879943848, 0.2677023410797119, 0.2859025001525879, 0.23150038719177246, 0.2791481018066406, 0.26641273498535156, 0.2745962142944336, 0.30100464820861816, 0.30980420112609863, 0.22676968574523926, 0.30274367332458496, 0.24146604537963867, 0.26137709617614746, 0.2806234359741211, 0.2840750217437744, 0.2332913875579834, 0.27640366554260254, 0.2500021457672119, 0.28554534912109375, 0.24874114990234375, 0.3235776424407959, 0.3006584644317627, 0.21907591819763184, 0.26500725746154785, 0.2532479763031006, 0.256333589553833, 0.2702486515045166, 0.274432897567749, 0.2541615962982178, 0.26534295082092285, 0.25525784492492676, 0.2383873462677002, 0.3045995235443115, 0.2812767028808594, 0.2644927501678467, 0.27425575256347656, 0.24110889434814453, 0.2674901485443115, 0.26938939094543457, 0.29423093795776367, 0.30343127250671387, 0.27099180221557617, 0.27666616439819336, 0.28421783447265625, 0.2666139602661133, 0.23236346244812012, 0.28011155128479004, 0.3056199550628662, 0.3284111022949219, 0.2726297378540039, 0.26272130012512207, 0.281003475189209, 0.2926514148712158, 0.2899799346923828, 0.2765469551086426, 0.28597164154052734, 0.22542810440063477, 0.32079052925109863, 0.3150820732116699, 0.28197431564331055, 0.2811470031738281, 0.29186153411865234, 0.26885032653808594, 0.28859639167785645, 0.29010605812072754, 0.268510103225708, 0.26481151580810547, 0.28060460090637207, 0.22054362297058105, 0.26239776611328125, 0.28961825370788574, 0.2480907440185547, 0.3081483840942383, 0.2872183322906494, 0.25338125228881836, 0.3057420253753662, 0.27945542335510254, 0.27521419525146484, 0.26555681228637695, 0.29321861267089844, 0.27643346786499023, 0.2429053783416748, 0.2660839557647705, 0.2698359489440918, 0.24483537673950195, 0.24985003471374512, 0.268263578414917, 0.23398137092590332, 0.2685256004333496, 0.2895927429199219, 0.25845861434936523, 0.28952693939208984, 0.25250720977783203, 0.22331666946411133, 0.24722814559936523, 0.2627723217010498, 0.27933502197265625, 0.2642982006072998, 0.27625179290771484, 0.2690849304199219, 0.3126823902130127, 0.3045783042907715, 0.25957632064819336, 0.3072950839996338, 0.2837843894958496, 0.2787296772003174, 0.247938871383667, 0.2733285427093506, 0.24605989456176758, 0.2602674961090088, 0.2529914379119873, 0.26114845275878906, 0.24803853034973145, 0.24811458587646484, 0.24079370498657227, 0.28985118865966797, 0.2818894386291504, 0.2428581714630127, 0.23587965965270996, 0.2397611141204834, 0.27903270721435547, 0.2494220733642578, 0.2958390712738037, 0.28057408332824707, 0.25811147689819336, 0.29874467849731445, 0.2563009262084961, 0.24128961563110352, 0.2436540126800537, 0.2596602439880371, 0.31057190895080566, 0.2673153877258301, 0.2500441074371338, 0.28583502769470215, 0.2811267375946045, 0.26506876945495605, 0.2606508731842041, 0.28343939781188965, 0.28786706924438477, 0.29938340187072754, 0.25298023223876953, 0.24379253387451172, 0.2358567714691162, 0.2544214725494385, 0.2747364044189453, 0.25957655906677246, 0.27868080139160156, 0.24406647682189941, 0.2485666275024414, 0.2839827537536621, 0.2516820430755615, 0.2707054615020752, 0.26001691818237305, 0.25962257385253906, 0.23883605003356934, 0.29180169105529785, 0.25524044036865234, 0.2514376640319824, 0.29479408264160156, 0.2561328411102295, 0.27564120292663574, 0.2573256492614746, 0.3224222660064697, 0.29729175567626953, 0.2194194793701172, 0.26900291442871094, 0.27405595779418945, 0.25622034072875977, 0.2991964817047119, 0.23127055168151855, 0.3180277347564697, 0.2735137939453125, 0.2701997756958008, 0.2994396686553955, 0.27113938331604004, 0.2705111503601074, 0.29596853256225586, 0.34043002128601074, 0.3245737552642822, 0.2641177177429199, 0.24187302589416504, 0.29401588439941406, 0.2340238094329834, 0.3080408573150635, 0.31530070304870605, 0.2579689025878906, 0.2875852584838867, 0.2611508369445801, 0.27582621574401855, 0.24152112007141113, 0.2692384719848633, 0.2797112464904785, 0.28029417991638184, 0.23468852043151855, 0.31991052627563477, 0.29865241050720215, 0.25310325622558594, 0.3109304904937744, 0.30271196365356445, 0.264923095703125, 0.23624897003173828, 0.25064778327941895, 0.2556319236755371, 0.2761707305908203, 0.263378381729126, 0.27708864212036133, 0.24111533164978027, 0.2593202590942383, 0.31499266624450684, 0.29204511642456055, 0.24918556213378906, 0.2821674346923828, 0.2542283535003662, 0.2894275188446045, 0.2667064666748047, 0.26041412353515625, 0.2867262363433838, 0.2496623992919922, 0.2590756416320801, 0.262204647064209, 0.2603180408477783, 0.24957776069641113, 0.2994654178619385, 0.3142399787902832, 