{"ID": 1, "inference time": [0.238084077835083, 0.20082974433898926, 0.291945219039917, 0.3909289836883545, 0.43756604194641113, 0.4464147090911865, 0.4500443935394287, 0.46622419357299805, 0.5120160579681396, 0.302823543548584, 0.24602890014648438, 0.401019811630249, 0.48273324966430664, 0.486771821975708, 0.4458920955657959, 0.502295970916748, 0.5053081512451172, 0.5178365707397461, 0.45232534408569336, 0.44929981231689453, 0.4669654369354248, 0.4783027172088623, 0.5170814990997314, 0.5432009696960449, 0.538933515548706, 0.5042629241943359, 0.4909250736236572, 0.47583794593811035, 0.44962096214294434, 0.44934988021850586, 0.4740135669708252, 0.495617151260376, 0.4646282196044922, 0.5375990867614746, 0.5282149314880371, 0.47945642471313477, 0.4847872257232666, 0.4800863265991211, 0.505537748336792, 0.4910435676574707, 0.4861423969268799, 0.5073592662811279, 0.5013673305511475, 0.47894716262817383, 0.490189790725708, 0.5142474174499512, 0.4974942207336426, 0.454653263092041, 0.4614067077636719, 0.5220551490783691, 0.4970738887786865, 0.48203015327453613, 0.5124495029449463, 0.46476197242736816, 0.4590768814086914, 0.47417688369750977, 0.47866392135620117, 0.5100946426391602, 0.48981189727783203, 0.4887568950653076, 0.49503517150878906, 0.48616838455200195, 0.5008268356323242, 0.5001058578491211, 0.5068047046661377, 0.4922502040863037, 0.5231773853302002, 0.5114796161651611, 0.4838275909423828, 0.5074987411499023, 0.5338034629821777, 0.5233514308929443, 0.4961845874786377, 0.5357363224029541, 0.5049464702606201, 0.47154688835144043, 0.44757699966430664, 0.49025607109069824, 0.48589491844177246, 0.5198891162872314, 0.4919123649597168, 0.47785234451293945, 0.47107696533203125, 0.4665379524230957, 0.48852014541625977, 0.48421764373779297, 0.47785139083862305, 0.5150368213653564, 0.5016155242919922, 0.4442591667175293, 0.4347538948059082, 0.48688650131225586, 0.5031540393829346, 0.5033755302429199, 0.465364933013916, 0.4940216541290283, 0.48543763160705566, 0.4726252555847168, 0.2193918228149414, 0.26152753829956055, 0.39556026458740234, 0.48511385917663574, 0.4680190086364746, 0.5035805702209473, 0.49956488609313965, 0.5087511539459229, 0.5039758682250977, 0.49693870544433594, 0.48094654083251953, 0.49860143661499023, 0.47503161430358887, 0.468472957611084, 0.47632503509521484, 0.4883105754852295, 0.4545621871948242, 0.48599934577941895, 0.4993858337402344, 0.5016241073608398, 0.46959543228149414, 0.4642496109008789, 0.4676680564880371, 0.4974360466003418, 0.4849889278411865, 0.4851338863372803, 0.46659064292907715, 0.5093855857849121, 0.5160391330718994, 0.48394036293029785, 0.4754934310913086, 0.47437429428100586, 0.2245924472808838, 0.25330281257629395, 0.4189152717590332, 0.4886953830718994, 0.4915494918823242, 0.48896002769470215, 0.5142619609832764, 0.5343461036682129, 0.5093240737915039, 0.49478816986083984, 0.4975168704986572, 0.4384896755218506, 0.45050477981567383, 0.4950258731842041, 0.4890894889831543, 0.4869978427886963, 0.45218992233276367, 0.49664759635925293, 0.43848705291748047, 0.49801206588745117, 0.5158107280731201, 0.5238840579986572, 0.531757116317749, 0.502413272857666, 0.5094289779663086, 0.5359294414520264, 0.5331120491027832, 0.4611837863922119, 0.5056345462799072, 0.49170756340026855, 0.502943754196167, 0.538978099822998, 0.5338647365570068, 0.5094549655914307, 0.4704151153564453, 0.5045456886291504, 0.5106911659240723, 0.5065345764160156, 0.4555652141571045, 0.4983396530151367, 0.5028703212738037, 0.4973146915435791, 0.4641273021697998, 0.4273190498352051, 0.46390438079833984, 0.4586472511291504, 0.48067736625671387, 0.5033395290374756, 0.464280366897583, 0.4964025020599365, 0.4471700191497803, 0.4334566593170166, 0.2640879154205322, 0.22882604598999023, 0.37477731704711914, 0.4936797618865967, 0.4777395725250244, 0.4395461082458496, 0.4488866329193115, 0.48502612113952637, 0.49508190155029297, 0.48729801177978516, 0.4727616310119629, 0.4324064254760742, 0.4665806293487549, 0.470106840133667, 0.4706540107727051, 0.4874105453491211, 0.4960465431213379, 0.4967925548553467, 0.493786096572876, 0.48453545570373535, 0.46169447898864746, 0.496906042098999, 0.5159592628479004, 0.4911224842071533, 0.5016605854034424, 0.4892902374267578, 0.5019371509552002, 0.5183660984039307, 0.505253791809082, 0.49146580696105957, 0.4699568748474121, 0.4880993366241455, 0.5018141269683838, 0.5246055126190186, 0.4859616756439209, 0.4942595958709717, 0.511481761932373, 0.49965929985046387, 0.5094261169433594, 0.48291945457458496, 0.5116021633148193, 0.5149979591369629, 0.5003528594970703, 0.4580991268157959, 0.4694957733154297, 0.49718451499938965, 0.5166516304016113, 0.49929308891296387, 0.5062074661254883, 0.5078577995300293, 0.4919624328613281, 0.5169119834899902, 0.47666072845458984, 0.5048336982727051, 0.5122904777526855, 0.5275633335113525, 0.4859962463378906, 0.4925200939178467, 0.5166037082672119, 0.5105280876159668, 0.5050652027130127, 0.48453497886657715, 0.5011906623840332, 0.5099084377288818, 0.5008096694946289, 0.4792776107788086, 0.47950005531311035, 0.49813151359558105, 0.5113964080810547, 0.46465420722961426, 0.5134835243225098, 0.48856186866760254, 0.49476075172424316, 0.522860050201416, 0.5417206287384033, 0.4979243278503418, 0.4646477699279785, 0.4680507183074951, 0.4414358139038086, 0.49408578872680664, 0.524738073348999, 0.4763906002044678, 0.4721965789794922, 0.5099484920501709, 0.4999516010284424, 0.5291261672973633, 0.5137059688568115, 0.47025179862976074, 0.5050511360168457, 0.4982783794403076, 0.5251719951629639, 0.4990835189819336, 0.4939439296722412, 0.48927927017211914, 0.4959604740142822, 0.4839811325073242, 0.4667043685913086, 0.46087145805358887, 0.5024261474609375, 0.48739194869995117, 0.5050618648529053, 0.4972076416015625, 0.47145843505859375, 0.4226250648498535, 0.21021699905395508, 0.21676301956176758, 0.2798788547515869, 0.3705921173095703, 0.4125361442565918, 0.5067241191864014, 0.48546338081359863, 0.47961902618408203, 0.5197539329528809, 0.4858417510986328, 0.5104837417602539, 0.4887099266052246, 0.4716310501098633, 0.4761545658111572, 0.4715006351470947, 0.4743201732635498, 0.5086424350738525, 0.5094473361968994, 0.47470736503601074, 0.49755406379699707, 0.4830031394958496, 0.5235393047332764, 0.43840765953063965, 0.21900153160095215, 0.21643733978271484, 0.34817957878112793, 0.4978330135345459, 0.4936802387237549, 0.49622440338134766, 0.4600687026977539, 0.45491766929626465, 0.46404075622558594, 0.47663211822509766, 0.5044417381286621, 0.48268723487854004, 0.46939802169799805, 0.46085071563720703, 0.3617382049560547, 0.20882916450500488, 0.30878257751464844, 0.42487668991088867, 0.49143099784851074, 0.4636096954345703, 0.45482516288757324, 0.5105082988739014, 0.4757983684539795, 0.48065662384033203, 0.49500274658203125, 0.4753146171569824, 0.4763197898864746, 0.34218931198120117, 0.23960041999816895, 0.39673352241516113, 0.4911510944366455, 0.4723479747772217, 0.45503854751586914, 0.4613187313079834, 0.5248987674713135, 0.5100197792053223, 0.4777812957763672, 0.5137791633605957, 0.5033628940582275, 0.49573826789855957, 0.5106041431427002, 0.5461897850036621, 0.48738718032836914, 0.4578745365142822, 0.20959758758544922, 0.23790454864501953, 0.3921632766723633, 0.4927208423614502, 0.49167966842651367, 0.48751068115234375, 0.4993717670440674, 0.5020792484283447, 0.48694300651550293, 0.477710485458374, 0.4800713062286377, 0.4676210880279541, 0.4927399158477783, 0.5207269191741943, 0.4896426200866699, 0.5116229057312012, 0.4705650806427002, 0.45455098152160645, 0.4633004665374756, 0.5197389125823975, 0.47492003440856934, 0.48992133140563965, 0.4908320903778076, 0.5239953994750977, 0.5055468082427979, 0.5121946334838867, 0.49124598503112793, 0.45508527755737305, 0.2619040012359619, 0.24021053314208984, 0.32790398597717285, 0.44626688957214355, 0.47557568550109863, 0.5058882236480713, 0.4764285087585449, 0.47809576988220215, 0.49582576751708984, 0.5404336452484131, 0.4777870178222656, 0.44780755043029785, 