{"ID": 5, "inference time": [0.4164433479309082, 0.4485008716583252, 0.41790056228637695, 0.2140810489654541, 0.1966691017150879, 0.278317928314209, 0.3979456424713135, 0.46268582344055176, 0.5146050453186035, 0.5245857238769531, 0.49982595443725586, 0.4696950912475586, 0.27917051315307617, 0.2095351219177246, 0.3197641372680664, 0.4669976234436035, 0.501091718673706, 0.5021774768829346, 0.41198015213012695, 0.20508718490600586, 0.2147359848022461, 0.3322939872741699, 0.4718301296234131, 0.5034365653991699, 0.5370466709136963, 0.5262885093688965, 0.5166668891906738, 0.48303723335266113, 0.4639756679534912, 0.4380054473876953, 0.19046235084533691, 0.19728732109069824, 0.31673312187194824, 0.4583559036254883, 0.4675867557525635, 0.510174036026001, 0.21864604949951172, 0.23819613456726074, 0.3663337230682373, 0.4814772605895996, 0.4762735366821289, 0.49126553535461426, 0.46735596656799316, 0.191359281539917, 0.2163982391357422, 0.37247133255004883, 0.49214982986450195, 0.48250889778137207, 0.48494386672973633, 0.4905712604522705, 0.21962285041809082, 0.22619128227233887, 0.33765435218811035, 0.45693087577819824, 0.5119519233703613, 0.4894857406616211, 0.48227477073669434, 0.48401713371276855, 0.4572322368621826, 0.1969289779663086, 0.19524073600769043, 0.3053462505340576, 0.44902873039245605, 0.498309850692749, 0.4916572570800781, 0.49314403533935547, 0.4949491024017334, 0.4740722179412842, 0.4920825958251953, 0.2511177062988281, 0.22617340087890625, 0.3693711757659912, 0.4741799831390381, 0.5318799018859863, 0.5050539970397949, 0.4828042984008789, 0.5185470581054688, 0.5130221843719482, 0.29480838775634766, 0.2379930019378662, 0.38021373748779297, 0.525780439376831, 0.4857966899871826, 0.46900200843811035, 0.43879127502441406, 0.19559907913208008, 0.21489715576171875, 0.3607485294342041, 0.5016729831695557, 0.4873237609863281, 0.46802330017089844, 0.47910046577453613, 0.44855570793151855, 0.30600595474243164, 0.20751214027404785, 0.3348667621612549, 0.46898818016052246, 0.5088744163513184, 0.39164161682128906, 0.18943214416503906, 0.25348925590515137, 0.35358142852783203, 0.47470831871032715, 0.4994173049926758, 0.4996333122253418, 0.47010159492492676, 0.4958045482635498, 0.49797654151916504, 0.4892880916595459, 0.5177717208862305, 0.4687962532043457, 0.21296024322509766, 0.21120047569274902, 0.333038330078125, 0.4876136779785156, 0.49213314056396484, 0.5012211799621582, 0.5017626285552979, 0.5033619403839111, 0.45479869842529297, 0.2177286148071289, 0.22546887397766113, 0.3553194999694824, 0.45605993270874023, 0.4817044734954834, 0.48984694480895996, 0.467357873916626, 0.4816455841064453, 0.471996545791626, 0.1846330165863037, 0.22223234176635742, 0.3269352912902832, 0.45513033866882324, 0.4570784568786621, 0.48804354667663574, 0.2623283863067627, 0.21059560775756836, 0.32849884033203125, 0.45366382598876953, 0.49559879302978516, 0.26836109161376953, 0.23842263221740723, 0.3756287097930908, 0.46866488456726074, 0.49803757667541504, 0.5134174823760986, 0.5088710784912109, 0.4788546562194824, 0.2945106029510498, 0.216566801071167, 0.35784173011779785, 0.5046248435974121, 0.5309441089630127, 0.503380537033081, 0.47101497650146484, 0.2834632396697998, 0.21889400482177734, 0.3221313953399658, 0.416978120803833, 0.4851081371307373, 0.47240400314331055, 0.3145318031311035, 0.20573663711547852, 0.30817103385925293, 0.4632561206817627, 0.4356350898742676, 0.4850473403930664, 0.2679920196533203, 0.23133587837219238, 0.39478635787963867, 0.5286774635314941, 0.4941713809967041, 0.5135946273803711, 0.5303199291229248, 0.519402265548706, 0.45219969749450684, 0.20763492584228516, 0.22179102897644043, 0.37870359420776367, 0.48847174644470215, 0.5371053218841553, 0.5231060981750488, 0.5133175849914551, 0.4755690097808838, 0.4981217384338379, 0.49783754348754883, 0.24695229530334473, 0.2182168960571289, 0.3252077102661133, 0.4656498432159424, 0.5045509338378906, 0.4619603157043457, 0.18407726287841797, 0.21036362648010254, 0.2959403991699219, 0.4253511428833008, 0.4512612819671631, 0.4797484874725342, 0.48189520835876465, 0.46523308753967285, 0.4542205333709717, 0.19390463829040527, 0.21870851516723633, 0.3047950267791748, 0.45145654678344727, 0.4929931163787842, 0.4989941120147705, 0.4688992500305176, 0.3155968189239502, 0.19384169578552246, 0.26235532760620117, 0.4060647487640381, 0.48054027557373047, 0.4857149124145508, 0.4593956470489502, 0.4312751293182373, 0.22883176803588867, 0.1959371566772461, 0.30107975006103516, 0.41584086418151855, 0.4816625118255615, 0.503272294998169, 0.4860527515411377, 0.4954373836517334, 0.3960700035095215, 0.1831989288330078, 0.2613356113433838, 0.40987205505371094, 0.4941239356994629, 0.5023236274719238, 0.517484188079834, 0.491257905960083, 0.4994699954986572, 0.5102763175964355, 0.4740257263183594, 0.19832181930541992, 0.21123480796813965, 0.33040499687194824, 0.469768762588501, 0.5042908191680908, 0.5274310111999512, 0.46486568450927734, 0.5101883411407471, 0.5196495056152344, 0.4897887706756592, 0.2713589668273926, 0.22132229804992676, 0.3569331169128418, 0.4909992218017578, 0.5025901794433594, 0.4907388687133789, 0.446087121963501, 0.25431180000305176, 0.20103931427001953, 0.3455486297607422, 0.4986608028411865, 0.4966404438018799, 0.4891700744628906, 0.2465684413909912, 0.22034454345703125, 0.3697164058685303, 0.499173641204834, 0.48076629638671875, 0.4966275691986084, 0.5047614574432373, 0.22193336486816406, 0.23705649375915527, 0.3672797679901123, 0.49151158332824707, 0.5114657878875732, 0.49179553985595703, 0.3142552375793457, 0.2271878719329834, 0.36034488677978516, 0.48045873641967773, 0.5149378776550293, 0.47917771339416504, 0.4775080680847168, 0.4873936176300049, 0.4828507900238037, 0.27671384811401367, 0.23307085037231445, 0.35192155838012695, 0.4898490905761719, 0.39062952995300293, 0.21151328086853027, 0.2892570495605469, 0.466170072555542, 0.5381326675415039, 0.47313666343688965, 0.4494624137878418, 0.249603271484375, 0.20248770713806152, 0.29790711402893066, 0.4418485164642334, 0.5034799575805664, 0.4723966121673584, 0.47426271438598633, 0.5099718570709229, 0.5081450939178467, 0.5224659442901611, 0.3905050754547119, 0.1938323974609375, 0.2900969982147217, 0.45038414001464844, 0.4796440601348877, 0.23408293724060059, 0.23524236679077148, 0.3849518299102783, 0.47808098793029785, 0.47564172744750977, 0.4879601001739502, 0.41457533836364746, 0.18949627876281738, 0.24730968475341797, 0.373854398727417, 0.48030519485473633, 0.4814331531524658, 0.2770256996154785, 0.21597027778625488, 0.36895132064819336, 0.4698152542114258, 0.47588300704956055, 0.3734314441680908, 0.19034886360168457, 0.20283770561218262, 0.2706916332244873, 0.3456075191497803, 0.49416208267211914, 0.4803924560546875, 0.466902494430542, 0.2624094486236572, 0.23027658462524414, 0.38020896911621094, 0.4893646240234375, 0.47814297676086426, 0.47928571701049805, 0.4745900630950928, 0.3894364833831787, 0.19103646278381348, 0.24958205223083496, 0.41195106506347656, 0.4920926094055176, 0.4847431182861328, 0.4971013069152832, 0.47133564949035645, 0.30138134956359863, 0.23868012428283691, 0.34973835945129395, 0.4645512104034424, 0.4852108955383301, 0.4920809268951416, 0.49791693687438965, 0.48627495765686035, 0.2402939796447754, 0.2046360969543457, 0.30774903297424316, 0.4273567199707031, 0.47013068199157715, 0.5010383129119873, 0.4828770160675049, 0.465360164642334, 0.2871556282043457, 0.194854736328125, 0.32201623916625977, 0.44764137268066406, 0.45343923568725586, 0.48775315284729004, 0.45446252822875977, 0.47486066818237305, 0.5036885738372803, 0.46593618392944336, 0.41677403450012207, 0.1953291893005371, 0.2752678394317627, 0.4136033058166504, 0.4705233573913574, 0.5281720161437988, 0.5048959255218506, 0.49018359184265137, 0.4565713405609131, 0.27738428115844727, 0.2159414291381836, 0.307159423828125, 0.47870874404907227, 0.4986612796783447, 0.46249866485595703, 0.2778050899505615, 0.23349761962890625, 0.38384246826171875, 0.48668766021728516, 