{"ID": 6, "inference time": [1.0057930946350098, 0.1620960235595703, 0.13379430770874023, 0.15070891380310059, 0.13775229454040527, 0.16372275352478027, 0.13259387016296387, 0.15233755111694336, 0.13646388053894043, 0.15250539779663086, 0.13687992095947266, 0.15615463256835938, 0.13324666023254395, 0.15594887733459473, 0.13572096824645996, 0.1493520736694336, 0.13492298126220703, 0.1549077033996582, 0.1410987377166748, 0.15841102600097656, 0.13442349433898926, 0.15803003311157227, 0.1387629508972168, 0.15149688720703125, 0.13506293296813965, 0.15107345581054688, 0.14235997200012207, 0.14580893516540527, 0.13369488716125488, 0.15272927284240723, 0.13276171684265137, 0.1630253791809082, 0.1338183879852295, 0.1494913101196289, 0.13731050491333008, 0.1539478302001953, 0.13843750953674316, 0.14998745918273926, 0.1367502212524414, 0.15669846534729004, 0.13463664054870605, 0.14479875564575195, 0.14281249046325684, 0.1584324836730957, 0.14440202713012695, 0.15183043479919434, 0.1313486099243164, 0.15664458274841309, 0.13360595703125, 0.15622639656066895, 0.13431119918823242, 0.15384578704833984, 0.13338589668273926, 0.15901780128479004, 0.13213729858398438, 0.14013981819152832, 0.12896251678466797, 0.15407848358154297, 0.13521838188171387, 0.15982413291931152, 0.13660001754760742, 0.15896892547607422, 0.12801122665405273, 0.15165400505065918, 0.13685989379882812, 0.15984773635864258, 0.12982439994812012, 0.15676140785217285, 0.13347506523132324, 0.15034770965576172, 0.12958979606628418, 0.15544676780700684, 0.1332097053527832, 0.14849519729614258, 0.1387934684753418, 0.15426993370056152, 0.12729597091674805, 0.15430855751037598, 0.13235139846801758, 0.2870631217956543, 0.14003348350524902, 0.1387467384338379, 0.14125752449035645, 0.14249038696289062, 0.13817214965820312, 0.14021015167236328, 0.13957619667053223, 0.1445450782775879, 0.14090752601623535, 0.145294189453125, 0.14180254936218262, 0.14028429985046387, 0.1358792781829834, 0.13521742820739746, 0.14230918884277344, 0.14046573638916016, 0.1399240493774414, 0.14197492599487305, 0.1409435272216797, 0.13829278945922852, 0.13825511932373047, 0.14007782936096191, 0.13580584526062012, 0.14269518852233887, 0.13560771942138672, 0.13519978523254395, 0.13688087463378906, 0.1393895149230957, 0.14025664329528809, 0.1373896598815918, 0.14056181907653809, 0.1459813117980957, 0.13827872276306152, 0.1431875228881836, 0.14217472076416016, 0.1386411190032959, 0.13665151596069336, 0.13701868057250977, 0.14308476448059082, 0.13744306564331055, 0.13562393188476562, 0.14082026481628418, 0.13914871215820312, 0.1454324722290039, 0.14104294776916504, 0.13749980926513672, 0.14112091064453125, 0.13565444946289062, 0.13827204704284668, 0.1366128921508789, 0.13606858253479004, 0.13989949226379395, 0.13840103149414062, 0.13801026344299316, 0.1376962661743164, 0.14173555374145508, 0.1390092372894287, 0.13647842407226562, 0.13512730598449707, 0.1412045955657959, 0.1350538730621338, 0.13538384437561035, 0.13636231422424316, 0.13513779640197754, 0.19998693466186523, 0.13829398155212402, 0.1410531997680664, 0.14339303970336914, 0.1405787467956543, 0.13770532608032227, 0.13884735107421875, 0.13699984550476074, 0.13991975784301758, 0.14053893089294434, 0.14391040802001953, 0.14287781715393066, 0.14272737503051758, 0.13981032371520996, 0.13815975189208984, 0.13341951370239258, 0.14543962478637695, 0.13965868949890137, 0.13876771926879883, 0.14002370834350586, 0.1406848430633545, 0.13201427459716797, 0.14296960830688477, 0.13512945175170898, 0.14331555366516113, 0.13468074798583984, 0.14279532432556152, 0.13655781745910645, 0.14616799354553223, 0.1377413272857666, 0.14127230644226074, 0.1387801170349121, 0.14867019653320312, 0.1390540599822998, 0.13803791999816895, 0.13534092903137207, 0.13659119606018066, 0.13979625701904297, 0.14726519584655762, 0.14099478721618652, 0.13910269737243652, 0.1447460651397705, 0.14216089248657227, 0.14142513275146484, 0.14699983596801758, 0.13843393325805664, 0.14888620376586914, 0.14416956901550293, 0.1434640884399414, 0.13810157775878906, 0.13955402374267578, 0.14189505577087402, 0.1446518898010254, 0.1418743133544922, 0.1499485969543457, 0.1426544189453125, 0.1456141471862793, 0.14088201522827148, 0.14377284049987793, 0.14008879661560059, 0.14256620407104492, 0.14273667335510254, 0.14466142654418945, 0.15011978149414062, 0.14986801147460938, 0.14626121520996094, 0.14629054069519043, 0.14145421981811523, 0.1466207504272461, 0.1455395221710205, 0.1440582275390625, 0.14183306694030762, 0.13729000091552734, 0.1467430591583252, 0.1456594467163086, 0.13716936111450195, 0.14696097373962402, 0.14523959159851074, 0.1444544792175293, 0.148040771484375, 0.1505870819091797, 0.13837742805480957, 0.14859795570373535, 0.1461031436920166, 0.14661526679992676, 0.14906597137451172, 0.1494464874267578, 0.1451587677001953, 0.14645791053771973, 0.14624953269958496, 0.14551997184753418, 0.145552396774292, 0.14206147193908691, 0.145615816116333, 0.14438700675964355, 0.1488816738128662, 0.1433579921722412, 0.1502068042755127, 0.13863468170166016, 0.1462562084197998, 0.1364455223083496, 0.1346418857574463, 0.1345529556274414, 0.14743566513061523, 0.13771605491638184, 0.1421353816986084, 0.1405937671661377, 0.14669513702392578, 0.13729286193847656, 0.14441680908203125, 0.14037013053894043, 0.14641189575195312, 0.14043331146240234, 0.14073419570922852, 0.13959527015686035, 0.15342450141906738, 0.29341793060302734, 0.16316723823547363, 0.13392305374145508, 0.16270756721496582, 0.13257360458374023, 0.15585088729858398, 0.13225483894348145, 0.16560912132263184, 0.1294872760772705, 0.17035293579101562, 0.12872576713562012, 0.1552107334136963, 0.13020825386047363, 0.1561729907989502, 0.13131499290466309, 0.15708255767822266, 0.1280839443206787, 0.1690976619720459, 0.13483667373657227, 0.15732908248901367, 0.13296961784362793, 0.16558361053466797, 0.1357119083404541, 0.1598496437072754, 0.12711167335510254, 0.16225123405456543, 0.13483667373657227, 0.16367387771606445, 0.13353776931762695, 0.17034626007080078, 0.13486385345458984, 0.1561434268951416, 0.13065338134765625, 0.15550780296325684, 0.13101601600646973, 0.16202950477600098, 0.13310861587524414, 0.16325759887695312, 0.1447603702545166, 0.17032599449157715, 0.13296151161193848, 0.16964173316955566, 0.135162353515625, 0.15651440620422363, 0.12799286842346191, 0.15925264358520508, 0.13073515892028809, 0.1529865264892578, 0.12803387641906738, 0.15271401405334473, 0.13039326667785645, 0.15586566925048828, 0.13301372528076172, 0.1630420684814453, 0.13420629501342773, 0.15937376022338867, 0.13916230201721191, 0.15790176391601562, 0.13044452667236328, 0.16800522804260254, 0.1356501579284668, 0.24306821823120117, 0.1341547966003418, 0.15569424629211426, 0.12909674644470215, 0.16184425354003906, 0.14144444465637207, 0.16226458549499512, 0.1344771385192871, 0.15268516540527344, 0.1338670253753662, 0.1546633243560791, 0.1290426254272461, 0.15209054946899414, 0.1326122283935547, 0.16141796112060547, 0.13071465492248535, 0.16130495071411133, 0.13947057723999023, 0.152604341506958, 0.13504362106323242, 0.15171241760253906, 0.13064002990722656, 0.1524350643157959, 0.13412117958068848, 0.15995526313781738, 0.14013099670410156, 0.15761041641235352, 0.12974286079406738, 0.15632319450378418, 0.1315600872039795, 0.15128660202026367, 0.129486083984375, 0.15065264701843262, 0.13744854927062988, 0.15448284149169922, 0.1273658275604248, 0.15407514572143555, 0.13437509536743164, 0.16394495964050293, 0.13486027717590332, 0.1607356071472168, 0.1296226978302002, 0.1555347442626953, 0.13004541397094727, 0.16327476501464844, 0.12894177436828613, 0.15143585205078125, 0.13148784637451172, 0.1563725471496582, 0.13378596305847168, 0.16847753524780273, 0.13335871696472168, 0.15343856811523438, 0.13274192810058594, 0.15778470039367676, 0.131669282913208, 0.16128277778625488, 0.1303234100341797, 0.17611122131347656, 0.13423919677734375, 0.1520085334777832, 0.136674165725708, 0.15660595893859863, 0.129502534866333, 