{"ID": 0, "inference time": [13.266988754272461, 0.15420079231262207, 0.09533190727233887, 0.13210177421569824, 0.11977481842041016, 0.10175895690917969, 0.10486841201782227, 0.12615084648132324, 0.12710881233215332, 0.12101244926452637, 0.13324379920959473, 0.1235966682434082, 0.12056612968444824, 0.10480904579162598, 0.09625363349914551, 0.1265559196472168, 0.10931110382080078, 0.09734702110290527, 0.09893345832824707, 0.11709141731262207, 0.11678194999694824, 0.11450910568237305, 0.11332559585571289, 0.0915217399597168, 0.11563801765441895, 0.12658309936523438, 0.10995340347290039, 0.09625434875488281, 0.09310650825500488, 0.10891175270080566, 0.11076760292053223, 0.09304261207580566, 0.10593318939208984, 0.1320488452911377, 0.1344916820526123, 0.12027955055236816, 0.12237071990966797, 0.11393928527832031, 0.10834717750549316, 0.09506082534790039, 0.09113955497741699, 0.11190462112426758, 0.09695076942443848, 0.09072399139404297, 0.12180709838867188, 0.12266016006469727, 0.10760688781738281, 0.09317803382873535, 0.12276840209960938, 0.12790632247924805, 0.11340117454528809, 0.10028672218322754, 0.11968517303466797, 0.11953496932983398, 0.11373257637023926, 0.09266924858093262, 0.09653878211975098, 0.11714696884155273, 0.11417937278747559, 0.08205008506774902, 0.11812615394592285, 0.11386466026306152, 0.1067190170288086, 0.1056671142578125, 0.11085867881774902, 0.11263179779052734, 0.11263275146484375, 0.10534358024597168, 0.11023712158203125, 0.11254310607910156, 0.1002812385559082, 0.09830617904663086, 0.1138143539428711, 0.11682510375976562, 0.0917050838470459, 0.09288287162780762, 0.11179757118225098, 0.11652302742004395, 0.09277844429016113, 0.08841657638549805, 0.11279797554016113, 0.11992383003234863, 0.09444379806518555, 0.11229681968688965, 0.11631417274475098, 0.10430169105529785, 0.10727787017822266, 0.1167898178100586, 0.10763096809387207, 0.10042476654052734, 0.12065386772155762, 0.12452840805053711, 0.11000752449035645, 0.09735512733459473, 0.1130971908569336, 0.11800885200500488, 0.12958955764770508, 0.11696219444274902, 0.08966732025146484, 0.09851813316345215, 0.12113356590270996, 0.11884236335754395, 0.11946630477905273, 0.10915088653564453, 0.1039583683013916, 0.0981900691986084, 0.11482739448547363, 0.11369562149047852, 0.0990903377532959, 0.09677243232727051, 0.11517643928527832, 0.11657452583312988, 0.1034097671508789, 0.10177779197692871, 0.09003281593322754, 0.12223124504089355, 0.10873842239379883, 0.09646916389465332, 0.09816193580627441, 0.10411214828491211, 0.11586165428161621, 0.09680032730102539, 0.09468317031860352, 0.10344123840332031, 0.10732913017272949, 0.09077167510986328, 0.09935545921325684, 0.11281824111938477, 0.09328913688659668, 0.09329557418823242, 0.11764788627624512, 0.10094904899597168, 0.0872650146484375, 0.11758065223693848, 0.10669159889221191, 0.09058952331542969, 0.09709739685058594, 0.11826753616333008, 0.11745786666870117, 0.1255207061767578, 0.12885475158691406, 0.11533260345458984, 0.09495186805725098, 0.0915985107421875, 0.10785627365112305, 0.11860179901123047, 0.09973382949829102, 0.09760546684265137, 0.11882424354553223, 0.11489295959472656, 0.10189056396484375, 0.0894021987915039, 0.11051130294799805, 0.1239469051361084, 0.11143374443054199, 0.09197664260864258, 0.12258625030517578, 0.11060762405395508, 0.11693644523620605, 0.11568284034729004, 0.10494756698608398, 0.0865180492401123, 0.11744451522827148, 0.10227394104003906, 0.11319851875305176, 0.11517834663391113, 0.11806392669677734, 0.10980224609375, 0.1137845516204834, 0.10039973258972168, 0.08799552917480469, 0.11422395706176758, 0.11048126220703125, 0.08759880065917969, 0.11174726486206055, 0.11315202713012695, 0.10465312004089355, 0.08802247047424316, 0.1148984432220459, 0.11226558685302734, 0.09580469131469727, 0.09299421310424805, 0.1137840747833252, 0.12060546875, 0.11179828643798828, 0.08846902847290039, 0.09578847885131836, 0.11203265190124512, 0.11370253562927246, 0.10162472724914551, 0.08854103088378906, 0.12208056449890137, 0.12906217575073242, 0.11379456520080566, 0.11409974098205566, 0.11557602882385254, 0.11187338829040527, 0.0999445915222168, 0.08463931083679199, 0.11627364158630371, 0.11840581893920898, 0.10998177528381348, 0.11305379867553711, 0.09014749526977539, 0.10778093338012695, 0.11758875846862793, 0.11999940872192383, 0.11732697486877441, 0.0898432731628418, 0.10323357582092285, 0.1170201301574707, 0.12427568435668945, 0.11515069007873535, 0.10120034217834473, 0.10748434066772461, 0.1185920238494873, 0.11464309692382812, 0.10455131530761719, 0.0847024917602539, 0.11718440055847168, 0.13048958778381348, 0.11960220336914062, 0.12920475006103516, 0.11390209197998047, 0.09257984161376953, 0.10132074356079102, 0.10853242874145508, 0.11446499824523926, 0.09146595001220703, 0.0927879810333252, 0.09658455848693848, 0.09180474281311035, 0.09684634208679199, 0.09400033950805664, 0.09482097625732422, 0.09940457344055176, 0.09470033645629883, 0.0922691822052002, 0.1014409065246582, 0.1002197265625, 0.09143257141113281, 0.1137857437133789, 0.10319805145263672, 0.10229301452636719, 0.10901331901550293, 0.11316967010498047, 0.10289669036865234, 0.09747910499572754, 0.10935187339782715, 0.09733772277832031, 0.09751749038696289, 0.11425161361694336, 0.11431503295898438, 0.09463000297546387, 0.10375165939331055, 0.11040425300598145, 0.12144041061401367, 0.11413455009460449, 0.09085988998413086, 0.1002345085144043, 0.11130499839782715, 0.11231160163879395, 0.09538507461547852, 0.09258365631103516, 0.10750293731689453, 0.10102725028991699, 0.08733320236206055, 0.09694981575012207, 0.09791183471679688, 0.09457731246948242, 0.11754584312438965, 0.09252119064331055, 0.10149145126342773, 0.10141801834106445, 0.0927271842956543, 0.10333013534545898, 0.10720014572143555, 0.10691380500793457, 0.09150290489196777, 0.1169898509979248, 0.11180949211120605, 0.11232638359069824, 0.12419748306274414, 0.10659599304199219, 0.09396219253540039, 0.10925531387329102, 0.1095888614654541, 0.09606575965881348, 0.09721875190734863, 0.11211538314819336, 0.11874938011169434, 0.09886741638183594, 0.09998083114624023, 0.1053779125213623, 0.11545085906982422, 0.10144305229187012, 0.10596704483032227, 0.08354711532592773, 0.1101217269897461, 0.10536503791809082, 0.08825087547302246, 0.1163170337677002, 0.11329531669616699, 0.09164834022521973, 0.10134363174438477, 0.11008000373840332, 0.08822464942932129, 0.09934210777282715, 0.08997058868408203, 0.08763504028320312, 0.10562586784362793, 0.0937047004699707, 0.0945899486541748, 0.10437750816345215, 0.11535882949829102, 0.09598183631896973, 0.10661172866821289, 0.11587095260620117, 0.10640501976013184, 0.09495258331298828, 0.11347723007202148, 0.09472203254699707, 0.08950448036193848, 0.10368633270263672, 0.09518933296203613, 0.08720159530639648, 0.11339426040649414, 0.1052849292755127, 0.08420872688293457, 0.10901021957397461, 0.11679530143737793, 0.1082763671875, 0.10538387298583984, 0.11927962303161621, 0.12259054183959961, 0.10118484497070312, 0.09722614288330078, 0.11719799041748047, 0.12427091598510742, 0.11145329475402832, 0.09784841537475586, 0.10055184364318848, 0.11651921272277832, 0.1198892593383789, 0.10701489448547363, 0.10334968566894531, 0.09847688674926758, 0.11282658576965332, 0.11298108100891113, 0.08641624450683594, 0.10991263389587402, 0.11753368377685547, 0.11402249336242676, 0.0926964282989502, 0.10360455513000488, 0.11520695686340332, 0.10783767700195312, 0.09883856773376465, 0.10050797462463379, 0.10617804527282715, 0.10685086250305176, 0.09590578079223633, 0.10126352310180664, 0.10986971855163574, 0.08901166915893555, 0.09476947784423828, 0.10712289810180664, 0.08854889869689941, 0.09685611724853516, 0.1054697036743164, 0.09374856948852539, 0.10261058807373047, 0.09874081611633301, 0.08955502510070801, 0.09738969802856445, 0.10933136940002441, 0.08999300003051758, 0.10118222236633301, 0.10803532600402832, 0.08838343620300293, 0.10291910171508789, 0.10338926315307617, 