{"ID": 5, "inference time": [13.172730684280396, 0.12260699272155762, 0.11494088172912598, 0.10513877868652344, 0.09772562980651855, 0.10293269157409668, 0.09359908103942871, 0.08812212944030762, 0.10358715057373047, 0.09633636474609375, 0.09713888168334961, 0.11511468887329102, 0.11721563339233398, 0.09826779365539551, 0.09473872184753418, 0.10869169235229492, 0.1152796745300293, 0.09510421752929688, 0.09825372695922852, 0.1265876293182373, 0.11306381225585938, 0.10849809646606445, 0.09026432037353516, 0.11153054237365723, 0.11025381088256836, 0.10152363777160645, 0.10814976692199707, 0.09991979598999023, 0.10698533058166504, 0.10172820091247559, 0.09627079963684082, 0.0923604965209961, 0.11160635948181152, 0.08652949333190918, 0.12746596336364746, 0.12052631378173828, 0.10351133346557617, 0.09411287307739258, 0.09516572952270508, 0.1080479621887207, 0.1136617660522461, 0.1002352237701416, 0.10174894332885742, 0.10266900062561035, 0.11423444747924805, 0.11395549774169922, 0.11762309074401855, 0.10367846488952637, 0.10257387161254883, 0.09022235870361328, 0.11535382270812988, 0.11681962013244629, 0.12044525146484375, 0.09851384162902832, 0.09288978576660156, 0.10857915878295898, 0.130537748336792, 0.12136220932006836, 0.09350323677062988, 0.10632491111755371, 0.11819624900817871, 0.12198638916015625, 0.10371661186218262, 0.10736370086669922, 0.11405825614929199, 0.10618114471435547, 0.12843680381774902, 0.11849403381347656, 0.09365487098693848, 0.09926009178161621, 0.1280202865600586, 0.1425156593322754, 0.13402867317199707, 0.1272904872894287, 0.1214761734008789, 0.11727380752563477, 0.1291501522064209, 0.1246330738067627, 0.12214922904968262, 0.11037516593933105, 0.09792351722717285, 0.1322920322418213, 0.12790966033935547, 0.1183781623840332, 0.10373735427856445, 0.08510231971740723, 0.11368060111999512, 0.1179502010345459, 0.10262441635131836, 0.09783601760864258, 0.1208200454711914, 0.12714600563049316, 0.10738897323608398, 0.09120988845825195, 0.10002803802490234, 0.10408902168273926, 0.1103818416595459, 0.1128389835357666, 0.09432601928710938, 0.10407328605651855, 0.13480520248413086, 0.12784051895141602, 0.12984728813171387, 0.11566400527954102, 0.10313892364501953, 0.09901189804077148, 0.11519479751586914, 0.11412668228149414, 0.09955215454101562, 0.1058051586151123, 0.130845308303833, 0.1403944492340088, 0.12022900581359863, 0.13237619400024414, 0.13965129852294922, 0.12497282028198242, 0.1106724739074707, 0.09674882888793945, 0.1227872371673584, 0.14586353302001953, 0.11978435516357422, 0.13033843040466309, 0.13332557678222656, 0.11522030830383301, 0.12556695938110352, 0.13109517097473145, 0.14638781547546387, 0.11244988441467285, 0.10240983963012695, 0.10080170631408691, 0.10750675201416016, 0.10605454444885254, 0.08464956283569336, 0.10977911949157715, 0.13834691047668457, 0.11926507949829102, 0.14385485649108887, 0.12220597267150879, 0.0901486873626709, 0.10265827178955078, 0.12452554702758789, 0.11597657203674316, 0.09438848495483398, 0.08828496932983398, 0.11130166053771973, 0.11914515495300293, 0.10063719749450684, 0.10073113441467285, 0.09666132926940918, 0.12786054611206055, 0.13353943824768066, 0.1180870532989502, 0.10853743553161621, 0.09635353088378906, 0.08666753768920898, 0.1262202262878418, 0.11865735054016113, 0.11497044563293457, 0.11700892448425293, 0.09314584732055664, 0.09756231307983398, 0.13512539863586426, 0.11941194534301758, 0.1223611831665039, 0.11121630668640137, 0.11893057823181152, 0.1302785873413086, 0.11885833740234375, 0.1211850643157959, 0.12985944747924805, 0.11544680595397949, 0.11703610420227051, 0.11570167541503906, 0.09866833686828613, 0.09764719009399414, 0.12538886070251465, 0.11524629592895508, 0.11706829071044922, 0.12043046951293945, 0.10844564437866211, 0.1271350383758545, 0.13287806510925293, 0.11671090126037598, 0.11307001113891602, 0.13250994682312012, 0.11695694923400879, 0.12831640243530273, 0.11551332473754883, 0.1302471160888672, 0.12004733085632324, 0.10747981071472168, 0.08736848831176758, 0.11763644218444824, 0.12481379508972168, 0.12007522583007812, 0.1324300765991211, 0.12227296829223633, 0.13286781311035156, 0.11650729179382324, 0.1283574104309082, 0.12694001197814941, 0.13335680961608887, 0.11518716812133789, 0.09743571281433105, 0.11962723731994629, 0.10997891426086426, 0.08902311325073242, 0.1185905933380127, 0.1133124828338623, 0.09713625907897949, 0.12276721000671387, 0.11816811561584473, 0.10547327995300293, 0.10756421089172363, 0.10741877555847168, 0.12119674682617188, 0.10702943801879883, 0.09929728507995605, 0.10776162147521973, 0.09643983840942383, 0.0883336067199707, 0.12513232231140137, 0.12389492988586426, 0.1111898422241211, 0.10233712196350098, 0.08541750907897949, 0.11100530624389648, 0.12063860893249512, 0.1187584400177002, 0.10777091979980469, 0.10605978965759277, 0.10385489463806152, 0.08930802345275879, 0.1251821517944336, 0.12873029708862305, 0.12136340141296387, 0.10749459266662598, 0.10564184188842773, 0.11441278457641602, 0.11556172370910645, 0.10141777992248535, 0.09879422187805176, 0.11599016189575195, 0.10289120674133301, 0.10847282409667969, 0.11308884620666504, 0.09404349327087402, 0.1115422248840332, 0.12929058074951172, 0.1297297477722168, 0.14061784744262695, 0.13574814796447754, 0.13228201866149902, 0.12607574462890625, 0.11441588401794434, 0.13535499572753906, 0.12494730949401855, 0.11192846298217773, 0.11191558837890625, 0.11729264259338379, 0.11503481864929199, 0.12402677536010742, 0.11800599098205566, 0.11731386184692383, 0.1113288402557373, 0.11547207832336426, 0.11415719985961914, 0.12546682357788086, 0.11552953720092773, 0.09520077705383301, 0.08570098876953125, 0.11484909057617188, 0.11733746528625488, 0.12025737762451172, 0.10991597175598145, 0.12363529205322266, 0.10119748115539551, 0.09514665603637695, 0.12120819091796875, 0.13124823570251465, 0.12976455688476562, 0.12466573715209961, 0.10715436935424805, 0.09362125396728516, 0.0987250804901123, 0.11631584167480469, 0.10723638534545898, 0.0946204662322998, 0.11179733276367188, 0.10992097854614258, 0.10191655158996582, 0.10549521446228027, 0.10324740409851074, 0.1111147403717041, 0.1189272403717041, 0.10993695259094238, 0.1094369888305664, 0.09727764129638672, 0.09547996520996094, 0.10358047485351562, 0.0862112045288086, 0.09567666053771973, 0.10776233673095703, 0.09896159172058105, 0.09113121032714844, 0.1032867431640625, 0.1137237548828125, 0.10894083976745605, 0.09501004219055176, 0.11987185478210449, 0.11680221557617188, 0.11702370643615723, 0.12118101119995117, 0.11034631729125977, 0.109466552734375, 0.10046625137329102, 0.09133505821228027, 0.11273193359375, 0.1255507469177246, 0.12662196159362793, 0.12302017211914062, 0.13169360160827637, 0.11847567558288574, 0.098968505859375, 0.10175156593322754, 0.11724114418029785, 0.11617565155029297, 0.13526034355163574, 0.12252402305603027, 0.11971092224121094, 0.10651135444641113, 0.08724164962768555, 0.12044978141784668, 0.12732553482055664, 0.11297082901000977, 0.10724377632141113, 0.09149527549743652, 0.11258625984191895, 0.11175704002380371, 0.12419366836547852, 0.10943746566772461, 0.1079106330871582, 0.09795904159545898, 0.09081339836120605, 0.11128616333007812, 0.11166930198669434, 0.09792757034301758, 0.0826563835144043, 0.13005781173706055, 0.127183198928833, 0.11724042892456055, 0.1119527816772461, 0.12866449356079102, 0.1188204288482666, 0.12587451934814453, 0.1271660327911377, 0.11948108673095703, 0.11360549926757812, 0.10115647315979004, 0.11551451683044434, 0.12435221672058105, 0.12078213691711426, 0.10367655754089355, 0.10936212539672852, 0.10233855247497559, 0.09244060516357422, 0.1158597469329834, 0.0978844165802002, 0.09400343894958496, 0.11298155784606934, 0.11848211288452148, 0.10812520980834961, 0.1060795783996582, 0.11170649528503418, 0.09772229194641113, 0.08271908760070801, 0.1177370548248291, 0.12869668006896973, 0.12621688842773438, 0.11622214317321777, 0.12697720527648926, 0.11995172500610352, 0.10255908966064453, 