{"ID": 5, "inference time": [1.7819981575012207, 0.16676020622253418, 0.1603717803955078, 0.1620042324066162, 0.15950775146484375, 0.16111350059509277, 0.1634213924407959, 0.16336464881896973, 0.16597223281860352, 0.17092108726501465, 0.16245484352111816, 0.16530895233154297, 0.1680452823638916, 0.1629641056060791, 0.16679811477661133, 0.1631789207458496, 0.16457128524780273, 0.16473698616027832, 0.16497278213500977, 0.16315436363220215, 0.16263318061828613, 0.16436219215393066, 0.16121387481689453, 0.16885042190551758, 0.16080641746520996, 0.1582026481628418, 0.1642298698425293, 0.16654682159423828, 0.1684103012084961, 0.16628384590148926, 0.1666712760925293, 0.16381168365478516, 0.15433335304260254, 0.1630113124847412, 0.15674924850463867, 0.17230606079101562, 0.16024422645568848, 0.15838313102722168, 0.15667986869812012, 0.16153788566589355, 0.15909075736999512, 0.16054987907409668, 0.15885543823242188, 0.16677331924438477, 0.16239166259765625, 0.15853643417358398, 0.16142487525939941, 0.16156959533691406, 0.16339635848999023, 0.15645456314086914, 0.16333842277526855, 0.16190648078918457, 0.15935730934143066, 0.15961503982543945, 0.1656038761138916, 0.16198158264160156, 0.1584761142730713, 0.16550135612487793, 0.15805435180664062, 0.16128325462341309, 0.1598818302154541, 0.16262197494506836, 0.1582643985748291, 0.1643362045288086, 0.15369033813476562, 0.15708136558532715, 0.15883231163024902, 0.1611800193786621, 0.16086983680725098, 0.154282808303833, 0.16110944747924805, 0.1627483367919922, 0.16063737869262695, 0.15906596183776855, 0.16749787330627441, 0.15695786476135254, 0.16179347038269043, 0.1575608253479004, 0.15604519844055176, 0.16485595703125, 0.1629347801208496, 0.15796279907226562, 0.16233134269714355, 0.16599154472351074, 0.15977168083190918, 0.16262269020080566, 0.16257905960083008, 0.36747288703918457, 0.1705338954925537, 0.16166996955871582, 0.16482281684875488, 0.1654529571533203, 0.1678626537322998, 0.1693887710571289, 0.1632993221282959, 0.1633925437927246, 0.16455435752868652, 0.16462016105651855, 0.15923833847045898, 0.15951919555664062, 0.16180419921875, 0.17048001289367676, 0.1605510711669922, 0.16248679161071777, 0.16615962982177734, 0.16274642944335938, 0.16674232482910156, 0.16961455345153809, 0.16779613494873047, 0.16414880752563477, 0.16676545143127441, 0.1637437343597412, 0.1621243953704834, 0.1681663990020752, 0.16865873336791992, 0.16960477828979492, 0.16805338859558105, 0.16985130310058594, 0.1649179458618164, 0.16845369338989258, 0.16777515411376953, 0.16442084312438965, 0.16091632843017578, 0.16483712196350098, 0.16092944145202637, 0.16637897491455078, 0.1658017635345459, 0.16146516799926758, 0.16312694549560547, 0.16453218460083008, 0.16180872917175293, 0.1665782928466797, 0.16997790336608887, 0.16881799697875977, 0.16454768180847168, 0.170912504196167, 0.1646416187286377, 0.164933443069458, 0.16176128387451172, 0.16467022895812988, 0.19009828567504883, 0.16497540473937988, 0.1670360565185547, 0.16214704513549805, 0.16795682907104492, 0.16267633438110352, 0.17078638076782227, 0.16253209114074707, 0.16224980354309082, 0.16416215896606445, 0.1666426658630371, 0.16841983795166016, 0.16252970695495605, 0.16250014305114746, 0.16118407249450684, 0.16152620315551758, 0.15940332412719727, 0.16176319122314453, 0.167100191116333, 0.16107439994812012, 0.16066622734069824, 0.1663062572479248, 0.16279101371765137, 0.1669309139251709, 0.15729904174804688, 0.1648998260498047, 0.1651136875152588, 0.16424250602722168, 0.1643238067626953, 0.1694955825805664, 0.1658632755279541, 0.16135835647583008, 0.163987398147583, 0.16591525077819824, 0.16157007217407227, 0.16495633125305176, 0.1673581600189209, 0.16086983680725098, 0.15984153747558594, 0.16242718696594238, 0.2967698574066162, 0.1627488136291504, 0.16294598579406738, 0.16768407821655273, 0.1598968505859375, 0.16382217407226562, 0.1617124080657959, 0.16017818450927734, 0.16712164878845215, 0.16711997985839844, 0.16408109664916992, 0.1581742763519287, 0.1676187515258789, 0.15973925590515137, 0.15982747077941895, 0.16609430313110352, 0.1605088710784912, 0.16736102104187012, 0.16578197479248047, 0.16425442695617676, 0.16069483757019043, 0.16353845596313477, 0.16971540451049805, 0.16491150856018066, 0.1628108024597168, 0.15755629539489746, 0.16162109375, 0.1639726161956787, 0.16298985481262207, 0.15917515754699707, 0.16664433479309082, 0.1715245246887207, 0.16124844551086426, 0.16081619262695312, 0.16519379615783691, 0.15888404846191406, 0.15637540817260742, 0.16252994537353516, 0.16614031791687012, 0.16596055030822754, 0.1670055389404297, 0.15659165382385254, 0.16412091255187988, 0.16692066192626953, 0.1714482307434082, 0.16312575340270996, 0.1635293960571289, 0.1709747314453125, 0.16722679138183594, 0.16481661796569824, 0.16405415534973145, 0.1666545867919922, 0.1630570888519287, 0.16283321380615234, 0.17882680892944336, 0.16749930381774902, 0.1621551513671875, 0.16751527786254883, 0.15990567207336426, 0.163740873336792, 0.17035555839538574, 0.16300606727600098, 0.16518568992614746, 0.16208291053771973, 0.16286158561706543, 0.1649327278137207, 0.15960478782653809, 0.16326332092285156, 0.16081976890563965, 0.15939068794250488, 0.15981531143188477, 0.16371488571166992, 0.1638352870941162, 0.16729998588562012, 0.16361141204833984, 0.16622447967529297, 0.16254591941833496, 0.16754508018493652, 0.1586463451385498, 0.16004633903503418, 0.16380524635314941, 0.16119098663330078, 0.16688942909240723, 0.1654191017150879, 0.1673426628112793, 0.16414833068847656, 0.16717290878295898, 0.16052842140197754, 0.16261839866638184, 0.1669163703918457, 0.16321325302124023, 0.16628503799438477, 0.1631026268005371, 0.1618969440460205, 0.161848783493042, 0.15800738334655762, 0.16268587112426758, 0.1638197898864746, 0.16697120666503906, 0.16115331649780273, 0.16468238830566406, 0.16574811935424805, 0.16767525672912598, 0.16207671165466309, 0.1659090518951416, 0.16459369659423828, 0.1623835563659668, 0.1635446548461914, 0.17424750328063965, 0.16938090324401855, 0.15915584564208984, 0.16771483421325684, 0.17166519165039062, 0.16357707977294922, 0.18179678916931152, 0.16309356689453125, 0.16270017623901367, 0.16969823837280273, 0.16316533088684082, 0.16524267196655273, 0.16144394874572754, 0.16605186462402344, 0.16849470138549805, 0.16374564170837402, 0.16896939277648926, 0.16641592979431152, 0.1617588996887207, 0.1588454246520996, 0.16622662544250488, 0.15940523147583008, 0.15947532653808594, 0.16720318794250488, 0.15875911712646484, 0.16111445426940918, 0.15986204147338867, 0.16570019721984863, 0.16545462608337402, 0.20491623878479004, 0.16693472862243652, 0.15657973289489746, 0.1607654094696045, 0.16516995429992676, 0.16085505485534668, 0.16087055206298828, 0.16119933128356934, 0.16210699081420898, 0.1640028953552246, 0.1681210994720459, 0.166334867477417, 0.16617488861083984, 0.16341948509216309, 0.16356301307678223, 0.16540741920471191, 0.16015100479125977, 0.159895658493042, 0.16449904441833496, 0.1652987003326416, 0.16350626945495605, 0.16089415550231934, 0.16703367233276367, 0.163161039352417, 0.16329216957092285, 0.16147589683532715, 0.16645050048828125, 0.16387128829956055, 0.1620333194732666, 0.16254711151123047, 0.15932106971740723, 0.16928935050964355, 0.16808152198791504, 0.16643095016479492, 0.16816449165344238, 0.1651899814605713, 0.16696834564208984, 0.16148161888122559, 0.16185641288757324, 0.16408991813659668, 0.15988445281982422, 0.16281461715698242, 0.15984463691711426, 0.1609969139099121, 0.16166377067565918, 0.16945147514343262, 0.1613020896911621, 0.15913891792297363, 0.1638326644897461, 0.1606435775756836, 0.1688518524169922, 0.16401195526123047, 0.16588616371154785, 0.16212797164916992, 0.16048717498779297, 0.17046856880187988, 0.16307997703552246, 0.16467952728271484, 0.166473388671875, 0.16439175605773926, 0.16613125801086426, 0.16579103469848633, 0.16428875923156738, 0.1670980453491211, 0.16257667541503906, 0.17101144790649414, 0.16265296936035156, 0.1617748737335205, 