{"ID": 7, "inference time": [13.728636264801025, 0.08358955383300781, 0.09725213050842285, 0.2273116111755371, 0.1789999008178711, 0.13339757919311523, 0.09380149841308594, 0.10657215118408203, 0.10400772094726562, 0.09374284744262695, 0.09541082382202148, 0.10312342643737793, 0.07555961608886719, 0.08543038368225098, 0.1068723201751709, 0.09107756614685059, 0.10714840888977051, 0.10598301887512207, 0.09039974212646484, 0.09341096878051758, 0.10581231117248535, 0.09375476837158203, 0.11570167541503906, 0.10409855842590332, 0.08915376663208008, 0.09128403663635254, 0.10692477226257324, 0.09721899032592773, 0.11013054847717285, 0.1061551570892334, 0.0801854133605957, 0.09157180786132812, 0.1042022705078125, 0.0956563949584961, 0.10531854629516602, 0.10384106636047363, 0.0843043327331543, 0.09157943725585938, 0.10538268089294434, 0.09537124633789062, 0.10762763023376465, 0.10553622245788574, 0.09078764915466309, 0.09221053123474121, 0.104736328125, 0.09176421165466309, 0.1039588451385498, 0.10512685775756836, 0.1027059555053711, 0.09057307243347168, 0.1054844856262207, 0.09610199928283691, 0.1109919548034668, 0.1133122444152832, 0.10035133361816406, 0.09343743324279785, 0.11212038993835449, 0.10534191131591797, 0.1146547794342041, 0.11167764663696289, 0.1009211540222168, 0.10273385047912598, 0.11296772956848145, 0.09152746200561523, 0.10904526710510254, 0.11816596984863281, 0.11393308639526367, 0.11075377464294434, 0.10909438133239746, 0.09901690483093262, 0.13423585891723633, 0.1151285171508789, 0.10977888107299805, 0.10201478004455566, 0.11558032035827637, 0.1010282039642334, 0.12337779998779297, 0.11298775672912598, 0.1029205322265625, 0.10228490829467773, 0.12113785743713379, 0.10001349449157715, 0.12034988403320312, 0.11364197731018066, 0.09812474250793457, 0.11054849624633789, 0.1092836856842041, 0.09452199935913086, 0.1164846420288086, 0.1106114387512207, 0.0906829833984375, 0.09085893630981445, 0.10826730728149414, 0.10301923751831055, 0.11748170852661133, 0.10751581192016602, 0.10296940803527832, 0.09548640251159668, 0.10648536682128906, 0.0967710018157959, 0.10442924499511719, 0.10440540313720703, 0.10379648208618164, 0.0926520824432373, 0.1060943603515625, 0.09314203262329102, 0.11216592788696289, 0.11187362670898438, 0.10688400268554688, 0.10023760795593262, 0.1111292839050293, 0.08842802047729492, 0.1003413200378418, 0.09848952293395996, 0.10095834732055664, 0.11089181900024414, 0.10927367210388184, 0.10200667381286621, 0.10032343864440918, 0.11194372177124023, 0.08658027648925781, 0.10257768630981445, 0.10349464416503906, 0.09262752532958984, 0.11226058006286621, 0.10954666137695312, 0.10050153732299805, 0.09597182273864746, 0.10633635520935059, 0.08491826057434082, 0.09059023857116699, 0.10210633277893066, 0.10898661613464355, 0.10749650001525879, 0.10721588134765625, 0.08609652519226074, 0.10137033462524414, 0.11276435852050781, 0.07971549034118652, 0.09608650207519531, 0.10361647605895996, 0.09866094589233398, 0.1144418716430664, 0.10689806938171387, 0.09127140045166016, 0.1003568172454834, 0.11115550994873047, 0.0855863094329834, 0.1021723747253418, 0.10104179382324219, 0.09714937210083008, 0.11275911331176758, 0.10546278953552246, 0.0906684398651123, 0.09517741203308105, 0.10496926307678223, 0.0841367244720459, 0.09302806854248047, 0.10031628608703613, 0.09235167503356934, 0.11094093322753906, 0.10951519012451172, 0.10413098335266113, 0.10746049880981445, 0.11045122146606445, 0.08294391632080078, 0.10364341735839844, 0.09905147552490234, 0.09569215774536133, 0.1067495346069336, 0.10768795013427734, 0.09981966018676758, 0.11055803298950195, 0.11081218719482422, 0.08343291282653809, 0.0905616283416748, 0.10554003715515137, 0.08469700813293457, 0.10579085350036621, 0.1084892749786377, 0.10911822319030762, 0.11181116104125977, 0.10840249061584473, 0.09599494934082031, 0.09518051147460938, 0.11364054679870605, 0.09294557571411133, 0.09405970573425293, 0.10365486145019531, 0.08572697639465332, 0.10861444473266602, 0.1153404712677002, 0.11234831809997559, 0.10407400131225586, 0.11288928985595703, 0.08592057228088379, 0.09562420845031738, 0.10946130752563477, 0.08194780349731445, 0.1015315055847168, 0.11324429512023926, 0.11012625694274902, 0.10522937774658203, 0.11030268669128418, 0.09674859046936035, 0.10075998306274414, 0.10912823677062988, 0.08598661422729492, 0.09315681457519531, 0.1093299388885498, 0.08835220336914062, 0.11172080039978027, 0.11380553245544434, 0.10703754425048828, 0.10039329528808594, 0.11125874519348145, 0.09362030029296875, 0.09509873390197754, 0.10881567001342773, 0.0829310417175293, 0.09240579605102539, 0.09964251518249512, 0.08942389488220215, 0.10704350471496582, 0.10743427276611328, 0.10752677917480469, 0.10743212699890137, 0.11319470405578613, 0.09177064895629883, 0.09548497200012207, 0.10859489440917969, 0.08010387420654297, 0.0993201732635498, 0.10364842414855957, 0.11495852470397949, 0.10052061080932617, 0.10662293434143066, 0.09154891967773438, 0.09957671165466309, 0.10799837112426758, 0.08826756477355957, 0.08884167671203613, 0.10735344886779785, 0.09539651870727539, 0.10821032524108887, 0.10718464851379395, 0.10876679420471191, 0.10526871681213379, 0.10905933380126953, 0.1006765365600586, 0.1007988452911377, 0.1077423095703125, 0.08101415634155273, 0.09515380859375, 0.1065065860748291, 0.08619260787963867, 0.1098945140838623, 0.11079859733581543, 0.1163947582244873, 0.1082766056060791, 0.1117410659790039, 0.08515763282775879, 0.09386706352233887, 0.10816693305969238, 0.08739709854125977, 0.10280060768127441, 0.10670804977416992, 0.09180212020874023, 0.10602498054504395, 0.10966110229492188, 0.09261727333068848, 0.09481978416442871, 0.10696673393249512, 0.08407926559448242, 0.09137392044067383, 0.10745978355407715, 0.08146929740905762, 0.10055088996887207, 0.11274862289428711, 0.10630154609680176, 0.10194993019104004, 0.1064453125, 0.09254765510559082, 0.09903907775878906, 0.1087639331817627, 0.08841228485107422, 0.09228229522705078, 0.10700821876525879, 0.0817413330078125, 0.09795069694519043, 0.10216188430786133, 0.0957021713256836, 0.10570740699768066, 0.10676765441894531, 0.09141874313354492, 0.09571051597595215, 0.10930275917053223, 0.08414864540100098, 0.09569954872131348, 0.10285234451293945, 0.08768892288208008, 0.10715198516845703, 0.1093289852142334, 0.11075758934020996, 0.10145449638366699, 0.108306884765625, 0.09108901023864746, 0.09386730194091797, 0.10753345489501953, 0.07968521118164062, 0.09112858772277832, 0.10535287857055664, 0.08177447319030762, 0.09734988212585449, 0.11405348777770996, 0.1155235767364502, 0.10208630561828613, 0.1062321662902832, 0.08871674537658691, 0.09967947006225586, 0.10896420478820801, 0.09015250205993652, 0.09556913375854492, 0.10641813278198242, 0.08946919441223145, 0.09336256980895996, 0.10656523704528809, 0.07863426208496094, 0.08950543403625488, 0.10704588890075684, 0.07695889472961426, 0.09116578102111816, 0.10617589950561523, 0.08032655715942383, 0.09363174438476562, 0.1099393367767334, 0.08189511299133301, 0.09217596054077148, 0.10498332977294922, 0.08086729049682617, 0.08808755874633789, 0.10802745819091797, 0.0811467170715332, 0.09105610847473145, 0.10693955421447754, 0.08423352241516113, 0.0910038948059082, 0.10676360130310059, 0.08124303817749023, 0.08865880966186523, 0.10539126396179199, 0.08404254913330078, 0.08941197395324707, 0.10228300094604492, 0.08029365539550781, 0.08996462821960449, 0.10432219505310059, 0.07785582542419434, 0.08898615837097168, 0.10184144973754883, 0.07860779762268066, 0.08448433876037598, 0.1069490909576416, 0.09413433074951172, 0.09500432014465332, 0.10898590087890625, 0.07760906219482422, 0.09187150001525879, 0.10541462898254395, 0.09242796897888184, 0.09451699256896973, 0.10686707496643066, 0.07610011100769043, 0.08929848670959473, 0.10736513137817383, 0.09423947334289551, 0.09513258934020996, 0.10739827156066895, 0.08119368553161621, 0.09358406066894531, 0.10661530494689941, 0.0906221866607666, 0.09389710426330566, 