{"ID": 5, "inference time": [15.554353952407837, 0.17574787139892578, 0.1296696662902832, 0.1366431713104248, 0.17005491256713867, 0.12198615074157715, 0.14036178588867188, 0.17984700202941895, 0.12127423286437988, 0.15593719482421875, 0.17743635177612305, 0.13339567184448242, 0.13817763328552246, 0.17360877990722656, 0.12399125099182129, 0.14987993240356445, 0.1773531436920166, 0.13375186920166016, 0.14293766021728516, 0.17673468589782715, 0.12880301475524902, 0.15229177474975586, 0.17546772956848145, 0.1374514102935791, 0.14269137382507324, 0.18242406845092773, 0.13083910942077637, 0.14925456047058105, 0.18169808387756348, 0.1305992603302002, 0.1458437442779541, 0.18023085594177246, 0.12423944473266602, 0.1504049301147461, 0.1817481517791748, 0.1270160675048828, 0.13967394828796387, 0.18269920349121094, 0.1269972324371338, 0.15206003189086914, 0.18236112594604492, 0.14790058135986328, 0.1488497257232666, 0.16846704483032227, 0.1322481632232666, 0.1514449119567871, 0.17690634727478027, 0.1328105926513672, 0.1466219425201416, 0.1813826560974121, 0.13552165031433105, 0.15301275253295898, 0.17851924896240234, 0.13005900382995605, 0.14288806915283203, 0.18036508560180664, 0.12288188934326172, 0.15299582481384277, 0.18002653121948242, 0.1241767406463623, 0.1484203338623047, 0.15743803977966309, 0.13921165466308594, 0.14848709106445312, 0.1764223575592041, 0.13700389862060547, 0.14758920669555664, 0.1797323226928711, 0.12513971328735352, 0.14503812789916992, 0.17921710014343262, 0.12795639038085938, 0.14792180061340332, 0.16665291786193848, 0.1448521614074707, 0.14957356452941895, 0.18205475807189941, 0.13164353370666504, 0.13983607292175293, 0.19318652153015137, 0.12566900253295898, 0.15552234649658203, 0.17630553245544434, 0.1365494728088379, 0.15038323402404785, 0.18599891662597656, 0.12675714492797852, 0.15764284133911133, 0.1800069808959961, 0.13208866119384766, 0.1490333080291748, 0.18581318855285645, 0.12783193588256836, 0.15772366523742676, 0.18201780319213867, 0.1330859661102295, 0.15142130851745605, 0.16656970977783203, 0.1390697956085205, 0.15144777297973633, 0.1720879077911377, 0.1334841251373291, 0.15091919898986816, 0.16614222526550293, 0.1358811855316162, 0.15404534339904785, 0.19143152236938477, 0.14513945579528809, 0.1610889434814453, 0.16988420486450195, 0.1333754062652588, 0.1472322940826416, 0.17682600021362305, 0.12660741806030273, 0.15191435813903809, 0.18612122535705566, 0.12994813919067383, 0.15323758125305176, 0.16508007049560547, 0.13053584098815918, 0.15134119987487793, 0.18749117851257324, 0.12860822677612305, 0.15002202987670898, 0.17679548263549805, 0.1406261920928955, 0.1578366756439209, 0.16733956336975098, 0.13080477714538574, 0.14478516578674316, 0.17791962623596191, 0.12732434272766113, 0.15366029739379883, 0.1840662956237793, 0.12811517715454102, 0.15620660781860352, 0.1708216667175293, 0.13604331016540527, 0.14862585067749023, 0.17766261100769043, 0.12776684761047363, 0.15311479568481445, 0.18167638778686523, 0.14633774757385254, 0.15935349464416504, 0.16867637634277344, 0.1288280487060547, 0.14093518257141113, 0.17347455024719238, 0.12684178352355957, 0.15233111381530762, 0.17328286170959473, 0.1351332664489746, 0.15448307991027832, 0.1644124984741211, 0.13356232643127441, 0.14733338356018066, 0.17409849166870117, 0.1244814395904541, 0.15278387069702148, 0.18265366554260254, 0.13753771781921387, 0.15699219703674316, 0.16374897956848145, 0.1273641586303711, 0.14514875411987305, 0.18199372291564941, 0.11914849281311035, 0.15590500831604004, 0.18295550346374512, 0.13090729713439941, 0.1548769474029541, 0.17284202575683594, 0.14010977745056152, 0.1496133804321289, 0.16510963439941406, 0.13530707359313965, 0.1465914249420166, 0.18534111976623535, 0.1294102668762207, 0.15750932693481445, 0.175886869430542, 0.12869477272033691, 0.15852570533752441, 0.16607666015625, 0.13493561744689941, 0.154327392578125, 0.16359210014343262, 0.13065719604492188, 0.14826035499572754, 0.18279337882995605, 0.11939382553100586, 0.16115093231201172, 0.17260408401489258, 0.1300525665283203, 0.15592432022094727, 0.16687488555908203, 0.12587952613830566, 0.14982271194458008, 0.18474864959716797, 0.12560176849365234, 0.15677642822265625, 0.17482399940490723, 0.13494610786437988, 0.15802812576293945, 0.16911602020263672, 0.12810873985290527, 0.15473055839538574, 0.17038774490356445, 0.12801003456115723, 0.1491718292236328, 0.1819167137145996, 0.1218264102935791, 0.15494322776794434, 0.1758890151977539, 0.13461875915527344, 0.15576720237731934, 0.16506218910217285, 0.14163875579833984, 0.14975261688232422, 0.18037724494934082, 0.12687301635742188, 0.15464568138122559, 0.1775224208831787, 0.1275486946105957, 0.16102981567382812, 0.1760573387145996, 0.13648080825805664, 0.15837430953979492, 0.16219735145568848, 0.13320446014404297, 0.1525723934173584, 0.17551946640014648, 0.12871170043945312, 0.15455055236816406, 0.1722702980041504, 0.1294567584991455, 0.1565079689025879, 0.16562676429748535, 0.14053726196289062, 0.1496140956878662, 0.16974711418151855, 0.13019394874572754, 0.14952921867370605, 0.17718744277954102, 0.11959505081176758, 0.15793132781982422, 0.16729259490966797, 0.1377863883972168, 0.1590569019317627, 0.17357230186462402, 0.13965082168579102, 0.15690851211547852, 0.17879414558410645, 0.1271064281463623, 0.1552889347076416, 0.1771237850189209, 0.12320923805236816, 0.16068577766418457, 0.1690831184387207, 0.12842035293579102, 0.15749001502990723, 0.16090869903564453, 0.12888383865356445, 0.15392446517944336, 0.17552781105041504, 0.11826133728027344, 0.16206812858581543, 0.1733684539794922, 0.12822318077087402, 0.15955352783203125, 0.17324280738830566, 0.13660025596618652, 0.15352511405944824, 0.16596055030822754, 0.13027644157409668, 0.15376615524291992, 0.17649507522583008, 0.1204535961151123, 0.1554889678955078, 0.1706850528717041, 0.12835693359375, 0.16153430938720703, 0.1700584888458252, 0.13326263427734375, 0.16102814674377441, 0.15477728843688965, 0.13285160064697266, 0.15304088592529297, 0.18550634384155273, 0.12220907211303711, 0.16375327110290527, 0.1638491153717041, 0.1373305320739746, 0.1610414981842041, 0.16381263732910156, 0.12968659400939941, 0.15375351905822754, 0.17264318466186523, 0.1255168914794922, 0.14855456352233887, 0.17558789253234863, 0.11912250518798828, 0.15556883811950684, 0.15864324569702148, 0.12485599517822266, 0.15727782249450684, 0.16065001487731934, 0.1264328956604004, 0.15232419967651367, 0.17201519012451172, 0.12736082077026367, 0.14816546440124512, 0.1792922019958496, 0.1237630844116211, 0.16286802291870117, 0.1730494499206543, 0.12735605239868164, 0.1651160717010498, 0.1557455062866211, 0.13196015357971191, 0.16444778442382812, 0.16032052040100098, 0.12594842910766602, 0.16225266456604004, 0.157850980758667, 0.13198518753051758, 0.1660630702972412, 0.16187191009521484, 0.1284313201904297, 0.1627819538116455, 0.1599876880645752, 0.12967443466186523, 0.16432762145996094, 0.16479969024658203, 0.1315600872039795, 0.15994906425476074, 0.15826201438903809, 0.1254415512084961, 0.1615903377532959, 0.15627098083496094, 0.12305760383605957, 0.1636209487915039, 0.15792298316955566, 0.1308736801147461, 0.1660170555114746, 0.16216087341308594, 0.12637543678283691, 0.16379356384277344, 0.1598951816558838, 0.13328194618225098, 0.1640322208404541, 0.14000201225280762, 0.13523554801940918, 0.16525816917419434, 0.15795612335205078, 0.1328122615814209, 0.1627185344696045, 0.1514582633972168, 0.12978863716125488, 0.16353631019592285, 0.15432143211364746, 0.1306934356689453, 0.1636204719543457, 0.14278030395507812, 0.12633275985717773, 0.16799306869506836, 0.1600503921508789, 0.13138270378112793, 0.16469359397888184, 0.14412569999694824, 0.1296534538269043, 0.1682593822479248, 0.15569806098937988, 0.13010740280151367, 0.16698002815246582, 0.1602649688720703, 0.12755966186523438, 0.1633613109588623, 0.15816593170166016, 0.12973666191101074, 0.1639695167541504, 0.15714049339294434, 0.13008999824523926, 0.16476941108703613, 