{"ID": 6, "inference time": [15.18448519706726, 0.2279801368713379, 0.1270160675048828, 0.10034012794494629, 0.1280984878540039, 0.09747862815856934, 0.13159418106079102, 0.0947725772857666, 0.12520337104797363, 0.09473538398742676, 0.12338900566101074, 0.09753131866455078, 0.12120246887207031, 0.09734416007995605, 0.12651991844177246, 0.09400153160095215, 0.1271212100982666, 0.09546327590942383, 0.13338518142700195, 0.10394763946533203, 0.12790155410766602, 0.1062479019165039, 0.12774968147277832, 0.1007843017578125, 0.1273033618927002, 0.10366988182067871, 0.12552332878112793, 0.10408663749694824, 0.12978434562683105, 0.10396480560302734, 0.1225728988647461, 0.10629701614379883, 0.12541675567626953, 0.10349369049072266, 0.12696266174316406, 0.09860467910766602, 0.12967872619628906, 0.10117125511169434, 0.12798619270324707, 0.09787535667419434, 0.12750601768493652, 0.09146380424499512, 0.11703944206237793, 0.10463690757751465, 0.12674760818481445, 0.11184477806091309, 0.1296985149383545, 0.0983285903930664, 0.1287832260131836, 0.1103813648223877, 0.11797261238098145, 0.09531188011169434, 0.1273667812347412, 0.10655570030212402, 0.13169288635253906, 0.11371874809265137, 0.12962675094604492, 0.10995006561279297, 0.13114500045776367, 0.09775781631469727, 0.13092875480651855, 0.10359334945678711, 0.12900018692016602, 0.10717606544494629, 0.13186407089233398, 0.1007242202758789, 0.12531661987304688, 0.09913277626037598, 0.13093137741088867, 0.10558462142944336, 0.12229800224304199, 0.1027364730834961, 0.124053955078125, 0.08718752861022949, 0.12134766578674316, 0.09892463684082031, 0.12607073783874512, 0.10409212112426758, 0.13066506385803223, 0.09178733825683594, 0.12460875511169434, 0.10407805442810059, 0.13418793678283691, 0.11068892478942871, 0.1241617202758789, 0.09232831001281738, 0.12292885780334473, 0.10927700996398926, 0.12697410583496094, 0.10567259788513184, 0.13184118270874023, 0.09325814247131348, 0.12656378746032715, 0.10449099540710449, 0.1274104118347168, 0.10782599449157715, 0.12659597396850586, 0.08992528915405273, 0.1249089241027832, 0.10179018974304199, 0.1341714859008789, 0.10548543930053711, 0.12741518020629883, 0.0969076156616211, 0.12114238739013672, 0.10729765892028809, 0.12580347061157227, 0.11079859733581543, 0.12796878814697266, 0.09383630752563477, 0.11873674392700195, 0.10234475135803223, 0.12867164611816406, 0.10723304748535156, 0.129258394241333, 0.09884166717529297, 0.12214159965515137, 0.09333038330078125, 0.11174631118774414, 0.10207462310791016, 0.12802767753601074, 0.09792876243591309, 0.13040399551391602, 0.10178971290588379, 0.1225442886352539, 0.10056185722351074, 0.12164664268493652, 0.10465097427368164, 0.1306009292602539, 0.1065056324005127, 0.12603306770324707, 0.08877182006835938, 0.12141275405883789, 0.10613298416137695, 0.13299107551574707, 0.1053624153137207, 0.12381935119628906, 0.09313583374023438, 0.12340950965881348, 0.10384869575500488, 0.12582921981811523, 0.10485434532165527, 0.13046550750732422, 0.10592341423034668, 0.12105202674865723, 0.09559893608093262, 0.1123037338256836, 0.10658979415893555, 0.1304636001586914, 0.11241412162780762, 0.12994599342346191, 0.09085679054260254, 0.12587666511535645, 0.10199761390686035, 0.10938549041748047, 0.09484267234802246, 0.12062883377075195, 0.10486888885498047, 0.1250474452972412, 0.09311771392822266, 0.11655330657958984, 0.09173297882080078, 0.11806821823120117, 0.10999846458435059, 0.13349604606628418, 0.1086270809173584, 0.12384533882141113, 0.09191656112670898, 0.11992239952087402, 0.10617780685424805, 0.12745094299316406, 0.10412764549255371, 0.12537598609924316, 0.10894489288330078, 0.11634612083435059, 0.09145236015319824, 0.11508345603942871, 0.1157388687133789, 0.12348341941833496, 0.09624099731445312, 0.1225290298461914, 0.09355807304382324, 0.11867761611938477, 0.08786654472351074, 0.12123966217041016, 0.09870123863220215, 0.1224203109741211, 0.09965634346008301, 0.12084722518920898, 0.09282255172729492, 0.11458683013916016, 0.0949089527130127, 0.11101961135864258, 0.10219287872314453, 0.1320178508758545, 0.1077725887298584, 0.12170672416687012, 0.09340572357177734, 0.11575746536254883, 0.10059857368469238, 0.11422324180603027, 0.09723496437072754, 0.12961506843566895, 0.10366940498352051, 0.11783742904663086, 0.094451904296875, 0.11572122573852539, 0.10316586494445801, 0.12013888359069824, 0.09853076934814453, 0.11892437934875488, 0.0945439338684082, 0.11534476280212402, 0.09642672538757324, 0.11433982849121094, 0.09731507301330566, 0.12515687942504883, 0.0917215347290039, 0.1231224536895752, 0.0940086841583252, 0.12519407272338867, 0.09447503089904785, 0.12053847312927246, 0.09191775321960449, 0.11643362045288086, 0.09145402908325195, 0.11914181709289551, 0.10053730010986328, 0.1146860122680664, 0.08616852760314941, 0.113037109375, 0.09046268463134766, 0.1225271224975586, 0.10154438018798828, 0.11656737327575684, 0.09053611755371094, 0.11037111282348633, 0.09095335006713867, 0.11223793029785156, 0.08522987365722656, 0.11165690422058105, 0.11071920394897461, 0.11478304862976074, 0.08943939208984375, 0.11683273315429688, 0.09903573989868164, 0.1122426986694336, 0.08784627914428711, 0.1105794906616211, 0.11715507507324219, 0.11690139770507812, 0.10104727745056152, 0.11391592025756836, 0.0991206169128418, 0.11036014556884766, 0.09917426109313965, 0.10958099365234375, 0.08965730667114258, 0.10971808433532715, 0.09544920921325684, 0.11347198486328125, 0.09857749938964844, 0.10939335823059082, 0.1047360897064209, 0.11363577842712402, 0.10490822792053223, 0.11442208290100098, 0.10866975784301758, 0.11785578727722168, 0.10825157165527344, 0.11935734748840332, 0.11139512062072754, 0.11562776565551758, 0.10432314872741699, 0.11021590232849121, 0.1017448902130127, 0.11646032333374023, 0.10752391815185547, 0.11745047569274902, 0.11547136306762695, 0.11622214317321777, 0.10877585411071777, 0.11264991760253906, 0.1007080078125, 0.12144851684570312, 0.11362481117248535, 0.11226081848144531, 0.1034390926361084, 0.11530828475952148, 0.09679388999938965, 0.11098170280456543, 0.10823822021484375, 0.11582756042480469, 0.09167885780334473, 0.1193850040435791, 0.09934091567993164, 0.11218643188476562, 0.10267329216003418, 0.11597108840942383, 0.10754752159118652, 0.12070202827453613, 0.11211466789245605, 0.12195110321044922, 0.11033391952514648, 0.11149477958679199, 0.10494065284729004, 0.11018610000610352, 0.1056368350982666, 0.11097288131713867, 0.10604119300842285, 0.11332535743713379, 0.10492682456970215, 0.11126041412353516, 0.10393333435058594, 0.11062216758728027, 0.11570882797241211, 0.11400294303894043, 0.1269376277923584, 0.11462211608886719, 0.10326433181762695, 0.11080813407897949, 0.10604596138000488, 0.11739087104797363, 0.10341191291809082, 0.11198997497558594, 0.1058964729309082, 0.11023592948913574, 0.10651135444641113, 0.11311173439025879, 0.11286401748657227, 0.11515665054321289, 0.11283230781555176, 0.1206202507019043, 0.11977052688598633, 0.11781644821166992, 0.1313772201538086, 0.11320996284484863, 0.12564635276794434, 0.11332011222839355, 0.12692022323608398, 0.11932682991027832, 0.12235450744628906, 0.1102602481842041, 0.10030698776245117, 0.11651039123535156, 0.10561871528625488, 0.1110982894897461, 0.12578845024108887, 0.11632394790649414, 0.1217045783996582, 0.11320805549621582, 0.1124565601348877, 0.1138463020324707, 0.10706734657287598, 0.11737632751464844, 0.12246036529541016, 0.11484789848327637, 0.11974620819091797, 0.11886739730834961, 0.11508607864379883, 0.1169271469116211, 0.10591983795166016, 0.1150820255279541, 0.1026155948638916, 0.11720705032348633, 0.10514497756958008, 0.11486554145812988, 0.10527849197387695, 0.11528491973876953, 0.10264253616333008, 0.11772704124450684, 0.10533809661865234, 0.11418890953063965, 0.10921120643615723, 0.11916828155517578, 0.10246157646179199, 0.11862063407897949, 0.09761810302734375, 0.1115875244140625, 0.10551762580871582, 0.11330413818359375, 0.10977721214294434, 0.11075735092163086, 