{"ID": 2, "inference time": [0.23469948768615723, 0.20180296897888184, 0.255260705947876, 0.23047876358032227, 0.25380754470825195, 0.20689034461975098, 0.2415013313293457, 0.21454787254333496, 0.229905366897583, 0.24250507354736328, 0.22590970993041992, 0.2848234176635742, 0.23039960861206055, 0.24743223190307617, 0.23926138877868652, 0.24865055084228516, 0.2175741195678711, 0.25812387466430664, 0.20059657096862793, 0.2399463653564453, 0.21271157264709473, 0.31011414527893066, 0.259876012802124, 0.22019648551940918, 0.23414874076843262, 0.22364449501037598, 0.2514762878417969, 0.22617220878601074, 0.24164032936096191, 0.2135179042816162, 0.2571864128112793, 0.22958970069885254, 0.2606217861175537, 0.19909167289733887, 0.25994873046875, 0.20769333839416504, 0.25777196884155273, 0.21651077270507812, 0.24473333358764648, 0.20518231391906738, 0.25309228897094727, 0.21754026412963867, 0.22678542137145996, 0.23158836364746094, 0.23549485206604004, 0.22421956062316895, 0.21419477462768555, 0.2581653594970703, 0.20695018768310547, 0.2692127227783203, 0.22753477096557617, 0.22365856170654297, 0.24114108085632324, 0.202850341796875, 0.24766182899475098, 0.20952081680297852, 0.23154234886169434, 0.22063422203063965, 0.24805974960327148, 0.22354960441589355, 0.22644400596618652, 0.21037840843200684, 0.26659154891967773, 0.19767022132873535, 0.25876832008361816, 0.20907807350158691, 0.23276519775390625, 0.23900151252746582, 0.19851064682006836, 0.2661566734313965, 0.235504150390625, 0.19607996940612793, 0.28937292098999023, 0.21395492553710938, 0.25871968269348145, 0.22136354446411133, 0.20201587677001953, 0.2602531909942627, 0.1932673454284668, 0.2589075565338135, 0.22266602516174316, 0.2517127990722656, 0.21317219734191895, 0.24087762832641602, 0.2165069580078125, 0.261751651763916, 0.20947027206420898, 0.23648381233215332, 0.22423815727233887, 0.2301006317138672, 0.22573614120483398, 0.2260725498199463, 0.19642043113708496, 0.2646043300628662, 0.20218729972839355, 0.2438642978668213, 0.20540618896484375, 0.25348377227783203, 0.20423412322998047, 0.28101539611816406, 0.19606590270996094, 0.2720050811767578, 0.2166309356689453, 0.2150743007659912, 0.22032833099365234, 0.23142170906066895, 0.21230125427246094, 0.2082202434539795, 0.23439598083496094, 0.20743989944458008, 0.25580430030822754, 0.1945960521697998, 0.2855808734893799, 0.20010876655578613, 0.2864975929260254, 0.21248149871826172, 0.2546525001525879, 0.22208237648010254, 0.20878314971923828, 0.22440671920776367, 0.2359457015991211, 0.22786211967468262, 0.20831513404846191, 0.2440345287322998, 0.1950547695159912, 0.27947139739990234, 0.1952507495880127, 0.2409200668334961, 0.2511465549468994, 0.2247626781463623, 0.22473716735839844, 0.2407841682434082, 0.21514034271240234, 0.23757719993591309, 0.20875787734985352, 0.23430466651916504, 0.2300276756286621, 0.24679040908813477, 0.22070813179016113, 0.20357036590576172, 0.2677297592163086, 0.21254563331604004, 0.19176197052001953, 0.25387144088745117, 0.19876861572265625, 0.2635529041290283, 0.2121753692626953, 0.23536252975463867, 0.22726058959960938, 0.23285722732543945, 0.24940729141235352, 0.21095824241638184, 0.20895028114318848, 0.23490643501281738, 0.25750160217285156, 0.20922446250915527, 0.263230562210083, 0.20870137214660645, 0.23729991912841797, 0.22247815132141113, 0.23331093788146973, 0.20058465003967285, 0.23894357681274414, 0.20099329948425293, 0.2590978145599365, 0.2069838047027588, 0.23154878616333008, 0.20840668678283691, 0.2586190700531006, 0.20564913749694824, 0.3116886615753174, 0.23765778541564941, 0.2309093475341797, 0.21789121627807617, 0.22581791877746582, 0.22095990180969238, 0.20706844329833984, 0.25290346145629883, 0.24489784240722656, 0.2495737075805664, 0.20913052558898926, 0.26913022994995117, 0.21511530876159668, 0.2588615417480469, 0.23166680335998535, 0.20913290977478027, 0.22403168678283691, 0.20580387115478516, 0.22699284553527832, 0.2035846710205078, 0.2716832160949707, 0.20562982559204102, 0.3011150360107422, 0.2606360912322998, 0.20572876930236816, 0.2825915813446045, 0.20933270454406738, 0.24298667907714844, 0.2219984531402588, 0.19397377967834473, 0.22239255905151367, 0.2045145034790039, 0.22826123237609863, 0.21179485321044922, 0.24016952514648438, 0.2518887519836426, 0.20625090599060059, 0.25390124320983887, 0.20428919792175293, 0.2579076290130615, 0.21925067901611328, 0.24320220947265625, 0.22561383247375488, 0.23721003532409668, 0.20497989654541016, 0.24092340469360352, 0.24758243560791016, 0.20602798461914062, 0.20987510681152344, 0.24604439735412598, 0.22238707542419434, 0.24581146240234375, 0.22484445571899414, 0.23998284339904785, 0.20453691482543945, 0.23854589462280273, 0.23370075225830078, 0.2095341682434082, 0.2278611660003662, 0.2518172264099121, 0.2061316967010498, 0.2361431121826172, 0.2536585330963135, 0.21060419082641602, 0.2530694007873535, 0.20677709579467773, 0.21964192390441895, 0.23931455612182617, 0.2302994728088379, 0.20929741859436035, 0.21016454696655273, 0.21547794342041016, 0.23418855667114258, 0.20788836479187012, 0.21046924591064453, 0.20384550094604492, 0.2357478141784668, 0.20745110511779785, 0.22202420234680176, 0.20974159240722656, 0.22223329544067383, 0.21572375297546387, 0.21500277519226074, 0.21413969993591309, 0.25447797775268555, 0.19378280639648438, 0.2568686008453369, 0.2077312469482422, 0.2618248462677002, 0.20337152481079102, 0.2623136043548584, 0.22688817977905273, 0.23676156997680664, 0.20696520805358887, 0.27248215675354004, 0.2164456844329834, 0.2626042366027832, 0.20458745956420898, 0.24866914749145508, 0.19812560081481934, 0.25179100036621094, 0.21246552467346191, 0.22831964492797852, 0.21638774871826172, 0.278942346572876, 0.20778393745422363, 0.21912288665771484, 0.3132171630859375, 0.24861359596252441, 0.21953058242797852, 0.24674677848815918, 0.23088812828063965, 0.23069977760314941, 0.2386465072631836, 0.20896339416503906, 0.20926380157470703, 0.264817476272583, 0.24851703643798828, 0.23871636390686035, 0.2417011260986328, 0.21626782417297363, 0.23951411247253418, 0.19792985916137695, 0.2787594795227051, 0.22539544105529785, 0.25085902214050293, 0.20630788803100586, 0.2243671417236328, 0.2250993251800537, 0.24884843826293945, 0.2191765308380127, 0.2603154182434082, 0.20728158950805664, 0.246992826461792, 0.21111130714416504, 0.2335491180419922, 0.2576904296875, 0.22543764114379883, 0.2089545726776123, 0.2112126350402832, 0.24662280082702637, 0.2367415428161621, 0.20021891593933105, 0.26669788360595703, 0.20528626441955566, 0.25694966316223145, 0.23418831825256348, 0.24577736854553223, 0.19382739067077637, 0.28222155570983887, 0.2021923065185547, 0.29297924041748047, 0.23857569694519043, 0.27554821968078613, 0.2213287353515625, 0.2598459720611572, 0.22554874420166016, 0.2332322597503662, 0.22884654998779297, 0.20575189590454102, 0.22428393363952637, 0.28619980812072754, 0.24142909049987793, 0.19490551948547363, 0.2677464485168457, 0.20139789581298828, 0.24714303016662598, 0.2041187286376953, 0.23500418663024902, 0.22551417350769043, 0.2518787384033203, 0.21520543098449707, 0.25629639625549316, 0.1988811492919922, 0.2893869876861572, 0.20199203491210938, 0.24242377281188965, 0.2223501205444336, 0.2741057872772217, 0.22580981254577637, 0.2396693229675293, 0.22431468963623047, 0.21497464179992676, 0.24254131317138672, 0.21376895904541016, 0.250136137008667, 0.21825122833251953, 0.24673771858215332, 0.19942355155944824, 0.2716515064239502, 0.21463918685913086, 0.22898411750793457, 0.2640085220336914, 0.20578789710998535, 0.2846410274505615, 0.22730541229248047, 0.21608185768127441, 0.22874760627746582, 0.2314910888671875, 0.2348034381866455, 0.19718194007873535, 0.23576140403747559, 0.23952913284301758, 0.19795870780944824, 0.2302258014678955, 0.23937392234802246, 0.21235036849975586, 0.21257495880126953, 0.2557709217071533, 0.20439743995666504, 0.251542329788208, 0.20669269561767578, 0.2703075408935547, 0.2185044288635254, 0.2176074981689453, 0.22621560096740723, 