{"ID": 5, "inference time": [8.103427171707153, 0.05992770195007324, 0.0577085018157959, 0.057984352111816406, 0.055850982666015625, 0.05980062484741211, 0.0575253963470459, 0.05788421630859375, 0.05808568000793457, 0.059050559997558594, 0.06486105918884277, 0.060391902923583984, 0.05909442901611328, 0.06139683723449707, 0.06182575225830078, 0.061771392822265625, 0.061023712158203125, 0.12880253791809082, 0.07013320922851562, 0.12990093231201172, 0.07758951187133789, 0.10324716567993164, 0.06551384925842285, 0.09155702590942383, 0.11085915565490723, 0.14371919631958008, 0.08866024017333984, 0.10383224487304688, 0.08616399765014648, 0.09363508224487305, 0.10671329498291016, 0.09352517127990723, 0.08170771598815918, 0.10116195678710938, 0.09473657608032227, 0.08426713943481445, 0.10557794570922852, 0.08554220199584961, 0.09318757057189941, 0.11029434204101562, 0.08916139602661133, 0.09603190422058105, 0.10520744323730469, 0.09754061698913574, 0.08960247039794922, 0.1028127670288086, 0.09358048439025879, 0.08792448043823242, 0.10814261436462402, 0.09550833702087402, 0.08953666687011719, 0.1059269905090332, 0.09571480751037598, 0.0891273021697998, 0.10795092582702637, 0.08336853981018066, 0.0882878303527832, 0.10714602470397949, 0.09213137626647949, 0.08855104446411133, 0.10517072677612305, 0.09089207649230957, 0.09393787384033203, 0.1047976016998291, 0.09391307830810547, 0.09041953086853027, 0.10492396354675293, 0.0912933349609375, 0.09061264991760254, 0.10951018333435059, 0.09472203254699707, 0.08910202980041504, 0.10323905944824219, 0.09194159507751465, 0.08587265014648438, 0.1042487621307373, 0.08761763572692871, 0.08879494667053223, 0.10240650177001953, 0.09052515029907227, 0.08926987648010254, 0.10108017921447754, 0.0902104377746582, 0.08700919151306152, 0.0986180305480957, 0.08429431915283203, 0.08710312843322754, 0.10163736343383789, 0.07859992980957031, 0.08657360076904297, 0.10744237899780273, 0.08684372901916504, 0.0926523208618164, 0.0979466438293457, 0.08609914779663086, 0.09214282035827637, 0.0931398868560791, 0.0901784896850586, 0.09073448181152344, 0.09488368034362793, 0.09262514114379883, 0.08585929870605469, 0.10051155090332031, 0.09644365310668945, 0.0901486873626709, 0.10449385643005371, 0.0912930965423584, 0.08870530128479004, 0.10275053977966309, 0.0939795970916748, 0.08898115158081055, 0.10302925109863281, 0.09604740142822266, 0.08837628364562988, 0.10583162307739258, 0.09381675720214844, 0.08965086936950684, 0.10778212547302246, 0.09881711006164551, 0.09443902969360352, 0.10870146751403809, 0.09297394752502441, 0.09426283836364746, 0.10630488395690918, 0.09478998184204102, 0.0946648120880127, 0.10821056365966797, 0.10130786895751953, 0.0886697769165039, 0.11070752143859863, 0.09850311279296875, 0.09167909622192383, 0.10358309745788574, 0.09307050704956055, 0.08795166015625, 0.1005697250366211, 0.08981943130493164, 0.08804941177368164, 0.10200667381286621, 0.09298372268676758, 0.08496999740600586, 0.10496282577514648, 0.08757591247558594, 0.08893370628356934, 0.10599136352539062, 0.08613729476928711, 0.08641839027404785, 0.10124659538269043, 0.0847771167755127, 0.087982177734375, 0.10271406173706055, 0.08533406257629395, 0.0866544246673584, 0.10198330879211426, 0.09256196022033691, 0.08784842491149902, 0.10780739784240723, 0.08623385429382324, 0.08423018455505371, 0.10462689399719238, 0.08951687812805176, 0.08921670913696289, 0.09865093231201172, 0.08690595626831055, 0.08498716354370117, 0.1022498607635498, 0.08029890060424805, 0.08786582946777344, 0.09649014472961426, 0.07658982276916504, 0.08617615699768066, 0.10245347023010254, 0.08280158042907715, 0.08434200286865234, 0.10628294944763184, 0.08210611343383789, 0.0838170051574707, 0.10549378395080566, 0.07846570014953613, 0.08454585075378418, 0.1011805534362793, 0.07712483406066895, 0.08428025245666504, 0.09856486320495605, 0.07709455490112305, 0.08581161499023438, 0.09805965423583984, 0.07979893684387207, 0.08491730690002441, 0.09959769248962402, 0.07909822463989258, 0.08533000946044922, 0.10130429267883301, 0.08188724517822266, 0.0810248851776123, 0.10027027130126953, 0.07737040519714355, 0.08772945404052734, 0.09576749801635742, 0.07738423347473145, 0.08284282684326172, 0.10241079330444336, 0.0821685791015625, 0.08867907524108887, 0.09784460067749023, 0.08148741722106934, 0.08481788635253906, 0.0980982780456543, 0.07992172241210938, 0.08339476585388184, 0.1004018783569336, 0.08515787124633789, 0.08399248123168945, 0.09942150115966797, 0.07967853546142578, 0.08543682098388672, 0.10256505012512207, 0.0802617073059082, 0.08569931983947754, 0.10024690628051758, 0.0771028995513916, 0.08915352821350098, 0.0941915512084961, 0.07940268516540527, 0.08941435813903809, 0.09516477584838867, 0.07888531684875488, 0.08710789680480957, 0.09306097030639648, 0.07814788818359375, 0.08673357963562012, 0.09848284721374512, 0.08643603324890137, 0.08379960060119629, 0.09979104995727539, 0.08928918838500977, 0.08173704147338867, 0.10199213027954102, 0.07873201370239258, 0.08593535423278809, 0.09523749351501465, 0.0772559642791748, 0.08383560180664062, 0.10009360313415527, 0.07401752471923828, 0.08451986312866211, 0.10114741325378418, 0.08387231826782227, 0.08211207389831543, 0.1017301082611084, 0.07484292984008789, 0.08422327041625977, 0.1005856990814209, 0.0742788314819336, 0.0841212272644043, 0.10191750526428223, 0.08202457427978516, 0.08749127388000488, 0.10112619400024414, 0.08144307136535645, 0.07965350151062012, 0.1035315990447998, 0.0875864028930664, 0.08358144760131836, 0.10036921501159668, 0.08437895774841309, 0.0824897289276123, 0.10155057907104492, 0.08413863182067871, 0.08028650283813477, 0.10134029388427734, 0.08313107490539551, 0.08173966407775879, 0.10402989387512207, 0.08150815963745117, 0.07992434501647949, 0.10126519203186035, 0.07972049713134766, 0.07822966575622559, 0.09842896461486816, 0.08072257041931152, 0.07990241050720215, 0.09891271591186523, 0.07900094985961914, 0.07975435256958008, 0.1013178825378418, 0.07967162132263184, 0.08143210411071777, 0.09963655471801758, 0.08629012107849121, 0.08393716812133789, 0.0975339412689209, 0.08635210990905762, 0.0812997817993164, 0.10048174858093262, 0.08157038688659668, 0.07995176315307617, 0.10441803932189941, 0.08755302429199219, 0.07660651206970215, 0.10050654411315918, 0.08065938949584961, 0.07708477973937988, 0.10329651832580566, 0.08791375160217285, 0.09069705009460449, 0.10567116737365723, 0.09452962875366211, 0.08716654777526855, 0.10731244087219238, 0.09461855888366699, 0.09424996376037598, 0.10690164566040039, 0.09345650672912598, 0.09681248664855957, 0.11071443557739258, 0.09672021865844727, 0.0904240608215332, 0.10748100280761719, 0.08954095840454102, 0.09476709365844727, 0.11008524894714355, 0.08653855323791504, 0.0964517593383789, 0.1127009391784668, 0.09012556076049805, 0.09353899955749512, 0.10909152030944824, 0.09021782875061035, 0.09750032424926758, 0.10810208320617676, 0.09395170211791992, 0.08772563934326172, 0.10325360298156738, 0.09262466430664062, 0.08766388893127441, 0.10062694549560547, 0.09379243850708008, 0.08579063415527344, 0.10801100730895996, 0.09116172790527344, 0.08710241317749023, 0.1006624698638916, 0.09057140350341797, 0.0930321216583252, 0.11641240119934082, 0.09334850311279297, 0.08898568153381348, 0.11193490028381348, 0.09200167655944824, 0.08981513977050781, 0.10665130615234375, 0.08360147476196289, 0.09418272972106934, 0.10834002494812012, 0.08676505088806152, 0.09222221374511719, 0.1079716682434082, 0.08665609359741211, 0.0960536003112793, 0.10881233215332031, 0.09451842308044434, 0.09145927429199219, 0.10359621047973633, 0.09105253219604492, 0.08893656730651855, 0.10247159004211426, 0.09545207023620605, 0.0868217945098877, 0.10622763633728027, 0.0912322998046875, 0.08124113082885742, 0.0992121696472168, 0.08009815216064453, 0.07866430282592773, 0.1017765998840332, 0.08771729469299316, 0.08011841773986816, 0.09560441970825195, 0.08393144607543945, 0.07752656936645508, 0.10050821304321289, 