{"ID": 4, "inference time": [0.28617310523986816, 0.24368500709533691, 0.24948954582214355, 0.2487339973449707, 0.263547420501709, 0.24735212326049805, 0.2505311965942383, 0.2465224266052246, 0.24113750457763672, 0.2432112693786621, 0.23104000091552734, 0.23717403411865234, 0.24237918853759766, 0.23913311958312988, 0.25440263748168945, 0.2463369369506836, 0.23140263557434082, 0.25582075119018555, 0.2462325096130371, 0.24225735664367676, 0.24674177169799805, 0.2567150592803955, 0.24286770820617676, 0.23733949661254883, 0.24051356315612793, 0.2344191074371338, 0.23975110054016113, 0.24151062965393066, 0.2568776607513428, 0.2703371047973633, 0.24819517135620117, 0.2575852870941162, 0.25443029403686523, 0.25435900688171387, 0.251908540725708, 0.24108648300170898, 0.24078798294067383, 0.250396728515625, 0.24361968040466309, 0.24500370025634766, 0.24578619003295898, 0.23520565032958984, 0.23833060264587402, 0.2390272617340088, 0.2443385124206543, 0.23857378959655762, 0.2407686710357666, 0.24367904663085938, 0.24370765686035156, 0.23415279388427734, 0.24959611892700195, 0.23868942260742188, 0.2393486499786377, 0.2422480583190918, 0.2473902702331543, 0.24750018119812012, 0.25283265113830566, 0.26081204414367676, 0.2395792007446289, 0.24097514152526855, 0.24552679061889648, 0.24130964279174805, 0.25289201736450195, 0.24938416481018066, 0.24271154403686523, 0.26070404052734375, 0.24628233909606934, 0.25379133224487305, 0.24114632606506348, 0.24747729301452637, 0.2425987720489502, 0.24218392372131348, 0.24224638938903809, 0.24811553955078125, 0.24457192420959473, 0.2473921775817871, 0.24454855918884277, 0.2460615634918213, 0.23053455352783203, 0.2465066909790039, 0.4556443691253662, 0.19548678398132324, 0.19598770141601562, 0.21764826774597168, 0.19843053817749023, 0.20851778984069824, 0.22554469108581543, 0.20902180671691895, 0.20907974243164062, 0.2350456714630127, 0.22812700271606445, 0.2056255340576172, 0.20443177223205566, 0.2111656665802002, 0.2074451446533203, 0.21422410011291504, 0.19673466682434082, 0.1975109577178955, 0.20407795906066895, 0.20283222198486328, 0.20116519927978516, 0.2088792324066162, 0.19662785530090332, 0.21123647689819336, 0.2113943099975586, 0.20449113845825195, 0.1936323642730713, 0.19575977325439453, 0.19973039627075195, 0.20361828804016113, 0.20983338356018066, 0.2003622055053711, 0.20148253440856934, 0.2192845344543457, 0.1927485466003418, 0.20050311088562012, 0.19603276252746582, 0.19579505920410156, 0.21866583824157715, 0.20303010940551758, 0.21989989280700684, 0.2033231258392334, 0.1919846534729004, 0.20554876327514648, 0.19642186164855957, 0.2107255458831787, 0.20076370239257812, 0.19551348686218262, 0.20601987838745117, 0.1956040859222412, 0.19069910049438477, 0.1974320411682129, 0.19704222679138184, 0.20296430587768555, 0.19869351387023926, 0.20833063125610352, 0.19574618339538574, 0.19048213958740234, 0.18981099128723145, 0.19877004623413086, 0.19440698623657227, 0.19710993766784668, 0.19066905975341797, 0.20367074012756348, 0.2015399932861328, 0.21023035049438477, 0.1967325210571289, 0.1982274055480957, 0.1931321620941162, 0.19570517539978027, 0.21015167236328125, 0.19315600395202637, 0.20087528228759766, 0.19583868980407715, 0.18999934196472168, 0.18840265274047852, 0.18254733085632324, 0.18838238716125488, 0.1907486915588379, 0.19205999374389648, 0.19361591339111328, 0.18955588340759277, 0.18941688537597656, 0.18936967849731445, 0.1871027946472168, 0.19901347160339355, 0.1902627944946289, 0.18804550170898438, 0.19629812240600586, 0.19730615615844727, 0.19794058799743652, 0.19254302978515625, 0.2278597354888916, 0.20013070106506348, 0.1930687427520752, 0.1970357894897461, 0.1919541358947754, 0.18969273567199707, 0.18966126441955566, 0.1959235668182373, 0.20043110847473145, 0.20503783226013184, 0.19269084930419922, 0.1889936923980713, 0.18919157981872559, 0.19111156463623047, 0.18906378746032715, 0.19066810607910156, 0.1863231658935547, 0.19625473022460938, 0.18801665306091309, 0.18323779106140137, 0.18902301788330078, 0.18825674057006836, 0.1924276351928711, 0.191511869430542, 0.20090055465698242, 0.19865059852600098, 0.19097518920898438, 0.18738865852355957, 0.1962909698486328, 0.2076406478881836, 0.18731451034545898, 0.19173407554626465, 0.19257640838623047, 0.19496393203735352, 0.20269274711608887, 0.19614553451538086, 0.19806146621704102, 0.19707155227661133, 0.19819879531860352, 0.19194531440734863, 0.19142889976501465, 0.19150900840759277, 0.1869807243347168, 0.19007349014282227, 0.20734047889709473, 0.20371580123901367, 0.19305706024169922, 0.19922542572021484, 0.19514989852905273, 0.19954776763916016, 0.18863534927368164, 0.19379663467407227, 0.19304418563842773, 0.20019817352294922, 0.195831298828125, 0.19373321533203125, 0.1910398006439209, 0.19083142280578613, 0.2094721794128418, 0.1908261775970459, 0.1970207691192627, 0.19467496871948242, 0.19015049934387207, 0.19330143928527832, 0.1908552646636963, 0.19125843048095703, 0.1855916976928711, 0.19276928901672363, 0.20432424545288086, 0.19523334503173828, 0.1914069652557373, 0.18718719482421875, 0.19298672676086426, 0.19535040855407715, 0.19144344329833984, 0.1936781406402588, 0.2015848159790039, 0.1881270408630371, 0.18461227416992188, 0.20043253898620605, 0.19197916984558105, 0.21645212173461914, 0.19426298141479492, 0.208998441696167, 0.1932663917541504, 0.19315481185913086, 0.18938612937927246, 0.19066572189331055, 0.19427824020385742, 0.19324779510498047, 0.1924126148223877, 0.1907944679260254, 0.20193028450012207, 0.20952391624450684, 0.1985478401184082, 0.18737316131591797, 0.19307708740234375, 0.18880796432495117, 0.21279096603393555, 0.19591736793518066, 0.18790531158447266, 0.19583964347839355, 0.2016894817352295, 0.19305181503295898, 0.19843816757202148, 0.2091376781463623, 0.19607853889465332, 0.198272705078125, 0.19255995750427246, 0.19725966453552246, 0.19167494773864746, 0.1848917007446289, 0.1907062530517578, 0.19774603843688965, 0.18638825416564941, 0.1851963996887207, 0.18987083435058594, 0.18455219268798828, 0.20419025421142578, 0.1984410285949707, 0.195112943649292, 0.19494867324829102, 0.18733763694763184, 0.1868298053741455, 0.19117283821105957, 0.19568443298339844, 0.19580745697021484, 0.21006274223327637, 0.21777939796447754, 0.19721674919128418, 0.20053410530090332, 0.19555282592773438, 0.18601655960083008, 0.20208954811096191, 0.19281387329101562, 0.18859291076660156, 0.19112014770507812, 0.18892264366149902, 0.1925668716430664, 0.1968085765838623, 0.19430804252624512, 0.19826197624206543, 0.19206762313842773, 0.19841790199279785, 0.18965816497802734, 0.19368410110473633, 0.18750596046447754, 0.1955733299255371, 0.19723749160766602, 0.19088220596313477, 0.18450069427490234, 0.19486546516418457, 0.18578219413757324, 0.1886131763458252, 0.20069026947021484, 0.19370555877685547, 0.19065237045288086, 0.2046494483947754, 0.19895672798156738, 0.19449257850646973, 0.18928813934326172, 0.19232511520385742, 0.18942642211914062, 0.20986342430114746, 0.19002652168273926, 0.18953418731689453, 0.1945035457611084, 0.18866801261901855, 0.19452571868896484, 0.1938009262084961, 0.19551324844360352, 0.19130611419677734, 0.19833755493164062, 0.2072162628173828, 0.19476079940795898, 0.19593429565429688, 0.18311142921447754, 0.19655609130859375, 0.19445276260375977, 0.18541646003723145, 0.18873953819274902, 0.18258357048034668, 0.1858384609222412, 0.19342327117919922, 0.2100839614868164, 0.18651938438415527, 0.19299960136413574, 0.18577194213867188, 0.19097018241882324, 0.18534350395202637, 0.1853477954864502, 0.18977665901184082, 0.18872499465942383, 0.1967780590057373, 0.18563580513000488, 0.18764805793762207, 0.1876986026763916, 0.19118142127990723, 0.18532896041870117, 0.188978910446167, 0.19393253326416016, 0.19011926651000977, 0.19319963455200195, 0.2024986743927002, 0.19708681106567383, 0.19854974746704102, 0.19627928733825684, 0.19118261337280273, 0.20410585403442383, 0.18701863288879395, 0.20163869857788086, 0.19636225700378418, 