{"ID": 5, "inference time": [0.28997206687927246, 0.24302196502685547, 0.2436838150024414, 0.24105548858642578, 0.26239967346191406, 0.2447373867034912, 0.253969669342041, 0.2514982223510742, 0.2505941390991211, 0.2422647476196289, 0.24661803245544434, 0.2383747100830078, 0.241441011428833, 0.23496007919311523, 0.24953627586364746, 0.24290204048156738, 0.23484444618225098, 0.2493436336517334, 0.241776704788208, 0.2355048656463623, 0.2523794174194336, 0.24847412109375, 0.23953914642333984, 0.2375471591949463, 0.24211716651916504, 0.24074125289916992, 0.23876595497131348, 0.24130535125732422, 0.2552793025970459, 0.2762949466705322, 0.2433328628540039, 0.23768353462219238, 0.25089550018310547, 0.24885940551757812, 0.25087928771972656, 0.23491406440734863, 0.24478793144226074, 0.24705767631530762, 0.24125885963439941, 0.2413339614868164, 0.2413632869720459, 0.23463726043701172, 0.2391965389251709, 0.24300551414489746, 0.23973631858825684, 0.2370462417602539, 0.23993968963623047, 0.24157094955444336, 0.23971271514892578, 0.23439645767211914, 0.25228357315063477, 0.2344057559967041, 0.24759149551391602, 0.2352449893951416, 0.24294066429138184, 0.23810601234436035, 0.2498631477355957, 0.25848889350891113, 0.2368607521057129, 0.24451375007629395, 0.24565768241882324, 0.22460126876831055, 0.24991607666015625, 0.2452380657196045, 0.2516953945159912, 0.25113415718078613, 0.23670554161071777, 0.2522873878479004, 0.2394707202911377, 0.2389984130859375, 0.23399782180786133, 0.23585033416748047, 0.23580598831176758, 0.2437448501586914, 0.22833466529846191, 0.25499725341796875, 0.24297618865966797, 0.2390613555908203, 0.24199366569519043, 0.23641180992126465, 0.5502266883850098, 0.19664311408996582, 0.2067105770111084, 0.20403313636779785, 0.20697784423828125, 0.20576834678649902, 0.2015094757080078, 0.22271394729614258, 0.21725964546203613, 0.21869969367980957, 0.20136380195617676, 0.20478463172912598, 0.20463061332702637, 0.2015838623046875, 0.20215964317321777, 0.201249361038208, 0.2153313159942627, 0.22233009338378906, 0.2166767120361328, 0.21232938766479492, 0.21303677558898926, 0.2213752269744873, 0.21444988250732422, 0.2197740077972412, 0.21515798568725586, 0.21043848991394043, 0.21245074272155762, 0.20619630813598633, 0.20331931114196777, 0.20358514785766602, 0.20873570442199707, 0.21570348739624023, 0.20231223106384277, 0.21118950843811035, 0.21106672286987305, 0.21719050407409668, 0.21111345291137695, 0.22873139381408691, 0.2290642261505127, 0.2076094150543213, 0.2072772979736328, 0.20906686782836914, 0.21993780136108398, 0.20464086532592773, 0.214569091796875, 0.21188855171203613, 0.2017066478729248, 0.20468926429748535, 0.2233438491821289, 0.2148735523223877, 0.2072439193725586, 0.20530414581298828, 0.2103431224822998, 0.20403671264648438, 0.20317625999450684, 0.20314836502075195, 0.22419023513793945, 0.2106766700744629, 0.20747947692871094, 0.20717453956604004, 0.21474981307983398, 0.21530866622924805, 0.20711302757263184, 0.20032310485839844, 0.20763039588928223, 0.21099615097045898, 0.2101750373840332, 0.21062684059143066, 0.2114710807800293, 0.20509004592895508, 0.20956206321716309, 0.2086806297302246, 0.20688962936401367, 0.21482324600219727, 0.20553827285766602, 0.20002150535583496, 0.20238828659057617, 0.21837115287780762, 0.21561455726623535, 0.20334339141845703, 0.2180321216583252, 0.21791410446166992, 0.22971296310424805, 0.21322989463806152, 0.20353245735168457, 0.20140528678894043, 0.2151789665222168, 0.2059955596923828, 0.20355677604675293, 0.2013561725616455, 0.20600152015686035, 0.20468473434448242, 0.21562480926513672, 0.21369338035583496, 0.2015383243560791, 0.20576810836791992, 0.21983790397644043, 0.2088308334350586, 0.20518898963928223, 0.2136991024017334, 0.21825194358825684, 0.21285653114318848, 0.20727038383483887, 0.2044048309326172, 0.20975589752197266, 0.2005629539489746, 0.21120905876159668, 0.2183685302734375, 0.19840717315673828, 0.20973610877990723, 0.20615172386169434, 0.20434832572937012, 0.20836567878723145, 0.20520257949829102, 0.2015538215637207, 0.19993972778320312, 0.2024374008178711, 0.21173691749572754, 0.19846510887145996, 0.1963365077972412, 0.2113170623779297, 0.21614336967468262, 0.21459031105041504, 0.20188045501708984, 0.20797944068908691, 0.2114109992980957, 0.21176457405090332, 0.21149063110351562, 0.2229764461517334, 0.2134718894958496, 0.21123194694519043, 0.20629262924194336, 0.21503138542175293, 0.20275330543518066, 0.20977020263671875, 0.21270394325256348, 0.2041454315185547, 0.21739578247070312, 0.20512604713439941, 0.2033834457397461, 0.20951151847839355, 0.20767617225646973, 0.21001720428466797, 0.20140671730041504, 0.19817042350769043, 0.19806885719299316, 0.20642924308776855, 0.21397066116333008, 0.2106647491455078, 0.22459197044372559, 0.21975350379943848, 0.20616674423217773, 0.20491743087768555, 0.2088785171508789, 0.21453332901000977, 0.20960426330566406, 0.20076584815979004, 0.20339226722717285, 0.21013975143432617, 0.20485424995422363, 0.2119910717010498, 0.20466375350952148, 0.21375346183776855, 0.2072010040283203, 0.2154378890991211, 0.19947123527526855, 0.20640301704406738, 0.21389317512512207, 0.20687103271484375, 0.21019864082336426, 0.20508980751037598, 0.1983046531677246, 0.21484875679016113, 0.21083354949951172, 0.21153545379638672, 0.20905017852783203, 0.21365070343017578, 0.20747160911560059, 0.21077322959899902, 0.22040200233459473, 0.21466970443725586, 0.20134210586547852, 0.20397186279296875, 0.20390057563781738, 0.21071338653564453, 0.20618009567260742, 0.21192669868469238, 0.22569012641906738, 0.21329689025878906, 0.21302485466003418, 0.21615171432495117, 0.21454906463623047, 0.21423840522766113, 0.21746182441711426, 0.21790623664855957, 0.2113361358642578, 0.21192336082458496, 0.20150423049926758, 0.21207642555236816, 0.21105742454528809, 0.2110309600830078, 0.20009875297546387, 0.19994735717773438, 0.2188701629638672, 0.21050715446472168, 0.21013236045837402, 0.2100355625152588, 0.20893025398254395, 0.21335077285766602, 0.2213442325592041, 0.22081255912780762, 0.20978212356567383, 0.21152806282043457, 0.20537161827087402, 0.20308399200439453, 0.22167420387268066, 0.20757484436035156, 0.21078801155090332, 0.20317554473876953, 0.20215678215026855, 0.20250988006591797, 0.21244287490844727, 0.20737981796264648, 0.21576428413391113, 0.2124006748199463, 0.21630263328552246, 0.20944786071777344, 0.22004914283752441, 0.21880292892456055, 0.21779537200927734, 0.21424365043640137, 0.21285533905029297, 0.2146444320678711, 0.2100229263305664, 0.20611000061035156, 0.20712709426879883, 0.20854783058166504, 0.21370768547058105, 0.21460866928100586, 0.20720529556274414, 0.21555638313293457, 0.21474003791809082, 0.21304059028625488, 0.20375800132751465, 0.21994400024414062, 0.21068644523620605, 0.22289204597473145, 0.20882868766784668, 0.20529460906982422, 0.21094131469726562, 0.20811820030212402, 0.21068072319030762, 0.20575904846191406, 0.2087547779083252, 0.2078990936279297, 0.21056199073791504, 0.20550537109375, 0.20560288429260254, 0.1998298168182373, 0.19956135749816895, 0.21591687202453613, 0.21477341651916504, 0.21538257598876953, 0.2129526138305664, 0.20027542114257812, 0.20839500427246094, 0.2098703384399414, 0.201768159866333, 0.2052922248840332, 0.19848370552062988, 0.20444679260253906, 0.20077872276306152, 0.21078991889953613, 0.1960926055908203, 0.21605372428894043, 0.21168208122253418, 0.20982980728149414, 0.20004844665527344, 0.20811700820922852, 0.20623564720153809, 0.21062970161437988, 0.20782923698425293, 0.20968151092529297, 0.20720577239990234, 0.20756077766418457, 0.20645523071289062, 0.21404147148132324, 0.21470928192138672, 0.21039700508117676, 0.20723509788513184, 0.20206427574157715, 0.20476388931274414, 0.2051231861114502, 0.21650266647338867, 0.21052956581115723, 0.20518207550048828, 0.2026503086090088, 0.215834379196167, 0.21286344528198242, 0.20601940155029297, 0.21271705627441406, 0.2177443504333496, 0.20572519302368164, 0.20411920547485352, 