{"ID": 7, "inference time": [0.287830114364624, 0.2232227325439453, 0.22174286842346191, 0.22460508346557617, 0.22854042053222656, 0.23026561737060547, 0.2290818691253662, 0.22887229919433594, 0.22756600379943848, 0.2240619659423828, 0.2244257926940918, 0.2264852523803711, 0.22152161598205566, 0.2218608856201172, 0.2276904582977295, 0.22548699378967285, 0.22721195220947266, 0.2279822826385498, 0.2234814167022705, 0.2228691577911377, 0.22437596321105957, 0.22426676750183105, 0.22391772270202637, 0.22006726264953613, 0.2274324893951416, 0.2284550666809082, 0.21921396255493164, 0.22287631034851074, 0.23274683952331543, 0.2293684482574463, 0.2151165008544922, 0.2449963092803955, 0.22733116149902344, 0.2236478328704834, 0.23537755012512207, 0.23151803016662598, 0.23722147941589355, 0.234389066696167, 0.22138547897338867, 0.2254347801208496, 0.22758197784423828, 0.22420620918273926, 0.22529292106628418, 0.22605347633361816, 0.22916674613952637, 0.220963716506958, 0.22458124160766602, 0.23326802253723145, 0.22527289390563965, 0.22986340522766113, 0.2199079990386963, 0.22385883331298828, 0.2353527545928955, 0.22430706024169922, 0.22057366371154785, 0.23024272918701172, 0.2259511947631836, 0.2264420986175537, 0.2287616729736328, 0.22320342063903809, 0.2221529483795166, 0.2195265293121338, 0.21920180320739746, 0.21956110000610352, 0.23372220993041992, 0.22594451904296875, 0.21898984909057617, 0.22456049919128418, 0.233259916305542, 0.22855067253112793, 0.21950221061706543, 0.22711491584777832, 0.22452187538146973, 0.23408126831054688, 0.22096037864685059, 0.22878313064575195, 0.22026753425598145, 0.22658038139343262, 0.22936391830444336, 0.22450518608093262, 0.496596097946167, 0.22756385803222656, 0.22816896438598633, 0.2319326400756836, 0.21973609924316406, 0.22543621063232422, 0.23347163200378418, 0.22400665283203125, 0.22785353660583496, 0.23131728172302246, 0.23949217796325684, 0.23265743255615234, 0.23344826698303223, 0.22217965126037598, 0.2346651554107666, 0.22901201248168945, 0.21067476272583008, 0.20937108993530273, 0.21252703666687012, 0.23546314239501953, 0.24155044555664062, 0.2344207763671875, 0.23437094688415527, 0.23964524269104004, 0.21384978294372559, 0.22736382484436035, 0.23821377754211426, 0.2367088794708252, 0.22885823249816895, 0.20732522010803223, 0.23488187789916992, 0.22185707092285156, 0.2221541404724121, 0.23984408378601074, 0.23305749893188477, 0.23933124542236328, 0.24517822265625, 0.2451000213623047, 0.22370409965515137, 0.21980071067810059, 0.22447752952575684, 0.2281055450439453, 0.2122485637664795, 0.21538805961608887, 0.23560547828674316, 0.23387479782104492, 0.22495436668395996, 0.22791576385498047, 0.23368000984191895, 0.2352142333984375, 0.21170926094055176, 0.21574974060058594, 0.24152135848999023, 0.23915410041809082, 0.22221827507019043, 0.237748384475708, 0.2516047954559326, 0.24071979522705078, 0.22232508659362793, 0.23331046104431152, 0.2451338768005371, 0.23327231407165527, 0.23869681358337402, 0.23302459716796875, 0.22793006896972656, 0.22589588165283203, 0.23770880699157715, 0.22703242301940918, 0.20539402961730957, 0.22559261322021484, 0.23420357704162598, 0.21167683601379395, 0.2453022003173828, 0.23851823806762695, 0.22161602973937988, 0.22565484046936035, 0.2234792709350586, 0.23276805877685547, 0.22660255432128906, 0.24101614952087402, 0.2221388816833496, 0.22261452674865723, 0.23324298858642578, 0.2374098300933838, 0.22138023376464844, 0.23385071754455566, 0.23295259475708008, 0.2301175594329834, 0.23614287376403809, 0.24891281127929688, 0.23258376121520996, 0.2367386817932129, 0.23807811737060547, 0.22013187408447266, 0.2129523754119873, 0.23306918144226074, 0.23982548713684082, 0.2286543846130371, 0.2498779296875, 0.23462986946105957, 0.2401134967803955, 0.22627019882202148, 0.22002387046813965, 0.22671246528625488, 0.2305295467376709, 0.24222373962402344, 0.2327136993408203, 0.21581149101257324, 0.2368612289428711, 0.2343578338623047, 0.2339472770690918, 0.2308511734008789, 0.24537992477416992, 0.23340177536010742, 0.23416399955749512, 0.23873162269592285, 0.2348494529724121, 0.23528695106506348, 0.23327159881591797, 0.24242115020751953, 0.2306838035583496, 0.2415010929107666, 0.22821307182312012, 0.2147519588470459, 0.24561548233032227, 0.22875595092773438, 0.2228102684020996, 0.22908639907836914, 0.2292618751525879, 0.23603224754333496, 0.2419126033782959, 0.22465920448303223, 0.2264418601989746, 0.23543167114257812, 0.23120474815368652, 0.2232818603515625, 0.21225690841674805, 0.2428748607635498, 0.22973299026489258, 0.24056506156921387, 0.2394847869873047, 0.21803736686706543, 0.2429194450378418, 0.23848652839660645, 0.23177814483642578, 0.22768688201904297, 0.2118086814880371, 0.2301931381225586, 0.23012089729309082, 0.22944951057434082, 0.21730899810791016, 0.23595333099365234, 0.21135997772216797, 0.2387089729309082, 0.24207210540771484, 0.24513673782348633, 0.23757719993591309, 0.22533726692199707, 0.21814846992492676, 0.22701644897460938, 0.22793292999267578, 0.22284197807312012, 0.22453737258911133, 0.24573016166687012, 0.24567699432373047, 0.234144926071167, 0.2232809066772461, 0.22907233238220215, 0.23219585418701172, 0.2229020595550537, 0.24724698066711426, 0.22792959213256836, 0.23674869537353516, 0.2245314121246338, 0.22478628158569336, 0.2202436923980713, 0.2424478530883789, 0.21810317039489746, 0.23572587966918945, 0.22298574447631836, 0.23992204666137695, 0.22495555877685547, 0.21568608283996582, 0.23018383979797363, 0.1991567611694336, 0.23523640632629395, 0.21021795272827148, 0.2224113941192627, 0.2346053123474121, 0.21706628799438477, 0.22940516471862793, 0.23640966415405273, 0.24003911018371582, 0.23682904243469238, 0.23866844177246094, 0.23054909706115723, 0.24048471450805664, 0.23380684852600098, 0.24781370162963867, 0.23642516136169434, 0.23167967796325684, 0.24103236198425293, 0.21188855171203613, 0.2273716926574707, 0.22162938117980957, 0.21466851234436035, 0.22442626953125, 0.21747136116027832, 0.23842167854309082, 0.21555042266845703, 0.22681570053100586, 0.2453141212463379, 0.22700858116149902, 0.22866153717041016, 0.24459218978881836, 0.2328660488128662, 0.21979093551635742, 0.2194364070892334, 0.22259521484375, 0.2274172306060791, 0.24306368827819824, 0.22336983680725098, 0.2404794692993164, 0.23696470260620117, 0.23288631439208984, 0.22615265846252441, 0.22452712059020996, 0.22728943824768066, 0.23883533477783203, 0.24234676361083984, 0.23866748809814453, 0.22120141983032227, 0.23482728004455566, 0.23116517066955566, 0.23081278800964355, 0.22037529945373535, 0.22293424606323242, 0.23865866661071777, 0.22771358489990234, 0.232269287109375, 0.22876501083374023, 0.2327885627746582, 0.2239680290222168, 0.2334122657775879, 0.23802924156188965, 0.2302262783050537, 0.23748993873596191, 0.24123311042785645, 0.23105311393737793, 0.22991943359375, 0.23694324493408203, 0.23965692520141602, 0.2324521541595459, 0.22655129432678223, 0.22639894485473633, 0.2227334976196289, 0.23811888694763184, 0.22593235969543457, 0.22103619575500488, 0.23881793022155762, 0.23148608207702637, 0.2221662998199463, 0.22388148307800293, 0.2264237403869629, 0.21755480766296387, 0.2274951934814453, 0.23355746269226074, 0.2315354347229004, 0.22428345680236816, 0.2250204086303711, 0.2304980754852295, 0.22748780250549316, 0.24338960647583008, 0.23851561546325684, 0.22466802597045898, 0.21347784996032715, 0.23043322563171387, 0.23965096473693848, 0.22458815574645996, 0.24915790557861328, 0.23597002029418945, 0.23829317092895508, 0.2430429458618164, 0.23593473434448242, 0.22024750709533691, 0.21597981452941895, 0.23782634735107422, 0.22844600677490234, 0.2415926456451416, 0.23813223838806152, 0.24024510383605957, 0.22561335563659668, 0.23758220672607422, 0.23198175430297852, 0.21708917617797852, 0.23592329025268555, 0.23346757888793945, 0.22661852836608887, 0.2239389419555664, 0.23780107498168945, 0.2278759479522705, 0.23163604736328125, 0.2148435115814209, 0.24274826049804688, 0.22263813018798828, 