{"ID": 2, "inference time": [0.31101131439208984, 0.22805523872375488, 0.23177170753479004, 0.22334837913513184, 0.22731518745422363, 0.23214125633239746, 0.22054457664489746, 0.22887158393859863, 0.22878527641296387, 0.22489571571350098, 0.22636818885803223, 0.2321321964263916, 0.22196197509765625, 0.2264261245727539, 0.23074102401733398, 0.22203588485717773, 0.22414350509643555, 0.22462081909179688, 0.22748994827270508, 0.22759366035461426, 0.22246885299682617, 0.22491073608398438, 0.23557329177856445, 0.22605347633361816, 0.21978211402893066, 0.22838568687438965, 0.22070550918579102, 0.21757054328918457, 0.22262883186340332, 0.22445440292358398, 0.2172393798828125, 0.23232078552246094, 0.22070837020874023, 0.2210526466369629, 0.2386493682861328, 0.22475767135620117, 0.23039674758911133, 0.2246549129486084, 0.2235555648803711, 0.2251429557800293, 0.2261066436767578, 0.22393250465393066, 0.22391676902770996, 0.2301180362701416, 0.22485661506652832, 0.22080254554748535, 0.2217721939086914, 0.24225831031799316, 0.22704029083251953, 0.23105192184448242, 0.23261570930480957, 0.22227835655212402, 0.23154568672180176, 0.22600960731506348, 0.22496700286865234, 0.22947382926940918, 0.23459315299987793, 0.24430513381958008, 0.22450709342956543, 0.2313520908355713, 0.22264552116394043, 0.22132182121276855, 0.2191157341003418, 0.21923565864562988, 0.22595429420471191, 0.22612595558166504, 0.22159361839294434, 0.2271413803100586, 0.22804546356201172, 0.22732114791870117, 0.21379709243774414, 0.2301948070526123, 0.22340941429138184, 0.2436506748199463, 0.21574091911315918, 0.23189067840576172, 0.22460389137268066, 0.22851061820983887, 0.23070979118347168, 0.21739482879638672, 0.48226261138916016, 0.19380545616149902, 0.20224332809448242, 0.20618224143981934, 0.21390795707702637, 0.2054734230041504, 0.22004365921020508, 0.20220637321472168, 0.19716525077819824, 0.20787739753723145, 0.21607255935668945, 0.22352313995361328, 0.2294321060180664, 0.22638344764709473, 0.2056419849395752, 0.21027231216430664, 0.20056915283203125, 0.2037811279296875, 0.21619868278503418, 0.2217404842376709, 0.22118401527404785, 0.21554350852966309, 0.2230668067932129, 0.2169666290283203, 0.19574880599975586, 0.20955276489257812, 0.21076107025146484, 0.2176823616027832, 0.21879816055297852, 0.20973801612854004, 0.21029090881347656, 0.22211098670959473, 0.19785451889038086, 0.21848273277282715, 0.2048802375793457, 0.17616724967956543, 0.21670866012573242, 0.21670889854431152, 0.2323617935180664, 0.22984647750854492, 0.22602629661560059, 0.2246396541595459, 0.2077493667602539, 0.22914600372314453, 0.2025737762451172, 0.21685171127319336, 0.21761608123779297, 0.20903277397155762, 0.21974754333496094, 0.2087087631225586, 0.19611835479736328, 0.22554588317871094, 0.21635675430297852, 0.19666790962219238, 0.19793152809143066, 0.21046137809753418, 0.20640349388122559, 0.21909332275390625, 0.22158336639404297, 0.20385169982910156, 0.22213482856750488, 0.20903611183166504, 0.2032458782196045, 0.20825433731079102, 0.20567750930786133, 0.20601749420166016, 0.210707426071167, 0.2221682071685791, 0.20351958274841309, 0.2004249095916748, 0.21596980094909668, 0.2184920310974121, 0.21179890632629395, 0.20737433433532715, 0.2112264633178711, 0.2148456573486328, 0.23310160636901855, 0.20903587341308594, 0.22705602645874023, 0.2079474925994873, 0.19894623756408691, 0.21497797966003418, 0.23201799392700195, 0.21477174758911133, 0.22447896003723145, 0.21004629135131836, 0.21086978912353516, 0.22426867485046387, 0.22400546073913574, 0.21120190620422363, 0.23013877868652344, 0.21669530868530273, 0.20853257179260254, 0.21103525161743164, 0.20940184593200684, 0.2090294361114502, 0.21770143508911133, 0.20862627029418945, 0.22708725929260254, 0.21078062057495117, 0.20496821403503418, 0.2213592529296875, 0.21460294723510742, 0.2246232032775879, 0.23107242584228516, 0.22502708435058594, 0.20821213722229004, 0.19481182098388672, 0.21663284301757812, 0.20901727676391602, 0.2339184284210205, 0.22517943382263184, 0.22066044807434082, 0.19777202606201172, 0.2047867774963379, 0.22772622108459473, 0.21843194961547852, 0.20109033584594727, 0.20196866989135742, 0.20271921157836914, 0.22987937927246094, 0.23441648483276367, 0.22153210639953613, 0.21423077583312988, 0.20708727836608887, 0.2198631763458252, 0.20934653282165527, 0.2321484088897705, 0.22854280471801758, 0.21397185325622559, 0.2096414566040039, 0.23650455474853516, 0.2256782054901123, 0.21558165550231934, 0.2050797939300537, 0.2100377082824707, 0.21299028396606445, 0.23897790908813477, 0.2045302391052246, 0.2157750129699707, 0.22904086112976074, 0.23374319076538086, 0.21238040924072266, 0.21269631385803223, 0.20739960670471191, 0.2119288444519043, 0.20965886116027832, 0.21707510948181152, 0.23540019989013672, 0.2131054401397705, 0.23108816146850586, 0.2349245548248291, 0.21342730522155762, 0.2168102264404297, 0.19595956802368164, 0.19626879692077637, 0.20336294174194336, 0.20640945434570312, 0.20332860946655273, 0.22571063041687012, 0.21937274932861328, 0.22989559173583984, 0.21991229057312012, 0.21327805519104004, 0.22239184379577637, 0.22172045707702637, 0.2193148136138916, 0.2129077911376953, 0.22178196907043457, 0.21667957305908203, 0.2180628776550293, 0.2122645378112793, 0.21863460540771484, 0.22033905982971191, 0.20507097244262695, 0.21397829055786133, 0.19942402839660645, 0.21741724014282227, 0.22663521766662598, 0.20385193824768066, 0.20188117027282715, 0.216874361038208, 0.21338486671447754, 0.22055935859680176, 0.20788931846618652, 0.23331952095031738, 0.2029261589050293, 0.21361112594604492, 0.21326494216918945, 0.21033859252929688, 0.2244565486907959, 0.2117447853088379, 0.1910231113433838, 0.18877291679382324, 0.2189948558807373, 0.2061457633972168, 0.21287012100219727, 0.2100694179534912, 0.21601009368896484, 0.20802879333496094, 0.2113049030303955, 0.23037242889404297, 0.21627569198608398, 0.19184470176696777, 0.20181989669799805, 0.20939993858337402, 0.2146918773651123, 0.21605181694030762, 0.21332979202270508, 0.21339201927185059, 0.20973706245422363, 0.21482467651367188, 0.21499848365783691, 0.22826480865478516, 0.2169508934020996, 0.2137744426727295, 0.22503376007080078, 0.2175760269165039, 0.22394776344299316, 0.20801329612731934, 0.21369051933288574, 0.22088074684143066, 0.19525647163391113, 0.2175002098083496, 0.20386481285095215, 0.21624231338500977, 0.20966672897338867, 0.2094898223876953, 0.21291899681091309, 0.1968672275543213, 0.22118735313415527, 0.19987893104553223, 0.22863245010375977, 0.23025870323181152, 0.21751141548156738, 0.2131812572479248, 0.22946500778198242, 0.2100822925567627, 0.2097322940826416, 0.2016751766204834, 0.23174810409545898, 0.2047274112701416, 0.2216942310333252, 0.22188544273376465, 0.2115159034729004, 0.2250523567199707, 0.2349686622619629, 0.21990537643432617, 0.2125246524810791, 0.21639251708984375, 0.22317743301391602, 0.22494220733642578, 0.21878814697265625, 0.21515798568725586, 0.23037362098693848, 0.21607112884521484, 0.21315860748291016, 0.21255993843078613, 0.2164616584777832, 0.22648262977600098, 0.22627615928649902, 0.24212193489074707, 0.21265554428100586, 0.22313833236694336, 0.21729254722595215, 0.22115445137023926, 0.21505951881408691, 0.20821928977966309, 0.2078990936279297, 0.22908997535705566, 0.21370697021484375, 0.23507094383239746, 0.22976255416870117, 0.21996498107910156, 0.20902156829833984, 0.21305203437805176, 0.22423100471496582, 0.2396831512451172, 0.2185683250427246, 0.19961881637573242, 0.20585203170776367, 0.22040987014770508, 0.21326041221618652, 0.22204065322875977, 0.22172856330871582, 0.21979475021362305, 0.22076153755187988, 0.2010493278503418, 0.2109694480895996, 0.2193617820739746, 0.2212238311767578, 0.22139334678649902, 0.2046949863433838, 0.2310178279876709, 0.20335960388183594, 0.22101712226867676, 0.21091818809509277, 0.20202422142028809, 0.22066903114318848, 0.23398423194885254, 0.2246720790863037, 0.2060565948486328, 0.20356225967407227, 0.21201443672180176, 