{"ID": 0, "inference time": [13.571763515472412, 0.10090970993041992, 0.18930816650390625, 0.17956018447875977, 0.1352534294128418, 0.14303255081176758, 0.1241147518157959, 0.1305246353149414, 0.1408369541168213, 0.11381793022155762, 0.12648320198059082, 0.1296389102935791, 0.11138272285461426, 0.1241147518157959, 0.12272810935974121, 0.10774612426757812, 0.13983726501464844, 0.12938380241394043, 0.09768080711364746, 0.1159963607788086, 0.12069988250732422, 0.1067512035369873, 0.12964415550231934, 0.14550209045410156, 0.11164450645446777, 0.11594390869140625, 0.12681174278259277, 0.10014009475708008, 0.13008785247802734, 0.14479827880859375, 0.11417865753173828, 0.12448835372924805, 0.13747930526733398, 0.10439634323120117, 0.12902522087097168, 0.13547062873840332, 0.1124110221862793, 0.12186264991760254, 0.12254452705383301, 0.10714936256408691, 0.12952375411987305, 0.1487417221069336, 0.12390661239624023, 0.1378188133239746, 0.1543865203857422, 0.11266875267028809, 0.12336587905883789, 0.1401805877685547, 0.10518646240234375, 0.12732481956481934, 0.1483464241027832, 0.12209916114807129, 0.12426996231079102, 0.1399848461151123, 0.10809135437011719, 0.13257765769958496, 0.1419692039489746, 0.11285042762756348, 0.1154782772064209, 0.12029099464416504, 0.11254382133483887, 0.13022160530090332, 0.14346671104431152, 0.11486697196960449, 0.11925745010375977, 0.1359386444091797, 0.10348653793334961, 0.12730717658996582, 0.14508843421936035, 0.1161653995513916, 0.1332700252532959, 0.13585376739501953, 0.09287476539611816, 0.12273073196411133, 0.13768696784973145, 0.1162264347076416, 0.13083457946777344, 0.13242864608764648, 0.1021735668182373, 0.12857341766357422, 0.14461421966552734, 0.12078547477722168, 0.11999678611755371, 0.12778592109680176, 0.1001424789428711, 0.1263718605041504, 0.1440579891204834, 0.1270430088043213, 0.12384533882141113, 0.12223458290100098, 0.11229062080383301, 0.13301777839660645, 0.1433086395263672, 0.11012077331542969, 0.11793208122253418, 0.1302814483642578, 0.09103178977966309, 0.12732219696044922, 0.14931011199951172, 0.11326718330383301, 0.11351680755615234, 0.12607789039611816, 0.10186314582824707, 0.1315138339996338, 0.13925480842590332, 0.10697579383850098, 0.13577914237976074, 0.1415574550628662, 0.10291695594787598, 0.13539886474609375, 0.15570759773254395, 0.11831951141357422, 0.12105226516723633, 0.13700652122497559, 0.10837674140930176, 0.13132190704345703, 0.13408732414245605, 0.09903478622436523, 0.12897920608520508, 0.14160633087158203, 0.11789679527282715, 0.12003207206726074, 0.13045048713684082, 0.1062631607055664, 0.131211519241333, 0.15139293670654297, 0.10510778427124023, 0.12301445007324219, 0.11482596397399902, 0.10285806655883789, 0.12864232063293457, 0.12906217575073242, 0.11815452575683594, 0.12807083129882812, 0.1383049488067627, 0.11900949478149414, 0.12747979164123535, 0.13530230522155762, 0.10126495361328125, 0.12743330001831055, 0.14578557014465332, 0.11448788642883301, 0.13722705841064453, 0.13943815231323242, 0.1203007698059082, 0.12235784530639648, 0.13513588905334473, 0.11113643646240234, 0.13477230072021484, 0.1316969394683838, 0.1151270866394043, 0.11960363388061523, 0.1127631664276123, 0.09925055503845215, 0.12402892112731934, 0.14298176765441895, 0.11807632446289062, 0.13131165504455566, 0.13256287574768066, 0.10844182968139648, 0.12931060791015625, 0.14600419998168945, 0.09943509101867676, 0.13085174560546875, 0.14862775802612305, 0.10914111137390137, 0.13050293922424316, 0.13695263862609863, 0.11038064956665039, 0.12163829803466797, 0.1322646141052246, 0.11256003379821777, 0.13108444213867188, 0.15004348754882812, 0.13004851341247559, 0.12000203132629395, 0.10982656478881836, 0.11230278015136719, 0.1326141357421875, 0.14125514030456543, 0.11880326271057129, 0.11983489990234375, 0.1402595043182373, 0.10079789161682129, 0.12984728813171387, 0.14756345748901367, 0.13135862350463867, 0.11376047134399414, 0.12433195114135742, 0.11311793327331543, 0.13344693183898926, 0.1478900909423828, 0.10381031036376953, 0.12528371810913086, 0.1257002353668213, 0.11693525314331055, 0.12990236282348633, 0.14650630950927734, 0.10048151016235352, 0.13112282752990723, 0.15090179443359375, 0.11416482925415039, 0.1288926601409912, 0.1382124423980713, 0.10352706909179688, 0.1243739128112793, 0.14177966117858887, 0.10395598411560059, 0.11962604522705078, 0.11908817291259766, 0.11252903938293457, 0.12500786781311035, 0.13613319396972656, 0.11510396003723145, 0.11994028091430664, 0.1261308193206787, 0.10797762870788574, 0.12373852729797363, 0.13934612274169922, 0.11990189552307129, 0.12056660652160645, 0.13533473014831543, 0.11034917831420898, 0.12508225440979004, 0.1375129222869873, 0.10552597045898438, 0.13117742538452148, 0.13666319847106934, 0.10347509384155273, 0.1244499683380127, 0.12873458862304688, 0.10878586769104004, 0.12591004371643066, 0.13152575492858887, 0.10234761238098145, 0.1282820701599121, 0.13486051559448242, 0.11893963813781738, 0.12379693984985352, 0.12831711769104004, 0.12035679817199707, 0.12966012954711914, 0.13988423347473145, 0.1217043399810791, 0.12403106689453125, 0.12466669082641602, 0.1079556941986084, 0.12276124954223633, 0.12823152542114258, 0.10455846786499023, 0.12705254554748535, 0.13554811477661133, 0.1003425121307373, 0.12695050239562988, 0.14403414726257324, 0.12774181365966797, 0.12025785446166992, 0.13394474983215332, 0.09085488319396973, 0.12390804290771484, 0.14292335510253906, 0.10348200798034668, 0.12840533256530762, 0.1384444236755371, 0.09734225273132324, 0.13192200660705566, 0.1403045654296875, 0.12062788009643555, 0.12949395179748535, 0.14966511726379395, 0.1072998046875, 0.12440371513366699, 0.13946986198425293, 0.10303902626037598, 0.12233901023864746, 0.14842820167541504, 0.112945556640625, 0.12197208404541016, 0.1344914436340332, 0.09776425361633301, 0.12555146217346191, 0.14438295364379883, 0.10777068138122559, 0.1313462257385254, 0.1440114974975586, 0.1209249496459961, 0.10742402076721191, 0.12746000289916992, 0.12066411972045898, 0.11914610862731934, 0.13139986991882324, 0.11603832244873047, 0.11976194381713867, 0.13173389434814453, 0.10219693183898926, 0.126786470413208, 0.12654352188110352, 0.10666680335998535, 0.13236331939697266, 0.14087343215942383, 0.1085505485534668, 0.1271955966949463, 0.13351941108703613, 0.10319709777832031, 0.1278669834136963, 0.14212727546691895, 0.10625839233398438, 0.1281125545501709, 0.1393725872039795, 0.1013338565826416, 0.12805914878845215, 0.13775372505187988, 0.10972833633422852, 0.12472009658813477, 0.1322023868560791, 0.1183316707611084, 0.12281918525695801, 0.14441800117492676, 0.1298811435699463, 0.1267719268798828, 0.14482378959655762, 0.12534451484680176, 0.10587644577026367, 0.11965727806091309, 0.11034989356994629, 0.12234878540039062, 0.1305065155029297, 0.11475062370300293, 0.12047457695007324, 0.1336817741394043, 0.1195533275604248, 0.10939192771911621, 0.12750601768493652, 0.10961294174194336, 0.11916446685791016, 0.13470149040222168, 0.10271167755126953, 0.12414312362670898, 0.1398181915283203, 0.1447608470916748, 0.11938667297363281, 0.12425899505615234, 0.11164212226867676, 0.12244248390197754, 0.12743687629699707, 0.11624288558959961, 0.12262773513793945, 0.12662959098815918, 0.117279052734375, 0.11638545989990234, 0.1341242790222168, 0.11212015151977539, 0.13251137733459473, 0.15313935279846191, 0.12143063545227051, 0.12393546104431152, 0.13528680801391602, 0.12091994285583496, 0.12449431419372559, 0.13295674324035645, 0.12155818939208984, 0.12644100189208984, 0.14153623580932617, 0.10433220863342285, 0.12171316146850586, 0.14748454093933105, 0.12428927421569824, 0.12911224365234375, 0.1367206573486328, 0.10357546806335449, 0.1230771541595459, 0.14259672164916992, 0.11064720153808594, 0.13120603561401367, 0.1504521369934082, 0.1319904327392578, 0.12596702575683594, 0.12507915496826172, 0.10447335243225098, 0.12528252601623535, 0.14521408081054688, 0.10570955276489258, 0.1236884593963623, 