{"ID": 5, "inference time": [14.397225379943848, 0.1427912712097168, 0.15670371055603027, 0.13919830322265625, 0.14229488372802734, 0.15125799179077148, 0.1450486183166504, 0.13706612586975098, 0.149644136428833, 0.1345517635345459, 0.14258146286010742, 0.14829039573669434, 0.13543438911437988, 0.1356809139251709, 0.14275527000427246, 0.13446378707885742, 0.13129591941833496, 0.14498376846313477, 0.13535666465759277, 0.1377124786376953, 0.14550542831420898, 0.13495659828186035, 0.13802313804626465, 0.1491091251373291, 0.13108325004577637, 0.12723541259765625, 0.15537548065185547, 0.12961816787719727, 0.12546992301940918, 0.14401674270629883, 0.1361236572265625, 0.13129615783691406, 0.14466595649719238, 0.13757705688476562, 0.1296234130859375, 0.15244245529174805, 0.13520407676696777, 0.1337418556213379, 0.1597459316253662, 0.13589215278625488, 0.14053583145141602, 0.15198445320129395, 0.12931442260742188, 0.13344764709472656, 0.15490245819091797, 0.144148588180542, 0.14803671836853027, 0.1438133716583252, 0.1449425220489502, 0.13897299766540527, 0.14965510368347168, 0.13555407524108887, 0.1297910213470459, 0.1455690860748291, 0.13412857055664062, 0.16170239448547363, 0.15407252311706543, 0.13709020614624023, 0.1378636360168457, 0.15170741081237793, 0.14612531661987305, 0.15207529067993164, 0.15155863761901855, 0.141984224319458, 0.14120793342590332, 0.1523749828338623, 0.13698077201843262, 0.13951754570007324, 0.14856314659118652, 0.1365811824798584, 0.13248729705810547, 0.14390897750854492, 0.1287238597869873, 0.13611507415771484, 0.14887404441833496, 0.12802958488464355, 0.13149023056030273, 0.14909124374389648, 0.1364128589630127, 0.1358022689819336, 0.1546919345855713, 0.12587666511535645, 0.1365680694580078, 0.14711260795593262, 0.10898375511169434, 0.1442577838897705, 0.16233277320861816, 0.1327366828918457, 0.12881064414978027, 0.15147876739501953, 0.1355891227722168, 0.13848519325256348, 0.14690065383911133, 0.13849282264709473, 0.13062047958374023, 0.14931988716125488, 0.10741233825683594, 0.13122820854187012, 0.14452266693115234, 0.13882756233215332, 0.13337063789367676, 0.15481829643249512, 0.1117708683013916, 0.14038777351379395, 0.16778230667114258, 0.1399385929107666, 0.13178539276123047, 0.15738177299499512, 0.1334846019744873, 0.13295435905456543, 0.15085434913635254, 0.13665533065795898, 0.1354072093963623, 0.1524038314819336, 0.13342642784118652, 0.13148164749145508, 0.15320038795471191, 0.14504790306091309, 0.13107872009277344, 0.1542806625366211, 0.13155436515808105, 0.1350998878479004, 0.15067672729492188, 0.1359095573425293, 0.1292557716369629, 0.15920495986938477, 0.13287353515625, 0.1356360912322998, 0.15201377868652344, 0.1413891315460205, 0.12699556350708008, 0.15312647819519043, 0.1421678066253662, 0.1283555030822754, 0.15338563919067383, 0.1297621726989746, 0.13408160209655762, 0.1595909595489502, 0.13359951972961426, 0.1305077075958252, 0.15609264373779297, 0.13440942764282227, 0.1284019947052002, 0.14986801147460938, 0.10814094543457031, 0.12616753578186035, 0.158066987991333, 0.1286778450012207, 0.1320173740386963, 0.15195226669311523, 0.13319706916809082, 0.12900781631469727, 0.15987825393676758, 0.13494348526000977, 0.12755393981933594, 0.1558825969696045, 0.14497685432434082, 0.12658476829528809, 0.15155625343322754, 0.13154053688049316, 0.12643814086914062, 0.15983819961547852, 0.12555217742919922, 0.1301288604736328, 0.15900826454162598, 0.13573646545410156, 0.13991689682006836, 0.15622758865356445, 0.10093164443969727, 0.1301107406616211, 0.15882039070129395, 0.12640142440795898, 0.12629437446594238, 0.1652824878692627, 0.1371471881866455, 0.12672901153564453, 0.15691328048706055, 0.12926769256591797, 0.1358470916748047, 0.1556851863861084, 0.13376283645629883, 0.13133764266967773, 0.15520071983337402, 0.10253548622131348, 0.12755894660949707, 0.1569352149963379, 0.10435342788696289, 0.12505292892456055, 0.15329933166503906, 0.12553024291992188, 0.12766718864440918, 0.1554856300354004, 0.11915349960327148, 0.12847614288330078, 0.1663517951965332, 0.12452316284179688, 0.1321866512298584, 0.16036558151245117, 0.12774109840393066, 0.12939858436584473, 0.15517640113830566, 0.11399650573730469, 0.132218599319458, 0.1610727310180664, 0.12122774124145508, 0.12610912322998047, 0.16751551628112793, 0.13083863258361816, 0.12215423583984375, 0.16382241249084473, 0.12662696838378906, 0.12921571731567383, 0.16544532775878906, 0.12944245338439941, 0.13144254684448242, 0.1647045612335205, 0.12503528594970703, 0.12495040893554688, 0.16620635986328125, 0.1280677318572998, 0.11902832984924316, 0.1561279296875, 0.12556123733520508, 0.1228029727935791, 0.17085576057434082, 0.1286756992340088, 0.127701997756958, 0.15681743621826172, 0.12062883377075195, 0.12213587760925293, 0.1573197841644287, 0.1196904182434082, 0.11513543128967285, 0.1576700210571289, 0.12081074714660645, 0.12580156326293945, 0.16166090965270996, 0.12308025360107422, 0.13401007652282715, 0.16830682754516602, 0.12313365936279297, 0.1425490379333496, 0.16398978233337402, 0.11197805404663086, 0.1301279067993164, 0.1594858169555664, 0.11167573928833008, 0.13209986686706543, 0.15801596641540527, 0.12462949752807617, 0.1339244842529297, 0.17030549049377441, 0.12171673774719238, 0.1349947452545166, 0.1626434326171875, 0.1062781810760498, 0.12020993232727051, 0.1611945629119873, 0.12794041633605957, 0.12588214874267578, 0.16224145889282227, 0.12272262573242188, 0.13653802871704102, 0.16401934623718262, 0.12383484840393066, 0.1162421703338623, 0.16238975524902344, 0.11533904075622559, 0.11891007423400879, 0.16484308242797852, 0.10303592681884766, 0.11341285705566406, 0.16136574745178223, 0.1085519790649414, 0.11898136138916016, 0.16281747817993164, 0.12261009216308594, 0.11443233489990234, 0.1616652011871338, 0.1305227279663086, 0.1071925163269043, 0.16116976737976074, 0.10630083084106445, 0.11733603477478027, 0.1601090431213379, 0.12161660194396973, 0.12465953826904297, 0.16390013694763184, 0.12082576751708984, 0.1254441738128662, 0.1708049774169922, 0.10988068580627441, 0.11348080635070801, 0.15882635116577148, 0.1303112506866455, 0.12298250198364258, 0.16435456275939941, 0.14882683753967285, 0.11646914482116699, 0.15428519248962402, 0.15440988540649414, 0.09975838661193848, 0.14857959747314453, 0.15390563011169434, 0.11395764350891113, 0.14711213111877441, 0.15103602409362793, 0.10976266860961914, 0.15445542335510254, 0.15540599822998047, 0.11446642875671387, 0.15354371070861816, 0.15638971328735352, 0.11367464065551758, 0.14120101928710938, 0.15635442733764648, 0.11574411392211914, 0.14441347122192383, 0.1666555404663086, 0.12420439720153809, 0.1438593864440918, 0.15516376495361328, 0.11004948616027832, 0.15127062797546387, 0.15203094482421875, 0.1100623607635498, 0.1502361297607422, 0.14766430854797363, 0.11986279487609863, 0.15017175674438477, 0.15391898155212402, 0.11948204040527344, 0.1411135196685791, 0.14383506774902344, 0.12007761001586914, 0.14502286911010742, 0.15023493766784668, 0.10490298271179199, 0.1486682891845703, 0.15769219398498535, 0.10933947563171387, 0.14713716506958008, 0.15168523788452148, 0.10630607604980469, 0.14810419082641602, 0.1515212059020996, 0.11383628845214844, 0.15451860427856445, 0.1556401252746582, 0.11880278587341309, 0.14835596084594727, 0.15029072761535645, 0.10684871673583984, 0.14185047149658203, 0.14632821083068848, 0.13126897811889648, 0.15265345573425293, 0.1446061134338379, 0.12963390350341797, 0.14651870727539062, 0.14281845092773438, 0.13025641441345215, 0.1421360969543457, 0.14704275131225586, 0.13889789581298828, 0.14277243614196777, 0.13758158683776855, 0.13927078247070312, 0.14333081245422363, 0.13498997688293457, 0.13638544082641602, 0.14267325401306152, 0.1333448886871338, 0.13891005516052246, 0.14366984367370605, 0.13546013832092285, 0.14255166053771973, 0.14251112937927246, 0.13527774810791016, 0.14108681678771973, 0.14524149894714355, 0.13852453231811523, 0.1442866325378418, 0.14594697952270508, 