{"ID": 7, "inference time": [14.156810283660889, 0.20854663848876953, 0.12607860565185547, 0.13758111000061035, 0.14144206047058105, 0.13402032852172852, 0.13661551475524902, 0.14095377922058105, 0.1268291473388672, 0.13608050346374512, 0.13372588157653809, 0.12621188163757324, 0.13638091087341309, 0.14483094215393066, 0.13805508613586426, 0.13675999641418457, 0.13799643516540527, 0.12476372718811035, 0.13581252098083496, 0.13375353813171387, 0.12539458274841309, 0.13453388214111328, 0.14208316802978516, 0.12902116775512695, 0.14097857475280762, 0.1416168212890625, 0.1263599395751953, 0.13881778717041016, 0.1338047981262207, 0.11759495735168457, 0.13628625869750977, 0.13895940780639648, 0.12643647193908691, 0.13608455657958984, 0.13901472091674805, 0.12540245056152344, 0.14052581787109375, 0.13198494911193848, 0.12729167938232422, 0.13861346244812012, 0.1365046501159668, 0.12475156784057617, 0.14232206344604492, 0.14418745040893555, 0.13369107246398926, 0.13988256454467773, 0.13851237297058105, 0.12732958793640137, 0.1361994743347168, 0.1461811065673828, 0.12738037109375, 0.13913750648498535, 0.1356809139251709, 0.13036799430847168, 0.13580894470214844, 0.13933706283569336, 0.1419672966003418, 0.1391150951385498, 0.13513898849487305, 0.12828850746154785, 0.14354157447814941, 0.14290571212768555, 0.13766121864318848, 0.14545798301696777, 0.14287424087524414, 0.13287138938903809, 0.14168763160705566, 0.13846182823181152, 0.13784098625183105, 0.13849353790283203, 0.14299583435058594, 0.13111448287963867, 0.13826537132263184, 0.1354672908782959, 0.12747812271118164, 0.13660812377929688, 0.1378636360168457, 0.12410402297973633, 0.14003777503967285, 0.13782119750976562, 0.12809038162231445, 0.14261674880981445, 0.13495993614196777, 0.12299871444702148, 0.14007282257080078, 0.1344165802001953, 0.13709306716918945, 0.13742923736572266, 0.1372060775756836, 0.12777996063232422, 0.13468241691589355, 0.1349649429321289, 0.12385797500610352, 0.1429593563079834, 0.1419386863708496, 0.12294530868530273, 0.14150214195251465, 0.1375107765197754, 0.12291622161865234, 0.13910126686096191, 0.13870716094970703, 0.12359046936035156, 0.14337873458862305, 0.1316814422607422, 0.12314367294311523, 0.14241647720336914, 0.1366744041442871, 0.1194002628326416, 0.13960480690002441, 0.13434362411499023, 0.13717150688171387, 0.14296531677246094, 0.1330275535583496, 0.12441110610961914, 0.13933277130126953, 0.13702726364135742, 0.11907505989074707, 0.13991189002990723, 0.14223599433898926, 0.11746740341186523, 0.145005464553833, 0.13698601722717285, 0.12144970893859863, 0.1437671184539795, 0.13805699348449707, 0.12184667587280273, 0.13908171653747559, 0.13717222213745117, 0.12725424766540527, 0.14281320571899414, 0.1407456398010254, 0.12029123306274414, 0.14063405990600586, 0.13550806045532227, 0.12227058410644531, 0.14214754104614258, 0.13327598571777344, 0.1261606216430664, 0.1435098648071289, 0.13909363746643066, 0.13161778450012207, 0.1424860954284668, 0.1390519142150879, 0.11963582038879395, 0.14308500289916992, 0.12862944602966309, 0.11933541297912598, 0.14440011978149414, 0.13652801513671875, 0.12367367744445801, 0.14461326599121094, 0.1367781162261963, 0.12206459045410156, 0.14827823638916016, 0.13719868659973145, 0.13450026512145996, 0.14760327339172363, 0.14408326148986816, 0.1193544864654541, 0.14291930198669434, 0.14815664291381836, 0.1269087791442871, 0.1495954990386963, 0.13939261436462402, 0.12289285659790039, 0.1441514492034912, 0.14322710037231445, 0.13559365272521973, 0.13855624198913574, 0.1284332275390625, 0.13217616081237793, 0.14373016357421875, 0.1364271640777588, 0.12718701362609863, 0.1495199203491211, 0.1384589672088623, 0.1260075569152832, 0.14449429512023926, 0.13926053047180176, 0.13795900344848633, 0.14577126502990723, 0.13919878005981445, 0.1243753433227539, 0.14525938034057617, 0.13318610191345215, 0.12052059173583984, 0.1432654857635498, 0.12433171272277832, 0.11906933784484863, 0.15385985374450684, 0.13786053657531738, 0.11730527877807617, 0.14636874198913574, 0.13030219078063965, 0.1235496997833252, 0.15175962448120117, 0.1327528953552246, 0.12077116966247559, 0.14835238456726074, 0.14200115203857422, 0.11942648887634277, 0.14369869232177734, 0.1334061622619629, 0.11814403533935547, 0.14693331718444824, 0.13216209411621094, 0.11856889724731445, 0.1558997631072998, 0.1475381851196289, 0.12321758270263672, 0.15196704864501953, 0.1409149169921875, 0.1282646656036377, 0.1506493091583252, 0.1373152732849121, 0.1343691349029541, 0.14779901504516602, 0.13799214363098145, 0.12089991569519043, 0.14663958549499512, 0.13935136795043945, 0.11815881729125977, 0.1437835693359375, 0.12993407249450684, 0.12229299545288086, 0.14876937866210938, 0.1390080451965332, 0.11887502670288086, 0.14373278617858887, 0.13060522079467773, 0.11677384376525879, 0.14746308326721191, 0.12794041633605957, 0.11888432502746582, 0.14868617057800293, 0.1288454532623291, 0.11686205863952637, 0.14680957794189453, 0.13913583755493164, 0.12362313270568848, 0.14836478233337402, 0.13298940658569336, 0.1329483985900879, 0.14532232284545898, 0.12997794151306152, 0.12035036087036133, 0.1467294692993164, 0.12903356552124023, 0.12729954719543457, 0.14898324012756348, 0.13181638717651367, 0.11836481094360352, 0.14858555793762207, 0.1298234462738037, 0.12723016738891602, 0.1465928554534912, 0.12506389617919922, 0.11981916427612305, 0.15389585494995117, 0.13941550254821777, 0.13119125366210938, 0.15227651596069336, 0.1347343921661377, 0.13198161125183105, 0.1525554656982422, 0.14316725730895996, 0.1217954158782959, 0.14949750900268555, 0.13115763664245605, 0.11883401870727539, 0.1490023136138916, 0.1268603801727295, 0.11959242820739746, 0.14603400230407715, 0.12959837913513184, 0.12546753883361816, 0.15003395080566406, 0.13831567764282227, 0.11901330947875977, 0.14989209175109863, 0.1415393352508545, 0.11204409599304199, 0.14675664901733398, 0.12478089332580566, 0.11705183982849121, 0.1514894962310791, 0.13123536109924316, 0.11858034133911133, 0.15080785751342773, 0.1293942928314209, 0.1300044059753418, 0.14998579025268555, 0.12795591354370117, 0.11846256256103516, 0.14643096923828125, 0.14057183265686035, 0.12677431106567383, 0.14996695518493652, 0.15389561653137207, 0.11222147941589355, 0.14714646339416504, 0.1650402545928955, 0.11174869537353516, 0.15037107467651367, 0.160247802734375, 0.11015820503234863, 0.1503925323486328, 0.16042757034301758, 0.11513519287109375, 0.1496257781982422, 0.15755414962768555, 0.1085965633392334, 0.14380550384521484, 0.15456724166870117, 0.09612846374511719, 0.13509416580200195, 0.15424704551696777, 0.10360598564147949, 0.13951730728149414, 0.15775561332702637, 0.09818243980407715, 0.13936257362365723, 0.1555614471435547, 0.10446882247924805, 0.14124441146850586, 0.15385699272155762, 0.09347343444824219, 0.13669538497924805, 0.1489722728729248, 0.11012125015258789, 0.13770031929016113, 0.15229487419128418, 0.10440444946289062, 0.13482904434204102, 0.15308928489685059, 0.10436701774597168, 0.13449788093566895, 0.15675878524780273, 0.09610462188720703, 0.14072632789611816, 0.14991974830627441, 0.09771943092346191, 0.1417677402496338, 0.14946842193603516, 0.10080623626708984, 0.14201712608337402, 0.13863468170166016, 0.11302757263183594, 0.1453545093536377, 0.16003203392028809, 0.10602378845214844, 0.14032697677612305, 0.15017962455749512, 0.10746073722839355, 0.13783717155456543, 0.1514263153076172, 0.12430977821350098, 0.13757562637329102, 0.14008831977844238, 0.12669777870178223, 0.13069581985473633, 0.1425931453704834, 0.11590075492858887, 0.13211417198181152, 0.14203906059265137, 0.1309223175048828, 0.13698387145996094, 0.13341689109802246, 0.13950562477111816, 0.13159918785095215, 0.14117050170898438, 0.14121365547180176, 0.1350865364074707, 0.14255690574645996, 0.1397111415863037, 0.13886356353759766, 0.14124631881713867, 0.14083433151245117, 0.1360032558441162, 0.14615130424499512, 0.13197779655456543, 0.1372842788696289, 0.14053106307983398, 