{"ID": 6, "inference time": [9.84793758392334, 0.0499415397644043, 0.11805415153503418, 0.08738112449645996, 0.04007983207702637, 0.06058669090270996, 0.09125995635986328, 0.040069580078125, 0.06015825271606445, 0.09191679954528809, 0.040758371353149414, 0.06042981147766113, 0.09307265281677246, 0.03921222686767578, 0.06044912338256836, 0.09129834175109863, 0.039685726165771484, 0.061784982681274414, 0.08861923217773438, 0.03902602195739746, 0.05959749221801758, 0.08839297294616699, 0.03879189491271973, 0.1041572093963623, 0.16995000839233398, 0.049070119857788086, 0.08379697799682617, 0.09735512733459473, 0.04527926445007324, 0.08373212814331055, 0.10125350952148438, 0.041703224182128906, 0.08413386344909668, 0.10987448692321777, 0.0395815372467041, 0.07252049446105957, 0.09228992462158203, 0.06017780303955078, 0.08293914794921875, 0.1044774055480957, 0.041944265365600586, 0.07477498054504395, 0.10679316520690918, 0.03982973098754883, 0.0732877254486084, 0.09801840782165527, 0.04391932487487793, 0.08285856246948242, 0.09924483299255371, 0.05023455619812012, 0.0825197696685791, 0.10175395011901855, 0.045295000076293945, 0.08259177207946777, 0.10573697090148926, 0.045702219009399414, 0.08265471458435059, 0.10594797134399414, 0.04559946060180664, 0.08261251449584961, 0.10578036308288574, 0.04577517509460449, 0.0823512077331543, 0.10399675369262695, 0.04837942123413086, 0.08280587196350098, 0.10682082176208496, 0.04052591323852539, 0.0743863582611084, 0.10851478576660156, 0.04153561592102051, 0.07260537147521973, 0.09444785118103027, 0.05742931365966797, 0.0832834243774414, 0.1007990837097168, 0.06433916091918945, 0.08306145668029785, 0.09173893928527832, 0.05677604675292969, 0.08318591117858887, 0.1074221134185791, 0.04572463035583496, 0.0826878547668457, 0.09901118278503418, 0.04179120063781738, 0.08250951766967773, 0.10692000389099121, 0.04246664047241211, 0.0834043025970459, 0.10621428489685059, 0.04289865493774414, 0.07238340377807617, 0.09358835220336914, 0.05630755424499512, 0.08227324485778809, 0.10301089286804199, 0.04324197769165039, 0.07840967178344727, 0.11369013786315918, 0.04007887840270996, 0.08241724967956543, 0.0939333438873291, 0.05608677864074707, 0.08213496208190918, 0.10385847091674805, 0.04561018943786621, 0.08253312110900879, 0.10794878005981445, 0.042574167251586914, 0.0738368034362793, 0.10175013542175293, 0.052210092544555664, 0.08442282676696777, 0.10208678245544434, 0.04570889472961426, 0.0805816650390625, 0.10854148864746094, 0.04081416130065918, 0.07398653030395508, 0.11111998558044434, 0.04044198989868164, 0.07723546028137207, 0.09817743301391602, 0.05600428581237793, 0.08232665061950684, 0.11367535591125488, 0.0513765811920166, 0.08185696601867676, 0.12295794486999512, 0.0421903133392334, 0.08334207534790039, 0.10786604881286621, 0.04253578186035156, 0.08212399482727051, 0.10811281204223633, 0.041098833084106445, 0.08110213279724121, 0.11309480667114258, 0.03909015655517578, 0.07326436042785645, 0.10274457931518555, 0.05334901809692383, 0.08462166786193848, 0.10866212844848633, 0.04195666313171387, 0.0736997127532959, 0.09979104995727539, 0.057753801345825195, 0.08388352394104004, 0.10931587219238281, 0.04108405113220215, 0.07265949249267578, 0.09893155097961426, 0.0566403865814209, 0.0819556713104248, 0.10632562637329102, 0.04118227958679199, 0.08076357841491699, 0.11992716789245605, 0.04050850868225098, 0.07323026657104492, 0.09685301780700684, 0.056354522705078125, 0.0813302993774414, 0.10876774787902832, 0.04246997833251953, 0.0718989372253418, 0.09588932991027832, 0.04881000518798828, 0.08064937591552734, 0.10973906517028809, 0.042424678802490234, 0.08291029930114746, 0.11216163635253906, 0.039553165435791016, 0.07167577743530273, 0.0952005386352539, 0.058992624282836914, 0.08023452758789062, 0.11061739921569824, 0.041037797927856445, 0.0804438591003418, 0.11036539077758789, 0.043346405029296875, 0.07795453071594238, 0.12213969230651855, 0.03997802734375, 0.07370352745056152, 0.10896158218383789, 0.04356074333190918, 0.08355355262756348, 0.1066741943359375, 0.04210615158081055, 0.07447648048400879, 0.09556174278259277, 0.06807446479797363, 0.07990193367004395, 0.11026668548583984, 0.045549869537353516, 0.08038520812988281, 0.11287403106689453, 0.04596400260925293, 0.08152985572814941, 0.1133415699005127, 0.043707847595214844, 0.08012962341308594, 0.10907840728759766, 0.040145158767700195, 0.07621479034423828, 0.12321972846984863, 0.04000282287597656, 0.07224726676940918, 0.09434652328491211, 0.056391239166259766, 0.08083701133728027, 0.10552072525024414, 0.045229196548461914, 0.07937979698181152, 0.10913372039794922, 0.0458371639251709, 0.07908463478088379, 0.12313461303710938, 0.04045677185058594, 0.08137750625610352, 0.11156797409057617, 0.04004025459289551, 0.07280826568603516, 0.10666584968566895, 0.04112124443054199, 0.07908749580383301, 0.11439847946166992, 0.046149253845214844, 0.07885336875915527, 0.1104745864868164, 0.040148019790649414, 0.0796504020690918, 0.10966372489929199, 0.04038596153259277, 0.07429075241088867, 0.12122225761413574, 0.03969717025756836, 0.07195186614990234, 0.10843110084533691, 0.046866655349731445, 0.0832066535949707, 0.10875606536865234, 0.04076838493347168, 0.07941842079162598, 0.12014341354370117, 0.04407787322998047, 0.08266782760620117, 0.11382198333740234, 0.0410764217376709, 0.07184505462646484, 0.09618854522705078, 0.05328106880187988, 0.07881498336791992, 0.12389707565307617, 0.04073190689086914, 0.07511305809020996, 0.10474824905395508, 0.04974699020385742, 0.08192849159240723, 0.11003923416137695, 0.042593955993652344, 0.07932066917419434, 0.12521862983703613, 0.03959822654724121, 0.0721585750579834, 0.1073768138885498, 0.041001081466674805, 0.07915568351745605, 0.1127920150756836, 0.04591822624206543, 0.0784761905670166, 0.11058831214904785, 0.05071306228637695, 0.07868766784667969, 0.10942792892456055, 0.04033946990966797, 0.07743263244628906, 0.11819672584533691, 0.03891944885253906, 0.07146644592285156, 0.10568833351135254, 0.04157543182373047, 0.08196640014648438, 0.10886549949645996, 0.03893113136291504, 0.08257389068603516, 0.11020278930664062, 0.04391622543334961, 0.07867765426635742, 0.1163644790649414, 0.03950166702270508, 0.06764698028564453, 0.1049492359161377, 0.040625572204589844, 0.07805323600769043, 0.12000060081481934, 0.042415618896484375, 0.08228135108947754, 0.10928964614868164, 0.039305686950683594, 0.07185530662536621, 0.09643387794494629, 0.06327509880065918, 0.07799863815307617, 0.11256790161132812, 0.0395047664642334, 0.07444643974304199, 0.12225866317749023, 0.039722442626953125, 0.07142806053161621, 0.10885238647460938, 0.04845404624938965, 0.07099556922912598, 0.10042524337768555, 0.05674266815185547, 0.08098649978637695, 0.1119694709777832, 0.03958868980407715, 0.07721400260925293, 0.11047244071960449, 0.03915715217590332, 0.07712626457214355, 0.1135702133178711, 0.04497861862182617, 0.07859206199645996, 0.12291288375854492, 0.039106130599975586, 0.0706167221069336, 0.11029338836669922, 0.0497136116027832, 0.07076525688171387, 0.1045072078704834, 0.048276424407958984, 0.07691097259521484, 0.10926985740661621, 0.04001784324645996, 0.07644820213317871, 0.12110257148742676, 0.04488348960876465, 0.06723427772521973, 0.10973834991455078, 0.045075178146362305, 0.0761115550994873, 0.1193230152130127, 0.04338335990905762, 0.06689095497131348, 0.09797525405883789, 0.05710101127624512, 0.07782125473022461, 0.11173892021179199, 0.046630859375, 0.07816815376281738, 0.10832476615905762, 0.04017186164855957, 0.07019710540771484, 0.09833073616027832, 0.05768561363220215, 0.0801081657409668, 0.11197781562805176, 0.04418301582336426, 0.07813715934753418, 0.11104321479797363, 0.042112112045288086, 0.0788109302520752, 0.10853195190429688, 0.03887581825256348, 0.07283711433410645, 0.11320853233337402, 0.04023885726928711, 0.07184243202209473, 0.0959930419921875, 0.0567479133605957, 0.082275390625, 0.10983753204345703, 0.03908061981201172, 0.07682323455810547, 