{"ID": 1, "inference time": [10.061761856079102, 0.12852978706359863, 0.06288671493530273, 0.04402732849121094, 0.08702635765075684, 0.061240196228027344, 0.0443267822265625, 0.08766579627990723, 0.06154298782348633, 0.04306340217590332, 0.08940339088439941, 0.061659812927246094, 0.04292011260986328, 0.08780503273010254, 0.16152405738830566, 0.04874992370605469, 0.10001182556152344, 0.09751653671264648, 0.04571533203125, 0.09906792640686035, 0.09678292274475098, 0.04758191108703613, 0.09952926635742188, 0.09942221641540527, 0.04504799842834473, 0.09843897819519043, 0.10342168807983398, 0.04487800598144531, 0.10784387588500977, 0.10391044616699219, 0.04452371597290039, 0.10919880867004395, 0.10769867897033691, 0.04522991180419922, 0.1071479320526123, 0.10440254211425781, 0.04560446739196777, 0.09857511520385742, 0.09953713417053223, 0.052147865295410156, 0.09820795059204102, 0.10050702095031738, 0.04521894454956055, 0.10451436042785645, 0.10192537307739258, 0.045408010482788086, 0.09840655326843262, 0.10100841522216797, 0.04556536674499512, 0.09653806686401367, 0.10304141044616699, 0.0438075065612793, 0.10481929779052734, 0.10688972473144531, 0.0457460880279541, 0.10476207733154297, 0.10252952575683594, 0.04598045349121094, 0.09857869148254395, 0.10481381416320801, 0.045709848403930664, 0.10260987281799316, 0.10419201850891113, 0.04647111892700195, 0.10611319541931152, 0.10882949829101562, 0.04705524444580078, 0.10766911506652832, 0.10692906379699707, 0.045435190200805664, 0.10884475708007812, 0.10854625701904297, 0.050745487213134766, 0.0986335277557373, 0.10255098342895508, 0.04613089561462402, 0.10525393486022949, 0.10451650619506836, 0.04753613471984863, 0.10108566284179688, 0.10151028633117676, 0.04496502876281738, 0.09948301315307617, 0.10546231269836426, 0.04584312438964844, 0.1063694953918457, 0.10273551940917969, 0.04611515998840332, 0.10154318809509277, 0.10359334945678711, 0.04655027389526367, 0.10816717147827148, 0.11623382568359375, 0.04620480537414551, 0.10076713562011719, 0.10746908187866211, 0.04846310615539551, 0.10923504829406738, 0.10725021362304688, 0.046683311462402344, 0.11024665832519531, 0.10785102844238281, 0.04700303077697754, 0.10012245178222656, 0.10500454902648926, 0.0451960563659668, 0.09862160682678223, 0.10076522827148438, 0.044966697692871094, 0.09932184219360352, 0.10712146759033203, 0.04544472694396973, 0.09956121444702148, 0.10370683670043945, 0.04699563980102539, 0.10161876678466797, 0.10401153564453125, 0.04544210433959961, 0.10961484909057617, 0.11087799072265625, 0.04658102989196777, 0.10632061958312988, 0.10406255722045898, 0.045351505279541016, 0.10470151901245117, 0.10369038581848145, 0.046527862548828125, 0.10831809043884277, 0.10456514358520508, 0.04704642295837402, 0.1049811840057373, 0.10235929489135742, 0.045708417892456055, 0.10138368606567383, 0.10423016548156738, 0.04629230499267578, 0.10814023017883301, 0.10874509811401367, 0.045157432556152344, 0.10984110832214355, 0.1106874942779541, 0.04478120803833008, 0.10860204696655273, 0.10796284675598145, 0.045262813568115234, 0.10178756713867188, 0.10241079330444336, 0.045119285583496094, 0.10879254341125488, 0.11559629440307617, 0.04647970199584961, 0.11015748977661133, 0.11044621467590332, 0.044708251953125, 0.09886622428894043, 0.10413575172424316, 0.047734737396240234, 0.10583853721618652, 0.11286258697509766, 0.04453158378601074, 0.10841941833496094, 0.1110391616821289, 0.04548358917236328, 0.107757568359375, 0.11087179183959961, 0.04607367515563965, 0.10490560531616211, 0.10563516616821289, 0.04975581169128418, 0.10214042663574219, 0.1035001277923584, 0.04673433303833008, 0.10706400871276855, 0.11100268363952637, 0.04518580436706543, 0.10787749290466309, 0.10615873336791992, 0.047072649002075195, 0.10471582412719727, 0.11006474494934082, 0.0456089973449707, 0.10770606994628906, 0.10981893539428711, 0.04602336883544922, 0.10772895812988281, 0.11128854751586914, 0.04471540451049805, 0.10997676849365234, 0.11018133163452148, 0.04412531852722168, 0.11016368865966797, 0.10877585411071777, 0.045517683029174805, 0.10876250267028809, 0.10834240913391113, 0.04546809196472168, 0.10111665725708008, 0.10450172424316406, 0.04539060592651367, 0.09403038024902344, 0.10340046882629395, 0.04596829414367676, 0.1018064022064209, 0.10468721389770508, 0.04509735107421875, 0.10013651847839355, 0.09891390800476074, 0.04674053192138672, 0.09756755828857422, 0.10661792755126953, 0.04413175582885742, 0.10764718055725098, 0.10860633850097656, 0.04495668411254883, 0.09594058990478516, 0.10575079917907715, 0.0440831184387207, 0.10170912742614746, 0.1049966812133789, 0.044928550720214844, 0.10411572456359863, 0.10824775695800781, 0.045560598373413086, 0.1073923110961914, 0.11487889289855957, 0.04474472999572754, 0.10805463790893555, 0.10843038558959961, 0.04493355751037598, 0.0981438159942627, 0.10733318328857422, 0.04508805274963379, 0.1073760986328125, 0.11761069297790527, 0.045022010803222656, 0.10883450508117676, 0.10971283912658691, 0.044652700424194336, 0.10827970504760742, 0.11045646667480469, 0.04475831985473633, 0.10276913642883301, 0.10464072227478027, 0.04642152786254883, 0.10089278221130371, 0.10358119010925293, 0.04497647285461426, 0.10959100723266602, 0.10954427719116211, 0.0443723201751709, 0.1084585189819336, 0.11336612701416016, 0.04419207572937012, 0.10822510719299316, 0.11215758323669434, 0.0449216365814209, 0.10882735252380371, 0.1118779182434082, 0.04610013961791992, 0.10333061218261719, 0.10721635818481445, 0.044240713119506836, 0.10941052436828613, 0.11417031288146973, 0.04564380645751953, 0.09919190406799316, 0.10759806632995605, 0.0447695255279541, 0.10834956169128418, 0.10814762115478516, 0.04982304573059082, 0.1040647029876709, 0.1067957878112793, 0.044512033462524414, 0.09504938125610352, 0.10318994522094727, 0.04378795623779297, 0.10943102836608887, 0.11381864547729492, 0.04440569877624512, 0.10825109481811523, 0.11038017272949219, 0.0450587272644043, 0.10806441307067871, 0.1138908863067627, 0.043622732162475586, 0.10669898986816406, 0.11725807189941406, 0.04463315010070801, 0.10808348655700684, 0.11039209365844727, 0.043406009674072266, 0.10790610313415527, 0.10971593856811523, 0.0445399284362793, 0.10594940185546875, 0.10545611381530762, 0.04341411590576172, 0.10657954216003418, 0.10675406455993652, 0.04435276985168457, 0.10396289825439453, 0.11084222793579102, 0.045760393142700195, 0.10831546783447266, 0.11442160606384277, 0.044808387756347656, 0.10754752159118652, 0.1056528091430664, 0.04730558395385742, 0.09729886054992676, 0.10208845138549805, 0.044104814529418945, 0.09538483619689941, 0.10700035095214844, 0.04765462875366211, 0.09834432601928711, 0.10643959045410156, 0.04398345947265625, 0.10273361206054688, 0.10912203788757324, 0.04459714889526367, 0.1077427864074707, 0.11433696746826172, 0.04483532905578613, 0.1026301383972168, 0.10593318939208984, 0.04923582077026367, 0.10847663879394531, 0.11109757423400879, 0.04432034492492676, 0.1079258918762207, 0.10983157157897949, 0.043282508850097656, 0.10414505004882812, 0.11434125900268555, 0.04483914375305176, 0.10868501663208008, 0.10858011245727539, 0.04457211494445801, 0.10790228843688965, 0.11167049407958984, 0.04422640800476074, 0.10770797729492188, 0.11237025260925293, 0.04443240165710449, 0.10892939567565918, 0.11072707176208496, 0.04400777816772461, 0.10809159278869629, 0.10924744606018066, 0.04380321502685547, 0.0978844165802002, 0.10716080665588379, 0.054595232009887695, 0.09972643852233887, 0.10534334182739258, 0.04406404495239258, 0.10435152053833008, 0.11086821556091309, 0.043576717376708984, 0.10947060585021973, 0.10948061943054199, 0.04353785514831543, 0.10848355293273926, 0.11118412017822266, 0.044001102447509766, 0.1079258918762207, 0.11441302299499512, 0.04513239860534668, 0.10759592056274414, 0.11097192764282227, 0.044763803482055664, 0.10795307159423828, 0.11601734161376953, 0.043946266174316406, 0.10549521446228027, 0.11279439926147461, 0.04463839530944824, 