{"ID": 6, "inference time": [0.3983325958251953, 0.4324026107788086, 0.43839168548583984, 0.45565080642700195, 0.2346789836883545, 0.2361750602722168, 0.3565034866333008, 0.4848294258117676, 0.4443778991699219, 0.49981188774108887, 0.47553586959838867, 0.4694240093231201, 0.43794941902160645, 0.4743022918701172, 0.507340669631958, 0.5097134113311768, 0.5081288814544678, 0.4650251865386963, 0.21221542358398438, 0.244218111038208, 0.3691847324371338, 0.4884297847747803, 0.5158596038818359, 0.5392153263092041, 0.504601240158081, 0.5163424015045166, 0.46172237396240234, 0.4792606830596924, 0.47402191162109375, 0.4868171215057373, 0.46590566635131836, 0.46349024772644043, 0.49524593353271484, 0.3793318271636963, 0.20682454109191895, 0.2632884979248047, 0.3860914707183838, 0.48072338104248047, 0.484860897064209, 0.46982550621032715, 0.4920158386230469, 0.4795403480529785, 0.49094510078430176, 0.5407149791717529, 0.5068585872650146, 0.4954850673675537, 0.5179414749145508, 0.4994068145751953, 0.509030818939209, 0.508781909942627, 0.4908740520477295, 0.48827433586120605, 0.46824169158935547, 0.4919891357421875, 0.501605749130249, 0.4841179847717285, 0.4845302104949951, 0.48328495025634766, 0.4871535301208496, 0.47456932067871094, 0.47893476486206055, 0.5001626014709473, 0.5040163993835449, 0.45859766006469727, 0.5027291774749756, 0.5077962875366211, 0.48966026306152344, 0.5071625709533691, 0.4904048442840576, 0.5081431865692139, 0.4830448627471924, 0.4986855983734131, 0.45931172370910645, 0.5035843849182129, 0.45398569107055664, 0.5014116764068604, 0.4619424343109131, 0.4704453945159912, 0.45044732093811035, 0.20642399787902832, 0.27549076080322266, 0.3991127014160156, 0.5089101791381836, 0.5302987098693848, 0.50673508644104, 0.500617504119873, 0.5091402530670166, 0.5176939964294434, 0.5051140785217285, 0.49325108528137207, 0.4672396183013916, 0.2966575622558594, 0.20569467544555664, 0.26186704635620117, 0.4039895534515381, 0.492201566696167, 0.49565601348876953, 0.4857492446899414, 0.4733600616455078, 0.46795225143432617, 0.5130438804626465, 0.47258734703063965, 0.4945254325866699, 0.5132288932800293, 0.45987439155578613, 0.4996654987335205, 0.4771873950958252, 0.4428064823150635, 0.20670247077941895, 0.23870420455932617, 0.3159945011138916, 0.4657716751098633, 0.47478532791137695, 0.5102555751800537, 0.5443673133850098, 0.4993712902069092, 0.24842476844787598, 0.2025003433227539, 0.28774166107177734, 0.3922119140625, 0.4388115406036377, 0.4868602752685547, 0.5015761852264404, 0.35347938537597656, 0.20798540115356445, 0.29876708984375, 0.4320855140686035, 0.48520350456237793, 0.4681088924407959, 0.4498753547668457, 0.4853520393371582, 0.4979255199432373, 0.5121889114379883, 0.4750485420227051, 0.21237826347351074, 0.22222065925598145, 0.3191502094268799, 0.4357471466064453, 0.48627138137817383, 0.4838392734527588, 0.48438143730163574, 0.4883096218109131, 0.47495055198669434, 0.46040916442871094, 0.37952113151550293, 0.20811152458190918, 0.2599170207977295, 0.35400390625, 0.46633148193359375, 0.5152146816253662, 0.5053582191467285, 0.4519073963165283, 0.47600293159484863, 0.5032951831817627, 0.5006861686706543, 0.4569079875946045, 0.4831991195678711, 0.4927356243133545, 0.4892728328704834, 0.5165719985961914, 0.48253393173217773, 0.48258352279663086, 0.4628748893737793, 0.44399333000183105, 0.251878023147583, 0.19822072982788086, 0.28601598739624023, 0.4069395065307617, 0.5073695182800293, 0.49353981018066406, 0.4753868579864502, 0.3897719383239746, 0.2024540901184082, 0.24007892608642578, 0.3485071659088135, 0.46424388885498047, 0.5093739032745361, 0.4783179759979248, 0.5231351852416992, 0.5073230266571045, 0.4455070495605469, 0.23422884941101074, 0.25951385498046875, 0.4297301769256592, 0.4944884777069092, 0.5277245044708252, 0.5242159366607666, 0.4991929531097412, 0.4894704818725586, 0.4680750370025635, 0.4909975528717041, 0.5337553024291992, 0.5265743732452393, 0.5068526268005371, 0.49888014793395996, 0.48723721504211426, 0.5117244720458984, 0.4851222038269043, 0.523550271987915, 0.4987928867340088, 0.49759745597839355, 0.50701904296875, 0.46805262565612793, 0.2881293296813965, 0.24951720237731934, 0.38369297981262207, 0.4916801452636719, 0.4976685047149658, 0.4924952983856201, 0.5129497051239014, 0.4776742458343506, 0.49018168449401855, 0.5137827396392822, 0.49801206588745117, 0.48221826553344727, 0.4749741554260254, 0.4724860191345215, 0.4797072410583496, 0.5015537738800049, 0.5039772987365723, 0.5022547245025635, 0.5048000812530518, 0.4741697311401367, 0.4258713722229004, 0.21111297607421875, 0.24713492393493652, 0.34493207931518555, 0.4954667091369629, 0.45226263999938965, 0.4609649181365967, 0.4487764835357666, 0.46584010124206543, 0.5049214363098145, 0.4766979217529297, 0.24090290069580078, 0.2504267692565918, 0.38646626472473145, 0.47022342681884766, 0.48241400718688965, 0.4782404899597168, 0.5159332752227783, 0.4883077144622803, 0.49821925163269043, 0.5070033073425293, 0.5329787731170654, 0.5159428119659424, 0.49822425842285156, 0.49930357933044434, 0.4899024963378906, 0.46013522148132324, 0.24379730224609375, 0.21926259994506836, 0.2706615924835205, 0.3881962299346924, 0.4848294258117676, 0.4768087863922119, 0.5218517780303955, 0.5020675659179688, 0.496173620223999, 0.5233471393585205, 0.5086936950683594, 0.5409636497497559, 0.5273668766021729, 0.46853137016296387, 0.49944090843200684, 0.494276762008667, 0.46080875396728516, 0.21018171310424805, 0.23713946342468262, 0.38063764572143555, 0.48575663566589355, 0.48952460289001465, 0.5072221755981445, 0.5316252708435059, 0.49421262741088867, 0.5070376396179199, 0.4889390468597412, 0.5044238567352295, 0.4652848243713379, 0.42068052291870117, 0.41769838333129883, 0.38783884048461914, 0.21009445190429688, 0.251112699508667, 0.34113502502441406, 0.46103715896606445, 0.4770317077636719, 0.5187115669250488, 0.5162537097930908, 0.48731040954589844, 0.485201358795166, 0.4808008670806885, 0.48088836669921875, 0.4987359046936035, 0.5191001892089844, 0.5035629272460938, 0.49623918533325195, 0.478179931640625, 0.5123472213745117, 0.49416065216064453, 0.5152184963226318, 0.47203969955444336, 0.5128107070922852, 0.4648933410644531, 0.457291841506958, 0.5117840766906738, 0.47000551223754883, 0.3420240879058838, 0.22468090057373047, 0.2982325553894043, 0.4158356189727783, 0.4762001037597656, 0.5146012306213379, 0.4970071315765381, 0.4894287586212158, 0.4840388298034668, 0.5092473030090332, 0.5089766979217529, 0.5158891677856445, 0.5049967765808105, 0.4800684452056885, 0.5148875713348389, 0.48398852348327637, 0.4607977867126465, 0.21606087684631348, 0.22868967056274414, 0.33499670028686523, 0.4800858497619629, 0.4785645008087158, 0.4893767833709717, 0.46843504905700684, 0.19685101509094238, 0.21743154525756836, 0.32261085510253906, 0.42275500297546387, 0.4481019973754883, 0.21042871475219727, 0.24454474449157715, 0.3826775550842285, 0.5091531276702881, 0.5106873512268066, 0.47240543365478516, 0.48467350006103516, 0.4687473773956299, 0.47840094566345215, 0.4953038692474365, 0.4880223274230957, 0.4903407096862793, 0.4831686019897461, 0.46657419204711914, 0.41478800773620605, 0.2018594741821289, 0.2814345359802246, 0.4227769374847412, 0.4869043827056885, 0.4734032154083252, 0.46605348587036133, 0.5203464031219482, 0.4968588352203369, 0.5089287757873535, 0.49481821060180664, 0.4667792320251465, 0.47806882858276367, 0.503699779510498, 0.4500770568847656, 0.38861536979675293, 0.20825839042663574, 0.27358078956604004, 0.4159889221191406, 0.470806360244751, 0.5020098686218262, 0.5385105609893799, 0.48523569107055664, 0.49265050888061523, 0.4972727298736572, 0.4741401672363281, 0.46060824394226074, 0.4858858585357666, 0.4272334575653076, 0.20651721954345703, 0.24803733825683594, 0.39959263801574707, 0.49088048934936523, 0.5065228939056396, 0.5142695903778076, 0.4756011962890625, 0.5319013595581055, 0.5128209590911865, 0.531951904296875, 0.5035221576690674, 0.5325372219085693, 0.5195848941802979, 0.504356861114502, 