{"ID": 5, "inference time": [6.166467189788818, 0.05147552490234375, 0.047422170639038086, 0.07501220703125, 0.07364225387573242, 0.06919622421264648, 0.0659644603729248, 0.06694841384887695, 0.06676244735717773, 0.06793642044067383, 0.06350255012512207, 0.06776309013366699, 0.06495451927185059, 0.06736421585083008, 0.061284542083740234, 0.06980228424072266, 0.06756019592285156, 0.0608217716217041, 0.06648492813110352, 0.1121358871459961, 0.06594276428222656, 0.06673812866210938, 0.06973648071289062, 0.07083940505981445, 0.07224583625793457, 0.06880450248718262, 0.07188534736633301, 0.10306310653686523, 0.07713913917541504, 0.0732271671295166, 0.07922959327697754, 0.06388115882873535, 0.061794281005859375, 0.0695486068725586, 0.0702362060546875, 0.06523251533508301, 0.06360936164855957, 0.06466317176818848, 0.06506657600402832, 0.061862945556640625, 0.06610417366027832, 0.0804755687713623, 0.0832364559173584, 0.08258986473083496, 0.08585309982299805, 0.07703185081481934, 0.07964968681335449, 0.07159018516540527, 0.07250666618347168, 0.0600588321685791, 0.06012320518493652, 0.06415271759033203, 0.058073997497558594, 0.05881762504577637, 0.07453775405883789, 0.07774567604064941, 0.06767988204956055, 0.0627291202545166, 0.06671333312988281, 0.06435203552246094, 0.0649113655090332, 0.06919026374816895, 0.06199979782104492, 0.06496834754943848, 0.06314539909362793, 0.06740832328796387, 0.07212710380554199, 0.08208107948303223, 0.08085823059082031, 0.08452749252319336, 0.07346081733703613, 0.07943463325500488, 0.07598495483398438, 0.0629267692565918, 0.06635475158691406, 0.07750630378723145, 0.06773185729980469, 0.07028484344482422, 0.0639503002166748, 0.06777286529541016, 0.06627750396728516, 0.06619739532470703, 0.060800790786743164, 0.06049489974975586, 0.059929609298706055, 0.06078982353210449, 0.0670919418334961, 0.07232952117919922, 0.07937884330749512, 0.08135056495666504, 0.08052825927734375, 0.07881331443786621, 0.07354307174682617, 0.06919574737548828, 0.07393336296081543, 0.08286285400390625, 0.08264279365539551, 0.08516073226928711, 0.0784296989440918, 0.08481264114379883, 0.08509421348571777, 0.08753800392150879, 0.08137965202331543, 0.08231449127197266, 0.06990337371826172, 0.06829404830932617, 0.07535552978515625, 0.06750369071960449, 0.07024097442626953, 0.07051610946655273, 0.07010960578918457, 0.06748127937316895, 0.0702970027923584, 0.07086658477783203, 0.07945585250854492, 0.0797886848449707, 0.08266949653625488, 0.07464790344238281, 0.06981182098388672, 0.07708382606506348, 0.0650944709777832, 0.06034350395202637, 0.05922269821166992, 0.06175827980041504, 0.06136918067932129, 0.06347441673278809, 0.06361675262451172, 0.06717419624328613, 0.0717620849609375, 0.07970309257507324, 0.08164763450622559, 0.07881379127502441, 0.07059764862060547, 0.0632171630859375, 0.06052088737487793, 0.06317615509033203, 0.06058335304260254, 0.05920267105102539, 0.05478811264038086, 0.0642082691192627, 0.060056209564208984, 0.06326627731323242, 0.06420564651489258, 0.07193374633789062, 0.06560111045837402, 0.06503725051879883, 0.059630632400512695, 0.0740041732788086, 0.07816004753112793, 0.08446574211120605, 0.08001828193664551, 0.07151317596435547, 0.06563806533813477, 0.061156272888183594, 0.06267428398132324, 0.06876707077026367, 0.06751203536987305, 0.06840062141418457, 0.06913185119628906, 0.0658729076385498, 0.08028817176818848, 0.07559037208557129, 0.07770156860351562, 0.08497881889343262, 0.07162833213806152, 0.07490301132202148, 0.0747215747833252, 0.06845593452453613, 0.06430602073669434, 0.0796351432800293, 0.07926273345947266, 0.08307671546936035, 0.0665273666381836, 0.06154942512512207, 0.06063365936279297, 0.05965471267700195, 0.06506609916687012, 0.05977582931518555, 0.06265950202941895, 0.06546998023986816, 0.0685427188873291, 0.062479257583618164, 0.06365108489990234, 0.06268048286437988, 0.07003593444824219, 0.07467937469482422, 0.08469295501708984, 0.06746912002563477, 0.05801534652709961, 0.06009626388549805, 0.06114554405212402, 0.06117105484008789, 0.06195211410522461, 0.06362652778625488, 0.07120180130004883, 0.06490540504455566, 0.06559157371520996, 0.06593632698059082, 0.06956815719604492, 0.07349491119384766, 0.06915831565856934, 0.07758164405822754, 0.0664212703704834, 0.07024979591369629, 0.07537269592285156, 0.07084822654724121, 0.07497119903564453, 0.07711219787597656, 0.08000612258911133, 0.08430171012878418, 0.08256936073303223, 0.083892822265625, 0.09170913696289062, 0.0819246768951416, 0.09204268455505371, 0.06913590431213379, 0.07302117347717285, 0.0666203498840332, 0.0673520565032959, 0.06449055671691895, 0.06527256965637207, 0.06314921379089355, 0.06400442123413086, 0.06422591209411621, 0.06310081481933594, 0.06720900535583496, 0.07031440734863281, 0.06903481483459473, 0.07765769958496094, 0.07619190216064453, 0.06775879859924316, 0.0776667594909668, 0.08354473114013672, 0.07388901710510254, 0.06250214576721191, 0.06734776496887207, 0.06334590911865234, 0.07572746276855469, 0.0773322582244873, 0.08291959762573242, 0.08157706260681152, 0.06761360168457031, 0.061339378356933594, 0.07339954376220703, 0.08132314682006836, 0.07441329956054688, 0.08439302444458008, 0.07524251937866211, 0.07474708557128906, 0.07281923294067383, 0.06658434867858887, 0.06400251388549805, 0.06453752517700195, 0.06313085556030273, 0.06317520141601562, 0.0639505386352539, 0.06192445755004883, 0.06290721893310547, 0.061800479888916016, 0.06272053718566895, 0.07422709465026855, 0.08313274383544922, 0.08140707015991211, 0.08315753936767578, 0.08093619346618652, 0.08769917488098145, 0.08445191383361816, 0.08362507820129395, 0.08220553398132324, 0.08287787437438965, 0.08101010322570801, 0.08386802673339844, 0.08929729461669922, 0.08958888053894043, 0.08866357803344727, 0.08200311660766602, 0.07956337928771973, 0.0810086727142334, 0.07498908042907715, 0.0822000503540039, 0.08097553253173828, 0.08425784111022949, 0.08197736740112305, 0.08146333694458008, 0.07912731170654297, 0.08047819137573242, 0.07979512214660645, 0.07919836044311523, 0.08144688606262207, 0.07564544677734375, 0.07692480087280273, 0.061081886291503906, 0.06694173812866211, 0.07049918174743652, 0.06727099418640137, 0.06361603736877441, 0.06137418746948242, 0.061428070068359375, 0.06194710731506348, 0.06191730499267578, 0.06197977066040039, 0.060079336166381836, 0.061609745025634766, 0.06058692932128906, 0.06117844581604004, 0.05802011489868164, 0.05756378173828125, 0.05733203887939453, 0.0586240291595459, 0.05929970741271973, 0.06052803993225098, 0.05861353874206543, 0.05872774124145508, 0.05886650085449219, 0.057805776596069336, 0.056993961334228516, 0.058132171630859375, 0.06022143363952637, 0.05819892883300781, 0.05685782432556152, 0.05806732177734375, 0.059534549713134766, 0.05801224708557129, 0.05917954444885254, 0.05858755111694336, 0.05819368362426758, 0.057553768157958984, 0.05596160888671875, 0.06049942970275879, 0.05731081962585449, 0.0579221248626709, 0.06020498275756836, 0.0588374137878418, 0.059309959411621094, 0.05944204330444336, 0.057720184326171875, 0.06013679504394531, 0.0627140998840332, 0.05860304832458496, 0.05884695053100586, 0.05833888053894043, 0.05795884132385254, 0.057645320892333984, 0.058825016021728516, 0.059342384338378906, 0.060991764068603516, 0.059207916259765625, 0.05759072303771973, 0.058286190032958984, 0.060509681701660156, 0.05835533142089844, 0.060329437255859375, 0.06026864051818848, 0.05982542037963867, 0.059990882873535156, 0.0607147216796875, 0.05860400199890137, 0.061742544174194336, 0.06150317192077637, 0.06105542182922363, 0.059381723403930664, 0.061969757080078125, 0.05949878692626953, 0.058664798736572266, 0.056836605072021484, 0.059656381607055664, 0.0596158504486084, 0.060932159423828125, 0.05862617492675781, 0.05969524383544922, 0.059290409088134766, 0.06032395362854004, 0.059262752532958984, 0.06032133102416992, 0.05936479568481445, 0.06010079383850098, 0.06004929542541504, 0.06046485900878906, 0.06071972846984863, 