{"ID": 3, "inference time": [6.724013328552246, 0.04932856559753418, 0.07149720191955566, 0.06949138641357422, 0.07013201713562012, 0.06549596786499023, 0.06871390342712402, 0.06641459465026855, 0.06542110443115234, 0.07872724533081055, 0.06383490562438965, 0.0625, 0.06479072570800781, 0.06264948844909668, 0.06135678291320801, 0.06338787078857422, 0.06093597412109375, 0.0627591609954834, 0.061556100845336914, 0.05935788154602051, 0.06174898147583008, 0.0615994930267334, 0.05327463150024414, 0.05154085159301758, 0.07267427444458008, 0.19111990928649902, 0.09807038307189941, 0.09358882904052734, 0.09529829025268555, 0.09899353981018066, 0.10045242309570312, 0.10239529609680176, 0.1088712215423584, 0.10672426223754883, 0.10089421272277832, 0.0970313549041748, 0.09715104103088379, 0.10137319564819336, 0.09600567817687988, 0.09453749656677246, 0.09889912605285645, 0.10020303726196289, 0.09799456596374512, 0.10220885276794434, 0.09252309799194336, 0.09785795211791992, 0.10241079330444336, 0.10129594802856445, 0.11173391342163086, 0.11310386657714844, 0.10288262367248535, 0.10852742195129395, 0.10024833679199219, 0.09900665283203125, 0.10102629661560059, 0.10210704803466797, 0.10068321228027344, 0.10311198234558105, 0.10561490058898926, 0.10943174362182617, 0.10454678535461426, 0.10312342643737793, 0.09879469871520996, 0.10423469543457031, 0.10529375076293945, 0.09798526763916016, 0.10571455955505371, 0.09903383255004883, 0.10050320625305176, 0.10615158081054688, 0.10084891319274902, 0.09046483039855957, 0.0872187614440918, 0.08824443817138672, 0.09329557418823242, 0.09858298301696777, 0.10536599159240723, 0.10801362991333008, 0.09673666954040527, 0.10137200355529785, 0.10101532936096191, 0.10824203491210938, 0.10137486457824707, 0.1012115478515625, 0.09587693214416504, 0.10049915313720703, 0.10117745399475098, 0.10528421401977539, 0.09804391860961914, 0.09927535057067871, 0.1029965877532959, 0.10167717933654785, 0.10252857208251953, 0.10366559028625488, 0.09844589233398438, 0.1031339168548584, 0.10277462005615234, 0.09894037246704102, 0.09483456611633301, 0.10123252868652344, 0.1049962043762207, 0.10309791564941406, 0.10260176658630371, 0.10195231437683105, 0.0995485782623291, 0.10208845138549805, 0.10218954086303711, 0.09845733642578125, 0.09588170051574707, 0.09282469749450684, 0.10778450965881348, 0.0991058349609375, 0.08734798431396484, 0.09655046463012695, 0.10515666007995605, 0.1019735336303711, 0.10032033920288086, 0.10083460807800293, 0.09137105941772461, 0.10702943801879883, 0.10358834266662598, 0.10135364532470703, 0.1030430793762207, 0.09717440605163574, 0.10202431678771973, 0.10816287994384766, 0.1029508113861084, 0.10617303848266602, 0.10335636138916016, 0.09756231307983398, 0.09590935707092285, 0.09958004951477051, 0.09520912170410156, 0.11023402214050293, 0.10629487037658691, 0.10106563568115234, 0.10315704345703125, 0.09905743598937988, 0.09734058380126953, 0.10723161697387695, 0.09844231605529785, 0.09372496604919434, 0.09626173973083496, 0.09936857223510742, 0.09816813468933105, 0.10118579864501953, 0.09940981864929199, 0.10209131240844727, 0.10665702819824219, 0.10300540924072266, 0.10653519630432129, 0.1073153018951416, 0.09362149238586426, 0.0946035385131836, 0.09905552864074707, 0.09904813766479492, 0.10318231582641602, 0.1011805534362793, 0.10097765922546387, 0.10262060165405273, 0.10170650482177734, 0.09371113777160645, 0.10585927963256836, 0.10020971298217773, 0.0983273983001709, 0.0980525016784668, 0.09852290153503418, 0.08693194389343262, 0.08546662330627441, 0.0950927734375, 0.09290790557861328, 0.09765410423278809, 0.0984199047088623, 0.09427237510681152, 0.09910845756530762, 0.09898829460144043, 0.10341024398803711, 0.10003900527954102, 0.10479545593261719, 0.10539698600769043, 0.09900474548339844, 0.09017276763916016, 0.09152984619140625, 0.09179306030273438, 0.09687042236328125, 0.10927867889404297, 0.10308504104614258, 0.09829258918762207, 0.10416579246520996, 0.09837555885314941, 0.09460592269897461, 0.10109186172485352, 0.09840226173400879, 0.09708619117736816, 0.10050559043884277, 0.09804058074951172, 0.10420727729797363, 0.10447931289672852, 0.09922575950622559, 0.09263157844543457, 0.10286164283752441, 0.10116791725158691, 0.09879350662231445, 0.10300517082214355, 0.09217071533203125, 0.09571480751037598, 0.10282754898071289, 0.0941324234008789, 0.09923505783081055, 0.0987846851348877, 0.09242582321166992, 0.09689927101135254, 0.10517120361328125, 0.09800314903259277, 0.1012568473815918, 0.10133743286132812, 0.09892940521240234, 0.09825515747070312, 0.10540270805358887, 0.09375810623168945, 0.1009969711303711, 0.10195350646972656, 0.0959005355834961, 0.09767389297485352, 0.1035468578338623, 0.09673786163330078, 0.09662652015686035, 0.10150313377380371, 0.09586954116821289, 0.08576488494873047, 0.0942990779876709, 0.09582138061523438, 0.09710955619812012, 0.10414958000183105, 0.09751343727111816, 0.09854674339294434, 0.10104489326477051, 0.09995579719543457, 0.10050821304321289, 0.1039113998413086, 0.09778857231140137, 0.10085153579711914, 0.10063791275024414, 0.1002962589263916, 0.10392379760742188, 0.10181832313537598, 0.09676766395568848, 0.09866523742675781, 0.09635424613952637, 0.09661507606506348, 0.10248994827270508, 0.0970616340637207, 0.09537577629089355, 0.10149621963500977, 0.09761166572570801, 0.09737896919250488, 0.10177850723266602, 0.09739947319030762, 0.09348702430725098, 0.10372400283813477, 0.09705162048339844, 0.09352874755859375, 0.10025978088378906, 0.10126423835754395, 0.09456491470336914, 0.10034751892089844, 0.09712886810302734, 0.09690189361572266, 0.10023188591003418, 0.09868550300598145, 0.09124255180358887, 0.10320496559143066, 0.10033035278320312, 0.08811378479003906, 0.09133481979370117, 0.09463620185852051, 0.09975028038024902, 0.09618163108825684, 0.09376645088195801, 0.09117484092712402, 0.09938526153564453, 0.09607219696044922, 0.09516525268554688, 0.09924888610839844, 0.09678292274475098, 0.09719634056091309, 0.09037494659423828, 0.09220600128173828, 0.09859132766723633, 0.09474658966064453, 0.09401178359985352, 0.09701371192932129, 0.1021108627319336, 0.09342050552368164, 0.09345817565917969, 0.1026613712310791, 0.09199285507202148, 0.09411191940307617, 0.10267496109008789, 0.0993344783782959, 0.09683609008789062, 0.10288262367248535, 0.0940086841583252, 0.09635376930236816, 0.10183215141296387, 0.09559941291809082, 0.09523177146911621, 0.09212040901184082, 0.09309816360473633, 0.0988166332244873, 0.09806489944458008, 0.10391688346862793, 0.09550809860229492, 0.0998239517211914, 0.0987706184387207, 0.09662508964538574, 0.09736847877502441, 0.09772992134094238, 0.09375190734863281, 0.09606027603149414, 0.09375786781311035, 0.09583830833435059, 0.09293580055236816, 0.09700989723205566, 0.09643363952636719, 0.09944319725036621, 0.0942239761352539, 0.09480762481689453, 0.09795188903808594, 0.10020589828491211, 0.09292387962341309, 0.10179257392883301, 0.09956169128417969, 0.09514212608337402, 0.09665298461914062, 0.09878778457641602, 0.09403824806213379, 0.09822988510131836, 0.09370970726013184, 0.09618115425109863, 0.10210585594177246, 0.09804844856262207, 0.09307742118835449, 0.09940123558044434, 0.10180473327636719, 0.09052467346191406, 0.0903773307800293, 0.09392571449279785, 0.0912325382232666, 0.09278368949890137, 0.09953427314758301, 0.09483623504638672, 0.09759855270385742, 0.09798145294189453, 0.09466695785522461, 0.10003972053527832, 0.09443235397338867, 0.0951993465423584, 0.10073256492614746, 0.09769272804260254, 0.09313106536865234, 0.10163736343383789, 0.10047173500061035, 0.09752941131591797, 0.10500240325927734, 0.09847545623779297, 0.09342384338378906, 0.09843635559082031, 0.10007572174072266, 0.09236383438110352, 0.09876894950866699, 0.09755444526672363, 0.09602808952331543, 0.10065531730651855, 0.09808492660522461, 0.09634685516357422, 0.1025996208190918, 0.10138535499572754, 0.09832334518432617, 0.09972190856933594, 0.09883451461791992, 0.09438753128051758, 