{"ID": 5, "inference time": [0.25562095642089844, 0.2043766975402832, 0.2679324150085449, 0.21060419082641602, 0.25409364700317383, 0.20280766487121582, 0.2503950595855713, 0.21387934684753418, 0.2514834403991699, 0.22884225845336914, 0.2236950397491455, 0.2316901683807373, 0.22441411018371582, 0.21076583862304688, 0.22058606147766113, 0.24863338470458984, 0.21628856658935547, 0.2284533977508545, 0.23243331909179688, 0.24650001525878906, 0.22688865661621094, 0.23794817924499512, 0.2021043300628662, 0.2817094326019287, 0.2198646068572998, 0.22524118423461914, 0.21243524551391602, 0.23969435691833496, 0.2108306884765625, 0.26254749298095703, 0.23445677757263184, 0.2131800651550293, 0.2877540588378906, 0.2239844799041748, 0.214036226272583, 0.20741891860961914, 0.2536635398864746, 0.20243287086486816, 0.23047542572021484, 0.2518951892852783, 0.2244117259979248, 0.21112489700317383, 0.23413968086242676, 0.24771451950073242, 0.2257852554321289, 0.2547149658203125, 0.21512341499328613, 0.23801112174987793, 0.24845457077026367, 0.21491599082946777, 0.2534215450286865, 0.21459150314331055, 0.22115468978881836, 0.26086997985839844, 0.222991943359375, 0.2564866542816162, 0.21436500549316406, 0.2515571117401123, 0.22365927696228027, 0.21453189849853516, 0.2531445026397705, 0.20646190643310547, 0.25251197814941406, 0.2128000259399414, 0.2260591983795166, 0.2174685001373291, 0.20563268661499023, 0.2656733989715576, 0.24302196502685547, 0.20556926727294922, 0.27780771255493164, 0.21750664710998535, 0.22135066986083984, 0.21940827369689941, 0.2419121265411377, 0.21722865104675293, 0.24144530296325684, 0.20209288597106934, 0.25582122802734375, 0.22668981552124023, 0.2254505157470703, 0.21901869773864746, 0.23958230018615723, 0.24407243728637695, 0.21131515502929688, 0.22695350646972656, 0.21606755256652832, 0.22262287139892578, 0.24638652801513672, 0.20728778839111328, 0.23867201805114746, 0.25049567222595215, 0.21013140678405762, 0.24984025955200195, 0.2241353988647461, 0.21249914169311523, 0.23848390579223633, 0.21210360527038574, 0.21658658981323242, 0.26390886306762695, 0.21217703819274902, 0.2252047061920166, 0.2301630973815918, 0.2528953552246094, 0.2089066505432129, 0.25652289390563965, 0.23669958114624023, 0.23069453239440918, 0.24054431915283203, 0.2104811668395996, 0.22040867805480957, 0.25968050956726074, 0.19564127922058105, 0.2667243480682373, 0.21129417419433594, 0.27013659477233887, 0.20749354362487793, 0.26583027839660645, 0.21602582931518555, 0.2738072872161865, 0.21167993545532227, 0.2570345401763916, 0.20630598068237305, 0.28478050231933594, 0.21810412406921387, 0.2539842128753662, 0.23023319244384766, 0.21953129768371582, 0.23680329322814941, 0.21695566177368164, 0.21898174285888672, 0.24031591415405273, 0.24652910232543945, 0.2383432388305664, 0.2123260498046875, 0.2682833671569824, 0.19983458518981934, 0.2664186954498291, 0.20926237106323242, 0.2717585563659668, 0.20567584037780762, 0.27393126487731934, 0.21344971656799316, 0.2713196277618408, 0.21309709548950195, 0.2800455093383789, 0.2434091567993164, 0.21835064888000488, 0.21562600135803223, 0.25322437286376953, 0.20585942268371582, 0.2129499912261963, 0.2388904094696045, 0.2209796905517578, 0.21730947494506836, 0.2155463695526123, 0.2567431926727295, 0.2365427017211914, 0.21355509757995605, 0.23601102828979492, 0.21818995475769043, 0.21257686614990234, 0.25557947158813477, 0.21441292762756348, 0.23229455947875977, 0.2365858554840088, 0.24827313423156738, 0.21889662742614746, 0.27275776863098145, 0.20900297164916992, 0.2757892608642578, 0.20744800567626953, 0.2750399112701416, 0.23647570610046387, 0.21683502197265625, 0.2275254726409912, 0.24843144416809082, 0.2051224708557129, 0.22834491729736328, 0.24361944198608398, 0.241668701171875, 0.20707941055297852, 0.2591397762298584, 0.21618962287902832, 0.23764801025390625, 0.25812864303588867, 0.20749330520629883, 0.27019166946411133, 0.2315223217010498, 0.2116410732269287, 0.2338263988494873, 0.2184123992919922, 0.23324203491210938, 0.24425268173217773, 0.21198749542236328, 0.23957037925720215, 0.23080945014953613, 0.226027250289917, 0.2259197235107422, 0.23053622245788574, 0.23759102821350098, 0.21470069885253906, 0.2545928955078125, 0.20859813690185547, 0.21866965293884277, 0.2601134777069092, 0.218583345413208, 0.2536635398864746, 0.22310352325439453, 0.23278355598449707, 0.22022604942321777, 0.22284698486328125, 0.2297194004058838, 0.21487641334533691, 0.21176743507385254, 0.26395654678344727, 0.20564723014831543, 0.2300558090209961, 0.23067617416381836, 0.23865842819213867, 0.21819376945495605, 0.2433304786682129, 0.24665212631225586, 0.22360944747924805, 0.24104690551757812, 0.21113848686218262, 0.25788354873657227, 0.24533510208129883, 0.2181999683380127, 0.25216007232666016, 0.20809578895568848, 0.25821352005004883, 0.21159148216247559, 0.23224925994873047, 0.23596978187561035, 0.2085573673248291, 0.2663567066192627, 0.2121584415435791, 0.22118806838989258, 0.25950050354003906, 0.2174844741821289, 0.2738974094390869, 0.22191476821899414, 0.2741515636444092, 0.20870113372802734, 0.26648664474487305, 0.20836734771728516, 0.27735209465026855, 0.2166752815246582, 0.27112698554992676, 0.2066490650177002, 0.2729225158691406, 0.2103428840637207, 0.26613688468933105, 0.20758533477783203, 0.2821035385131836, 0.21769094467163086, 0.2621753215789795, 0.2103254795074463, 0.25543856620788574, 0.20662188529968262, 0.2514002323150635, 0.22293734550476074, 0.214707612991333, 0.2572214603424072, 0.2005476951599121, 0.2697756290435791, 0.21009373664855957, 0.26700592041015625, 0.2147986888885498, 0.27352070808410645, 0.21859335899353027, 0.2690756320953369, 0.21161937713623047, 0.2932424545288086, 0.25623178482055664, 0.2071845531463623, 0.25006747245788574, 0.2208390235900879, 0.2414991855621338, 0.22849464416503906, 0.2196798324584961, 0.21805047988891602, 0.21045327186584473, 0.2788882255554199, 0.20850491523742676, 0.2667102813720703, 0.21220874786376953, 0.27458810806274414, 0.2122821807861328, 0.2792775630950928, 0.21425485610961914, 0.28262925148010254, 0.2261192798614502, 0.24504542350769043, 0.22339844703674316, 0.21923351287841797, 0.21877837181091309, 0.22862553596496582, 0.22356510162353516, 0.21811461448669434, 0.23203063011169434, 0.21699047088623047, 0.21495890617370605, 0.2586207389831543, 0.20348691940307617, 0.25910329818725586, 0.2227180004119873, 0.23384904861450195, 0.2186269760131836, 0.22080564498901367, 0.21959710121154785, 0.22015619277954102, 0.24859380722045898, 0.21365046501159668, 0.22577190399169922, 0.24569487571716309, 0.2035386562347412, 0.27299976348876953, 0.2180776596069336, 0.27601075172424316, 0.2153022289276123, 0.283186674118042, 0.24099278450012207, 0.21425580978393555, 0.23742890357971191, 0.21669912338256836, 0.21656179428100586, 0.21251177787780762, 0.22170019149780273, 0.2427675724029541, 0.21638250350952148, 0.2498795986175537, 0.22011590003967285, 0.2346048355102539, 0.2216963768005371, 0.25806546211242676, 0.20802974700927734, 0.2743961811065674, 0.2152090072631836, 0.26862597465515137, 0.20964765548706055, 0.270427942276001, 0.21259522438049316, 0.269822359085083, 0.2141413688659668, 0.23314762115478516, 0.21871399879455566, 0.22839903831481934, 0.21384215354919434, 0.25692296028137207, 0.21399903297424316, 0.23987150192260742, 0.22577929496765137, 0.25317931175231934, 0.23027515411376953, 0.25084686279296875, 0.20882272720336914, 0.2728893756866455, 0.20818328857421875, 0.2809028625488281, 0.22005629539489746, 0.2670280933380127, 0.2182633876800537, 0.2679147720336914, 0.21712517738342285, 0.26100969314575195, 0.21657562255859375, 0.21860170364379883, 0.272003173828125, 0.20929265022277832, 0.28295063972473145, 0.2256777286529541, 0.2242298126220703, 0.2263505458831787, 0.22057867050170898, 0.22264647483825684, 0.23638319969177246, 0.21928954124450684, 0.27054858207702637, 0.2165229320526123, 0.2377920150756836, 0.2348337173461914, 0.25344228744506836, 0.22317934036254883, 0.2520608901977539, 