{"ID": 6, "inference time": [15.303115844726562, 0.082244873046875, 0.06840324401855469, 0.08175539970397949, 0.2743377685546875, 0.07777619361877441, 0.10612964630126953, 0.08283543586730957, 0.10695195198059082, 0.08770561218261719, 0.10573339462280273, 0.08428096771240234, 0.12335968017578125, 0.08474564552307129, 0.12449145317077637, 0.08609795570373535, 0.11352729797363281, 0.08371877670288086, 0.11739969253540039, 0.08855485916137695, 0.11325693130493164, 0.08576011657714844, 0.11331915855407715, 0.0885922908782959, 0.10997509956359863, 0.07815289497375488, 0.10612988471984863, 0.08298802375793457, 0.11177730560302734, 0.08684754371643066, 0.11425232887268066, 0.08056330680847168, 0.11460018157958984, 0.08044767379760742, 0.1049346923828125, 0.07842779159545898, 0.1060941219329834, 0.07668495178222656, 0.10077762603759766, 0.09505772590637207, 0.10149621963500977, 0.08733391761779785, 0.09790301322937012, 0.08288979530334473, 0.11160755157470703, 0.07491397857666016, 0.09646987915039062, 0.08217835426330566, 0.10691404342651367, 0.0990912914276123, 0.1115579605102539, 0.1006011962890625, 0.11440110206604004, 0.08012247085571289, 0.12640905380249023, 0.08537673950195312, 0.11491084098815918, 0.08214473724365234, 0.10814857482910156, 0.08846139907836914, 0.10603713989257812, 0.07895088195800781, 0.10178995132446289, 0.0821828842163086, 0.10512089729309082, 0.09135270118713379, 0.10441160202026367, 0.08908438682556152, 0.10822153091430664, 0.10256648063659668, 0.10864949226379395, 0.07898664474487305, 0.1092374324798584, 0.07944726943969727, 0.1110689640045166, 0.10363173484802246, 0.11931061744689941, 0.08872342109680176, 0.10361480712890625, 0.10739016532897949, 0.11696934700012207, 0.09152507781982422, 0.10155916213989258, 0.07914471626281738, 0.11526966094970703, 0.08103680610656738, 0.10883712768554688, 0.08573222160339355, 0.10207986831665039, 0.09321308135986328, 0.11472868919372559, 0.08117818832397461, 0.14057588577270508, 0.08521795272827148, 0.1108391284942627, 0.08324027061462402, 0.10936188697814941, 0.08525609970092773, 0.11161684989929199, 0.08857202529907227, 0.10373139381408691, 0.08372712135314941, 0.11180949211120605, 0.08798718452453613, 0.11838531494140625, 0.09639692306518555, 0.11504292488098145, 0.08823466300964355, 0.10581517219543457, 0.08768963813781738, 0.11523985862731934, 0.08633971214294434, 0.11846661567687988, 0.09876871109008789, 0.10274171829223633, 0.09036564826965332, 0.11030077934265137, 0.08346295356750488, 0.10648846626281738, 0.08791041374206543, 0.10923337936401367, 0.07953214645385742, 0.12587761878967285, 0.09192848205566406, 0.11919260025024414, 0.08918976783752441, 0.10591673851013184, 0.09312009811401367, 0.10752987861633301, 0.08544039726257324, 0.11086630821228027, 0.08330106735229492, 0.11558985710144043, 0.07988953590393066, 0.10265398025512695, 0.08368420600891113, 0.11388349533081055, 0.10863137245178223, 0.11380147933959961, 0.10721755027770996, 0.10390782356262207, 0.08230280876159668, 0.12450718879699707, 0.09045124053955078, 0.11358428001403809, 0.08809041976928711, 0.1044921875, 0.09184932708740234, 0.10306978225708008, 0.09923624992370605, 0.10034561157226562, 0.07547402381896973, 0.1009972095489502, 0.08132696151733398, 0.11452174186706543, 0.08784842491149902, 0.10041284561157227, 0.0804290771484375, 0.1149590015411377, 0.0921480655670166, 0.10348224639892578, 0.08199310302734375, 0.11017513275146484, 0.08091211318969727, 0.10521888732910156, 0.08833169937133789, 0.11729550361633301, 0.10051822662353516, 0.1018531322479248, 0.10161662101745605, 0.09952330589294434, 0.07784080505371094, 0.10061264038085938, 0.09430766105651855, 0.10673093795776367, 0.09591841697692871, 0.11034655570983887, 0.08653140068054199, 0.11608719825744629, 0.09807062149047852, 0.09671807289123535, 0.09099054336547852, 0.10895371437072754, 0.10126590728759766, 0.09967565536499023, 0.10237765312194824, 0.10521650314331055, 0.09685349464416504, 0.10515928268432617, 0.09122490882873535, 0.11456060409545898, 0.0859839916229248, 0.10842299461364746, 0.09499740600585938, 0.11975955963134766, 0.10382676124572754, 0.1074380874633789, 0.09429550170898438, 0.1261916160583496, 0.1027681827545166, 0.12314009666442871, 0.09866690635681152, 0.12590909004211426, 0.08455157279968262, 0.10147476196289062, 0.08557915687561035, 0.12520337104797363, 0.09682941436767578, 0.1109459400177002, 0.09406685829162598, 0.10130667686462402, 0.09046101570129395, 0.11520791053771973, 0.10149884223937988, 0.10458207130432129, 0.10286593437194824, 0.1181638240814209, 0.10776615142822266, 0.10774564743041992, 0.08467769622802734, 0.09465909004211426, 0.10172390937805176, 0.1072072982788086, 0.09844326972961426, 0.12331128120422363, 0.09909582138061523, 0.10483670234680176, 0.08265542984008789, 0.12656140327453613, 0.09657120704650879, 0.09677600860595703, 0.0996999740600586, 0.1062779426574707, 0.10303401947021484, 0.10088729858398438, 0.10386323928833008, 0.10833477973937988, 0.08983731269836426, 0.11083149909973145, 0.09447503089904785, 0.10529160499572754, 0.1046295166015625, 0.10486721992492676, 0.09844303131103516, 0.10370469093322754, 0.10432696342468262, 0.11532878875732422, 0.10131621360778809, 0.10907912254333496, 0.10115623474121094, 0.10109472274780273, 0.0968935489654541, 0.1103372573852539, 0.09873843193054199, 0.10857033729553223, 0.10554385185241699, 0.10612177848815918, 0.09641289710998535, 0.09601330757141113, 0.09892940521240234, 0.1019749641418457, 0.1053609848022461, 0.11303234100341797, 0.09986329078674316, 0.11574077606201172, 0.1020514965057373, 0.11735033988952637, 0.0830545425415039, 0.11201858520507812, 0.09980440139770508, 0.10978031158447266, 0.10721731185913086, 0.10862565040588379, 0.10236907005310059, 0.10663008689880371, 0.10446763038635254, 0.10080218315124512, 0.10973620414733887, 0.11626982688903809, 0.1028749942779541, 0.12241983413696289, 0.10279178619384766, 0.11108684539794922, 0.1141364574432373, 0.11314940452575684, 0.10604286193847656, 0.11764144897460938, 0.11386227607727051, 0.11477088928222656, 0.11368870735168457, 0.11150574684143066, 0.09891629219055176, 0.10331559181213379, 0.12382030487060547, 0.10498499870300293, 0.10450100898742676, 0.1060953140258789, 0.10089659690856934, 0.1065986156463623, 0.1016089916229248, 0.10819578170776367, 0.11138916015625, 0.09917306900024414, 0.10836410522460938, 0.10761022567749023, 0.10891914367675781, 0.09663176536560059, 0.10397171974182129, 0.10035133361816406, 0.09933996200561523, 0.09777522087097168, 0.10459446907043457, 0.10622835159301758, 0.11354184150695801, 0.10701107978820801, 0.09946513175964355, 0.12348127365112305, 0.11360335350036621, 0.10154891014099121, 0.12294268608093262, 0.09943580627441406, 0.10304450988769531, 0.09948277473449707, 0.1112966537475586, 0.10632848739624023, 0.10965633392333984, 0.10715937614440918, 0.1053476333618164, 0.10738205909729004, 0.10932064056396484, 0.100341796875, 0.10048413276672363, 0.09976720809936523, 0.10972046852111816, 0.09981989860534668, 0.12622475624084473, 0.11020088195800781, 0.11187553405761719, 0.1043398380279541, 0.11235332489013672, 0.0944206714630127, 0.11205601692199707, 0.10081315040588379, 0.11166715621948242, 0.09952783584594727, 0.11843371391296387, 0.1051177978515625, 0.11439275741577148, 0.10695409774780273, 0.11342430114746094, 0.10326004028320312, 0.10657095909118652, 0.10540103912353516, 0.10318303108215332, 0.1068582534790039, 0.11162590980529785, 0.09844040870666504, 0.11427545547485352, 0.10304117202758789, 0.11770963668823242, 0.1320936679840088, 0.1127312183380127, 0.1178443431854248, 0.11264324188232422, 0.1059868335723877, 0.11495780944824219, 0.1067497730255127, 0.11103487014770508, 0.10119509696960449, 0.10646629333496094, 0.11309981346130371, 0.10533571243286133, 0.10798263549804688, 0.12236499786376953, 0.09873485565185547, 0.11447572708129883, 0.11505365371704102, 0.11974906921386719, 0.10955572128295898, 0.12428450584411621, 0.11140632629394531, 0.12019777297973633, 