{"ID": 3, "inference time": [0.28067708015441895, 0.2818584442138672, 0.2468569278717041, 0.2345733642578125, 0.21220827102661133, 0.22835016250610352, 0.2222912311553955, 0.2344646453857422, 0.22896552085876465, 0.21529054641723633, 0.22261810302734375, 0.27118372917175293, 0.22821521759033203, 0.4232625961303711, 0.3952004909515381, 0.36449503898620605, 0.20163917541503906, 0.2058405876159668, 0.19975900650024414, 0.20976781845092773, 0.20967984199523926, 0.20390605926513672, 0.20818734169006348, 0.21097111701965332, 0.20266270637512207, 0.21746158599853516, 0.1987602710723877, 0.20839405059814453, 0.2221813201904297, 0.2309551239013672, 0.2292931079864502, 0.20017027854919434, 0.2139744758605957, 0.21020722389221191, 0.22449827194213867, 0.23023056983947754, 0.2238171100616455, 0.208876371383667, 0.20115923881530762, 0.20444440841674805, 0.20828771591186523, 0.19966721534729004, 0.22954177856445312, 0.20139217376708984, 0.18956351280212402, 0.2006218433380127, 0.21274328231811523, 0.22687220573425293, 0.21405410766601562, 0.19466161727905273, 0.20392680168151855, 0.18947339057922363, 0.23548555374145508, 0.22300457954406738, 0.2507967948913574, 0.20404505729675293, 0.2376270294189453, 0.20540070533752441, 0.2341601848602295, 0.20098567008972168, 0.22430968284606934, 0.20773935317993164, 0.22440338134765625, 0.21434926986694336, 0.19344615936279297, 0.21720576286315918, 0.2572441101074219, 0.22282767295837402, 0.21292638778686523, 0.1888422966003418, 0.2221815586090088, 0.1980147361755371, 0.22605609893798828, 0.20441889762878418, 0.20514750480651855, 0.19208359718322754, 0.20630192756652832, 0.19631433486938477, 0.19838714599609375, 0.19620966911315918, 0.25266504287719727, 0.221757173538208, 0.21741390228271484, 0.20046210289001465, 0.1973261833190918, 0.19451570510864258, 0.2066333293914795, 0.18777871131896973, 0.23483943939208984, 0.2088184356689453, 0.1932201385498047, 0.19805073738098145, 0.19779467582702637, 0.19086313247680664, 0.20450806617736816, 0.22355270385742188, 0.20613551139831543, 0.2171316146850586, 0.20032906532287598, 0.20580458641052246, 0.19956612586975098, 0.22556638717651367, 0.1962449550628662, 0.22565460205078125, 0.20235586166381836, 0.20044970512390137, 0.19410347938537598, 0.20192384719848633, 0.21016979217529297, 0.22570562362670898, 0.19231414794921875, 0.24062418937683105, 0.23612284660339355, 0.19247102737426758, 0.19639253616333008, 0.2381455898284912, 0.2057805061340332, 0.20523405075073242, 0.21986007690429688, 0.19489645957946777, 0.21466922760009766, 0.22563886642456055, 0.229203462600708, 0.2060232162475586, 0.20965099334716797, 0.2432548999786377, 0.20351576805114746, 0.2258164882659912, 0.20293617248535156, 0.23371624946594238, 0.2311694622039795, 0.225083589553833, 0.22621965408325195, 0.22220849990844727, 0.2045879364013672, 0.20094823837280273, 0.21551823616027832, 0.203596830368042, 0.20270538330078125, 0.21879887580871582, 0.21577191352844238, 0.2060539722442627, 0.25174498558044434, 0.2287285327911377, 0.20318174362182617, 0.2069242000579834, 0.21217751502990723, 0.21575713157653809, 0.20924782752990723, 0.2286670207977295, 0.1940305233001709, 0.2104659080505371, 0.19515442848205566, 0.18960976600646973, 0.2315995693206787, 0.2079143524169922, 0.2041618824005127, 0.19037795066833496, 0.20604658126831055, 0.19774460792541504, 0.2317209243774414, 0.2018117904663086, 0.21093177795410156, 0.2184464931488037, 0.2156529426574707, 0.19446468353271484, 0.21464848518371582, 0.20436501502990723, 0.21007966995239258, 0.2386646270751953, 0.22409391403198242, 0.20620250701904297, 0.1968860626220703, 0.24114203453063965, 0.24675536155700684, 0.20152997970581055, 0.22852110862731934, 0.199751615524292, 0.20606565475463867, 0.18826985359191895, 0.20651626586914062, 0.21932387351989746, 0.2241816520690918, 0.217149019241333, 0.19812726974487305, 0.2454674243927002, 0.22254061698913574, 0.1892554759979248, 0.2056584358215332, 0.20552325248718262, 0.2307910919189453, 0.2227177619934082, 0.23723912239074707, 0.22502899169921875, 0.2039012908935547, 0.20560121536254883, 0.19419455528259277, 0.19511628150939941, 0.19455599784851074, 0.2099452018737793, 0.2043163776397705, 0.20219159126281738, 0.22392916679382324, 0.21736717224121094, 0.22053289413452148, 0.20494341850280762, 0.21825075149536133, 0.1972208023071289, 0.19533109664916992, 0.20536184310913086, 0.1885817050933838, 0.19729948043823242, 0.25206899642944336, 0.2894015312194824, 0.26282811164855957, 0.23169589042663574, 0.19572854042053223, 0.18387079238891602, 0.21831941604614258, 0.19719433784484863, 0.19276022911071777, 0.20469188690185547, 0.19894194602966309, 0.19015002250671387, 0.238023042678833, 0.1919412612915039, 0.1860039234161377, 0.18364691734313965, 0.19868254661560059, 0.24828433990478516, 0.285738468170166, 0.3440108299255371, 0.3975529670715332, 0.4096670150756836, 0.38100576400756836, 0.33852338790893555, 0.3557918071746826, 0.20786428451538086, 0.18853545188903809, 0.19243860244750977, 0.25616025924682617, 0.34522294998168945, 0.4232642650604248, 0.4331703186035156, 0.42910218238830566, 0.4177124500274658, 0.38390183448791504, 0.3962438106536865, 0.2162325382232666, 0.1924266815185547, 0.1859755516052246, 0.20690202713012695, 0.20368337631225586, 0.21331000328063965, 0.23495984077453613, 0.1969151496887207, 0.24077653884887695, 0.2505643367767334, 0.2319631576538086, 0.23767828941345215, 0.24596214294433594, 0.23027753829956055, 0.20165491104125977, 0.22414255142211914, 0.19168639183044434, 0.23499631881713867, 0.2587912082672119, 0.23629260063171387, 0.24441218376159668, 0.19387412071228027, 0.2010645866394043, 0.20172953605651855, 0.25601959228515625, 0.23736286163330078, 0.210296630859375, 0.22177553176879883, 0.22357177734375, 0.2323927879333496, 0.20828962326049805, 0.1999189853668213, 0.20582985877990723, 0.19723272323608398, 0.2228107452392578, 0.20901989936828613, 0.23416352272033691, 0.24687671661376953, 0.27304935455322266, 0.23186206817626953, 0.2321329116821289, 0.22955083847045898, 0.20548748970031738, 0.2348003387451172, 0.2437903881072998, 0.23984909057617188, 0.21184492111206055, 0.22949433326721191, 0.25179243087768555, 0.23469901084899902, 0.20389270782470703, 0.24582481384277344, 0.2064225673675537, 0.244856595993042, 0.21909236907958984, 0.2023625373840332, 0.22956418991088867, 0.2060708999633789, 0.2231311798095703, 0.21624040603637695, 0.21507930755615234, 0.2260146141052246, 0.29173922538757324, 0.21790647506713867, 0.23932433128356934, 0.23593401908874512, 0.1950843334197998, 0.2047877311706543, 0.2154250144958496, 0.25149965286254883, 0.2396101951599121, 0.24254989624023438, 0.22620415687561035, 0.23281216621398926, 0.23035573959350586, 0.22977900505065918, 0.21958303451538086, 0.22426390647888184, 0.23154520988464355, 0.2494795322418213, 0.25138115882873535, 0.20370244979858398, 0.25836992263793945, 0.2468247413635254, 0.21813559532165527, 0.21370148658752441, 0.2523462772369385, 0.2219245433807373, 0.23516440391540527, 0.22364497184753418, 0.19748473167419434, 0.24839258193969727, 0.19609618186950684, 0.21357059478759766, 0.20182204246520996, 0.19012236595153809, 0.2341151237487793, 0.1993725299835205, 0.2045910358428955, 0.22542929649353027, 0.19701337814331055, 0.20020556449890137, 0.19568133354187012, 0.2376539707183838, 0.26115846633911133, 0.19173049926757812, 0.20339703559875488, 0.19611310958862305, 0.21594786643981934, 0.2045907974243164, 0.22821879386901855, 0.2609109878540039, 0.23444867134094238, 0.23486804962158203, 0.2404923439025879, 0.2516021728515625, 0.21489453315734863, 0.25831127166748047, 0.2498455047607422, 0.20955371856689453, 0.21561479568481445, 0.22209620475769043, 0.2685534954071045, 0.20699477195739746, 0.2288501262664795, 0.21123743057250977, 0.2447361946105957, 0.23570990562438965, 0.21907615661621094, 0.23503398895263672, 0.2414686679840088, 0.2208700180053711, 0.22421550750732422, 0.21378040313720703, 0.26155567169189453, 0.23152637481689453, 0.21535825729370117, 0.24703025817871094, 