{"ID": 5, "inference time": [8.213253736495972, 0.04693770408630371, 0.05939054489135742, 0.05275464057922363, 0.058649301528930664, 0.1149296760559082, 0.11335444450378418, 0.055530548095703125, 0.05335068702697754, 0.10701632499694824, 0.05990409851074219, 0.05577540397644043, 0.10905909538269043, 0.0577695369720459, 0.05424308776855469, 0.10287833213806152, 0.05574536323547363, 0.05628347396850586, 0.10695242881774902, 0.058919668197631836, 0.05204319953918457, 0.10120105743408203, 0.05455803871154785, 0.056749582290649414, 0.10447430610656738, 0.06878209114074707, 0.08225107192993164, 0.10308527946472168, 0.05220293998718262, 0.05349087715148926, 0.1868429183959961, 0.16361594200134277, 0.07868695259094238, 0.12635493278503418, 0.06177711486816406, 0.08131647109985352, 0.12820887565612793, 0.07847809791564941, 0.07669711112976074, 0.11933064460754395, 0.0753183364868164, 0.08608555793762207, 0.12716460227966309, 0.07348394393920898, 0.08126568794250488, 0.12418198585510254, 0.06821751594543457, 0.07921528816223145, 0.12099742889404297, 0.06093025207519531, 0.08126449584960938, 0.12683558464050293, 0.05588531494140625, 0.08215785026550293, 0.12110090255737305, 0.05481767654418945, 0.08190727233886719, 0.12638092041015625, 0.059953927993774414, 0.08112025260925293, 0.12559175491333008, 0.053598642349243164, 0.0801692008972168, 0.12567353248596191, 0.07349801063537598, 0.08121228218078613, 0.12427830696105957, 0.07373952865600586, 0.08114337921142578, 0.125762939453125, 0.07065391540527344, 0.08064532279968262, 0.12295246124267578, 0.07317852973937988, 0.08309626579284668, 0.12674570083618164, 0.05856037139892578, 0.0786888599395752, 0.1264040470123291, 0.055153608322143555, 0.08095431327819824, 0.13099455833435059, 0.053029775619506836, 0.07950353622436523, 0.12271404266357422, 0.055739641189575195, 0.08009219169616699, 0.12943673133850098, 0.06940340995788574, 0.08074593544006348, 0.12871956825256348, 0.05463457107543945, 0.08043169975280762, 0.1267697811126709, 0.05716872215270996, 0.08318948745727539, 0.12572479248046875, 0.06019759178161621, 0.08178496360778809, 0.12726211547851562, 0.07342219352722168, 0.08214068412780762, 0.12712788581848145, 0.07264471054077148, 0.08141660690307617, 0.12623906135559082, 0.06975889205932617, 0.0799098014831543, 0.125870943069458, 0.06786417961120605, 0.08272910118103027, 0.1277172565460205, 0.051906585693359375, 0.08927392959594727, 0.12706422805786133, 0.06191372871398926, 0.08278489112854004, 0.13475918769836426, 0.05203127861022949, 0.08593988418579102, 0.12964844703674316, 0.05226778984069824, 0.08904027938842773, 0.1279308795928955, 0.05371665954589844, 0.08279252052307129, 0.1295180320739746, 0.05837225914001465, 0.08111786842346191, 0.12703633308410645, 0.0689706802368164, 0.08225154876708984, 0.1222696304321289, 0.05736804008483887, 0.0838620662689209, 0.12841439247131348, 0.0726163387298584, 0.08059000968933105, 0.1265256404876709, 0.07437276840209961, 0.08738994598388672, 0.12826967239379883, 0.0501399040222168, 0.07993173599243164, 0.12615346908569336, 0.05510973930358887, 0.08239459991455078, 0.13221383094787598, 0.059604644775390625, 0.08231043815612793, 0.1277167797088623, 0.05723261833190918, 0.08082175254821777, 0.12564539909362793, 0.07141804695129395, 0.08293342590332031, 0.12923502922058105, 0.06224775314331055, 0.08712387084960938, 0.1275331974029541, 0.05120396614074707, 0.0832526683807373, 0.1272878646850586, 0.05507016181945801, 0.08445572853088379, 0.12756609916687012, 0.06222057342529297, 0.08314347267150879, 0.12650370597839355, 0.07091569900512695, 0.08321380615234375, 0.12813735008239746, 0.06687784194946289, 0.08269095420837402, 0.13190054893493652, 0.057570457458496094, 0.08463573455810547, 0.1312541961669922, 0.0750267505645752, 0.08474278450012207, 0.12883710861206055, 0.06878900527954102, 0.08314251899719238, 0.12648820877075195, 0.07298088073730469, 0.08640599250793457, 0.12973475456237793, 0.05669999122619629, 0.08497166633605957, 0.12902283668518066, 0.07375025749206543, 0.08310127258300781, 0.13097476959228516, 0.09000158309936523, 0.08269929885864258, 0.12794995307922363, 0.05881619453430176, 0.08318805694580078, 0.12982988357543945, 0.07250642776489258, 0.0828859806060791, 0.12740540504455566, 0.06522727012634277, 0.08065009117126465, 0.12817955017089844, 0.07544827461242676, 0.08692073822021484, 0.12778258323669434, 0.07291197776794434, 0.08417773246765137, 0.12828564643859863, 0.07187485694885254, 0.08239865303039551, 0.13295698165893555, 0.09557580947875977, 0.0777742862701416, 0.12437939643859863, 0.07333493232727051, 0.08434438705444336, 0.12782621383666992, 0.07646703720092773, 0.08289885520935059, 0.12645506858825684, 0.061115264892578125, 0.0828852653503418, 0.1272261142730713, 0.05805373191833496, 0.0838468074798584, 0.12707209587097168, 0.05088019371032715, 0.08568000793457031, 0.1298830509185791, 0.07365107536315918, 0.08199572563171387, 0.13565731048583984, 0.05915999412536621, 0.08410453796386719, 0.12666010856628418, 0.08095693588256836, 0.08140730857849121, 0.1296985149383545, 0.07830119132995605, 0.08666610717773438, 0.12943291664123535, 0.07265758514404297, 0.0817103385925293, 0.1277320384979248, 0.056926727294921875, 0.08196401596069336, 0.13339614868164062, 0.058238983154296875, 0.08119368553161621, 0.12327766418457031, 0.07532191276550293, 0.08237862586975098, 0.127455472946167, 0.07348108291625977, 0.08038115501403809, 0.1299738883972168, 0.05690956115722656, 0.08091378211975098, 0.12618660926818848, 0.07319521903991699, 0.0813591480255127, 0.12831926345825195, 0.05810809135437012, 0.07963752746582031, 0.1272566318511963, 0.07746005058288574, 0.08101582527160645, 0.12914085388183594, 0.07632875442504883, 0.08178949356079102, 0.12794756889343262, 0.0853571891784668, 0.07868194580078125, 0.12480783462524414, 0.08208060264587402, 0.08116340637207031, 0.13097333908081055, 0.06256723403930664, 0.08234739303588867, 0.1281273365020752, 0.06306171417236328, 0.08148598670959473, 0.126511812210083, 0.08066534996032715, 0.0786736011505127, 0.1266942024230957, 0.08193325996398926, 0.08074021339416504, 0.1261277198791504, 0.08026838302612305, 0.0820627212524414, 0.12529802322387695, 0.06187939643859863, 0.08504533767700195, 0.1262507438659668, 0.05972480773925781, 0.07834768295288086, 0.12862920761108398, 0.05811262130737305, 0.08200359344482422, 0.1277456283569336, 0.07839703559875488, 0.08152627944946289, 0.12558412551879883, 0.086761474609375, 0.07938408851623535, 0.12811589241027832, 0.07804608345031738, 0.08187127113342285, 0.12827801704406738, 0.07493996620178223, 0.08042597770690918, 0.12701630592346191, 0.07262158393859863, 0.0801689624786377, 0.13039445877075195, 0.09263324737548828, 0.08037209510803223, 0.1282346248626709, 0.08245253562927246, 0.08055353164672852, 0.12823200225830078, 0.08429789543151855, 0.07847476005554199, 0.1269855499267578, 0.07861495018005371, 0.08138251304626465, 0.12662672996520996, 0.07009649276733398, 0.07829141616821289, 0.1288292407989502, 0.0788414478302002, 0.0796353816986084, 0.12419843673706055, 0.0852806568145752, 0.07781434059143066, 0.1245112419128418, 0.08736324310302734, 0.0783700942993164, 0.12621068954467773, 0.0847620964050293, 0.07749414443969727, 0.12599468231201172, 0.08367252349853516, 0.07823967933654785, 0.12549376487731934, 0.07776331901550293, 0.07846975326538086, 0.12923812866210938, 0.070281982421875, 0.07924413681030273, 0.12721776962280273, 0.06007075309753418, 0.07577729225158691, 0.13058018684387207, 0.07599067687988281, 0.07596611976623535, 0.12727069854736328, 0.07765340805053711, 0.07904529571533203, 0.12582087516784668, 0.0723118782043457, 0.08314156532287598, 0.12807989120483398, 0.08404946327209473, 0.07920384407043457, 0.1262648105621338, 0.06603646278381348, 0.07784438133239746, 0.1279160976409912, 0.06522703170776367, 0.07784771919250488, 0.12833046913146973, 0.07495307922363281, 0.07555127143859863, 0.12421917915344238, 0.08988237380981445, 0.08217978477478027, 0.1259324550628662, 