{"ID": 6, "inference time": [1.4900550842285156, 0.16123127937316895, 0.16716814041137695, 0.16541123390197754, 0.15917205810546875, 0.15976500511169434, 0.16774821281433105, 0.16631031036376953, 0.16252779960632324, 0.16281819343566895, 0.15830373764038086, 0.15698456764221191, 0.17018508911132812, 0.16569781303405762, 0.1606590747833252, 0.1626725196838379, 0.1658787727355957, 0.170729398727417, 0.16066360473632812, 0.15828943252563477, 0.16010522842407227, 0.16652774810791016, 0.16367840766906738, 0.16075778007507324, 0.15844082832336426, 0.16010403633117676, 0.1755363941192627, 0.1619884967803955, 0.1599292755126953, 0.16320109367370605, 0.1608896255493164, 0.1649796962738037, 0.16618776321411133, 0.17113590240478516, 0.162308931350708, 0.16896915435791016, 0.165269136428833, 0.15887808799743652, 0.16980504989624023, 0.16210532188415527, 0.16298532485961914, 0.1599888801574707, 0.16517972946166992, 0.1599123477935791, 0.1622617244720459, 0.16486573219299316, 0.16201186180114746, 0.16114592552185059, 0.1584916114807129, 0.16139459609985352, 0.16257476806640625, 0.16341328620910645, 0.16355252265930176, 0.1644744873046875, 0.16051030158996582, 0.15498828887939453, 0.16553926467895508, 0.1561439037322998, 0.16256284713745117, 0.1654520034790039, 0.16579771041870117, 0.16475367546081543, 0.15881800651550293, 0.15930819511413574, 0.15630555152893066, 0.15705275535583496, 0.16029953956604004, 0.16280722618103027, 0.16457223892211914, 0.16161179542541504, 0.15948796272277832, 0.16175341606140137, 0.16390037536621094, 0.16080737113952637, 0.16108393669128418, 0.16168785095214844, 0.15911221504211426, 0.16033720970153809, 0.16707229614257812, 0.16728830337524414, 0.16165494918823242, 0.1623704433441162, 0.16410541534423828, 0.15671992301940918, 0.15954065322875977, 0.16063499450683594, 0.16043424606323242, 0.16152358055114746, 0.15819644927978516, 0.16416144371032715, 0.15697288513183594, 0.15912437438964844, 0.15702319145202637, 0.16124677658081055, 0.16249299049377441, 0.1611778736114502, 0.1627974510192871, 0.1616971492767334, 0.15776467323303223, 0.1602492332458496, 0.1614363193511963, 0.15919876098632812, 0.16079235076904297, 0.1571357250213623, 0.15952634811401367, 0.15573716163635254, 0.16358256340026855, 0.15710043907165527, 0.16011548042297363, 0.16404485702514648, 0.16152143478393555, 0.15883636474609375, 0.16127634048461914, 0.15997600555419922, 0.1618516445159912, 0.16279339790344238, 0.16253304481506348, 0.16277408599853516, 0.17405462265014648, 0.1658790111541748, 0.16076898574829102, 0.1535799503326416, 0.15959835052490234, 0.16347956657409668, 0.158738374710083, 0.16209077835083008, 0.16166043281555176, 0.30063366889953613, 0.15743732452392578, 0.16424560546875, 0.1606292724609375, 0.16009855270385742, 0.15687823295593262, 0.16200041770935059, 0.15642189979553223, 0.16819047927856445, 0.15970873832702637, 0.16019082069396973, 0.16591620445251465, 0.15829753875732422, 0.1615433692932129, 0.1586596965789795, 0.1636347770690918, 0.1666884422302246, 0.1686265468597412, 0.16188311576843262, 0.16019892692565918, 0.1667954921722412, 0.156968355178833, 0.16135931015014648, 0.16652131080627441, 0.15772747993469238, 0.16036486625671387, 0.15754008293151855, 0.1576216220855713, 0.1634531021118164, 0.15984654426574707, 0.15902185440063477, 0.15963196754455566, 0.15676522254943848, 0.15925312042236328, 0.16808199882507324, 0.16161155700683594, 0.15760135650634766, 0.1564018726348877, 0.16641688346862793, 0.1581110954284668, 0.1604633331298828, 0.15987896919250488, 0.16115784645080566, 0.16015315055847168, 0.16009807586669922, 0.15940642356872559, 0.15669846534729004, 0.16090679168701172, 0.15565109252929688, 0.15878510475158691, 0.16172575950622559, 0.1591043472290039, 0.16297602653503418, 0.1597456932067871, 0.1585550308227539, 0.15683650970458984, 0.15844273567199707, 0.16492724418640137, 0.16019678115844727, 0.16282320022583008, 0.15762567520141602, 0.1600954532623291, 0.15848779678344727, 0.16341924667358398, 0.15962862968444824, 0.16579532623291016, 0.16251230239868164, 0.1673595905303955, 0.16022467613220215, 0.15772509574890137, 0.15903472900390625, 0.15776276588439941, 0.15944600105285645, 0.1625969409942627, 0.1568460464477539, 0.16045522689819336, 0.1583714485168457, 0.16176152229309082, 0.15839147567749023, 0.16098237037658691, 0.17493772506713867, 0.16111540794372559, 0.15936851501464844, 0.16331815719604492, 0.15989112854003906, 0.16162490844726562, 0.15973591804504395, 0.16092610359191895, 0.16700387001037598, 0.15523982048034668, 0.159346342086792, 0.1593484878540039, 0.15932655334472656, 0.156754732131958, 0.1568913459777832, 0.15657615661621094, 0.16106104850769043, 0.1588282585144043, 0.15810871124267578, 0.16268229484558105, 0.15947341918945312, 0.15365815162658691, 0.16323232650756836, 0.16103792190551758, 0.15557265281677246, 0.16276955604553223, 0.16283154487609863, 0.16141676902770996, 0.1605219841003418, 0.1645801067352295, 0.15894317626953125, 0.16448974609375, 0.15811419486999512, 0.16064834594726562, 0.15801095962524414, 0.15885376930236816, 0.15579676628112793, 0.16024422645568848, 0.15807318687438965, 0.16553831100463867, 0.1641385555267334, 0.16081714630126953, 0.16610503196716309, 0.15938377380371094, 0.1620030403137207, 0.16180992126464844, 0.16771626472473145, 0.1642594337463379, 0.1590127944946289, 0.15974211692810059, 0.15691351890563965, 0.16084074974060059, 0.15821194648742676, 0.1614830493927002, 0.16306757926940918, 0.1636795997619629, 0.16100811958312988, 0.15781903266906738, 0.16685795783996582, 0.15681123733520508, 0.15723824501037598, 0.16263127326965332, 0.1655411720275879, 0.1553633213043213, 0.1646406650543213, 0.16147756576538086, 0.16399264335632324, 0.159498929977417, 0.16138863563537598, 0.16289377212524414, 0.16026997566223145, 0.16271686553955078, 0.1607668399810791, 0.1623373031616211, 0.15836620330810547, 0.1608569622039795, 0.16330671310424805, 0.16601300239562988, 0.158797025680542, 0.1622636318206787, 0.16621732711791992, 0.15751123428344727, 0.16016578674316406, 0.16008400917053223, 0.15914106369018555, 0.16202902793884277, 0.15852999687194824, 0.16150212287902832, 0.15267562866210938, 0.16155600547790527, 0.17139863967895508, 0.16147160530090332, 0.16028642654418945, 0.16316008567810059, 0.16387200355529785, 0.16069483757019043, 0.15927720069885254, 0.15499567985534668, 0.16544008255004883, 0.16206979751586914, 0.163743257522583, 0.15954375267028809, 0.1585862636566162, 0.1652367115020752, 0.16197729110717773, 0.15668201446533203, 0.160996675491333, 0.15797948837280273, 0.16124892234802246, 0.1582808494567871, 0.15941858291625977, 0.16136503219604492, 0.15614652633666992, 0.1580204963684082, 0.1580371856689453, 0.1614694595336914, 0.16495132446289062, 0.15720582008361816, 0.1590578556060791, 0.15637421607971191, 0.1576673984527588, 0.15613961219787598, 0.15915179252624512, 0.16197872161865234, 0.16087007522583008, 0.158735990524292, 0.1679375171661377, 0.16066431999206543, 0.1570422649383545, 0.15978002548217773, 0.16322040557861328, 0.1601731777191162, 0.16123175621032715, 0.1620032787322998, 0.15993118286132812, 0.20234942436218262, 0.15748167037963867, 0.15696001052856445, 0.15964841842651367, 0.16330409049987793, 0.16709089279174805, 0.1620931625366211, 0.16341185569763184, 0.1608717441558838, 0.16202855110168457, 0.16134238243103027, 0.15746688842773438, 0.16132211685180664, 0.16425609588623047, 0.15828180313110352, 0.16342735290527344, 0.16148638725280762, 0.1591804027557373, 0.1643669605255127, 0.16115379333496094, 0.15991425514221191, 0.16475152969360352, 0.15986204147338867, 0.15745282173156738, 0.16055798530578613, 0.15438580513000488, 0.1632988452911377, 0.1623694896697998, 0.15645313262939453, 0.15772032737731934, 0.1594219207763672, 0.1631157398223877, 0.15677213668823242, 0.15673613548278809, 0.15952754020690918, 0.16198205947875977, 0.15857458114624023, 0.15916109085083008, 0.15955376625061035, 0.16005945205688477, 0.15853357315063477, 0.1608564853668213, 0.16121816635131836, 