{"ID": 7, "inference time": [0.2138991355895996, 0.20018911361694336, 0.18956375122070312, 0.19159865379333496, 0.19076776504516602, 0.1927955150604248, 0.19410300254821777, 0.1950833797454834, 0.19425559043884277, 0.19363880157470703, 0.18885350227355957, 0.1965160369873047, 0.19595122337341309, 0.19750666618347168, 0.1964859962463379, 0.19105243682861328, 0.19391441345214844, 0.19618582725524902, 0.18461227416992188, 0.19118213653564453, 0.19402360916137695, 0.19140028953552246, 0.1918175220489502, 0.18945598602294922, 0.19268131256103516, 0.19067955017089844, 0.18872809410095215, 0.19277477264404297, 0.19224190711975098, 0.19553756713867188, 0.19336509704589844, 0.18878436088562012, 0.19444966316223145, 0.1888563632965088, 0.1979207992553711, 0.19103598594665527, 0.18720102310180664, 0.1889965534210205, 0.19196152687072754, 0.1929941177368164, 0.19448399543762207, 0.19176006317138672, 0.19633269309997559, 0.19417262077331543, 0.19398903846740723, 0.19316768646240234, 0.19585323333740234, 0.19269394874572754, 0.19225382804870605, 0.19234466552734375, 0.18903040885925293, 0.19512629508972168, 0.19236016273498535, 0.19387125968933105, 0.19559669494628906, 0.19470643997192383, 0.19438695907592773, 0.19739985466003418, 0.19622039794921875, 0.18900060653686523, 0.19211196899414062, 0.1939225196838379, 0.1940479278564453, 0.19421148300170898, 0.19689321517944336, 0.19789528846740723, 0.19759297370910645, 0.19663763046264648, 0.19109129905700684, 0.19201135635375977, 0.19245386123657227, 0.20010662078857422, 0.19515562057495117, 0.20011019706726074, 0.1918952465057373, 0.19600987434387207, 0.1952064037322998, 0.19304299354553223, 0.1933908462524414, 0.1904914379119873, 0.19686484336853027, 0.19280433654785156, 0.19617176055908203, 0.19768047332763672, 0.1978759765625, 0.190171480178833, 0.19431614875793457, 0.19388699531555176, 0.19907736778259277, 0.19675326347351074, 0.19854259490966797, 0.19525456428527832, 0.19209694862365723, 0.1989142894744873, 0.20135903358459473, 0.19266963005065918, 0.20102834701538086, 0.1976611614227295, 0.20020389556884766, 0.1964585781097412, 0.19664931297302246, 0.19787335395812988, 0.18909072875976562, 0.19849205017089844, 0.1981983184814453, 0.20024800300598145, 0.19752001762390137, 0.19220733642578125, 0.20029115676879883, 0.19582247734069824, 0.19019556045532227, 0.19271016120910645, 0.19222521781921387, 0.18970775604248047, 0.19414114952087402, 0.19052433967590332, 0.19306421279907227, 0.18735861778259277, 0.19849109649658203, 0.20026516914367676, 0.1935875415802002, 0.19190621376037598, 0.19525790214538574, 0.19643235206604004, 0.19346046447753906, 0.19344878196716309, 0.1979660987854004, 0.19161343574523926, 0.19888710975646973, 0.19553089141845703, 0.2395491600036621, 0.22459650039672852, 0.19031476974487305, 0.1989421844482422, 0.19877099990844727, 0.19430851936340332, 0.20170331001281738, 0.1963057518005371, 0.2014012336730957, 0.19980192184448242, 0.2027137279510498, 0.19433236122131348, 0.1944139003753662, 0.19700837135314941, 0.19105029106140137, 0.18996953964233398, 0.1916368007659912, 0.1962721347808838, 0.1961216926574707, 0.20388412475585938, 0.20011425018310547, 0.20502448081970215, 0.19385266304016113, 0.19575834274291992, 0.2018289566040039, 0.19719314575195312, 0.19980525970458984, 0.19982600212097168, 0.1988239288330078, 0.19953083992004395, 0.20079374313354492, 0.1960287094116211, 0.20953083038330078, 0.1984541416168213, 0.1886301040649414, 0.19314980506896973, 0.19224166870117188, 0.19409942626953125, 0.19560480117797852, 0.19246935844421387, 0.19701886177062988, 0.19442296028137207, 0.20222210884094238, 0.1973891258239746, 0.19655704498291016, 0.1982567310333252, 0.19243431091308594, 0.19374942779541016, 0.19505882263183594, 0.19789719581604004, 0.20308351516723633, 0.19950318336486816, 0.19968533515930176, 0.19475078582763672, 0.200575590133667, 0.20105695724487305, 0.19281601905822754, 0.1974046230316162, 0.1913595199584961, 0.1964426040649414, 0.19470810890197754, 0.19861435890197754, 0.19164061546325684, 0.19636845588684082, 0.2005617618560791, 0.19823598861694336, 0.1975727081298828, 0.19416260719299316, 0.19829678535461426, 0.1926271915435791, 0.2025895118713379, 0.19768261909484863, 0.20057201385498047, 0.20102810859680176, 0.19518685340881348, 0.19279980659484863, 0.19845986366271973, 0.19300007820129395, 0.19535088539123535, 0.20317912101745605, 0.21230077743530273, 0.19582772254943848, 0.19325947761535645, 0.19357514381408691, 0.1937873363494873, 0.19680190086364746, 0.2057323455810547, 0.19494009017944336, 0.20281457901000977, 0.19635796546936035, 0.20172667503356934, 0.19723749160766602, 0.19485878944396973, 0.19954395294189453, 0.20061326026916504, 0.19919991493225098, 0.19692301750183105, 0.19808197021484375, 0.19546055793762207, 0.19597196578979492, 0.2015547752380371, 0.193892240524292, 0.19476008415222168, 0.19658398628234863, 0.1961987018585205, 0.19036650657653809, 0.19408679008483887, 0.1944899559020996, 0.1950840950012207, 0.19344425201416016, 0.19563651084899902, 0.19818377494812012, 0.19258475303649902, 0.19681310653686523, 0.19565105438232422, 0.19507360458374023, 0.19011783599853516, 0.195448637008667, 0.1973705291748047, 0.19327211380004883, 0.19510650634765625, 0.19905829429626465, 0.1990830898284912, 0.19490933418273926, 0.20528364181518555, 0.1965498924255371, 0.1967759132385254, 0.1980135440826416, 0.19255280494689941, 0.19277381896972656, 0.19053316116333008, 0.19656944274902344, 0.19724702835083008, 0.1936793327331543, 0.1952061653137207, 0.19224190711975098, 0.20260143280029297, 0.19816207885742188, 0.19243431091308594, 0.1903223991394043, 0.19962239265441895, 0.19162869453430176, 0.18877243995666504, 0.19240069389343262, 0.19703221321105957, 0.1990032196044922, 0.19232583045959473, 0.19584417343139648, 0.19682955741882324, 0.1911022663116455, 0.19687533378601074, 0.19164609909057617, 0.1876392364501953, 0.1947324275970459, 0.191054105758667, 0.19603204727172852, 0.19373798370361328, 0.19873952865600586, 0.20343494415283203, 0.19775605201721191, 0.19382596015930176, 0.19388175010681152, 0.1933603286743164, 0.18910479545593262, 0.2012195587158203, 0.1987147331237793, 0.19025874137878418, 0.19367265701293945, 0.18839669227600098, 0.19783663749694824, 0.1895442008972168, 0.1953890323638916, 0.1998915672302246, 0.19234156608581543, 0.19788312911987305, 0.19437909126281738, 0.19786429405212402, 0.1926867961883545, 0.19216322898864746, 0.19314837455749512, 0.1977229118347168, 0.19482874870300293, 0.19565248489379883, 0.19228386878967285, 0.1927638053894043, 0.20270681381225586, 0.19385981559753418, 0.18922781944274902, 0.18798494338989258, 0.19473528861999512, 0.18904638290405273, 0.1866765022277832, 0.19129276275634766, 0.19817829132080078, 0.19561219215393066, 0.19152092933654785, 0.1961371898651123, 0.193497896194458, 0.19283843040466309, 0.19184064865112305, 0.19514942169189453, 0.1978013515472412, 0.19533681869506836, 0.19508051872253418, 0.19680142402648926, 0.19520306587219238, 0.18897032737731934, 0.19342637062072754, 0.19777488708496094, 0.19435572624206543, 0.19582009315490723, 0.19903826713562012, 0.1952824592590332, 0.19215011596679688, 0.20151877403259277, 0.20012211799621582, 0.19071316719055176, 0.20299458503723145, 0.20078349113464355, 0.20212745666503906, 0.20047736167907715, 0.20256996154785156, 0.19746088981628418, 0.19356989860534668, 0.19179701805114746, 0.19061517715454102, 0.19554710388183594, 0.1939864158630371, 0.19388818740844727, 0.1994187831878662, 0.19380903244018555, 0.19181561470031738, 0.19289493560791016, 0.19298481941223145, 0.19787120819091797, 0.19763612747192383, 0.1888425350189209, 0.19859814643859863, 0.19530463218688965, 0.19440484046936035, 0.1979844570159912, 0.19539761543273926, 0.19384264945983887, 0.20594382286071777, 0.2045290470123291, 0.19847607612609863, 0.1964559555053711, 0.199660062789917, 0.19796061515808105, 0.19542646408081055, 0.19901275634765625, 0.19462060928344727, 0.1922450065612793, 0.19726109504699707, 