{"ID": 6, "inference time": [18.445059061050415, 0.13130521774291992, 0.11128783226013184, 0.10167384147644043, 0.09195590019226074, 0.11871027946472168, 0.1168355941772461, 0.08444595336914062, 0.10339665412902832, 0.11199092864990234, 0.08630609512329102, 0.11541032791137695, 0.11630392074584961, 0.09911203384399414, 0.12586712837219238, 0.12002372741699219, 0.09886479377746582, 0.12450528144836426, 0.11629104614257812, 0.08641338348388672, 0.10695981979370117, 0.11037492752075195, 0.08558368682861328, 0.12505555152893066, 0.11508488655090332, 0.09989666938781738, 0.12809491157531738, 0.11698246002197266, 0.09556722640991211, 0.12150168418884277, 0.11916828155517578, 0.08555722236633301, 0.1191706657409668, 0.1376485824584961, 0.09290051460266113, 0.12603282928466797, 0.13126230239868164, 0.12601566314697266, 0.10995197296142578, 0.11533570289611816, 0.10353708267211914, 0.12208747863769531, 0.11787986755371094, 0.12657523155212402, 0.12456655502319336, 0.1122591495513916, 0.10681295394897461, 0.13135147094726562, 0.13898801803588867, 0.09187650680541992, 0.11629676818847656, 0.11930513381958008, 0.09515261650085449, 0.12020707130432129, 0.11912870407104492, 0.09181857109069824, 0.11375188827514648, 0.11704277992248535, 0.09144473075866699, 0.1130678653717041, 0.1293468475341797, 0.08629512786865234, 0.12398695945739746, 0.12377452850341797, 0.10097694396972656, 0.11609816551208496, 0.12208342552185059, 0.0979466438293457, 0.12253069877624512, 0.13402795791625977, 0.10372018814086914, 0.11775732040405273, 0.1300804615020752, 0.10092043876647949, 0.13212800025939941, 0.1278393268585205, 0.09036397933959961, 0.12180280685424805, 0.10993409156799316, 0.08802032470703125, 0.11780524253845215, 0.14406466484069824, 0.09931421279907227, 0.11189913749694824, 0.11943864822387695, 0.09291267395019531, 0.11569952964782715, 0.13492393493652344, 0.09632158279418945, 0.11061739921569824, 0.10334944725036621, 0.10081744194030762, 0.1257777214050293, 0.11606502532958984, 0.10622835159301758, 0.13475561141967773, 0.10470438003540039, 0.10383796691894531, 0.11339354515075684, 0.1212303638458252, 0.10741496086120605, 0.125335693359375, 0.10520339012145996, 0.09517931938171387, 0.1275193691253662, 0.12330770492553711, 0.09679532051086426, 0.12115073204040527, 0.1174008846282959, 0.08649754524230957, 0.12513303756713867, 0.10621857643127441, 0.09972262382507324, 0.11479616165161133, 0.12806129455566406, 0.0928642749786377, 0.1084599494934082, 0.1128242015838623, 0.09430623054504395, 0.12538909912109375, 0.09912109375, 0.0884084701538086, 0.11813187599182129, 0.13512849807739258, 0.08767342567443848, 0.1204981803894043, 0.07429671287536621, 0.0884866714477539, 0.13707995414733887, 0.07792210578918457, 0.08629155158996582, 0.11445116996765137, 0.09145498275756836, 0.08917760848999023, 0.13715195655822754, 0.12059855461120605, 0.09590291976928711, 0.11956954002380371, 0.12498712539672852, 0.10762810707092285, 0.1220560073852539, 0.09442019462585449, 0.09280657768249512, 0.11413073539733887, 0.11702609062194824, 0.10185503959655762, 0.13000154495239258, 0.12369751930236816, 0.09530210494995117, 0.12612581253051758, 0.1180276870727539, 0.08844256401062012, 0.11917471885681152, 0.11044692993164062, 0.09464907646179199, 0.11694192886352539, 0.1212317943572998, 0.1073002815246582, 0.12059831619262695, 0.11672735214233398, 0.08627891540527344, 0.11906027793884277, 0.11365199089050293, 0.08974456787109375, 0.12259578704833984, 0.12843871116638184, 0.09217119216918945, 0.1226656436920166, 0.11693286895751953, 0.10153484344482422, 0.11856746673583984, 0.10901260375976562, 0.09617328643798828, 0.12358379364013672, 0.12385249137878418, 0.09528994560241699, 0.1206364631652832, 0.10831141471862793, 0.09233474731445312, 0.11740565299987793, 0.12360715866088867, 0.10033154487609863, 0.12383198738098145, 0.11840105056762695, 0.10339069366455078, 0.12317395210266113, 0.11145138740539551, 0.09934473037719727, 0.1237034797668457, 0.10150408744812012, 0.1073298454284668, 0.12228870391845703, 0.11962318420410156, 0.0915374755859375, 0.11271953582763672, 0.10442471504211426, 0.09808731079101562, 0.12719416618347168, 0.12422752380371094, 0.10008716583251953, 0.1258702278137207, 0.07667994499206543, 0.08801960945129395, 0.11852693557739258, 0.11844468116760254, 0.10338735580444336, 0.12417173385620117, 0.13792729377746582, 0.08321928977966309, 0.11984539031982422, 0.12497115135192871, 0.09776973724365234, 0.11916828155517578, 0.13030052185058594, 0.09406614303588867, 0.11630702018737793, 0.09879374504089355, 0.10506463050842285, 0.12039065361022949, 0.10258960723876953, 0.1060476303100586, 0.12005114555358887, 0.11784601211547852, 0.10654616355895996, 0.1174917221069336, 0.12489485740661621, 0.10407805442810059, 0.1258869171142578, 0.08880925178527832, 0.10461950302124023, 0.1312241554260254, 0.1151571273803711, 0.10749244689941406, 0.11672163009643555, 0.09102272987365723, 0.10544013977050781, 0.12112259864807129, 0.13145852088928223, 0.09351611137390137, 0.11156487464904785, 0.1180562973022461, 0.0995790958404541, 0.1223750114440918, 0.12286806106567383, 0.09282994270324707, 0.12036347389221191, 0.11470389366149902, 0.10468888282775879, 0.1206214427947998, 0.11638164520263672, 0.1061396598815918, 0.12398028373718262, 0.11414241790771484, 0.10713744163513184, 0.12287688255310059, 0.13352060317993164, 0.11169648170471191, 0.12327265739440918, 0.11032986640930176, 0.098785400390625, 0.13348054885864258, 0.1183328628540039, 0.11290621757507324, 0.13329005241394043, 0.11639976501464844, 0.10501646995544434, 0.12890005111694336, 0.11763691902160645, 0.10363340377807617, 0.12387394905090332, 0.10958194732666016, 0.10453248023986816, 0.12297463417053223, 0.09913253784179688, 0.10797405242919922, 0.1322801113128662, 0.08602285385131836, 0.09541034698486328, 0.11387157440185547, 0.09257268905639648, 0.10650968551635742, 0.12449073791503906, 0.11339235305786133, 0.09225749969482422, 0.11918401718139648, 0.10313844680786133, 0.09928703308105469, 0.12884521484375, 0.07857918739318848, 0.09677934646606445, 0.12906908988952637, 0.12435030937194824, 0.1219480037689209, 0.11541199684143066, 0.09003376960754395, 0.10163521766662598, 0.11914992332458496, 0.10793256759643555, 0.10860395431518555, 0.13605141639709473, 0.12071800231933594, 0.11525106430053711, 0.11664843559265137, 0.10550427436828613, 0.10193634033203125, 0.12004899978637695, 0.11589312553405762, 0.11546754837036133, 0.13010787963867188, 0.10430407524108887, 0.08891439437866211, 0.1216883659362793, 0.10728859901428223, 0.10872721672058105, 0.12658953666687012, 0.11709117889404297, 0.11703705787658691, 0.12103748321533203, 0.12215828895568848, 0.10919976234436035, 0.12831330299377441, 0.08887028694152832, 0.09939837455749512, 0.11547040939331055, 0.10235118865966797, 0.10041570663452148, 0.12051200866699219, 0.11275553703308105, 0.11082315444946289, 0.15105724334716797, 0.08275914192199707, 0.08895587921142578, 0.12448740005493164, 0.10591006278991699, 0.11629486083984375, 0.12746810913085938, 0.09474873542785645, 0.10960698127746582, 0.12542080879211426, 0.10968518257141113, 0.10024261474609375, 0.13096189498901367, 0.10956597328186035, 0.10469341278076172, 0.1377723217010498, 0.10753798484802246, 0.10260581970214844, 0.12739229202270508, 0.11617064476013184, 0.1074373722076416, 0.128889799118042, 0.11932158470153809, 0.10876059532165527, 0.1338634490966797, 0.11387109756469727, 0.10390138626098633, 0.12623143196105957, 0.10236215591430664, 0.09465765953063965, 0.1203470230102539, 0.10283303260803223, 0.10143518447875977, 0.12647581100463867, 0.08868813514709473, 0.10318183898925781, 0.1216890811920166, 0.1118319034576416, 0.10326838493347168, 0.12415456771850586, 0.10752415657043457, 0.09835696220397949, 0.13612031936645508, 0.11513280868530273, 0.11373615264892578, 0.13213586807250977, 0.1150217056274414, 0.10419082641601562, 0.12286496162414551, 0.1244957447052002, 0.10458016395568848, 0.12824368476867676, 0.1133127212524414, 