{"ID": 0, "inference time": [18.813398122787476, 0.1302635669708252, 0.10579109191894531, 0.09703946113586426, 0.13625168800354004, 0.14640331268310547, 0.12759780883789062, 0.1289217472076416, 0.1493070125579834, 0.1116490364074707, 0.12949919700622559, 0.09832024574279785, 0.10160231590270996, 0.12534165382385254, 0.13582301139831543, 0.12079524993896484, 0.14127182960510254, 0.11565589904785156, 0.10819816589355469, 0.1362614631652832, 0.1378483772277832, 0.12865233421325684, 0.10987448692321777, 0.11459684371948242, 0.14087510108947754, 0.1318967342376709, 0.1469259262084961, 0.11319541931152344, 0.14882302284240723, 0.13408780097961426, 0.1374971866607666, 0.1383676528930664, 0.14303159713745117, 0.15236830711364746, 0.14728188514709473, 0.12897229194641113, 0.13709735870361328, 0.14478015899658203, 0.12942814826965332, 0.12823009490966797, 0.13575005531311035, 0.15703129768371582, 0.12841081619262695, 0.12134170532226562, 0.12332987785339355, 0.10631752014160156, 0.11497831344604492, 0.14185237884521484, 0.13288116455078125, 0.11539149284362793, 0.14655828475952148, 0.12381768226623535, 0.14059233665466309, 0.13933730125427246, 0.13735079765319824, 0.14227890968322754, 0.13949346542358398, 0.14148306846618652, 0.13852763175964355, 0.1419358253479004, 0.1307697296142578, 0.13343262672424316, 0.12844109535217285, 0.11930608749389648, 0.10092830657958984, 0.11994481086730957, 0.12026000022888184, 0.1195838451385498, 0.11971735954284668, 0.1335897445678711, 0.13760113716125488, 0.13444256782531738, 0.1362476348876953, 0.13689684867858887, 0.1522808074951172, 0.1320805549621582, 0.11351633071899414, 0.12788724899291992, 0.15260100364685059, 0.15038228034973145, 0.13655734062194824, 0.1440122127532959, 0.14124846458435059, 0.11768007278442383, 0.11256241798400879, 0.11192798614501953, 0.12032794952392578, 0.12340402603149414, 0.1365337371826172, 0.13077473640441895, 0.1349635124206543, 0.13338637351989746, 0.12688493728637695, 0.11842703819274902, 0.1284465789794922, 0.10933184623718262, 0.1293494701385498, 0.13616538047790527, 0.13200974464416504, 0.14588427543640137, 0.12809085845947266, 0.13319611549377441, 0.11590433120727539, 0.13788628578186035, 0.13385701179504395, 0.1260542869567871, 0.12763047218322754, 0.14329028129577637, 0.12366008758544922, 0.13391685485839844, 0.13812661170959473, 0.1362454891204834, 0.13136744499206543, 0.13028740882873535, 0.13461923599243164, 0.12479043006896973, 0.12245893478393555, 0.12433314323425293, 0.12443900108337402, 0.11214184761047363, 0.13311457633972168, 0.13700342178344727, 0.1164865493774414, 0.10529375076293945, 0.10470294952392578, 0.12994599342346191, 0.11933469772338867, 0.11952066421508789, 0.16062426567077637, 0.09609127044677734, 0.13695073127746582, 0.11430573463439941, 0.10805344581604004, 0.14508056640625, 0.1574089527130127, 0.14329028129577637, 0.16724634170532227, 0.10407567024230957, 0.12813806533813477, 0.1359264850616455, 0.1347198486328125, 0.116485595703125, 0.13240385055541992, 0.11637735366821289, 0.13985514640808105, 0.14313745498657227, 0.13587689399719238, 0.14388513565063477, 0.14307117462158203, 0.14651727676391602, 0.11023807525634766, 0.13684344291687012, 0.13505864143371582, 0.1310272216796875, 0.12441015243530273, 0.11402368545532227, 0.11377692222595215, 0.11798453330993652, 0.12577486038208008, 0.12340521812438965, 0.12976837158203125, 0.126295804977417, 0.12572622299194336, 0.13318681716918945, 0.14469289779663086, 0.14599037170410156, 0.14691853523254395, 0.11516833305358887, 0.14576005935668945, 0.14024066925048828, 0.13613319396972656, 0.13163042068481445, 0.1400461196899414, 0.1381690502166748, 0.1248164176940918, 0.13040733337402344, 0.11915111541748047, 0.11346077919006348, 0.11526060104370117, 0.10285472869873047, 0.11704444885253906, 0.1219935417175293, 0.13803410530090332, 0.1318197250366211, 0.1432642936706543, 0.121063232421875, 0.12506389617919922, 0.13050222396850586, 0.12567448616027832, 0.12938618659973145, 0.13592886924743652, 0.1443924903869629, 0.13921618461608887, 0.1320335865020752, 0.11216115951538086, 0.11385250091552734, 0.14459776878356934, 0.12096357345581055, 0.1388263702392578, 0.1267542839050293, 0.12898755073547363, 0.12430715560913086, 0.1266171932220459, 0.10895538330078125, 0.09918689727783203, 0.1292116641998291, 0.1376810073852539, 0.13325858116149902, 0.14499497413635254, 0.12766695022583008, 0.11963152885437012, 0.13231801986694336, 0.1268455982208252, 0.13605022430419922, 0.12530875205993652, 0.11150598526000977, 0.1283738613128662, 0.13161921501159668, 0.11647653579711914, 0.14533591270446777, 0.13632726669311523, 0.13993287086486816, 0.12887334823608398, 0.12461447715759277, 0.15076017379760742, 0.12534856796264648, 0.11441993713378906, 0.13695240020751953, 0.12828350067138672, 0.13472652435302734, 0.12191653251647949, 0.1174015998840332, 0.14083385467529297, 0.11286687850952148, 0.13195037841796875, 0.12387490272521973, 0.12238597869873047, 0.14719200134277344, 0.12243986129760742, 0.09878993034362793, 0.09191036224365234, 0.12224411964416504, 0.14379644393920898, 0.12524008750915527, 0.09030866622924805, 0.09712862968444824, 0.09900569915771484, 0.12481951713562012, 0.12182784080505371, 0.1279740333557129, 0.14730477333068848, 0.11153388023376465, 0.1303272247314453, 0.13542962074279785, 0.1282038688659668, 0.10426187515258789, 0.11454916000366211, 0.12729310989379883, 0.12800288200378418, 0.12414836883544922, 0.12261581420898438, 0.14345240592956543, 0.1222689151763916, 0.1167759895324707, 0.11430168151855469, 0.1259000301361084, 0.1297459602355957, 0.13251924514770508, 0.1286938190460205, 0.13531494140625, 0.1160728931427002, 0.12666797637939453, 0.1146097183227539, 0.09978771209716797, 0.10951423645019531, 0.12133336067199707, 0.13375449180603027, 0.13990068435668945, 0.13858890533447266, 0.12804651260375977, 0.13121819496154785, 0.12222170829772949, 0.1560373306274414, 0.12038207054138184, 0.0911867618560791, 0.12495923042297363, 0.1240386962890625, 0.13989925384521484, 0.12312889099121094, 0.09296369552612305, 0.11494731903076172, 0.13657188415527344, 0.12645173072814941, 0.11476516723632812, 0.14965033531188965, 0.11027979850769043, 0.09706902503967285, 0.09203910827636719, 0.1093282699584961, 0.11291146278381348, 0.13261055946350098, 0.13139677047729492, 0.11046695709228516, 0.12531304359436035, 0.14039897918701172, 0.1150972843170166, 0.11482524871826172, 0.11457037925720215, 0.10404181480407715, 0.10326790809631348, 0.13206076622009277, 0.10376429557800293, 0.11097049713134766, 0.12694358825683594, 0.13895177841186523, 0.1250016689300537, 0.14067959785461426, 0.1388716697692871, 0.11821794509887695, 0.1179800033569336, 0.14217114448547363, 0.12311935424804688, 0.14027833938598633, 0.12615704536437988, 0.12798070907592773, 0.13948869705200195, 0.14687013626098633, 0.10553240776062012, 0.10926461219787598, 0.11498117446899414, 0.12532830238342285, 0.11810135841369629, 0.11970353126525879, 0.13403081893920898, 0.12980389595031738, 0.1201162338256836, 0.10792112350463867, 0.11310315132141113, 0.13310766220092773, 0.1291368007659912, 0.12721896171569824, 0.10952019691467285, 0.12756752967834473, 0.10483884811401367, 0.11638283729553223, 0.11973071098327637, 0.1121513843536377, 0.12206363677978516, 0.13150358200073242, 0.12543106079101562, 0.12099981307983398, 0.12446022033691406, 0.10926198959350586, 0.12863898277282715, 0.1279151439666748, 0.12872600555419922, 0.13083457946777344, 0.13182687759399414, 0.14202332496643066, 0.11212968826293945, 0.11769270896911621, 0.13905787467956543, 0.12720751762390137, 0.12621688842773438, 0.1226961612701416, 0.12953424453735352, 0.11698222160339355, 0.11658906936645508, 0.11877250671386719, 0.11698746681213379, 0.14614367485046387, 0.13120269775390625, 0.0978994369506836, 0.12245392799377441, 0.1198282241821289, 0.12654638290405273, 0.11689949035644531, 0.1434619426727295, 0.12801885604858398, 0.10567712783813477, 0.11783099174499512, 0.12545013427734375, 0.1252753734588623, 