{"ID": 2, "inference time": [7.935146331787109, 0.04566597938537598, 0.03664827346801758, 0.03697490692138672, 0.03760647773742676, 0.03771495819091797, 0.035001277923583984, 0.04031038284301758, 0.041335105895996094, 0.03927779197692871, 0.04115772247314453, 0.03793072700500488, 0.03921651840209961, 0.04104137420654297, 0.03845930099487305, 0.03842568397521973, 0.03863930702209473, 0.04049181938171387, 0.039922237396240234, 0.041013240814208984, 0.03735160827636719, 0.03449511528015137, 0.04835081100463867, 0.03453516960144043, 0.04056382179260254, 0.049880266189575195, 0.03542494773864746, 0.04024195671081543, 0.05084037780761719, 0.034822940826416016, 0.04062533378601074, 0.050611019134521484, 0.035936594009399414, 0.04188251495361328, 0.10244178771972656, 0.1963810920715332, 0.07891154289245605, 0.07770729064941406, 0.0695638656616211, 0.05717134475708008, 0.057900190353393555, 0.05675935745239258, 0.05389833450317383, 0.05737733840942383, 0.054978370666503906, 0.06409859657287598, 0.0702662467956543, 0.061789512634277344, 0.05550646781921387, 0.05610060691833496, 0.05512523651123047, 0.055680036544799805, 0.062774658203125, 0.05715322494506836, 0.05412697792053223, 0.05356860160827637, 0.05971217155456543, 0.05835986137390137, 0.0593409538269043, 0.055774688720703125, 0.052986860275268555, 0.055733442306518555, 0.05569791793823242, 0.060295820236206055, 0.058301687240600586, 0.0617673397064209, 0.05708622932434082, 0.058545827865600586, 0.05959582328796387, 0.0608677864074707, 0.05980825424194336, 0.05607104301452637, 0.05265974998474121, 0.0507962703704834, 0.04697990417480469, 0.0464019775390625, 0.062094688415527344, 0.05217742919921875, 0.06199216842651367, 0.06741642951965332, 0.05881190299987793, 0.054184675216674805, 0.05466818809509277, 0.056244850158691406, 0.054227590560913086, 0.057526350021362305, 0.05369091033935547, 0.05377340316772461, 0.056644439697265625, 0.05684828758239746, 0.0534062385559082, 0.05709338188171387, 0.05365419387817383, 0.05449342727661133, 0.05706071853637695, 0.05524849891662598, 0.05726289749145508, 0.06681609153747559, 0.0799872875213623, 0.07311296463012695, 0.08446502685546875, 0.08890986442565918, 0.03909754753112793, 0.034465789794921875, 0.04472827911376953, 0.06451106071472168, 0.05916166305541992, 0.04809165000915527, 0.05119013786315918, 0.05853605270385742, 0.0628652572631836, 0.06192827224731445, 0.055265188217163086, 0.05718421936035156, 0.057631731033325195, 0.05567455291748047, 0.05589604377746582, 0.05664873123168945, 0.07473540306091309, 0.0835113525390625, 0.03392362594604492, 0.05919361114501953, 0.07885122299194336, 0.06644582748413086, 0.0793161392211914, 0.06702160835266113, 0.059468984603881836, 0.06686067581176758, 0.06669163703918457, 0.058754682540893555, 0.08117938041687012, 0.059628963470458984, 0.0579991340637207, 0.05021524429321289, 0.04881739616394043, 0.0504302978515625, 0.046761512756347656, 0.06165742874145508, 0.05440378189086914, 0.052947044372558594, 0.055013179779052734, 0.052968740463256836, 0.05489945411682129, 0.05285000801086426, 0.0540614128112793, 0.05159139633178711, 0.053156137466430664, 0.052546024322509766, 0.05280947685241699, 0.05581521987915039, 0.04622387886047363, 0.05494093894958496, 0.05254840850830078, 0.050781965255737305, 0.05117511749267578, 0.053699493408203125, 0.05388832092285156, 0.05216503143310547, 0.06424522399902344, 0.060625553131103516, 0.053312063217163086, 0.051622629165649414, 0.05369853973388672, 0.0567929744720459, 0.058078765869140625, 0.05215167999267578, 0.05778789520263672, 0.050989389419555664, 0.05138993263244629, 0.0496368408203125, 0.05145883560180664, 0.05643630027770996, 0.05303597450256348, 0.05010843276977539, 0.048921823501586914, 0.05376386642456055, 0.05133247375488281, 0.05166888236999512, 0.05443239212036133, 0.05129075050354004, 0.051444292068481445, 0.04949831962585449, 0.05109834671020508, 0.050688982009887695, 0.0533747673034668, 0.05068492889404297, 0.05157113075256348, 0.04969906806945801, 0.04870128631591797, 0.04523754119873047, 0.04501676559448242, 0.059918880462646484, 0.04349088668823242, 0.050215959548950195, 0.03423762321472168, 0.05064034461975098, 0.057392120361328125, 0.05372476577758789, 0.0482935905456543, 0.04707455635070801, 0.05237102508544922, 0.05485892295837402, 0.050283193588256836, 0.05168485641479492, 0.05008554458618164, 0.050499677658081055, 0.049228668212890625, 0.049265384674072266, 0.050171852111816406, 0.04780864715576172, 0.04238271713256836, 0.047044992446899414, 0.06616830825805664, 0.06280851364135742, 0.06947851181030273, 0.07832217216491699, 0.08312416076660156, 0.04328727722167969, 0.040518760681152344, 0.04138374328613281, 0.05080699920654297, 0.05748701095581055, 0.04442715644836426, 0.04386544227600098, 0.04770708084106445, 0.05272984504699707, 0.053659915924072266, 0.04925656318664551, 0.05846238136291504, 0.056255340576171875, 0.05131173133850098, 0.048253774642944336, 0.04808640480041504, 0.049172163009643555, 0.05030488967895508, 0.04607033729553223, 0.04134654998779297, 0.05404853820800781, 0.0749671459197998, 0.07554078102111816, 0.043579816818237305, 0.05214190483093262, 0.04613351821899414, 0.05339479446411133, 0.053908348083496094, 0.048696279525756836, 0.04842495918273926, 0.048006296157836914, 0.04657268524169922, 0.053098440170288086, 0.05286073684692383, 0.04182124137878418, 0.05161452293395996, 0.049330949783325195, 0.049257755279541016, 0.048001766204833984, 0.04963994026184082, 0.049828529357910156, 0.04523801803588867, 0.04495382308959961, 0.052393198013305664, 0.04591989517211914, 0.045311927795410156, 0.048682451248168945, 0.049591064453125, 0.04878568649291992, 0.05007004737854004, 0.04546809196472168, 0.0460660457611084, 0.045636892318725586, 0.04105377197265625, 0.05189824104309082, 0.05351829528808594, 0.05247950553894043, 0.06059432029724121, 0.04679560661315918, 0.04677629470825195, 0.05157041549682617, 0.04933428764343262, 0.058782339096069336, 0.06217002868652344, 0.05458831787109375, 0.04536151885986328, 0.04877901077270508, 0.05737709999084473, 0.05337643623352051, 0.048583269119262695, 0.0470273494720459, 0.04589128494262695, 0.04864335060119629, 0.05099606513977051, 0.04684638977050781, 0.04975175857543945, 0.04105973243713379, 0.03723645210266113, 0.05234575271606445, 0.04825854301452637, 0.047679901123046875, 0.043990135192871094, 0.048246145248413086, 0.04641461372375488, 0.049224138259887695, 0.050873517990112305, 0.04926562309265137, 0.04895448684692383, 0.08716511726379395, 0.07018470764160156, 0.06474423408508301, 0.07124519348144531, 0.07376289367675781, 0.07201933860778809, 0.09075164794921875, 0.07229948043823242, 0.07694721221923828, 0.046617746353149414, 0.05210280418395996, 0.05667996406555176, 0.050698041915893555, 0.04774951934814453, 0.05097031593322754, 0.04459190368652344, 0.05771946907043457, 0.051970481872558594, 0.04986858367919922, 0.0563967227935791, 0.04868316650390625, 0.04691910743713379, 0.05106520652770996, 0.049404144287109375, 0.05171799659729004, 0.05200791358947754, 0.06606507301330566, 0.06360602378845215, 0.05205249786376953, 0.04407620429992676, 0.046012163162231445, 0.04500603675842285, 0.05239534378051758, 0.05149674415588379, 0.06167936325073242, 0.07196497917175293, 0.06733536720275879, 0.0656588077545166, 0.07810831069946289, 0.07542228698730469, 0.07520008087158203, 0.0638725757598877, 0.04994964599609375, 0.04288601875305176, 0.07615017890930176, 0.07221269607543945, 0.05939960479736328, 0.052023887634277344, 0.04315781593322754, 0.04698753356933594, 0.08720016479492188, 0.08311247825622559, 0.06711983680725098, 0.08237385749816895, 0.06484675407409668, 0.0464479923248291, 0.04465818405151367, 0.04699969291687012, 0.046701908111572266, 0.04406094551086426, 0.04737234115600586, 0.05411028861999512, 0.05078387260437012, 0.04095792770385742, 0.040454864501953125, 0.05310463905334473, 0.07035684585571289, 0.07222723960876465, 0.06748223304748535, 0.062429189682006836, 0.05569744110107422, 