{"ID": 2, "inference time": [6.6106109619140625, 0.1895768642425537, 0.2774932384490967, 0.19583988189697266, 0.18761181831359863, 0.18819737434387207, 0.20038485527038574, 0.22618412971496582, 0.19115138053894043, 0.2137444019317627, 0.20656204223632812, 0.17868518829345703, 0.21697664260864258, 0.1925642490386963, 0.23653316497802734, 0.20495080947875977, 0.24394845962524414, 0.20112276077270508, 0.26923251152038574, 0.1931438446044922, 0.21776223182678223, 0.1979365348815918, 0.23209333419799805, 0.19028449058532715, 0.21860790252685547, 0.18854761123657227, 0.19255304336547852, 0.18818140029907227, 0.20091652870178223, 0.20240235328674316, 0.18720793724060059, 0.18891048431396484, 0.23235416412353516, 0.19263792037963867, 0.25343775749206543, 0.18715715408325195, 0.2186598777770996, 0.22246456146240234, 0.23755955696105957, 0.19191598892211914, 0.2514512538909912, 0.1977088451385498, 0.24839138984680176, 0.187333345413208, 0.22559857368469238, 0.1903071403503418, 0.21672582626342773, 0.21393799781799316, 0.1805884838104248, 0.18972015380859375, 0.1843736171722412, 0.20027565956115723, 0.18929767608642578, 0.19808292388916016, 0.2312610149383545, 0.18683362007141113, 0.18954110145568848, 0.200303316116333, 0.1870250701904297, 0.2221536636352539, 0.17883849143981934, 0.20515084266662598, 0.20136213302612305, 0.18552637100219727, 0.24254560470581055, 0.19112873077392578, 0.2160205841064453, 0.20096969604492188, 0.2004837989807129, 0.21942448616027832, 0.20667123794555664, 0.2570796012878418, 0.1858532428741455, 0.2565925121307373, 0.19086551666259766, 0.22093963623046875, 0.1954951286315918, 0.21688127517700195, 0.18860125541687012, 0.2631649971008301, 0.1926743984222412, 0.2459115982055664, 0.18915438652038574, 0.21881556510925293, 0.2004997730255127, 0.21493172645568848, 0.18769288063049316, 0.20594477653503418, 0.21975255012512207, 0.19160032272338867, 0.21922564506530762, 0.2037956714630127, 0.19448208808898926, 0.2500309944152832, 0.18500018119812012, 0.2524735927581787, 0.19067811965942383, 0.23853039741516113, 0.20152497291564941, 0.22348809242248535, 0.20349979400634766, 0.20168209075927734, 0.19700860977172852, 0.19310235977172852, 0.20664739608764648, 0.2023613452911377, 0.18875503540039062, 0.2566826343536377, 0.18822979927062988, 0.24298572540283203, 0.18371796607971191, 0.2092885971069336, 0.1958308219909668, 0.20353174209594727, 0.19768261909484863, 0.2006387710571289, 0.22487926483154297, 0.1895005702972412, 0.17783570289611816, 0.2013857364654541, 0.1895444393157959, 0.20573019981384277, 0.18041038513183594, 0.20149946212768555, 0.21067547798156738, 0.1902756690979004, 0.24637818336486816, 0.19328618049621582, 0.2212214469909668, 0.19381213188171387, 0.21607351303100586, 0.18784880638122559, 0.19097471237182617, 0.21944832801818848, 0.1878964900970459, 0.21034479141235352, 0.2317647933959961, 0.17981743812561035, 0.22960114479064941, 0.18750739097595215, 0.2340714931488037, 0.2155017852783203, 0.23200273513793945, 0.19115233421325684, 0.19942164421081543, 0.21331453323364258, 0.18832993507385254, 0.24401354789733887, 0.18503808975219727, 0.2538919448852539, 0.18995428085327148, 0.23296332359313965, 0.19129323959350586, 0.21888947486877441, 0.1933443546295166, 0.2145552635192871, 0.18309545516967773, 0.1930708885192871, 0.2514011859893799, 0.19281625747680664, 0.2655045986175537, 0.19186925888061523, 0.22319364547729492, 0.19791364669799805, 0.21217608451843262, 0.22121524810791016, 0.18657851219177246, 0.22330617904663086, 0.2152562141418457, 0.21225690841674805, 0.18930530548095703, 0.20521950721740723, 0.21147537231445312, 0.1899888515472412, 0.2580268383026123, 0.18740057945251465, 0.22664141654968262, 0.18894433975219727, 0.22850370407104492, 0.20727777481079102, 0.22242331504821777, 0.18225455284118652, 0.21411728858947754, 0.22909092903137207, 0.19562220573425293, 0.2653965950012207, 0.18857860565185547, 0.2449474334716797, 0.18503952026367188, 0.20747828483581543, 0.19498586654663086, 0.20152521133422852, 0.19452118873596191, 0.208723783493042, 0.19324398040771484, 0.18612384796142578, 0.19714879989624023, 0.2301039695739746, 0.19994878768920898, 0.18892717361450195, 0.19266390800476074, 0.19239163398742676, 0.20849251747131348, 0.19432330131530762, 0.20151066780090332, 0.23470067977905273, 0.19068479537963867, 0.2051849365234375, 0.20171236991882324, 0.19883275032043457, 0.22078895568847656, 0.1862013339996338, 0.21693658828735352, 0.19075727462768555, 0.20134425163269043, 0.20145821571350098, 0.19419336318969727, 0.23517918586730957, 0.18829941749572754, 0.20209479331970215, 0.2139890193939209, 0.18832826614379883, 0.21201133728027344, 0.20130491256713867, 0.20855474472045898, 0.1994771957397461, 0.1940009593963623, 0.21825909614562988, 0.19879841804504395, 0.19577956199645996, 0.19901585578918457, 0.20703959465026855, 0.22027277946472168, 0.18456339836120605, 0.1993401050567627, 0.21896648406982422, 0.18214893341064453, 0.20505142211914062, 0.20322465896606445, 0.1820971965789795, 0.22769451141357422, 0.18889760971069336, 0.23444151878356934, 0.20666193962097168, 0.23212981224060059, 0.17910218238830566, 0.2573261260986328, 0.18050551414489746, 0.22026872634887695, 0.19008946418762207, 0.22362041473388672, 0.20452094078063965, 0.19821929931640625, 0.20658302307128906, 0.20905828475952148, 0.2136518955230713, 0.20206785202026367, 0.1986231803894043, 0.2112438678741455, 0.19074392318725586, 0.24848079681396484, 0.17980146408081055, 0.20264792442321777, 0.19263458251953125, 0.2001347541809082, 0.1954517364501953, 0.20269489288330078, 0.2180628776550293, 0.2055511474609375, 0.21191930770874023, 0.2173309326171875, 0.1897737979888916, 0.2483811378479004, 0.1863999366760254, 0.256420373916626, 0.19243597984313965, 0.2297968864440918, 0.2018108367919922, 0.21484875679016113, 0.2166581153869629, 0.21090054512023926, 0.22870826721191406, 0.20930814743041992, 0.22347187995910645, 0.18544626235961914, 0.20706844329833984, 0.2413768768310547, 0.18518877029418945, 0.24458909034729004, 0.1888582706451416, 0.22021794319152832, 0.20428013801574707, 0.19410228729248047, 0.19342541694641113, 0.21644926071166992, 0.21056318283081055, 0.18938636779785156, 0.20652055740356445, 0.23376059532165527, 0.19124841690063477, 0.25185656547546387, 0.17779946327209473, 0.257735013961792, 0.182905912399292, 0.21166610717773438, 0.20365023612976074, 0.20186495780944824, 0.19546818733215332, 0.19359135627746582, 0.23094820976257324, 0.18918156623840332, 0.23500561714172363, 0.19305014610290527, 0.19930386543273926, 0.25515055656433105, 0.18801474571228027, 0.22548699378967285, 0.20060300827026367, 0.23468017578125, 0.2203986644744873, 0.22628569602966309, 0.18866991996765137, 0.19276118278503418, 0.21724390983581543, 0.19246244430541992, 0.2562897205352783, 0.18887829780578613, 0.24252653121948242, 0.18822765350341797, 0.23350238800048828, 0.20872139930725098, 0.21586251258850098, 0.1829674243927002, 0.20252442359924316, 0.19945621490478516, 0.18743324279785156, 0.23042774200439453, 0.1867525577545166, 0.2036724090576172, 0.19361519813537598, 0.19937515258789062, 0.22326326370239258, 0.19639873504638672, 0.22687268257141113, 0.19195342063903809, 0.19387507438659668, 0.19200897216796875, 0.1950685977935791, 0.20905113220214844, 0.19841241836547852, 0.24341273307800293, 0.21167254447937012, 0.22633934020996094, 0.19095849990844727, 0.24738001823425293, 0.18947625160217285, 0.2607414722442627, 0.1876964569091797, 0.2539217472076416, 0.1832730770111084, 0.19405746459960938, 0.20266175270080566, 0.2060534954071045, 0.18818235397338867, 0.19193267822265625, 0.23666858673095703, 0.1854567527770996, 0.18587684631347656, 0.19037604331970215, 0.1886746883392334, 0.24036931991577148, 0.18039774894714355, 0.2334301471710205, 0.18985199928283691, 0.22573518753051758, 0.21916532516479492, 0.20793914794921875, 0.18739938735961914, 0.2148902416229248, 0.21393465995788574, 0.18784451484680176, 0.19549894332885742, 0.21887755393981934, 0.18188905715942383, 