{"ID": 6, "inference time": [7.369835376739502, 0.38283228874206543, 0.36197996139526367, 0.30823445320129395, 0.2907230854034424, 0.26075053215026855, 0.29082679748535156, 0.2547271251678467, 0.2793269157409668, 0.2839627265930176, 0.2382509708404541, 0.27686285972595215, 0.24049091339111328, 0.28524208068847656, 0.21895337104797363, 0.26262545585632324, 0.23352313041687012, 0.3095691204071045, 0.2664909362792969, 0.2767777442932129, 0.2679309844970703, 0.2479228973388672, 0.28277063369750977, 0.2631402015686035, 0.30135202407836914, 0.2544262409210205, 0.24013853073120117, 0.3248744010925293, 0.32234644889831543, 0.24887800216674805, 0.29456496238708496, 0.25768303871154785, 0.2700028419494629, 0.29917049407958984, 0.24056124687194824, 0.31095194816589355, 0.28043055534362793, 0.23424172401428223, 0.2835566997528076, 0.2737843990325928, 0.2418839931488037, 0.2915465831756592, 0.23495697975158691, 0.268873929977417, 0.2816164493560791, 0.26996517181396484, 0.25980544090270996, 0.25887012481689453, 0.25811171531677246, 0.24356627464294434, 0.262040376663208, 0.2509765625, 0.2542257308959961, 0.2673790454864502, 0.23039793968200684, 0.2796444892883301, 0.25805068016052246, 0.24731087684631348, 0.2615194320678711, 0.2684366703033447, 0.27559876441955566, 0.26684999465942383, 0.2808046340942383, 0.26100707054138184, 0.2500271797180176, 0.26047182083129883, 0.25873637199401855, 0.2779247760772705, 0.23823285102844238, 0.293778657913208, 0.26034069061279297, 0.2799370288848877, 0.2706573009490967, 0.2807893753051758, 0.28089284896850586, 0.21516633033752441, 0.3013739585876465, 0.24641799926757812, 0.2669236660003662, 0.22648358345031738, 0.2570912837982178, 0.24688196182250977, 0.29522085189819336, 0.2668125629425049, 0.23950719833374023, 0.26016759872436523, 0.24695968627929688, 0.2566545009613037, 0.27167344093322754, 0.258028507232666, 0.2862551212310791, 0.2547919750213623, 0.2834463119506836, 0.2423715591430664, 0.25031089782714844, 0.23625969886779785, 0.2729532718658447, 0.2523534297943115, 0.27440857887268066, 0.245222806930542, 0.307985782623291, 0.28899359703063965, 0.2710838317871094, 0.2778444290161133, 0.24120283126831055, 0.29224705696105957, 0.2794380187988281, 0.22075986862182617, 0.28200507164001465, 0.27811217308044434, 0.27047228813171387, 0.24246621131896973, 0.262592077255249, 0.261138916015625, 0.2512853145599365, 0.2618288993835449, 0.26718640327453613, 0.30387139320373535, 0.2664299011230469, 0.2455272674560547, 0.2439894676208496, 0.27187013626098633, 0.25199437141418457, 0.26494574546813965, 0.24544286727905273, 0.24886631965637207, 0.26586079597473145, 0.2604331970214844, 0.25382256507873535, 0.25223636627197266, 0.2636446952819824, 0.2319486141204834, 0.24809527397155762, 0.2658517360687256, 0.2373814582824707, 0.305539608001709, 0.27017807960510254, 0.29831552505493164, 0.32804346084594727, 0.28365015983581543, 0.2506740093231201, 0.2606499195098877, 0.25636863708496094, 0.2557244300842285, 0.220672607421875, 0.2455592155456543, 0.2539031505584717, 0.22187495231628418, 0.25683116912841797, 0.25349855422973633, 0.2569851875305176, 0.25004148483276367, 0.23691201210021973, 0.25231170654296875, 0.24608516693115234, 0.2781703472137451, 0.27810072898864746, 0.25252485275268555, 0.25601935386657715, 0.22707796096801758, 0.25391316413879395, 0.23580384254455566, 0.24870657920837402, 0.23781490325927734, 0.3009493350982666, 0.26861119270324707, 0.2576789855957031, 0.27126002311706543, 0.27141690254211426, 0.26729846000671387, 0.283890962600708, 0.2505910396575928, 0.34606289863586426, 0.2870206832885742, 0.3268752098083496, 0.2643575668334961, 0.2716546058654785, 0.26978111267089844, 0.2581040859222412, 0.2494525909423828, 0.2729170322418213, 0.27993178367614746, 0.2620086669921875, 0.227569580078125, 0.27556633949279785, 0.23496484756469727, 0.26175403594970703, 0.2840280532836914, 0.24842500686645508, 0.27491140365600586, 0.24521112442016602, 0.23865818977355957, 0.24976062774658203, 0.26852917671203613, 0.2729027271270752, 0.24802207946777344, 0.2838160991668701, 0.25756216049194336, 0.27996158599853516, 0.3200571537017822, 0.24840760231018066, 0.2639148235321045, 0.2693612575531006, 0.27167367935180664, 0.2385578155517578, 0.2550926208496094, 0.23178839683532715, 0.2873666286468506, 0.24194860458374023, 0.2837367057800293, 0.3219029903411865, 0.26404261589050293, 0.26808953285217285, 0.27094078063964844, 0.25653505325317383, 0.2753324508666992, 0.26317262649536133, 0.26296281814575195, 0.2698180675506592, 0.2727515697479248, 0.2653689384460449, 0.24506163597106934, 0.27472591400146484, 0.2198331356048584, 0.2604959011077881, 0.23270583152770996, 0.24922418594360352, 0.2545592784881592, 0.23904633522033691, 0.2595252990722656, 0.2650432586669922, 0.2701148986816406, 0.24810504913330078, 0.24891400337219238, 0.2754502296447754, 0.24117302894592285, 0.2507767677307129, 0.2985506057739258, 0.307145357131958, 0.24816298484802246, 0.2741570472717285, 0.2596871852874756, 0.265702486038208, 0.23719382286071777, 0.24666595458984375, 0.2576782703399658, 0.3110017776489258, 0.2730295658111572, 0.2749607563018799, 0.2667720317840576, 0.25208067893981934, 0.25637292861938477, 0.26444149017333984, 0.24251747131347656, 0.27335143089294434, 0.2467813491821289, 0.2569417953491211, 0.27003931999206543, 0.26198530197143555, 0.28075170516967773, 0.24160170555114746, 0.27536678314208984, 0.322171688079834, 0.30689501762390137, 0.25363731384277344, 0.3039247989654541, 0.31609225273132324, 0.2551422119140625, 0.2802286148071289, 0.263110876083374, 0.28228020668029785, 0.2541158199310303, 0.26928091049194336, 0.25796937942504883, 0.25189757347106934, 0.27634572982788086, 0.25107836723327637, 0.26184916496276855, 0.27980542182922363, 0.25393247604370117, 0.2790670394897461, 0.25861024856567383, 0.32123565673828125, 0.3230743408203125, 0.27434730529785156, 0.2674734592437744, 0.25250792503356934, 0.2783486843109131, 0.25541043281555176, 0.2841799259185791, 0.2701148986816406, 0.2520112991333008, 0.24999451637268066, 0.2700676918029785, 0.27683234214782715, 0.2423083782196045, 0.26177144050598145, 0.2513236999511719, 0.25443530082702637, 0.22856450080871582, 0.2545771598815918, 0.23986554145812988, 0.2672240734100342, 0.2632763385772705, 0.2584836483001709, 0.2648506164550781, 0.24997949600219727, 0.2617509365081787, 0.2803030014038086, 0.2623474597930908, 0.28061652183532715, 0.2584717273712158, 0.27489781379699707, 0.2524564266204834, 0.2682504653930664, 0.23471832275390625, 0.2593345642089844, 0.2608792781829834, 0.22818565368652344, 0.24402761459350586, 0.22254443168640137, 0.251786470413208, 0.23831939697265625, 0.2457895278930664, 0.24512887001037598, 0.25116443634033203, 0.25910377502441406, 0.24166011810302734, 0.29518938064575195, 0.27904820442199707, 0.25536680221557617, 0.29731202125549316, 0.3388686180114746, 0.23362278938293457, 0.3078012466430664, 0.259904146194458, 0.32512807846069336, 0.3179166316986084, 0.31028246879577637, 0.27940964698791504, 0.253406286239624, 0.27895593643188477, 0.25698208808898926, 0.28403210639953613, 0.2569396495819092, 0.2924463748931885, 0.29757046699523926, 0.2626912593841553, 0.27053332328796387, 0.26795291900634766, 0.26044607162475586, 0.26804018020629883, 0.25389885902404785, 0.2675766944885254, 0.255511999130249, 0.26432108879089355, 0.23615431785583496, 0.25281333923339844, 0.2994201183319092, 0.2395646572113037, 0.28441786766052246, 0.27686476707458496, 0.25276732444763184, 0.2879199981689453, 0.28338122367858887, 0.25258779525756836, 0.2785065174102783, 0.25937676429748535, 0.2523982524871826, 0.2647690773010254, 0.2755749225616455, 0.24640870094299316, 0.26859211921691895, 0.27216649055480957, 0.2560150623321533, 0.28488779067993164, 0.2598996162414551, 0.28075194358825684, 0.31257081031799316, 0.289689302444458, 0.2598886489868164, 0.23247909545898438, 0.2602419853210449, 0.3062617778778076, 0.23690176010131836, 0.26859116554260254, 0.2656521797180176, 0.2729039192199707, 0.24248623847961426, 