{"ID": 5, "inference time": [0.4522225856781006, 0.19509553909301758, 0.19095993041992188, 0.21523189544677734, 0.16954970359802246, 0.2205338478088379, 0.1654670238494873, 0.21848654747009277, 0.20660853385925293, 0.18263554573059082, 0.18421673774719238, 0.19972658157348633, 0.17316174507141113, 0.21806049346923828, 0.18156957626342773, 0.20356440544128418, 0.18709921836853027, 0.2049415111541748, 0.17800259590148926, 0.20362591743469238, 0.1842660903930664, 0.22855710983276367, 0.186903715133667, 0.19626092910766602, 0.17550969123840332, 0.19124627113342285, 0.2218310832977295, 0.3181605339050293, 0.28696417808532715, 0.2992374897003174, 0.3481864929199219, 0.19672656059265137, 0.16913270950317383, 0.24228644371032715, 0.1984870433807373, 0.19670510292053223, 0.1957411766052246, 0.19649720191955566, 0.2239837646484375, 0.19431567192077637, 0.20819401741027832, 0.1858196258544922, 0.21245646476745605, 0.20874285697937012, 0.24898290634155273, 0.2068803310394287, 0.19698119163513184, 0.17836618423461914, 0.18458843231201172, 0.19406437873840332, 0.17121386528015137, 0.22678041458129883, 0.1839747428894043, 0.24817752838134766, 0.2272813320159912, 0.17351436614990234, 0.16913366317749023, 0.18714094161987305, 0.23168325424194336, 0.17663311958312988, 0.21002888679504395, 0.1721479892730713, 0.21506547927856445, 0.20528912544250488, 0.22229218482971191, 0.17130208015441895, 0.1853189468383789, 0.1890885829925537, 0.21449804306030273, 0.18343734741210938, 0.2238478660583496, 0.1820824146270752, 0.20517921447753906, 0.1998145580291748, 0.18310189247131348, 0.17709851264953613, 0.1687612533569336, 0.20465636253356934, 0.2215404510498047, 0.2313671112060547, 0.21354937553405762, 0.21095943450927734, 0.20992159843444824, 0.20842719078063965, 0.195176362991333, 0.22110486030578613, 0.21486949920654297, 0.19781756401062012, 0.22110700607299805, 0.2512390613555908, 0.1853940486907959, 0.26409387588500977, 0.19126486778259277, 0.18629097938537598, 0.21413326263427734, 0.208176851272583, 0.26276636123657227, 0.19478678703308105, 0.18250036239624023, 0.19544672966003418, 0.18010830879211426, 0.20560550689697266, 0.17771506309509277, 0.2358715534210205, 0.18294382095336914, 0.2565901279449463, 0.20052838325500488, 0.20647859573364258, 0.19395661354064941, 0.2349393367767334, 0.206834077835083, 0.19661641120910645, 0.18138599395751953, 0.17212820053100586, 0.2642800807952881, 0.22211694717407227, 0.2413487434387207, 0.20569396018981934, 0.2287304401397705, 0.2104661464691162, 0.1825261116027832, 0.2463696002960205, 0.2033541202545166, 0.21921133995056152, 0.19780993461608887, 0.24488162994384766, 0.20657587051391602, 0.2565195560455322, 0.22050905227661133, 0.17204904556274414, 0.19496655464172363, 0.17203783988952637, 0.21380114555358887, 0.1782362461090088, 0.19643330574035645, 0.21485519409179688, 0.2026987075805664, 0.17697787284851074, 0.17401123046875, 0.18445539474487305, 0.17258000373840332, 0.24100255966186523, 0.21633172035217285, 0.2057175636291504, 0.21958494186401367, 0.19760537147521973, 0.21792149543762207, 0.19391560554504395, 0.18638873100280762, 0.2168443202972412, 0.2180006504058838, 0.23184800148010254, 0.22062444686889648, 0.18606090545654297, 0.22124290466308594, 0.20830154418945312, 0.17473840713500977, 0.2145235538482666, 0.19414854049682617, 0.20629000663757324, 0.21059608459472656, 0.2049241065979004, 0.20426440238952637, 0.20089173316955566, 0.16871380805969238, 0.20982885360717773, 0.2109689712524414, 0.18627548217773438, 0.17903852462768555, 0.19181585311889648, 0.2249584197998047, 0.18788361549377441, 0.23909544944763184, 0.21305537223815918, 0.21465802192687988, 0.222153902053833, 0.19450139999389648, 0.2292766571044922, 0.21529579162597656, 0.22940564155578613, 0.22034454345703125, 0.22750210762023926, 0.23562049865722656, 0.2020092010498047, 0.20996665954589844, 0.2050800323486328, 0.1904890537261963, 0.22076416015625, 0.217545747756958, 0.23399972915649414, 0.20383906364440918, 0.22138428688049316, 0.1966712474822998, 0.19809842109680176, 0.19307589530944824, 0.23216986656188965, 0.24735283851623535, 0.1979677677154541, 0.24646949768066406, 0.2433779239654541, 0.2041616439819336, 0.16175270080566406, 0.17506146430969238, 0.16753411293029785, 0.17145371437072754, 0.1775968074798584, 0.23220348358154297, 0.1922445297241211, 0.18811583518981934, 0.21057534217834473, 0.1688096523284912, 0.17377471923828125, 0.20740079879760742, 0.27696824073791504, 0.20226192474365234, 0.18336153030395508, 0.228163480758667, 0.18130135536193848, 0.24413275718688965, 0.1829524040222168, 0.19181013107299805, 0.19953155517578125, 0.19468188285827637, 0.21308135986328125, 0.18746113777160645, 0.2582993507385254, 0.21386408805847168, 0.1786801815032959, 0.17504429817199707, 0.2133617401123047, 0.2143399715423584, 0.23965001106262207, 0.18170571327209473, 0.1784505844116211, 0.23629069328308105, 0.1986677646636963, 0.18326449394226074, 0.18842649459838867, 0.18050074577331543, 0.16854286193847656, 0.2249307632446289, 0.19528937339782715, 0.21518540382385254, 0.18398666381835938, 0.26110339164733887, 0.21035242080688477, 0.25575995445251465, 0.1977853775024414, 0.20208454132080078, 0.1705489158630371, 0.1891648769378662, 0.22381067276000977, 0.1728353500366211, 0.24791383743286133, 0.20793581008911133, 0.24129557609558105, 0.2235567569732666, 0.17795610427856445, 0.21071791648864746, 0.18118023872375488, 0.20192217826843262, 0.17676615715026855, 0.2295515537261963, 0.20503783226013184, 0.21174192428588867, 0.1916065216064453, 0.18094158172607422, 0.18445587158203125, 0.18299102783203125, 0.22454094886779785, 0.20600223541259766, 0.25699424743652344, 0.21573281288146973, 0.22873330116271973, 0.1863389015197754, 0.2069838047027588, 0.18838977813720703, 0.16707730293273926, 0.19585156440734863, 0.17467451095581055, 0.19166874885559082, 0.21334266662597656, 0.21366214752197266, 0.20250272750854492, 0.17567682266235352, 0.18169283866882324, 0.204056978225708, 0.1764523983001709, 0.2483062744140625, 0.18674015998840332, 0.19274663925170898, 0.20519804954528809, 0.17424392700195312, 0.19168424606323242, 0.17812585830688477, 0.17401671409606934, 0.17094635963439941, 0.22443556785583496, 0.1884136199951172, 0.2235257625579834, 0.23391509056091309, 0.17658114433288574, 0.17386507987976074, 0.20731329917907715, 0.2680642604827881, 0.20909857749938965, 0.1869370937347412, 0.1691439151763916, 0.20618796348571777, 0.21891283988952637, 0.19352316856384277, 0.18723845481872559, 0.1969916820526123, 0.21262431144714355, 0.18273448944091797, 0.18746471405029297, 0.20983576774597168, 0.209625244140625, 0.17816638946533203, 0.21251368522644043, 0.23060870170593262, 0.20566248893737793, 0.2250690460205078, 0.22714734077453613, 0.183884859085083, 0.20597577095031738, 0.21093368530273438, 0.24354243278503418, 0.19886255264282227, 0.22777199745178223, 0.2100362777709961, 0.1734015941619873, 0.23748350143432617, 0.22640013694763184, 0.2523183822631836, 0.19724106788635254, 0.23176145553588867, 0.1901712417602539, 0.1977241039276123, 0.2286520004272461, 0.19538664817810059, 0.22576427459716797, 0.21286582946777344, 0.25841760635375977, 0.2222745418548584, 0.16872859001159668, 0.25075507164001465, 0.21912121772766113, 0.22690629959106445, 0.18977022171020508, 0.2453927993774414, 0.22007060050964355, 0.20190715789794922, 0.2003488540649414, 0.18428492546081543, 0.19446682929992676, 0.2063274383544922, 0.20326948165893555, 0.2219986915588379, 0.18796253204345703, 0.17759251594543457, 0.18959641456604004, 0.16681528091430664, 0.17216968536376953, 0.21287107467651367, 0.16922664642333984, 0.16545653343200684, 0.17151427268981934, 0.18061065673828125, 0.17303824424743652, 0.23657464981079102, 0.18333053588867188, 0.2006680965423584, 0.18496966361999512, 0.16907691955566406, 0.19035601615905762, 0.17432832717895508, 0.19258975982666016, 0.19582033157348633, 0.23236632347106934, 0.17771244049072266, 0.17518258094787598, 0.2280442714691162, 0.22171664237976074, 0.2534060478210449, 