{"ID": 4, "inference time": [9.878994703292847, 0.09679007530212402, 0.0601198673248291, 0.058350324630737305, 0.10120725631713867, 0.06599068641662598, 0.06836676597595215, 0.08910489082336426, 0.06251215934753418, 0.06234431266784668, 0.09715986251831055, 0.06993722915649414, 0.05897378921508789, 0.08996868133544922, 0.06209230422973633, 0.056990861892700195, 0.09477543830871582, 0.059980154037475586, 0.06518340110778809, 0.09843945503234863, 0.05918073654174805, 0.06508779525756836, 0.13997244834899902, 0.17569375038146973, 0.06574726104736328, 0.10883927345275879, 0.14530134201049805, 0.18706083297729492, 0.12384557723999023, 0.11326956748962402, 0.09318780899047852, 0.12898802757263184, 0.1083827018737793, 0.10168027877807617, 0.12949919700622559, 0.10396218299865723, 0.10388469696044922, 0.1418592929840088, 0.07644152641296387, 0.08792757987976074, 0.12002420425415039, 0.11549091339111328, 0.09441423416137695, 0.12414121627807617, 0.11463093757629395, 0.09894061088562012, 0.1287691593170166, 0.11835074424743652, 0.09318113327026367, 0.13005328178405762, 0.11395144462585449, 0.08844947814941406, 0.12064957618713379, 0.11137628555297852, 0.09539175033569336, 0.1240396499633789, 0.11181902885437012, 0.08867859840393066, 0.1324002742767334, 0.11308169364929199, 0.09769940376281738, 0.12521815299987793, 0.11134743690490723, 0.09183669090270996, 0.1327979564666748, 0.1132502555847168, 0.10116791725158691, 0.12158989906311035, 0.11577200889587402, 0.08640050888061523, 0.12827253341674805, 0.11084294319152832, 0.08920526504516602, 0.12508296966552734, 0.11229610443115234, 0.08831930160522461, 0.13013958930969238, 0.11028838157653809, 0.09331750869750977, 0.13311076164245605, 0.10682487487792969, 0.11101961135864258, 0.12607860565185547, 0.10558843612670898, 0.1089177131652832, 0.1310734748840332, 0.11205792427062988, 0.09352254867553711, 0.13109469413757324, 0.11351990699768066, 0.09826302528381348, 0.1242671012878418, 0.11429643630981445, 0.09564208984375, 0.13683056831359863, 0.10979366302490234, 0.0949854850769043, 0.1298203468322754, 0.10991096496582031, 0.09357595443725586, 0.13475751876831055, 0.11327171325683594, 0.09052920341491699, 0.13303184509277344, 0.1099233627319336, 0.08906078338623047, 0.1353013515472412, 0.11412477493286133, 0.09354496002197266, 0.12665128707885742, 0.11230635643005371, 0.09185576438903809, 0.12023639678955078, 0.11121273040771484, 0.09079551696777344, 0.12522554397583008, 0.10928893089294434, 0.09487056732177734, 0.13351750373840332, 0.11109709739685059, 0.08623504638671875, 0.12723970413208008, 0.10835862159729004, 0.09542512893676758, 0.13279080390930176, 0.11130046844482422, 0.09206485748291016, 0.13641691207885742, 0.11300110816955566, 0.09436273574829102, 0.1379384994506836, 0.11002087593078613, 0.08986973762512207, 0.1275348663330078, 0.10950636863708496, 0.09778404235839844, 0.12810254096984863, 0.10953521728515625, 0.09049034118652344, 0.12564516067504883, 0.10892653465270996, 0.10464239120483398, 0.12732243537902832, 0.1068410873413086, 0.08569669723510742, 0.1224675178527832, 0.11157798767089844, 0.08707737922668457, 0.1306767463684082, 0.11567234992980957, 0.08228802680969238, 0.12522053718566895, 0.11287617683410645, 0.09262943267822266, 0.12095451354980469, 0.11135482788085938, 0.09050321578979492, 0.12395977973937988, 0.10591316223144531, 0.1033177375793457, 0.1283104419708252, 0.10519886016845703, 0.10559630393981934, 0.13561058044433594, 0.08317279815673828, 0.09415507316589355, 0.13721680641174316, 0.0903632640838623, 0.0924539566040039, 0.12723088264465332, 0.08883452415466309, 0.09154653549194336, 0.12595033645629883, 0.08919143676757812, 0.09328985214233398, 0.12718725204467773, 0.09160852432250977, 0.09366464614868164, 0.12435531616210938, 0.09889364242553711, 0.09320497512817383, 0.11992001533508301, 0.11509299278259277, 0.08944010734558105, 0.11783742904663086, 0.11706399917602539, 0.08915972709655762, 0.12861013412475586, 0.09967780113220215, 0.08901739120483398, 0.12139534950256348, 0.11416792869567871, 0.09312701225280762, 0.11527228355407715, 0.11638760566711426, 0.09467339515686035, 0.1255335807800293, 0.09592938423156738, 0.0932457447052002, 0.12611818313598633, 0.08121109008789062, 0.09299540519714355, 0.12079501152038574, 0.10442185401916504, 0.08959507942199707, 0.12496542930603027, 0.09393858909606934, 0.09163975715637207, 0.11827421188354492, 0.1100466251373291, 0.09349751472473145, 0.11613082885742188, 0.11083769798278809, 0.08448481559753418, 0.12435650825500488, 0.10863566398620605, 0.09444665908813477, 0.12674856185913086, 0.10616111755371094, 0.10515093803405762, 0.126481294631958, 0.10967898368835449, 0.10065698623657227, 0.12780976295471191, 0.09288239479064941, 0.10170769691467285, 0.13101863861083984, 0.09092354774475098, 0.09829425811767578, 0.12481021881103516, 0.09690237045288086, 0.0978550910949707, 0.13463282585144043, 0.10152745246887207, 0.1051478385925293, 0.12824106216430664, 0.09318685531616211, 0.09630894660949707, 0.12273049354553223, 0.08693814277648926, 0.09293389320373535, 0.12518954277038574, 0.08574175834655762, 0.09473586082458496, 0.12428069114685059, 0.10016918182373047, 0.09419560432434082, 0.11998534202575684, 0.09971165657043457, 0.094635009765625, 0.1211252212524414, 0.09616947174072266, 0.09097599983215332, 0.12687039375305176, 0.08785605430603027, 0.09351205825805664, 0.1292860507965088, 0.09337258338928223, 0.09308195114135742, 0.12569880485534668, 0.09853148460388184, 0.09422945976257324, 0.12169671058654785, 0.09512782096862793, 0.09482264518737793, 0.11977458000183105, 0.09014654159545898, 0.09519052505493164, 0.12226343154907227, 0.09831643104553223, 0.09413456916809082, 0.1266772747039795, 0.08348679542541504, 0.09563946723937988, 0.12476873397827148, 0.09083175659179688, 0.09525156021118164, 0.125474214553833, 0.10094380378723145, 0.09581351280212402, 0.12702322006225586, 0.08649682998657227, 0.09572625160217285, 0.1280968189239502, 0.09514093399047852, 0.09583091735839844, 0.13542461395263672, 0.0930323600769043, 0.09550929069519043, 0.1343090534210205, 0.09731912612915039, 0.09622836112976074, 0.13605189323425293, 0.09194135665893555, 0.09639406204223633, 0.12414717674255371, 0.08065152168273926, 0.09627819061279297, 0.12467575073242188, 0.08833813667297363, 0.09619140625, 0.12796783447265625, 0.07940816879272461, 0.0971534252166748, 0.12074756622314453, 0.08788609504699707, 0.09791231155395508, 0.12399601936340332, 0.08481550216674805, 0.09924817085266113, 0.1214284896850586, 0.08528327941894531, 0.09932351112365723, 0.11988973617553711, 0.09071922302246094, 0.09771943092346191, 0.11334896087646484, 0.11086750030517578, 0.09573745727539062, 0.12426042556762695, 0.10050320625305176, 0.10134506225585938, 0.12154483795166016, 0.09401202201843262, 0.09795951843261719, 0.1216433048248291, 0.0889585018157959, 0.09678769111633301, 0.11994624137878418, 0.0895833969116211, 0.09676814079284668, 0.11788654327392578, 0.08920526504516602, 0.09604668617248535, 0.1176595687866211, 0.09368085861206055, 0.09629940986633301, 0.11614203453063965, 0.11234641075134277, 0.09850382804870605, 0.12072157859802246, 0.08368730545043945, 0.09345316886901855, 0.11286163330078125, 0.10100126266479492, 0.09955811500549316, 0.12534713745117188, 0.08644795417785645, 0.0976264476776123, 0.13524651527404785, 0.08561182022094727, 0.09811162948608398, 0.1331014633178711, 0.09797883033752441, 0.0989065170288086, 0.12966346740722656, 0.09147906303405762, 0.09822750091552734, 0.11641478538513184, 0.08399438858032227, 0.10005402565002441, 0.11401629447937012, 0.0907137393951416, 0.09771609306335449, 0.11929488182067871, 0.09567689895629883, 0.10109543800354004, 0.11518597602844238, 0.09229326248168945, 0.09864091873168945, 0.12324404716491699, 0.09326934814453125, 0.09808111190795898, 0.13028359413146973, 0.08439493179321289, 0.09952974319458008, 0.12257957458496094, 0.0775303840637207, 0.09858012199401855, 0.11983013153076172, 0.07694554328918457, 0.09563398361206055, 