{"ID": 7, "inference time": [16.92892837524414, 0.0944356918334961, 0.15843558311462402, 0.22557759284973145, 0.3229961395263672, 0.1893908977508545, 0.18642139434814453, 0.12752103805541992, 0.1890239715576172, 0.17864513397216797, 0.14270901679992676, 0.18935036659240723, 0.1791670322418213, 0.14182233810424805, 0.18818163871765137, 0.1443932056427002, 0.13143396377563477, 0.18561816215515137, 0.195084810256958, 0.15491843223571777, 0.18310785293579102, 0.18828272819519043, 0.13857674598693848, 0.18124604225158691, 0.18659710884094238, 0.14564824104309082, 0.18284058570861816, 0.1802690029144287, 0.1546015739440918, 0.18595266342163086, 0.153778076171875, 0.14233922958374023, 0.1862623691558838, 0.1758561134338379, 0.13205838203430176, 0.18399381637573242, 0.1702108383178711, 0.14917206764221191, 0.1776745319366455, 0.1840808391571045, 0.1330413818359375, 0.18688464164733887, 0.1839430332183838, 0.15941500663757324, 0.177720308303833, 0.16702485084533691, 0.15186834335327148, 0.19657206535339355, 0.18085289001464844, 0.13672876358032227, 0.18497347831726074, 0.18174242973327637, 0.13127589225769043, 0.18858551979064941, 0.17905330657958984, 0.13551831245422363, 0.18975520133972168, 0.16395068168640137, 0.14844036102294922, 0.1919875144958496, 0.178558349609375, 0.13841700553894043, 0.19704341888427734, 0.18648409843444824, 0.15314984321594238, 0.20324063301086426, 0.18434643745422363, 0.14126133918762207, 0.18886852264404297, 0.1722855567932129, 0.1360018253326416, 0.1905055046081543, 0.1653914451599121, 0.1292877197265625, 0.17112421989440918, 0.1667013168334961, 0.12041759490966797, 0.18919134140014648, 0.17557430267333984, 0.13447999954223633, 0.17949700355529785, 0.1494436264038086, 0.1340932846069336, 0.19062447547912598, 0.18622374534606934, 0.15385651588439941, 0.1845405101776123, 0.1496267318725586, 0.13727045059204102, 0.18065333366394043, 0.153090238571167, 0.15052461624145508, 0.1893155574798584, 0.15811944007873535, 0.1332547664642334, 0.18742108345031738, 0.17145109176635742, 0.1325538158416748, 0.1740860939025879, 0.16709494590759277, 0.15154266357421875, 0.18762588500976562, 0.15251708030700684, 0.1400136947631836, 0.19002342224121094, 0.18182039260864258, 0.14337587356567383, 0.18981480598449707, 0.15158510208129883, 0.14183783531188965, 0.18242454528808594, 0.1602475643157959, 0.13956904411315918, 0.17407512664794922, 0.1642284393310547, 0.14573025703430176, 0.18383383750915527, 0.16962170600891113, 0.13412928581237793, 0.18898916244506836, 0.15874004364013672, 0.13570189476013184, 0.18073201179504395, 0.1655261516571045, 0.13794374465942383, 0.1770482063293457, 0.18765020370483398, 0.13055181503295898, 0.18045854568481445, 0.16307830810546875, 0.14494538307189941, 0.1843712329864502, 0.1504967212677002, 0.13877391815185547, 0.17931222915649414, 0.1549208164215088, 0.1391582489013672, 0.1934807300567627, 0.17003273963928223, 0.13852977752685547, 0.19091057777404785, 0.14783215522766113, 0.14316105842590332, 0.1918644905090332, 0.13736486434936523, 0.13823580741882324, 0.1864469051361084, 0.12827777862548828, 0.13924336433410645, 0.1844015121459961, 0.14043116569519043, 0.14220190048217773, 0.19198894500732422, 0.11229348182678223, 0.1433122158050537, 0.1944577693939209, 0.12698674201965332, 0.1509714126586914, 0.17948222160339355, 0.16150975227355957, 0.15118408203125, 0.1751410961151123, 0.1664261817932129, 0.14672303199768066, 0.18088221549987793, 0.13103914260864258, 0.15155386924743652, 0.17738938331604004, 0.15586352348327637, 0.15021443367004395, 0.17436814308166504, 0.1568131446838379, 0.1430649757385254, 0.18793034553527832, 0.1318044662475586, 0.1354968547821045, 0.18516778945922852, 0.1106564998626709, 0.1366109848022461, 0.17975258827209473, 0.12681221961975098, 0.15082955360412598, 0.18455266952514648, 0.11599540710449219, 0.14297056198120117, 0.17712068557739258, 0.15242981910705566, 0.14967656135559082, 0.18224668502807617, 0.1526167392730713, 0.13309001922607422, 0.18529176712036133, 0.1483461856842041, 0.14105749130249023, 0.17435288429260254, 0.16437172889709473, 0.14168286323547363, 0.18028688430786133, 0.171112060546875, 0.1378931999206543, 0.18224191665649414, 0.14395475387573242, 0.16106367111206055, 0.18698668479919434, 0.14330458641052246, 0.14004874229431152, 0.18169379234313965, 0.15263867378234863, 0.14000558853149414, 0.1902625560760498, 0.1686103343963623, 0.1360940933227539, 0.19012117385864258, 0.1431272029876709, 0.14092755317687988, 0.15151381492614746, 0.14069914817810059, 0.14124655723571777, 0.1775827407836914, 0.10623621940612793, 0.14449644088745117, 0.1875743865966797, 0.13790607452392578, 0.14182639122009277, 0.18265771865844727, 0.1289682388305664, 0.15056228637695312, 0.17997384071350098, 0.12105536460876465, 0.15485739707946777, 0.18993306159973145, 0.10984659194946289, 0.1445000171661377, 0.18050193786621094, 0.14228367805480957, 0.13914060592651367, 0.17577290534973145, 0.10297036170959473, 0.1444716453552246, 0.1846451759338379, 0.117279052734375, 0.15001606941223145, 0.1765148639678955, 0.10862970352172852, 0.15415239334106445, 0.1826937198638916, 0.11824822425842285, 0.1503133773803711, 0.18433022499084473, 0.09349393844604492, 0.14953327178955078, 0.18471550941467285, 0.11602187156677246, 0.15235137939453125, 0.1873018741607666, 0.10846066474914551, 0.14913177490234375, 0.19327116012573242, 0.10627603530883789, 0.14394092559814453, 0.17848467826843262, 0.14968299865722656, 0.14841651916503906, 0.15261077880859375, 0.14353513717651367, 0.14584803581237793, 0.18448162078857422, 0.15110206604003906, 0.14883852005004883, 0.15848827362060547, 0.1412794589996338, 0.15073752403259277, 0.15727734565734863, 0.13852524757385254, 0.15794682502746582, 0.18388628959655762, 0.15309667587280273, 0.14929509162902832, 0.18714213371276855, 0.11469745635986328, 0.15284228324890137, 0.17719125747680664, 0.12070250511169434, 0.16126346588134766, 0.18584370613098145, 0.10006284713745117, 0.15316224098205566, 0.18024301528930664, 0.11607980728149414, 0.15151715278625488, 0.181199312210083, 0.11546087265014648, 0.15746068954467773, 0.17641019821166992, 0.10601425170898438, 0.14774250984191895, 0.1748049259185791, 0.14244914054870605, 0.1398916244506836, 0.1560227870941162, 0.14063429832458496, 0.15407299995422363, 0.18214631080627441, 0.10938286781311035, 0.15113306045532227, 0.18257379531860352, 0.11233997344970703, 0.1597576141357422, 0.1836841106414795, 0.1311337947845459, 0.15195631980895996, 0.18392038345336914, 0.11515164375305176, 0.15877604484558105, 0.17531728744506836, 0.11323881149291992, 0.15195298194885254, 0.18116164207458496, 0.11245083808898926, 0.1506190299987793, 0.17860722541809082, 0.13753509521484375, 0.1389303207397461, 0.19004058837890625, 0.14695262908935547, 0.1525440216064453, 0.14527273178100586, 0.14137673377990723, 0.15231847763061523, 0.14939260482788086, 0.1406698226928711, 0.15134978294372559, 0.1577012538909912, 0.13562488555908203, 0.15648937225341797, 0.1454753875732422, 0.13235068321228027, 0.15218710899353027, 0.13498330116271973, 0.1374344825744629, 0.15567541122436523, 0.14354968070983887, 0.14289617538452148, 0.1586916446685791, 0.13934779167175293, 0.13419198989868164, 0.15330934524536133, 0.14526987075805664, 0.1480247974395752, 0.1528921127319336, 0.13887262344360352, 0.11905050277709961, 0.1552879810333252, 0.16176414489746094, 0.08761167526245117, 0.15906071662902832, 0.16627812385559082, 0.10153031349182129, 0.1499481201171875, 0.1801924705505371, 0.11327171325683594, 0.15717053413391113, 0.17595958709716797, 0.15362834930419922, 0.14592933654785156, 0.1493988037109375, 0.15073156356811523, 0.16196131706237793, 0.17640042304992676, 0.09345841407775879, 0.1536412239074707, 0.14623689651489258, 0.14410114288330078, 0.15584683418273926, 0.14363360404968262, 0.1290605068206787, 0.15240764617919922, 0.13984465599060059, 0.14138031005859375, 0.15767407417297363, 0.1740114688873291, 0.09908175468444824, 0.15145325660705566, 0.18270206451416016, 0.14708566665649414, 