{"ID": 0, "inference time": [7.749131917953491, 0.09170246124267578, 0.05413103103637695, 0.06509828567504883, 0.07223629951477051, 0.053025007247924805, 0.06559467315673828, 0.07218790054321289, 0.05158638954162598, 0.0649709701538086, 0.07054972648620605, 0.04875040054321289, 0.06624579429626465, 0.07034802436828613, 0.05065608024597168, 0.06867599487304688, 0.07427072525024414, 0.054766178131103516, 0.06856560707092285, 0.07288002967834473, 0.12882161140441895, 0.07025027275085449, 0.11209559440612793, 0.04688858985900879, 0.0696711540222168, 0.10840702056884766, 0.04810380935668945, 0.07390379905700684, 0.11221742630004883, 0.04788064956665039, 0.07341504096984863, 0.1131739616394043, 0.05129575729370117, 0.07074761390686035, 0.10532569885253906, 0.048417091369628906, 0.07378673553466797, 0.11340951919555664, 0.04668927192687988, 0.07286190986633301, 0.11423683166503906, 0.04073023796081543, 0.07082533836364746, 0.11352348327636719, 0.040406227111816406, 0.07025527954101562, 0.11389756202697754, 0.04939079284667969, 0.06975460052490234, 0.10963559150695801, 0.05410957336425781, 0.07895421981811523, 0.1190030574798584, 0.05938577651977539, 0.045758962631225586, 0.11173200607299805, 0.06758379936218262, 0.04882693290710449, 0.110076904296875, 0.06921148300170898, 0.04988574981689453, 0.10397744178771973, 0.05936861038208008, 0.05180239677429199, 0.1037142276763916, 0.06857776641845703, 0.053726911544799805, 0.10712456703186035, 0.06888175010681152, 0.05068635940551758, 0.10286283493041992, 0.07704472541809082, 0.04769587516784668, 0.10912919044494629, 0.07310676574707031, 0.04761052131652832, 0.10489320755004883, 0.06854701042175293, 0.054100751876831055, 0.1048123836517334, 0.05492997169494629, 0.05351758003234863, 0.1016075611114502, 0.06244397163391113, 0.056058406829833984, 0.10520672798156738, 0.07823920249938965, 0.04999065399169922, 0.10868358612060547, 0.07668900489807129, 0.05399179458618164, 0.10235595703125, 0.07048702239990234, 0.052316904067993164, 0.10836267471313477, 0.07917356491088867, 0.053415775299072266, 0.10837078094482422, 0.07826972007751465, 0.05256509780883789, 0.10752749443054199, 0.07343244552612305, 0.052793025970458984, 0.10742950439453125, 0.0809025764465332, 0.0530390739440918, 0.10721278190612793, 0.06971454620361328, 0.05272555351257324, 0.10788273811340332, 0.06955671310424805, 0.05356001853942871, 0.10757875442504883, 0.08104395866394043, 0.053327322006225586, 0.10815644264221191, 0.0803823471069336, 0.055521488189697266, 0.1043400764465332, 0.07763004302978516, 0.05441093444824219, 0.10063290596008301, 0.06545758247375488, 0.05490517616271973, 0.10396242141723633, 0.07244157791137695, 0.05219697952270508, 0.10564756393432617, 0.08196592330932617, 0.05335187911987305, 0.10479974746704102, 0.08191299438476562, 0.05355715751647949, 0.1020665168762207, 0.07682132720947266, 0.05345034599304199, 0.10665392875671387, 0.08610677719116211, 0.05208706855773926, 0.10300230979919434, 0.08447599411010742, 0.05305647850036621, 0.10589790344238281, 0.08307743072509766, 0.05228590965270996, 0.10384750366210938, 0.08295249938964844, 0.05266141891479492, 0.10638022422790527, 0.0833897590637207, 0.05237555503845215, 0.09780097007751465, 0.08627581596374512, 0.052529335021972656, 0.10441184043884277, 0.08289241790771484, 0.05201244354248047, 0.10614824295043945, 0.08303499221801758, 0.05048036575317383, 0.10059046745300293, 0.08310794830322266, 0.05212736129760742, 0.09986543655395508, 0.08222484588623047, 0.05242156982421875, 0.10039591789245605, 0.08161568641662598, 0.052079200744628906, 0.0991215705871582, 0.08514261245727539, 0.05129194259643555, 0.0994715690612793, 0.08275270462036133, 0.05239105224609375, 0.10572266578674316, 0.08043885231018066, 0.050994157791137695, 0.1038050651550293, 0.08362150192260742, 0.051285743713378906, 0.10146212577819824, 0.08216714859008789, 0.056941986083984375, 0.10713744163513184, 0.08473682403564453, 0.05279946327209473, 0.1101841926574707, 0.08291149139404297, 0.05460238456726074, 0.10340356826782227, 0.08684778213500977, 0.05191636085510254, 0.10352873802185059, 0.08680367469787598, 0.05153226852416992, 0.10342240333557129, 0.08460688591003418, 0.050728797912597656, 0.10218477249145508, 0.0868690013885498, 0.0515284538269043, 0.10466217994689941, 0.08321905136108398, 0.051752567291259766, 0.09452080726623535, 0.08456110954284668, 0.0508875846862793, 0.1010289192199707, 0.08537673950195312, 0.050476789474487305, 0.1102590560913086, 0.08601069450378418, 0.05132699012756348, 0.10200977325439453, 0.08478283882141113, 0.05006814002990723, 0.09822869300842285, 0.08576059341430664, 0.051619768142700195, 0.10119318962097168, 0.08501839637756348, 0.05100893974304199, 0.10220146179199219, 0.08731222152709961, 0.04996848106384277, 0.1013479232788086, 0.08717513084411621, 0.05048418045043945, 0.10387778282165527, 0.08737349510192871, 0.05034971237182617, 0.10196661949157715, 0.08820915222167969, 0.05006694793701172, 0.09755325317382812, 0.0876777172088623, 0.05144667625427246, 0.09781670570373535, 0.08696651458740234, 0.05094003677368164, 0.10218644142150879, 0.08814740180969238, 0.052855491638183594, 0.10424065589904785, 0.08675813674926758, 0.052236318588256836, 0.09871721267700195, 0.08950090408325195, 0.04976797103881836, 0.10143089294433594, 0.08811378479003906, 0.050260305404663086, 0.10308432579040527, 0.08920526504516602, 0.05000472068786621, 0.10276961326599121, 0.0895235538482666, 0.05015683174133301, 0.10304141044616699, 0.09116291999816895, 0.05023765563964844, 0.10392308235168457, 0.08907747268676758, 0.05116677284240723, 0.0998830795288086, 0.0887918472290039, 0.050002098083496094, 0.10690116882324219, 0.09211945533752441, 0.04978442192077637, 0.10051918029785156, 0.09020662307739258, 0.05092000961303711, 0.1006765365600586, 0.08669090270996094, 0.04991650581359863, 0.09227967262268066, 0.09013247489929199, 0.05018806457519531, 0.09679365158081055, 0.09123349189758301, 0.05138063430786133, 0.10400652885437012, 0.08843636512756348, 0.05092740058898926, 0.09437990188598633, 0.08855247497558594, 0.05012941360473633, 0.1070868968963623, 0.09602665901184082, 0.050574302673339844, 0.1009528636932373, 0.09133172035217285, 0.05018424987792969, 0.10884237289428711, 0.09268569946289062, 0.05021023750305176, 0.10088419914245605, 0.08828377723693848, 0.050498008728027344, 0.10620260238647461, 0.08930850028991699, 0.051267147064208984, 0.10123467445373535, 0.09116125106811523, 0.05178570747375488, 0.09989166259765625, 0.08988237380981445, 0.04974007606506348, 0.1086876392364502, 0.09139013290405273, 0.05113101005554199, 0.10062503814697266, 0.09381365776062012, 0.05074906349182129, 0.10064268112182617, 0.09617733955383301, 0.05091404914855957, 0.10233497619628906, 0.09345412254333496, 0.04992532730102539, 0.10490679740905762, 0.09811115264892578, 0.05203390121459961, 0.10790276527404785, 0.09264326095581055, 0.05040740966796875, 0.0994117259979248, 0.09184050559997559, 0.0515902042388916, 0.10117006301879883, 0.09310150146484375, 0.050063133239746094, 0.09924578666687012, 0.09354496002197266, 0.04984426498413086, 0.10458064079284668, 0.0948336124420166, 0.05033397674560547, 0.10097765922546387, 0.09147953987121582, 0.050050973892211914, 0.10149240493774414, 0.09819936752319336, 0.051009416580200195, 0.10243344306945801, 0.09647893905639648, 0.05450773239135742, 0.10022616386413574, 0.09412598609924316, 0.050206661224365234, 0.10302233695983887, 0.10020709037780762, 0.05106759071350098, 0.10324907302856445, 0.09430480003356934, 0.05060529708862305, 0.10932135581970215, 0.09472298622131348, 0.050812482833862305, 0.10611534118652344, 0.09866213798522949, 0.050985097885131836, 0.10474872589111328, 0.09549689292907715, 0.05004000663757324, 0.10410571098327637, 0.10230088233947754, 0.053174495697021484, 0.10039830207824707, 0.0989389419555664, 0.04977774620056152, 0.10870742797851562, 0.10010433197021484, 0.051130056381225586, 0.10039639472961426, 0.1003870964050293, 0.05701851844787598, 