{"ID": 6, "inference time": [0.29314708709716797, 0.30768632888793945, 0.31540894508361816, 0.31070494651794434, 0.2980165481567383, 0.293912410736084, 0.2426600456237793, 0.25543880462646484, 0.3367011547088623, 0.394118070602417, 0.38731861114501953, 0.24922823905944824, 0.22846245765686035, 0.21098828315734863, 0.20987963676452637, 0.20908474922180176, 0.20722460746765137, 0.24093961715698242, 0.2704014778137207, 0.27960991859436035, 0.27061033248901367, 0.26765871047973633, 0.25172972679138184, 0.23743152618408203, 0.24885892868041992, 0.24351143836975098, 0.2606794834136963, 0.2698252201080322, 0.24837803840637207, 0.2600858211517334, 0.2333376407623291, 0.2573575973510742, 0.2671315670013428, 0.25892162322998047, 0.2315201759338379, 0.24387884140014648, 0.24549436569213867, 0.2395784854888916, 0.22781848907470703, 0.2814803123474121, 0.3035268783569336, 0.2993760108947754, 0.28658032417297363, 0.2465963363647461, 0.2441878318786621, 0.22832846641540527, 0.3189411163330078, 0.28748011589050293, 0.31827807426452637, 0.37709617614746094, 0.40262746810913086, 0.3891162872314453, 0.4417393207550049, 0.43558359146118164, 0.44002795219421387, 0.4273097515106201, 0.28224778175354004, 0.1880335807800293, 0.23697662353515625, 0.2966737747192383, 0.3482975959777832, 0.3904738426208496, 0.380385160446167, 0.3573753833770752, 0.3251016139984131, 0.2015676498413086, 0.19873046875, 0.24197864532470703, 0.30899810791015625, 0.3416893482208252, 0.2626762390136719, 0.20569419860839844, 0.23190975189208984, 0.20518970489501953, 0.26671814918518066, 0.24022316932678223, 0.24920892715454102, 0.2469475269317627, 0.2668120861053467, 0.24651813507080078, 0.26752233505249023, 0.26000404357910156, 0.3064286708831787, 0.31876254081726074, 0.29649925231933594, 0.19971132278442383, 0.24916672706604004, 0.20022225379943848, 0.26674485206604004, 0.2594590187072754, 0.25092530250549316, 0.212111234664917, 0.22543001174926758, 0.20470213890075684, 0.19574570655822754, 0.20309782028198242, 0.20733189582824707, 0.25308704376220703, 0.2972402572631836, 0.3013639450073242, 0.2789952754974365, 0.27016425132751465, 0.2290797233581543, 0.24320101737976074, 0.2709324359893799, 0.29483485221862793, 0.2848501205444336, 0.27532458305358887, 0.26766371726989746, 0.2466113567352295, 0.2583589553833008, 0.3041682243347168, 0.3393857479095459, 0.4036991596221924, 0.3606240749359131, 0.3300011157989502, 0.2203521728515625, 0.19055867195129395, 0.19748973846435547, 0.1959986686706543, 0.2009296417236328, 0.24484753608703613, 0.35334062576293945, 0.4195108413696289, 0.451282262802124, 0.4259316921234131, 0.2704596519470215, 0.20127201080322266, 0.23377418518066406, 0.3030693531036377, 0.38046813011169434, 0.4222714900970459, 0.4406743049621582, 0.47037625312805176, 0.4447760581970215, 0.4218173027038574, 0.44091153144836426, 0.43843889236450195, 0.42727184295654297, 0.414109468460083, 0.3780357837677002, 0.3710315227508545, 0.3450961112976074, 0.20281767845153809, 0.2038257122039795, 0.19957232475280762, 0.20147013664245605, 0.24224400520324707, 0.2822105884552002, 0.26970553398132324, 0.26787614822387695, 0.2631397247314453, 0.27204060554504395, 0.26685619354248047, 0.26949596405029297, 0.26151180267333984, 0.2874317169189453, 0.3247075080871582, 0.39293622970581055, 0.35625600814819336, 0.3528783321380615, 0.40793752670288086, 0.3546895980834961, 0.19794321060180664, 0.19523382186889648, 0.1923668384552002, 0.20868945121765137, 0.24736881256103516, 0.31989336013793945, 0.40467286109924316, 0.35509228706359863, 0.3878953456878662, 0.3957045078277588, 0.41121387481689453, 0.45654940605163574, 0.443955659866333, 0.2702367305755615, 0.1950693130493164, 0.21613526344299316, 0.2545328140258789, 0.2816464900970459, 0.2569296360015869, 0.25109052658081055, 0.2712559700012207, 0.29569149017333984, 0.32300734519958496, 0.32569313049316406, 0.3117098808288574, 0.26930713653564453, 0.28083157539367676, 0.28302526473999023, 0.2778949737548828, 0.26684999465942383, 0.2669968605041504, 0.2754039764404297, 0.2734549045562744, 0.3068807125091553, 0.33150148391723633, 0.3410634994506836, 0.36503076553344727, 0.32740187644958496, 0.2732119560241699, 0.31274962425231934, 0.2944350242614746, 0.23831701278686523, 0.2448897361755371, 0.25797200202941895, 0.27258801460266113, 0.26227402687072754, 0.2685585021972656, 0.24936699867248535, 0.2600669860839844, 0.24847984313964844, 0.2316417694091797, 0.21039032936096191, 0.2472987174987793, 0.21446967124938965, 0.2515692710876465, 0.2327260971069336, 0.23867225646972656, 0.27820611000061035, 0.2505652904510498, 0.24423646926879883, 0.23217201232910156, 0.24212121963500977, 0.23581862449645996, 0.23412418365478516, 0.26471757888793945, 0.273714542388916, 0.26683783531188965, 0.2745330333709717, 0.250408411026001, 0.23714828491210938, 0.24148082733154297, 0.25505852699279785, 0.2535383701324463, 0.2650730609893799, 0.27644920349121094, 0.2763850688934326, 0.2611987590789795, 0.2043137550354004, 0.22606134414672852, 0.25963258743286133, 0.23467493057250977, 0.20856356620788574, 0.237318754196167, 0.21035003662109375, 0.20905399322509766, 0.2510852813720703, 0.2595791816711426, 0.24715852737426758, 0.2690589427947998, 0.23299765586853027, 0.20992255210876465, 0.3275895118713379, 0.24737334251403809, 0.30554699897766113, 0.27117443084716797, 0.23476386070251465, 0.24066686630249023, 0.21114015579223633, 0.2474348545074463, 0.23959064483642578, 0.23374152183532715, 0.22771978378295898, 0.29138875007629395, 0.27771472930908203, 0.2593693733215332, 0.2339036464691162, 0.23752355575561523, 0.2820107936859131, 0.2915322780609131, 0.27380847930908203, 0.20966744422912598, 0.2573845386505127, 0.25192856788635254, 0.2503662109375, 0.2669870853424072, 0.30564069747924805, 0.3754923343658447, 0.3759951591491699, 0.3343534469604492, 0.21618437767028809, 0.2196509838104248, 0.20673203468322754, 0.19878935813903809, 0.21114850044250488, 0.23666763305664062, 0.25454115867614746, 0.2995312213897705, 0.2831254005432129, 0.23299193382263184, 0.24296259880065918, 0.2381601333618164, 0.2690756320953369, 0.29020023345947266, 0.24566984176635742, 0.26270198822021484, 0.24052023887634277, 0.23825311660766602, 0.23449420928955078, 0.2376995086669922, 0.24512338638305664, 0.24701333045959473, 0.24595379829406738, 0.24051880836486816, 0.22366094589233398, 0.23734283447265625, 0.23224663734436035, 0.2388615608215332, 0.22708988189697266, 0.23631739616394043, 0.24744629859924316, 0.2230510711669922, 0.23763418197631836, 0.23348212242126465, 0.2960019111633301, 0.29756689071655273, 0.2739880084991455, 0.2744174003601074, 0.2936563491821289, 0.25873446464538574, 0.2400655746459961, 0.23601269721984863, 0.22830557823181152, 0.24183368682861328, 0.23943233489990234, 0.23913073539733887, 0.25446534156799316, 0.26119232177734375, 0.2556335926055908, 0.26243114471435547, 0.32121896743774414, 0.34084606170654297, 0.3510925769805908, 0.35009050369262695, 0.36649322509765625, 0.4094982147216797, 0.4054250717163086, 0.43314242362976074, 0.41707801818847656, 0.297619104385376, 0.19158720970153809, 0.20238757133483887, 0.21023201942443848, 0.2519965171813965, 0.29073071479797363, 0.33118724822998047, 0.3405952453613281, 0.281890869140625, 0.2758522033691406, 0.3360140323638916, 0.39194655418395996, 0.39888739585876465, 0.4041264057159424, 0.22740793228149414, 0.2050330638885498, 0.23362183570861816, 0.29251742362976074, 0.29942870140075684, 0.328021764755249, 0.2924516201019287, 0.2515685558319092, 0.21572566032409668, 0.2890961170196533, 0.24154067039489746, 0.2642552852630615, 0.305286169052124, 0.3347902297973633, 0.38443517684936523, 0.41286683082580566, 0.27469611167907715, 0.19883275032043457, 0.21356868743896484, 0.2935490608215332, 0.37244200706481934, 0.3876032829284668, 0.3874058723449707, 0.39264464378356934, 0.3560929298400879, 0.36748194694519043, 0.19754910469055176, 0.19945812225341797, 0.19554424285888672, 0.20093655586242676, 0.23526620864868164, 0.2693469524383545, 0.34514570236206055, 