{"ID": 6, "inference time": [11.22857666015625, 0.09007692337036133, 0.05147242546081543, 0.03834271430969238, 0.07577848434448242, 0.04599571228027344, 0.03883099555969238, 0.08105707168579102, 0.054540395736694336, 0.03745722770690918, 0.08072996139526367, 0.04768252372741699, 0.04769253730773926, 0.1077120304107666, 0.08365297317504883, 0.03641247749328613, 0.0751795768737793, 0.08475971221923828, 0.0370635986328125, 0.07770013809204102, 0.08354878425598145, 0.03745913505554199, 0.1006472110748291, 0.26583361625671387, 0.16472530364990234, 0.07100296020507812, 0.07333540916442871, 0.07985758781433105, 0.07179379463195801, 0.07314515113830566, 0.08068060874938965, 0.07621335983276367, 0.07261943817138672, 0.07844424247741699, 0.07665181159973145, 0.07316446304321289, 0.08279848098754883, 0.07243537902832031, 0.07070493698120117, 0.08233380317687988, 0.07129645347595215, 0.06862282752990723, 0.08128786087036133, 0.07140016555786133, 0.07199215888977051, 0.08342576026916504, 0.07346725463867188, 0.07138633728027344, 0.08413982391357422, 0.07425045967102051, 0.06979489326477051, 0.08533501625061035, 0.07171869277954102, 0.06936168670654297, 0.08369994163513184, 0.06781125068664551, 0.06996273994445801, 0.08283662796020508, 0.07206583023071289, 0.07041358947753906, 0.08028054237365723, 0.07415938377380371, 0.07094550132751465, 0.07998085021972656, 0.07560563087463379, 0.06978082656860352, 0.08003830909729004, 0.07989978790283203, 0.06933951377868652, 0.08424234390258789, 0.08167695999145508, 0.07030367851257324, 0.07966995239257812, 0.07979416847229004, 0.06968832015991211, 0.07967448234558105, 0.07899761199951172, 0.06741952896118164, 0.08160114288330078, 0.08421993255615234, 0.0686182975769043, 0.08463811874389648, 0.10619640350341797, 0.06849837303161621, 0.07809638977050781, 0.10089778900146484, 0.06915879249572754, 0.07966947555541992, 0.0857851505279541, 0.0680699348449707, 0.0783393383026123, 0.0852959156036377, 0.06772136688232422, 0.07997632026672363, 0.08862662315368652, 0.06758856773376465, 0.07840967178344727, 0.08982539176940918, 0.0671699047088623, 0.0797121524810791, 0.08044242858886719, 0.0759577751159668, 0.07718801498413086, 0.08677339553833008, 0.06900572776794434, 0.07970619201660156, 0.08405160903930664, 0.06744742393493652, 0.07851338386535645, 0.08391475677490234, 0.06841015815734863, 0.07901573181152344, 0.0833742618560791, 0.06718063354492188, 0.07914519309997559, 0.08792471885681152, 0.06780004501342773, 0.08269357681274414, 0.0866386890411377, 0.06890177726745605, 0.07564854621887207, 0.08638858795166016, 0.06482744216918945, 0.0771782398223877, 0.09011721611022949, 0.06720662117004395, 0.08620071411132812, 0.07975625991821289, 0.06652474403381348, 0.07768940925598145, 0.08822941780090332, 0.06688117980957031, 0.07808136940002441, 0.08670401573181152, 0.06637382507324219, 0.0774393081665039, 0.11573243141174316, 0.0704355239868164, 0.07676124572753906, 0.08900618553161621, 0.06670999526977539, 0.07980561256408691, 0.09071063995361328, 0.06658267974853516, 0.07487320899963379, 0.08902859687805176, 0.06579804420471191, 0.07613134384155273, 0.08582854270935059, 0.0661783218383789, 0.07914996147155762, 0.08868718147277832, 0.06925487518310547, 0.07545781135559082, 0.0903635025024414, 0.06318306922912598, 0.08028531074523926, 0.0913536548614502, 0.06573724746704102, 0.07916617393493652, 0.09743905067443848, 0.06454896926879883, 0.07736015319824219, 0.09616208076477051, 0.06347942352294922, 0.07401776313781738, 0.09156560897827148, 0.06266093254089355, 0.0769343376159668, 0.09359359741210938, 0.06328988075256348, 0.07515621185302734, 0.09534835815429688, 0.06339836120605469, 0.07288265228271484, 0.09261393547058105, 0.0636281967163086, 0.07477998733520508, 0.09059405326843262, 0.06736111640930176, 0.0738525390625, 0.09480929374694824, 0.06141948699951172, 0.078948974609375, 0.09425473213195801, 0.06518959999084473, 0.07745575904846191, 0.09424686431884766, 0.06282234191894531, 0.07284402847290039, 0.0959312915802002, 0.06035757064819336, 0.0736398696899414, 0.09711480140686035, 0.06165766716003418, 0.07501006126403809, 0.09685111045837402, 0.06041312217712402, 0.07399940490722656, 0.09987568855285645, 0.06225156784057617, 0.0701303482055664, 0.10453438758850098, 0.060821533203125, 0.07442903518676758, 0.09703779220581055, 0.06104445457458496, 0.0747532844543457, 0.1045382022857666, 0.0616612434387207, 0.07464742660522461, 0.1006777286529541, 0.05976223945617676, 0.07732892036437988, 0.10239696502685547, 0.06138014793395996, 0.07276678085327148, 0.1044924259185791, 0.06094646453857422, 0.06716275215148926, 0.0973668098449707, 0.06098127365112305, 0.07241272926330566, 0.11091828346252441, 0.06058025360107422, 0.0709679126739502, 0.10235333442687988, 0.06107592582702637, 0.07178544998168945, 0.10620307922363281, 0.05873227119445801, 0.07430005073547363, 0.10294222831726074, 0.06057453155517578, 0.07183361053466797, 0.10017895698547363, 0.058917999267578125, 0.06957530975341797, 0.10102701187133789, 0.05959796905517578, 0.07359147071838379, 0.1023707389831543, 0.05849957466125488, 0.06884956359863281, 0.10336017608642578, 0.05943870544433594, 0.06958770751953125, 0.10204076766967773, 0.05826973915100098, 0.0717318058013916, 0.10163235664367676, 0.056761741638183594, 0.06651711463928223, 0.10333061218261719, 0.06032681465148926, 0.06992578506469727, 0.10176444053649902, 0.05731344223022461, 0.06659412384033203, 0.10511255264282227, 0.0570988655090332, 0.06828546524047852, 0.10264945030212402, 0.05928683280944824, 0.06819987297058105, 0.10714292526245117, 0.05685877799987793, 0.06723904609680176, 0.10681390762329102, 0.05908560752868652, 0.0652322769165039, 0.10462617874145508, 0.058043479919433594, 0.0671532154083252, 0.1018221378326416, 0.05669713020324707, 0.06550359725952148, 0.1044151782989502, 0.05677962303161621, 0.06755471229553223, 0.10264086723327637, 0.05563974380493164, 0.06744694709777832, 0.10286164283752441, 0.056847572326660156, 0.06128382682800293, 0.11544466018676758, 0.056346893310546875, 0.06513190269470215, 0.1054534912109375, 0.05561375617980957, 0.06294560432434082, 0.106842041015625, 0.060256242752075195, 0.06598806381225586, 0.10538172721862793, 0.05566978454589844, 0.06367373466491699, 0.10586905479431152, 0.0556790828704834, 0.06222844123840332, 0.10748076438903809, 0.056211233139038086, 0.06221580505371094, 0.10793352127075195, 0.055327415466308594, 0.061037540435791016, 0.10670900344848633, 0.05562424659729004, 0.059699058532714844, 0.10875463485717773, 0.055841684341430664, 0.05926918983459473, 0.10871076583862305, 0.05625557899475098, 0.059838056564331055, 0.10934805870056152, 0.05523371696472168, 0.05862092971801758, 0.1096351146697998, 0.054648637771606445, 0.05939769744873047, 0.1067647933959961, 0.055245161056518555, 0.058524131774902344, 0.10775351524353027, 0.055425167083740234, 0.06383752822875977, 0.10862207412719727, 0.055815935134887695, 0.05864262580871582, 0.1118927001953125, 0.05768537521362305, 0.05868124961853027, 0.11012721061706543, 0.05595111846923828, 0.058929443359375, 0.10924768447875977, 0.055416107177734375, 0.05789351463317871, 0.10760641098022461, 0.056207895278930664, 0.05860757827758789, 0.11224675178527832, 0.05568814277648926, 0.057361602783203125, 0.11100625991821289, 0.055306196212768555, 0.06381726264953613, 0.10618424415588379, 0.055181264877319336, 0.06380820274353027, 0.11559653282165527, 0.05464911460876465, 0.05766558647155762, 0.11029839515686035, 0.05586433410644531, 0.05710434913635254, 0.11275601387023926, 0.05597829818725586, 0.056737422943115234, 0.11123323440551758, 0.056929588317871094, 0.0569002628326416, 0.1102151870727539, 0.05484819412231445, 0.05662417411804199, 0.11130785942077637, 0.05486035346984863, 0.05657315254211426, 0.11262035369873047, 0.054564714431762695, 0.05630683898925781, 0.11148500442504883, 0.05446958541870117, 0.05456089973449707, 0.11117792129516602, 0.05503368377685547, 0.05462241172790527, 0.11279940605163574, 0.054822683334350586, 