{"ID": 6, "inference time": [18.229456663131714, 0.1637406349182129, 0.199815034866333, 0.12093091011047363, 0.1388869285583496, 0.19904565811157227, 0.11156272888183594, 0.1444549560546875, 0.19983839988708496, 0.1103670597076416, 0.14855718612670898, 0.20108342170715332, 0.11272621154785156, 0.1450026035308838, 0.19432973861694336, 0.11865401268005371, 0.14585351943969727, 0.1925373077392578, 0.11643242835998535, 0.14678049087524414, 0.19957876205444336, 0.11257338523864746, 0.14713668823242188, 0.20118427276611328, 0.12194943428039551, 0.14989805221557617, 0.19870853424072266, 0.11979007720947266, 0.1533515453338623, 0.19071245193481445, 0.1161184310913086, 0.14868664741516113, 0.19828104972839355, 0.13120055198669434, 0.16321873664855957, 0.1999213695526123, 0.11882424354553223, 0.14310669898986816, 0.19227099418640137, 0.12172698974609375, 0.14319849014282227, 0.19729351997375488, 0.12516283988952637, 0.14546847343444824, 0.1969609260559082, 0.12224197387695312, 0.14847803115844727, 0.19654560089111328, 0.11663675308227539, 0.14857125282287598, 0.2012462615966797, 0.1266787052154541, 0.1426229476928711, 0.19578099250793457, 0.12460470199584961, 0.14461827278137207, 0.19610071182250977, 0.12502408027648926, 0.14403128623962402, 0.1963353157043457, 0.11992621421813965, 0.14324688911437988, 0.19242525100708008, 0.12337231636047363, 0.1454627513885498, 0.19628214836120605, 0.12182998657226562, 0.14628076553344727, 0.18694376945495605, 0.12235879898071289, 0.15004277229309082, 0.18518519401550293, 0.12964534759521484, 0.14401674270629883, 0.19007158279418945, 0.13332867622375488, 0.14628839492797852, 0.20055532455444336, 0.12188506126403809, 0.15068507194519043, 0.2006361484527588, 0.11846113204956055, 0.14965581893920898, 0.18284201622009277, 0.12135601043701172, 0.1439495086669922, 0.18963193893432617, 0.12936615943908691, 0.1490790843963623, 0.1928696632385254, 0.12856459617614746, 0.157698392868042, 0.18782424926757812, 0.12428593635559082, 0.1499953269958496, 0.19792747497558594, 0.1356797218322754, 0.15133452415466309, 0.1817338466644287, 0.13422870635986328, 0.14667963981628418, 0.19033384323120117, 0.13621878623962402, 0.15418744087219238, 0.19031882286071777, 0.1333310604095459, 0.14021515846252441, 0.19157004356384277, 0.1388990879058838, 0.14513134956359863, 0.19127535820007324, 0.13155484199523926, 0.14531588554382324, 0.20320367813110352, 0.12802386283874512, 0.14645981788635254, 0.19096755981445312, 0.13276934623718262, 0.1484971046447754, 0.1942276954650879, 0.14559626579284668, 0.1469261646270752, 0.19188284873962402, 0.13751482963562012, 0.14373326301574707, 0.17185187339782715, 0.1363992691040039, 0.14493250846862793, 0.20230364799499512, 0.13307619094848633, 0.1403055191040039, 0.1760694980621338, 0.13454079627990723, 0.14440655708312988, 0.1868581771850586, 0.1384282112121582, 0.14194822311401367, 0.1946122646331787, 0.12813091278076172, 0.14720749855041504, 0.19278907775878906, 0.13371992111206055, 0.14165186882019043, 0.17513418197631836, 0.12894058227539062, 0.14847564697265625, 0.18288421630859375, 0.1386263370513916, 0.1440579891204834, 0.18283867835998535, 0.1318349838256836, 0.14834094047546387, 0.18390750885009766, 0.13243317604064941, 0.14903759956359863, 0.19402027130126953, 0.1435997486114502, 0.14971089363098145, 0.1774585247039795, 0.13601994514465332, 0.14926576614379883, 0.1752302646636963, 0.13146352767944336, 0.14229369163513184, 0.1727437973022461, 0.14966797828674316, 0.15133881568908691, 0.16710591316223145, 0.1366133689880371, 0.14592790603637695, 0.17275714874267578, 0.13886451721191406, 0.1504213809967041, 0.1688077449798584, 0.1409599781036377, 0.14060473442077637, 0.16806817054748535, 0.14439964294433594, 0.14968085289001465, 0.17468023300170898, 0.1481947898864746, 0.15100574493408203, 0.1677556037902832, 0.13965821266174316, 0.15074563026428223, 0.17089533805847168, 0.1362009048461914, 0.14779925346374512, 0.169935941696167, 0.14030671119689941, 0.14220523834228516, 0.17503786087036133, 0.14894771575927734, 0.14629483222961426, 0.1773369312286377, 0.14090967178344727, 0.13988280296325684, 0.16634082794189453, 0.15015339851379395, 0.1498255729675293, 0.1699509620666504, 0.1242680549621582, 0.14600133895874023, 0.17540740966796875, 0.13669252395629883, 0.1504523754119873, 0.1722579002380371, 0.13556957244873047, 0.1430366039276123, 0.1776735782623291, 0.14768099784851074, 0.1467602252960205, 0.18262553215026855, 0.14487552642822266, 0.14167451858520508, 0.1770639419555664, 0.16216778755187988, 0.13974404335021973, 0.16854119300842285, 0.1351633071899414, 0.14761972427368164, 0.1719672679901123, 0.1344132423400879, 0.14204835891723633, 0.16846179962158203, 0.13893389701843262, 0.1531839370727539, 0.1768953800201416, 0.14129877090454102, 0.14222383499145508, 0.16660499572753906, 0.13601231575012207, 0.14387106895446777, 0.16561245918273926, 0.13406014442443848, 0.14226770401000977, 0.16702699661254883, 0.13274908065795898, 0.14285874366760254, 0.1702871322631836, 0.1313161849975586, 0.15990710258483887, 0.1692807674407959, 0.13901877403259277, 0.14510393142700195, 0.1668868064880371, 0.12301754951477051, 0.14685893058776855, 0.17299532890319824, 0.1236715316772461, 0.14265727996826172, 0.16725921630859375, 0.12559223175048828, 0.14897823333740234, 0.16917800903320312, 0.14826035499572754, 0.14760112762451172, 0.16576910018920898, 0.14016389846801758, 0.14754557609558105, 0.16891002655029297, 0.13779211044311523, 0.15125513076782227, 0.17516779899597168, 0.13981366157531738, 0.14544320106506348, 0.1693100929260254, 0.13689541816711426, 0.1431584358215332, 0.17262601852416992, 0.13827943801879883, 0.14888334274291992, 0.16668486595153809, 0.13053011894226074, 0.14423203468322754, 0.16520476341247559, 0.12883234024047852, 0.1468489170074463, 0.16744470596313477, 0.13320541381835938, 0.14173316955566406, 0.16708588600158691, 0.1409907341003418, 0.145003080368042, 0.16621661186218262, 0.12262582778930664, 0.14798712730407715, 0.1735551357269287, 0.13393616676330566, 0.1488358974456787, 0.1736760139465332, 0.13366293907165527, 0.14869999885559082, 0.1745133399963379, 0.1389751434326172, 0.14716029167175293, 0.17217731475830078, 0.1283121109008789, 0.1441333293914795, 0.18054652214050293, 0.12807273864746094, 0.1466665267944336, 0.17080402374267578, 0.14259099960327148, 0.14673995971679688, 0.165069580078125, 0.11799311637878418, 0.14435958862304688, 0.16623902320861816, 0.13223743438720703, 0.14160799980163574, 0.16669774055480957, 0.11664962768554688, 0.1468658447265625, 0.16672730445861816, 0.1329953670501709, 0.14328908920288086, 0.17008161544799805, 0.11903190612792969, 0.1439380645751953, 0.16749167442321777, 0.11539506912231445, 0.1439039707183838, 0.16216588020324707, 0.11597466468811035, 0.15111851692199707, 0.16194486618041992, 0.12732410430908203, 0.14743423461914062, 0.16196084022521973, 0.14090681076049805, 0.14336276054382324, 0.16199016571044922, 0.13756132125854492, 0.1496260166168213, 0.17149591445922852, 0.1314713954925537, 0.1466071605682373, 0.18346953392028809, 0.1274862289428711, 0.1431291103363037, 0.1651909351348877, 0.132904052734375, 0.149705171585083, 0.17102551460266113, 0.13708186149597168, 0.14798712730407715, 0.1572856903076172, 0.12261962890625, 0.14351320266723633, 0.16998648643493652, 0.11868453025817871, 0.14693474769592285, 0.16843128204345703, 0.12329292297363281, 0.1477057933807373, 0.16326045989990234, 0.13591957092285156, 0.14916276931762695, 0.17010903358459473, 0.13176918029785156, 0.14483857154846191, 0.17282652854919434, 0.12731432914733887, 0.14973211288452148, 0.16840648651123047, 0.12401962280273438, 0.14732766151428223, 0.1691291332244873, 0.12848234176635742, 0.1441800594329834, 0.16858625411987305, 0.13074374198913574, 0.14493799209594727, 0.1654679775238037, 0.12183713912963867, 0.14442825317382812, 0.15710687637329102, 0.1143500804901123, 0.14286398887634277, 0.16767096519470215, 0.12461614608764648, 0.1445016860961914, 0.17274236679077148, 0.13067269325256348, 