{"ID": 2, "inference time": [14.818473100662231, 0.16136670112609863, 0.11331605911254883, 0.1438770294189453, 0.16212797164916992, 0.11449241638183594, 0.14172124862670898, 0.15886259078979492, 0.11069941520690918, 0.13157320022583008, 0.15057134628295898, 0.11900019645690918, 0.1339116096496582, 0.15142345428466797, 0.12194490432739258, 0.1398158073425293, 0.15644335746765137, 0.12827205657958984, 0.1455070972442627, 0.15462946891784668, 0.12140250205993652, 0.14594006538391113, 0.14298415184020996, 0.13806772232055664, 0.1494908332824707, 0.1459941864013672, 0.12567782402038574, 0.14480853080749512, 0.14641213417053223, 0.13373041152954102, 0.1505756378173828, 0.15814638137817383, 0.1280980110168457, 0.14972424507141113, 0.1471397876739502, 0.1329817771911621, 0.14699602127075195, 0.14712262153625488, 0.13881278038024902, 0.1469886302947998, 0.14609456062316895, 0.14104008674621582, 0.13880634307861328, 0.1432819366455078, 0.13941645622253418, 0.1400127410888672, 0.13762402534484863, 0.12880945205688477, 0.13840889930725098, 0.15185952186584473, 0.1428389549255371, 0.1499156951904297, 0.14449548721313477, 0.12853240966796875, 0.14209556579589844, 0.14710545539855957, 0.13343214988708496, 0.14573955535888672, 0.14719891548156738, 0.1353299617767334, 0.14765191078186035, 0.15024614334106445, 0.13863801956176758, 0.14682722091674805, 0.14532065391540527, 0.12633681297302246, 0.14683127403259277, 0.14370298385620117, 0.12356042861938477, 0.14095401763916016, 0.14243674278259277, 0.1401512622833252, 0.14519476890563965, 0.14487886428833008, 0.13143205642700195, 0.14508676528930664, 0.1532888412475586, 0.130141019821167, 0.14694666862487793, 0.1418304443359375, 0.14334774017333984, 0.13641142845153809, 0.14574575424194336, 0.1438734531402588, 0.14626169204711914, 0.1492619514465332, 0.12457633018493652, 0.14768147468566895, 0.14658737182617188, 0.12951922416687012, 0.15674352645874023, 0.16110587120056152, 0.11470174789428711, 0.1489861011505127, 0.1637263298034668, 0.12498354911804199, 0.13826704025268555, 0.16124248504638672, 0.12229609489440918, 0.14482569694519043, 0.1643054485321045, 0.12605023384094238, 0.13184809684753418, 0.1639091968536377, 0.1292564868927002, 0.15199542045593262, 0.16532540321350098, 0.13059473037719727, 0.1498098373413086, 0.15833067893981934, 0.127547025680542, 0.1396944522857666, 0.15958857536315918, 0.13842296600341797, 0.1363074779510498, 0.15553045272827148, 0.12793517112731934, 0.14670515060424805, 0.15462446212768555, 0.14579105377197266, 0.15225005149841309, 0.1490492820739746, 0.1220695972442627, 0.1434311866760254, 0.14876484870910645, 0.1340639591217041, 0.137770414352417, 0.1516284942626953, 0.1389636993408203, 0.15262651443481445, 0.16514968872070312, 0.1209869384765625, 0.12970829010009766, 0.15826845169067383, 0.13878393173217773, 0.14388585090637207, 0.15419673919677734, 0.1323859691619873, 0.14056777954101562, 0.14864134788513184, 0.14274978637695312, 0.14577293395996094, 0.14503264427185059, 0.12511825561523438, 0.13907384872436523, 0.15178251266479492, 0.12628674507141113, 0.14560604095458984, 0.15327811241149902, 0.12925982475280762, 0.14778876304626465, 0.14505529403686523, 0.12963557243347168, 0.14422869682312012, 0.1443650722503662, 0.12659811973571777, 0.15214228630065918, 0.1526336669921875, 0.14051151275634766, 0.159820556640625, 0.14831328392028809, 0.12354636192321777, 0.15100693702697754, 0.14943885803222656, 0.13129925727844238, 0.15558576583862305, 0.15035486221313477, 0.11159276962280273, 0.14865708351135254, 0.1625523567199707, 0.11048102378845215, 0.14072442054748535, 0.16338467597961426, 0.12042450904846191, 0.13836240768432617, 0.1610112190246582, 0.11729836463928223, 0.1384878158569336, 0.16026043891906738, 0.1257772445678711, 0.1470048427581787, 0.16212964057922363, 0.12327337265014648, 0.1328270435333252, 0.15646052360534668, 0.14471793174743652, 0.1438462734222412, 0.15007448196411133, 0.12963056564331055, 0.14091038703918457, 0.14723825454711914, 0.1269850730895996, 0.15044879913330078, 0.1479654312133789, 0.1382441520690918, 0.14896821975708008, 0.14223170280456543, 0.1188352108001709, 0.13735651969909668, 0.14589309692382812, 0.13265109062194824, 0.1385502815246582, 0.1423485279083252, 0.1351010799407959, 0.14388227462768555, 0.14949893951416016, 0.12163543701171875, 0.14605355262756348, 0.15104126930236816, 0.13335227966308594, 0.14659595489501953, 0.16150164604187012, 0.10822463035583496, 0.14430856704711914, 0.16453957557678223, 0.1162252426147461, 0.13564658164978027, 0.15821075439453125, 0.12459564208984375, 0.13729214668273926, 0.15490078926086426, 0.1303083896636963, 0.14555835723876953, 0.14335107803344727, 0.13013792037963867, 0.14554047584533691, 0.14431238174438477, 0.12499666213989258, 0.14412164688110352, 0.14455056190490723, 0.12779903411865234, 0.14258813858032227, 0.1422569751739502, 0.13895630836486816, 0.14720368385314941, 0.1495962142944336, 0.12579751014709473, 0.1430349349975586, 0.15430521965026855, 0.13759708404541016, 0.14600419998168945, 0.1483161449432373, 0.13436436653137207, 0.14935898780822754, 0.15119409561157227, 0.1268773078918457, 0.16073083877563477, 0.15387868881225586, 0.13121604919433594, 0.16067790985107422, 0.14991235733032227, 0.12962937355041504, 0.14276909828186035, 0.15931367874145508, 0.12594366073608398, 0.1537766456604004, 0.15965056419372559, 0.11533331871032715, 0.13680338859558105, 0.1643507480621338, 0.11258888244628906, 0.13769268989562988, 0.1644425392150879, 0.11118388175964355, 0.13447999954223633, 0.16121864318847656, 0.14116716384887695, 0.1471240520477295, 0.14275574684143066, 0.12441611289978027, 0.14317774772644043, 0.1490764617919922, 0.11945939064025879, 0.13951921463012695, 0.15641260147094727, 0.1324903964996338, 0.14531636238098145, 0.14189457893371582, 0.12215232849121094, 0.14696907997131348, 0.14748644828796387, 0.11168169975280762, 0.1390988826751709, 0.15072369575500488, 0.1383817195892334, 0.13323259353637695, 0.1445612907409668, 0.13953375816345215, 0.15653085708618164, 0.15078139305114746, 0.11106109619140625, 0.15718436241149902, 0.15454959869384766, 0.11303520202636719, 0.1531810760498047, 0.16897296905517578, 0.12245965003967285, 0.1436154842376709, 0.1693263053894043, 0.1137247085571289, 0.14623284339904785, 0.15638279914855957, 0.12110376358032227, 0.1410350799560547, 0.14943623542785645, 0.12295794486999512, 0.15079665184020996, 0.14944005012512207, 0.12821578979492188, 0.14833593368530273, 0.1504981517791748, 0.1264667510986328, 0.14760637283325195, 0.15421438217163086, 0.1283869743347168, 0.1561727523803711, 0.16058707237243652, 0.11943960189819336, 0.15511035919189453, 0.1733112335205078, 0.1345539093017578, 0.14806532859802246, 0.166151762008667, 0.13567543029785156, 0.14734697341918945, 0.16066527366638184, 0.1350388526916504, 0.1386723518371582, 0.15004730224609375, 0.1252450942993164, 0.1437368392944336, 0.15785861015319824, 0.1318216323852539, 0.14806056022644043, 0.15639710426330566, 0.13626980781555176, 0.1549837589263916, 0.1574866771697998, 0.1339426040649414, 0.1465768814086914, 0.15128183364868164, 0.13241219520568848, 0.14516568183898926, 0.16968083381652832, 0.12694072723388672, 0.15512752532958984, 0.17017269134521484, 0.13279318809509277, 0.14098095893859863, 0.15838003158569336, 0.13993144035339355, 0.15210652351379395, 0.16054701805114746, 0.13737201690673828, 0.1453566551208496, 0.15674853324890137, 0.13342905044555664, 0.14758539199829102, 0.15941381454467773, 0.13434600830078125, 0.14991211891174316, 0.1420116424560547, 0.11233019828796387, 0.15995287895202637, 0.1570596694946289, 0.11207699775695801, 0.15068960189819336, 0.1651010513305664, 0.11385536193847656, 0.13515353202819824, 0.151930570602417, 0.12608838081359863, 0.14818024635314941, 0.15321731567382812, 0.13053607940673828, 0.13886070251464844, 0.15083837509155273, 0.14215517044067383, 0.1460275650024414, 0.15642213821411133, 0.1301891803741455, 0.14353132247924805, 0.1576216220855713, 0.11891007423400879, 