{"ID": 5, "inference time": [0.22596979141235352, 0.2002725601196289, 0.20014643669128418, 0.1988356113433838, 0.2582700252532959, 0.20353388786315918, 0.22743487358093262, 0.19828510284423828, 0.23092436790466309, 0.20493364334106445, 0.23656892776489258, 0.1917555332183838, 0.24258065223693848, 0.19666194915771484, 0.2229297161102295, 0.2180500030517578, 0.20351433753967285, 0.22896623611450195, 0.2169630527496338, 0.24439215660095215, 0.19540715217590332, 0.22637081146240234, 0.1997535228729248, 0.2309427261352539, 0.21396470069885254, 0.22889208793640137, 0.19539809226989746, 0.22962093353271484, 0.19271159172058105, 0.2009267807006836, 0.2252333164215088, 0.1957690715789795, 0.2060229778289795, 0.2204289436340332, 0.23918962478637695, 0.19096589088439941, 0.27323269844055176, 0.19591641426086426, 0.21585536003112793, 0.19739818572998047, 0.23351669311523438, 0.20885229110717773, 0.2211604118347168, 0.1945657730102539, 0.21463775634765625, 0.19516921043395996, 0.19432568550109863, 0.21587586402893066, 0.20420312881469727, 0.23145413398742676, 0.20905327796936035, 0.19698143005371094, 0.2013711929321289, 0.20699477195739746, 0.25873613357543945, 0.19216609001159668, 0.21616792678833008, 0.19725823402404785, 0.22811055183410645, 0.20958852767944336, 0.21914362907409668, 0.19278454780578613, 0.20421338081359863, 0.2579946517944336, 0.19739341735839844, 0.2491157054901123, 0.19611525535583496, 0.22374677658081055, 0.21741294860839844, 0.19201111793518066, 0.20052099227905273, 0.2043595314025879, 0.23101067543029785, 0.18751811981201172, 0.20597505569458008, 0.21348977088928223, 0.18357133865356445, 0.22876858711242676, 0.1865396499633789, 0.23026323318481445, 0.20883584022521973, 0.19988155364990234, 0.1882474422454834, 0.21143198013305664, 0.22359752655029297, 0.1883533000946045, 0.2058572769165039, 0.2063286304473877, 0.18616795539855957, 0.24050211906433105, 0.19732260704040527, 0.23579907417297363, 0.20746350288391113, 0.221923828125, 0.1898975372314453, 0.2082531452178955, 0.20585203170776367, 0.18741202354431152, 0.2172994613647461, 0.1966397762298584, 0.2275385856628418, 0.21132230758666992, 0.20353055000305176, 0.19466590881347656, 0.2105264663696289, 0.228102445602417, 0.18923711776733398, 0.2183370590209961, 0.1924278736114502, 0.1934340000152588, 0.22133326530456543, 0.20113682746887207, 0.218397855758667, 0.20210027694702148, 0.23273658752441406, 0.1909482479095459, 0.24952435493469238, 0.18979525566101074, 0.1947166919708252, 0.2237095832824707, 0.22588443756103516, 0.18760299682617188, 0.2053990364074707, 0.24241328239440918, 0.18531560897827148, 0.25371813774108887, 0.206650972366333, 0.22879433631896973, 0.19909381866455078, 0.2243354320526123, 0.20600581169128418, 0.2003936767578125, 0.1993861198425293, 0.20215940475463867, 0.23166227340698242, 0.18461370468139648, 0.2142953872680664, 0.19733762741088867, 0.1861705780029297, 0.22510695457458496, 0.19052600860595703, 0.22335124015808105, 0.2057485580444336, 0.19750332832336426, 0.19184660911560059, 0.20906925201416016, 0.23687458038330078, 0.18989348411560059, 0.25472474098205566, 0.1960306167602539, 0.22972726821899414, 0.20744681358337402, 0.21317291259765625, 0.18656706809997559, 0.20538830757141113, 0.24353623390197754, 0.1866447925567627, 0.24654650688171387, 0.18906426429748535, 0.23578238487243652, 0.21288084983825684, 0.20867180824279785, 0.20634794235229492, 0.21570372581481934, 0.23401689529418945, 0.187774658203125, 0.21592044830322266, 0.2079613208770752, 0.19184064865112305, 0.24666309356689453, 0.19025897979736328, 0.22605443000793457, 0.2164292335510254, 0.19963908195495605, 0.1902604103088379, 0.22237634658813477, 0.22243332862854004, 0.19132328033447266, 0.22119379043579102, 0.241959810256958, 0.18470358848571777, 0.2705531120300293, 0.1925978660583496, 0.22307324409484863, 0.19588708877563477, 0.21375679969787598, 0.2082521915435791, 0.19596099853515625, 0.22539973258972168, 0.2083728313446045, 0.22327780723571777, 0.19583368301391602, 0.21112322807312012, 0.1956932544708252, 0.19074749946594238, 0.21309638023376465, 0.19511032104492188, 0.21530413627624512, 0.20522546768188477, 0.1967024803161621, 0.23279547691345215, 0.2001335620880127, 0.2453758716583252, 0.19034099578857422, 0.21592140197753906, 0.194366455078125, 0.2207021713256836, 0.20275640487670898, 0.1929178237915039, 0.21243667602539062, 0.19429993629455566, 0.245194673538208, 0.1857774257659912, 0.22409772872924805, 0.1995389461517334, 0.19705724716186523, 0.2017064094543457, 0.18713688850402832, 0.21764755249023438, 0.20072484016418457, 0.19209671020507812, 0.19965696334838867, 0.19793486595153809, 0.2226266860961914, 0.18721938133239746, 0.20868372917175293, 0.2062375545501709, 0.18654584884643555, 0.2068653106689453, 0.18931818008422852, 0.22301673889160156, 0.19749712944030762, 0.1935582160949707, 0.1975407600402832, 0.19622230529785156, 0.2440323829650879, 0.19216299057006836, 0.20813727378845215, 0.18612098693847656, 0.21668362617492676, 0.21012449264526367, 0.19521808624267578, 0.20049095153808594, 0.20420360565185547, 0.2213733196258545, 0.18954229354858398, 0.21316218376159668, 0.1962120532989502, 0.20040273666381836, 0.21426963806152344, 0.19248199462890625, 0.2159578800201416, 0.20700287818908691, 0.18859338760375977, 0.2287294864654541, 0.2114262580871582, 0.19077086448669434, 0.22198104858398438, 0.2103724479675293, 0.24647235870361328, 0.18714690208435059, 0.23450541496276855, 0.1882169246673584, 0.20403766632080078, 0.20551180839538574, 0.19113492965698242, 0.22591757774353027, 0.21525263786315918, 0.18819022178649902, 0.19773578643798828, 0.2043907642364502, 0.23145008087158203, 0.18404459953308105, 0.256805419921875, 0.1799616813659668, 0.19865775108337402, 0.19647479057312012, 0.20159125328063965, 0.19120550155639648, 0.1974031925201416, 0.2343733310699463, 0.19215893745422363, 0.23587512969970703, 0.1924755573272705, 0.2015526294708252, 0.1921074390411377, 0.19247078895568848, 0.20369362831115723, 0.19795703887939453, 0.20740270614624023, 0.19272804260253906, 0.19597840309143066, 0.23756670951843262, 0.18418383598327637, 0.26387548446655273, 0.19310665130615234, 0.2212076187133789, 0.19338440895080566, 0.22481918334960938, 0.21165132522583008, 0.20238995552062988, 0.18529367446899414, 0.20506715774536133, 0.24132895469665527, 0.19049954414367676, 0.23971033096313477, 0.1948106288909912, 0.2371995449066162, 0.20005559921264648, 0.2130734920501709, 0.1910266876220703, 0.20142889022827148, 0.23742008209228516, 0.18730735778808594, 0.20586872100830078, 0.19640898704528809, 0.19469809532165527, 0.22513866424560547, 0.18390321731567383, 0.2030956745147705, 0.18990111351013184, 0.21297669410705566, 0.1976947784423828, 0.19214534759521484, 0.233367919921875, 0.1911308765411377, 0.18786954879760742, 0.2006824016571045, 0.1960890293121338, 0.2252364158630371, 0.19043922424316406, 0.2165687084197998, 0.195875883102417, 0.19263482093811035, 0.2126474380493164, 0.1954340934753418, 0.22596430778503418, 0.2006380558013916, 0.19607305526733398, 0.1933457851409912, 0.2037661075592041, 0.254472017288208, 0.18691396713256836, 0.21001505851745605, 0.19874119758605957, 0.21495628356933594, 0.2102222442626953, 0.1938769817352295, 0.22377610206604004, 0.20434141159057617, 0.18901729583740234, 0.1919565200805664, 0.20331335067749023, 0.21326279640197754, 0.18730568885803223, 0.20025396347045898, 0.22795367240905762, 0.19366812705993652, 0.23931074142456055, 0.1864013671875, 0.21424293518066406, 0.2035531997680664, 0.22273898124694824, 0.18799996376037598, 0.2010793685913086, 0.21018314361572266, 0.18721747398376465, 0.2096879482269287, 0.18836092948913574, 0.20317840576171875, 0.20442819595336914, 0.19619417190551758, 0.20194768905639648, 0.19847631454467773, 0.24815011024475098, 0.18617963790893555, 0.22652578353881836, 0.1915273666381836, 0.19671058654785156, 0.20243382453918457, 0.2141246795654297, 0.1842653751373291, 0.1995222568511963, 0.2458326816558838, 0.185746431350708, 0.241530179977417, 