{"ID": 6, "inference time": [18.420624017715454, 0.37865567207336426, 0.32102227210998535, 0.1304945945739746, 0.15003514289855957, 0.12422633171081543, 0.1274106502532959, 0.17201924324035645, 0.13316965103149414, 0.12307143211364746, 0.15845894813537598, 0.14971375465393066, 0.12517762184143066, 0.16627907752990723, 0.12165212631225586, 0.11883974075317383, 0.15246987342834473, 0.12867450714111328, 0.13031291961669922, 0.17590737342834473, 0.13042211532592773, 0.13271617889404297, 0.16123127937316895, 0.13347816467285156, 0.12031245231628418, 0.16248345375061035, 0.12401294708251953, 0.13039946556091309, 0.1690809726715088, 0.14031744003295898, 0.12897515296936035, 0.14892077445983887, 0.16086053848266602, 0.12332582473754883, 0.15735101699829102, 0.1250288486480713, 0.1333153247833252, 0.16263604164123535, 0.16057229042053223, 0.12537026405334473, 0.15608596801757812, 0.11726164817810059, 0.14011526107788086, 0.16351842880249023, 0.14265108108520508, 0.13449549674987793, 0.1577293872833252, 0.15870404243469238, 0.11901736259460449, 0.1557166576385498, 0.1676180362701416, 0.1333768367767334, 0.14958858489990234, 0.1271047592163086, 0.1385669708251953, 0.16123199462890625, 0.1597292423248291, 0.12496304512023926, 0.14635109901428223, 0.18231701850891113, 0.15030479431152344, 0.16762590408325195, 0.14960527420043945, 0.13362836837768555, 0.16939568519592285, 0.10879755020141602, 0.1343214511871338, 0.1759049892425537, 0.1412801742553711, 0.12972021102905273, 0.17651653289794922, 0.13463568687438965, 0.12913203239440918, 0.17925047874450684, 0.13525390625, 0.12503314018249512, 0.1744089126586914, 0.1335773468017578, 0.14023470878601074, 0.15857815742492676, 0.1351146697998047, 0.12825536727905273, 0.17374491691589355, 0.14241600036621094, 0.1289827823638916, 0.17464852333068848, 0.11377859115600586, 0.13118195533752441, 0.1712639331817627, 0.11545133590698242, 0.1377270221710205, 0.1617429256439209, 0.1655747890472412, 0.13422799110412598, 0.17168498039245605, 0.11864805221557617, 0.14612913131713867, 0.18613982200622559, 0.11980295181274414, 0.13322091102600098, 0.1774437427520752, 0.12571954727172852, 0.1282665729522705, 0.1690351963043213, 0.11897397041320801, 0.1272437572479248, 0.1496589183807373, 0.1595172882080078, 0.13706684112548828, 0.14636683464050293, 0.13431072235107422, 0.1348099708557129, 0.17319726943969727, 0.11340141296386719, 0.12784934043884277, 0.14720606803894043, 0.1624312400817871, 0.1313340663909912, 0.15087270736694336, 0.18039488792419434, 0.12595844268798828, 0.15448427200317383, 0.16378402709960938, 0.13502073287963867, 0.15423059463500977, 0.16871929168701172, 0.15425920486450195, 0.1688687801361084, 0.1204690933227539, 0.133758544921875, 0.15196561813354492, 0.14440369606018066, 0.12480521202087402, 0.1682262420654297, 0.12650632858276367, 0.1360154151916504, 0.1633307933807373, 0.13064908981323242, 0.12381362915039062, 0.1597583293914795, 0.17433881759643555, 0.1312575340270996, 0.15101146697998047, 0.1379861831665039, 0.13071846961975098, 0.15218210220336914, 0.16831302642822266, 0.11096596717834473, 0.1481485366821289, 0.14754176139831543, 0.12477350234985352, 0.14865684509277344, 0.1304624080657959, 0.1297452449798584, 0.1671607494354248, 0.12261009216308594, 0.12107157707214355, 0.1500699520111084, 0.13748788833618164, 0.12674403190612793, 0.15431737899780273, 0.18133544921875, 0.13750576972961426, 0.16097402572631836, 0.13724207878112793, 0.12468886375427246, 0.1572892665863037, 0.1422731876373291, 0.1389620304107666, 0.17288827896118164, 0.1076359748840332, 0.15112781524658203, 0.17368030548095703, 0.12891697883605957, 0.12993216514587402, 0.15051603317260742, 0.14187097549438477, 0.13082122802734375, 0.1623702049255371, 0.11639833450317383, 0.13000202178955078, 0.15444636344909668, 0.13184142112731934, 0.1374373435974121, 0.15738940238952637, 0.13613104820251465, 0.12668585777282715, 0.15523672103881836, 0.14896321296691895, 0.13344550132751465, 0.1517314910888672, 0.1840977668762207, 0.13913273811340332, 0.15231800079345703, 0.1601424217224121, 0.1331169605255127, 0.15979385375976562, 0.1764085292816162, 0.13385510444641113, 0.1586320400238037, 0.13619041442871094, 0.13464140892028809, 0.1625669002532959, 0.15112900733947754, 0.1339273452758789, 0.15648365020751953, 0.10476374626159668, 0.1342153549194336, 0.18055248260498047, 0.13114428520202637, 0.13328051567077637, 0.18402791023254395, 0.13586139678955078, 0.12686514854431152, 0.18068766593933105, 0.13127732276916504, 0.1251082420349121, 0.18802499771118164, 0.12620186805725098, 0.13605713844299316, 0.16306447982788086, 0.16122126579284668, 0.11881422996520996, 0.1587514877319336, 0.16060972213745117, 0.12135791778564453, 0.1440730094909668, 0.17000794410705566, 0.11972665786743164, 0.1533050537109375, 0.14975285530090332, 0.1294090747833252, 0.16406488418579102, 0.12151122093200684, 0.12997746467590332, 0.15456509590148926, 0.1119379997253418, 0.1342332363128662, 0.16565799713134766, 0.12944650650024414, 0.13173937797546387, 0.16689324378967285, 0.1167135238647461, 0.13508057594299316, 0.1841754913330078, 0.12888503074645996, 0.13910388946533203, 0.1750166416168213, 0.1326284408569336, 0.1279160976409912, 0.16678714752197266, 0.10493350028991699, 0.1314375400543213, 0.18301081657409668, 0.11722683906555176, 0.13095402717590332, 0.18478727340698242, 0.12413263320922852, 0.13532590866088867, 0.17828631401062012, 0.1178581714630127, 0.13268542289733887, 0.15667986869812012, 0.11386227607727051, 0.13390374183654785, 0.17499613761901855, 0.11183786392211914, 0.13494181632995605, 0.1604597568511963, 0.09739160537719727, 0.14020752906799316, 0.1691877841949463, 0.13227295875549316, 0.15316534042358398, 0.16977787017822266, 0.13869905471801758, 0.13983964920043945, 0.16688132286071777, 0.16307616233825684, 0.1304948329925537, 0.16966962814331055, 0.12536239624023438, 0.1403214931488037, 0.15970516204833984, 0.14676523208618164, 0.13362336158752441, 0.1578361988067627, 0.1603858470916748, 0.13587307929992676, 0.16251707077026367, 0.1371321678161621, 0.1327381134033203, 0.1601724624633789, 0.10938835144042969, 0.13404250144958496, 0.1578526496887207, 0.1295006275177002, 0.13236641883850098, 0.15407896041870117, 0.16217875480651855, 0.11914682388305664, 0.14973020553588867, 0.16187047958374023, 0.13750934600830078, 0.15891313552856445, 0.12639260292053223, 0.11901688575744629, 0.13704919815063477, 0.15277886390686035, 0.1211860179901123, 0.147597074508667, 0.1584470272064209, 0.13520216941833496, 0.14529204368591309, 0.14897632598876953, 0.10902047157287598, 0.13705158233642578, 0.17066454887390137, 0.13636016845703125, 0.1678788661956787, 0.1200716495513916, 0.14278960227966309, 0.16390681266784668, 0.10127973556518555, 0.13494539260864258, 0.17769265174865723, 0.0955047607421875, 0.1379697322845459, 0.15711712837219238, 0.13145732879638672, 0.12612342834472656, 0.16099143028259277, 0.1454930305480957, 0.13425970077514648, 0.15190529823303223, 0.13999652862548828, 0.1345353126525879, 0.16268563270568848, 0.10262632369995117, 0.13866209983825684, 0.1762073040008545, 0.10716462135314941, 0.12068557739257812, 0.16198062896728516, 0.13945245742797852, 0.12558412551879883, 0.15450501441955566, 0.12847089767456055, 0.13878774642944336, 0.1586928367614746, 0.11452960968017578, 0.10817670822143555, 0.1435530185699463, 0.16670680046081543, 0.12056994438171387, 0.1383533477783203, 0.13765215873718262, 0.11406540870666504, 0.13800287246704102, 0.15891456604003906, 0.12635517120361328, 0.136519193649292, 0.11568355560302734, 0.13282561302185059, 0.15808725357055664, 0.11329841613769531, 0.12851381301879883, 0.16663074493408203, 0.09933638572692871, 0.13008975982666016, 0.14641976356506348, 0.1429123878479004, 0.13287973403930664, 0.14691948890686035, 0.1523289680480957, 0.12052106857299805, 0.132843017578125, 0.15042781829833984, 0.11725139617919922, 0.15620112419128418, 0.11793255805969238, 0.12396430969238281, 0.1509850025177002, 0.13950157165527344, 0.13070392608642578, 