{"ID": 2, "inference time": [6.943491220474243, 0.03579998016357422, 0.03592705726623535, 0.032896995544433594, 0.03436565399169922, 0.035527706146240234, 0.032646894454956055, 0.03764772415161133, 0.03713846206665039, 0.03766202926635742, 0.03993988037109375, 0.03906536102294922, 0.03812694549560547, 0.03705191612243652, 0.03730893135070801, 0.03804516792297363, 0.03695201873779297, 0.038481712341308594, 0.03986215591430664, 0.0467989444732666, 0.03671526908874512, 0.04565763473510742, 0.036013126373291016, 0.054559946060180664, 0.04656982421875, 0.034307241439819336, 0.04984641075134277, 0.05128788948059082, 0.03663778305053711, 0.04725527763366699, 0.05174136161804199, 0.03838348388671875, 0.04522204399108887, 0.05530714988708496, 0.04575848579406738, 0.03919506072998047, 0.055631160736083984, 0.05227494239807129, 0.05964040756225586, 0.061040639877319336, 0.0561981201171875, 0.08962869644165039, 0.08519196510314941, 0.09317135810852051, 0.08906674385070801, 0.08549714088439941, 0.0933687686920166, 0.08828163146972656, 0.09806227684020996, 0.07628870010375977, 0.0886237621307373, 0.08994269371032715, 0.09409499168395996, 0.06074333190917969, 0.0835578441619873, 0.08601021766662598, 0.09515881538391113, 0.0903310775756836, 0.07178163528442383, 0.08644318580627441, 0.08260941505432129, 0.08825206756591797, 0.08312368392944336, 0.08703804016113281, 0.08402514457702637, 0.08603882789611816, 0.08002138137817383, 0.08437943458557129, 0.08344173431396484, 0.08473944664001465, 0.08929228782653809, 0.08777070045471191, 0.09043693542480469, 0.09842777252197266, 0.08610963821411133, 0.09474635124206543, 0.09365272521972656, 0.09057450294494629, 0.09266495704650879, 0.09917068481445312, 0.08236217498779297, 0.047298431396484375, 0.09134054183959961, 0.0855550765991211, 0.09464192390441895, 0.059098005294799805, 0.04291987419128418, 0.08354663848876953, 0.09111261367797852, 0.08677482604980469, 0.09231233596801758, 0.0947418212890625, 0.08784031867980957, 0.08475136756896973, 0.08623671531677246, 0.09633541107177734, 0.08675408363342285, 0.08471298217773438, 0.08291172981262207, 0.08421707153320312, 0.08782076835632324, 0.09080815315246582, 0.09113812446594238, 0.09598875045776367, 0.09341692924499512, 0.06714510917663574, 0.06523776054382324, 0.04390358924865723, 0.06746053695678711, 0.08364367485046387, 0.08585762977600098, 0.08697152137756348, 0.08601665496826172, 0.0877220630645752, 0.08998990058898926, 0.08863568305969238, 0.08732032775878906, 0.08725905418395996, 0.09755444526672363, 0.05932879447937012, 0.07493257522583008, 0.08895111083984375, 0.08517932891845703, 0.08428645133972168, 0.09505939483642578, 0.0871438980102539, 0.08724856376647949, 0.08777856826782227, 0.09246468544006348, 0.09788918495178223, 0.09488224983215332, 0.09443330764770508, 0.08878445625305176, 0.09029436111450195, 0.08787989616394043, 0.08443546295166016, 0.08437967300415039, 0.07888317108154297, 0.0867621898651123, 0.08280706405639648, 0.08667850494384766, 0.08974504470825195, 0.09500432014465332, 0.04275679588317871, 0.04654502868652344, 0.052591800689697266, 0.05538320541381836, 0.06557774543762207, 0.06753373146057129, 0.07021164894104004, 0.07579803466796875, 0.07944631576538086, 0.08291459083557129, 0.09345841407775879, 0.09058165550231934, 0.09218120574951172, 0.09438037872314453, 0.09317994117736816, 0.09069609642028809, 0.09040117263793945, 0.09054994583129883, 0.08703494071960449, 0.08855605125427246, 0.08786249160766602, 0.08714580535888672, 0.09341168403625488, 0.09177327156066895, 0.08322024345397949, 0.08987307548522949, 0.08916974067687988, 0.09384942054748535, 0.06502413749694824, 0.07074952125549316, 0.0887455940246582, 0.0881648063659668, 0.08989620208740234, 0.0897219181060791, 0.09080052375793457, 0.08881497383117676, 0.08373117446899414, 0.08879876136779785, 0.08999419212341309, 0.08777785301208496, 0.08624553680419922, 0.08753490447998047, 0.09093379974365234, 0.09624505043029785, 0.03961467742919922, 0.0855705738067627, 0.07637572288513184, 0.08958864212036133, 0.0828399658203125, 0.08849358558654785, 0.08932614326477051, 0.08661961555480957, 0.0968782901763916, 0.09687256813049316, 0.08469748497009277, 0.08856582641601562, 0.08688545227050781, 0.09104633331298828, 0.09284448623657227, 0.09040665626525879, 0.0954596996307373, 0.08771085739135742, 0.09032869338989258, 0.0890653133392334, 0.09135293960571289, 0.08268904685974121, 0.08645963668823242, 0.08889389038085938, 0.0873870849609375, 0.09075403213500977, 0.08732867240905762, 0.08897256851196289, 0.0858922004699707, 0.08755016326904297, 0.08129310607910156, 0.08272004127502441, 0.0907435417175293, 0.09295368194580078, 0.05203390121459961, 0.09067749977111816, 0.0948939323425293, 0.09210419654846191, 0.09301233291625977, 0.09554886817932129, 0.09169864654541016, 0.09503316879272461, 0.09367775917053223, 0.09212923049926758, 0.09177041053771973, 0.08672380447387695, 0.08623838424682617, 0.08480596542358398, 0.09240007400512695, 0.09553813934326172, 0.0933675765991211, 0.09426760673522949, 0.08626723289489746, 0.08089518547058105, 0.08464217185974121, 0.08846759796142578, 0.09521055221557617, 0.09472322463989258, 0.09223031997680664, 0.09703278541564941, 0.09156155586242676, 0.08726167678833008, 0.08597016334533691, 0.0850822925567627, 0.08533358573913574, 0.0785818099975586, 0.08785271644592285, 0.08402299880981445, 0.08484840393066406, 0.0776369571685791, 0.08114099502563477, 0.08704781532287598, 0.08440041542053223, 0.0837244987487793, 0.08465123176574707, 0.08652830123901367, 0.08402037620544434, 0.0829627513885498, 0.07959580421447754, 0.08679080009460449, 0.08529925346374512, 0.08727574348449707, 0.09547972679138184, 0.054387807846069336, 0.09104704856872559, 0.06319665908813477, 0.08843612670898438, 0.08330297470092773, 0.08015203475952148, 0.09038639068603516, 0.08574342727661133, 0.07845616340637207, 0.08989953994750977, 0.08709168434143066, 0.08024811744689941, 0.08610129356384277, 0.08467388153076172, 0.08464813232421875, 0.085784912109375, 0.08500337600708008, 0.08505630493164062, 0.08564567565917969, 0.09059572219848633, 0.08688092231750488, 0.09045815467834473, 0.0924983024597168, 0.09001779556274414, 0.0923607349395752, 0.08281469345092773, 0.08663201332092285, 0.08525490760803223, 0.08432888984680176, 0.08406853675842285, 0.08673357963562012, 0.09117913246154785, 0.08346819877624512, 0.04339170455932617, 0.05064058303833008, 0.07019495964050293, 0.08905196189880371, 0.09152340888977051, 0.08066654205322266, 0.09750080108642578, 0.09511709213256836, 0.08820700645446777, 0.08659911155700684, 0.08877682685852051, 0.08482933044433594, 0.08170032501220703, 0.08456707000732422, 0.08525562286376953, 0.08997893333435059, 0.09436774253845215, 0.0916898250579834, 0.08874082565307617, 0.0794670581817627, 0.07891845703125, 0.09583520889282227, 0.04001450538635254, 0.04581809043884277, 0.06377840042114258, 0.09475851058959961, 0.08934259414672852, 0.09079122543334961, 0.08805179595947266, 0.08713674545288086, 0.08255624771118164, 0.07974386215209961, 0.08533644676208496, 0.08771848678588867, 0.0894467830657959, 0.08797621726989746, 0.09206700325012207, 0.08704447746276855, 0.0884404182434082, 0.08672785758972168, 0.0890343189239502, 0.08794736862182617, 0.09844160079956055, 0.04083538055419922, 0.08014249801635742, 0.09325289726257324, 0.09084439277648926, 0.09405755996704102, 0.08932065963745117, 0.08434700965881348, 0.08664989471435547, 0.0853116512298584, 0.08327817916870117, 0.08414578437805176, 0.08562040328979492, 0.08838105201721191, 0.08583426475524902, 0.08798885345458984, 0.09871935844421387, 0.08736634254455566, 0.0903167724609375, 0.08172225952148438, 0.07780861854553223, 0.08586692810058594, 0.08619832992553711, 0.08521771430969238, 0.08606433868408203, 0.08951807022094727, 0.09834837913513184, 0.07366371154785156, 0.09645748138427734, 0.04004383087158203, 0.051561594009399414, 0.06020855903625488, 0.07527399063110352, 0.08223438262939453, 0.08440685272216797, 0.09506607055664062, 