{"ID": 2, "inference time": [0.4729773998260498, 0.16918230056762695, 0.18216252326965332, 0.17708945274353027, 0.181199312210083, 0.1803433895111084, 0.16591739654541016, 0.16881513595581055, 0.18132591247558594, 0.20450425148010254, 0.17161250114440918, 0.18122553825378418, 0.17363214492797852, 0.17345261573791504, 0.1787259578704834, 0.18078875541687012, 0.1732006072998047, 0.18131756782531738, 0.17661738395690918, 0.18915033340454102, 0.16706180572509766, 0.17547178268432617, 0.17795586585998535, 0.17685794830322266, 0.16328191757202148, 0.1742110252380371, 0.19730663299560547, 0.16868805885314941, 0.18445062637329102, 0.17437052726745605, 0.17782139778137207, 0.17871499061584473, 0.17985129356384277, 0.17699742317199707, 0.1775226593017578, 0.1851818561553955, 0.18675804138183594, 0.19065308570861816, 0.1672344207763672, 0.17713522911071777, 0.17442703247070312, 0.20108270645141602, 0.1699209213256836, 0.18497228622436523, 0.17385554313659668, 0.18346667289733887, 0.18607616424560547, 0.17167234420776367, 0.1653425693511963, 0.1765885353088379, 0.18974828720092773, 0.16525053977966309, 0.16937780380249023, 0.16149091720581055, 0.1821892261505127, 0.17552614212036133, 0.16847467422485352, 0.16824746131896973, 0.17241263389587402, 0.20062923431396484, 0.1754438877105713, 0.17868828773498535, 0.1696004867553711, 0.17859506607055664, 0.17518877983093262, 0.16894912719726562, 0.17361116409301758, 0.17168664932250977, 0.1730360984802246, 0.16136860847473145, 0.18180346488952637, 0.18294596672058105, 0.1663813591003418, 0.18023371696472168, 0.16797542572021484, 0.17426061630249023, 0.1772918701171875, 0.16894817352294922, 0.16879558563232422, 0.179473876953125, 0.18739819526672363, 0.16272354125976562, 0.16928458213806152, 0.16526484489440918, 0.1638646125793457, 0.17861270904541016, 0.1588304042816162, 0.1719532012939453, 0.17872309684753418, 0.16858386993408203, 0.16298389434814453, 0.16652202606201172, 0.1963963508605957, 0.16495800018310547, 0.172393798828125, 0.16571474075317383, 0.17441034317016602, 0.17553448677062988, 0.1652688980102539, 0.1698141098022461, 0.17183899879455566, 0.17410039901733398, 0.17099285125732422, 0.17553043365478516, 0.1665360927581787, 0.17042112350463867, 0.18837308883666992, 0.1598200798034668, 0.18469953536987305, 0.17777776718139648, 0.16527199745178223, 0.1748642921447754, 0.17784714698791504, 0.16627001762390137, 0.16788721084594727, 0.20815420150756836, 0.178236722946167, 0.16966819763183594, 0.16577863693237305, 0.1709892749786377, 0.16997122764587402, 0.1732466220855713, 0.16717219352722168, 0.18097901344299316, 0.2003767490386963, 0.18511271476745605, 0.17864394187927246, 0.16733121871948242, 0.1752922534942627, 0.17292475700378418, 0.18705248832702637, 0.16849660873413086, 0.17573308944702148, 0.17421889305114746, 0.16472363471984863, 0.19330930709838867, 0.16063404083251953, 0.186570405960083, 0.17532634735107422, 0.16413021087646484, 0.17260122299194336, 0.17122888565063477, 0.17940521240234375, 0.15964078903198242, 0.17841672897338867, 0.166642427444458, 0.17331314086914062, 0.16982364654541016, 0.16521835327148438, 0.1646862030029297, 0.16991281509399414, 0.19244384765625, 0.16654658317565918, 0.1690514087677002, 0.1703948974609375, 0.1720867156982422, 0.18903303146362305, 0.16936588287353516, 0.16756367683410645, 0.162705659866333, 0.18661069869995117, 0.1647191047668457, 0.166395902633667, 0.1807417869567871, 0.16975855827331543, 0.18213558197021484, 0.16243386268615723, 0.1751258373260498, 0.1690680980682373, 0.17209696769714355, 0.1745011806488037, 0.16876506805419922, 0.18237996101379395, 0.1674952507019043, 0.17343783378601074, 0.16411066055297852, 0.1632671356201172, 0.16968083381652832, 0.16129398345947266, 0.17225337028503418, 0.17891526222229004, 0.18194293975830078, 0.17390775680541992, 0.16359472274780273, 0.17504167556762695, 0.17175054550170898, 0.1674492359161377, 0.17695212364196777, 0.17090559005737305, 0.16369009017944336, 0.1667928695678711, 0.18018460273742676, 0.1567399501800537, 0.1783158779144287, 0.1717691421508789, 0.16210079193115234, 0.17151141166687012, 0.16901373863220215, 0.16690635681152344, 0.16674017906188965, 0.1712942123413086, 0.17275190353393555, 0.1719040870666504, 0.17416071891784668, 0.16312217712402344, 0.16490840911865234, 0.1724567413330078, 0.17029333114624023, 0.16437864303588867, 0.17706942558288574, 0.1684284210205078, 0.1665797233581543, 0.20467257499694824, 0.16298246383666992, 0.1764223575592041, 0.17890167236328125, 0.16206002235412598, 0.17075610160827637, 0.16751909255981445, 0.17534518241882324, 0.16347575187683105, 0.17064476013183594, 0.17859482765197754, 0.1655890941619873, 0.17655110359191895, 0.16271686553955078, 0.16961073875427246, 0.17226195335388184, 0.17197346687316895, 0.17914676666259766, 0.17394351959228516, 0.1848278045654297, 0.16962456703186035, 0.16891145706176758, 0.17803525924682617, 0.1755385398864746, 0.19412732124328613, 0.16141080856323242, 0.180344820022583, 0.1778419017791748, 0.17164063453674316, 0.16332006454467773, 0.1740274429321289, 0.19459772109985352, 0.1709897518157959, 0.18160462379455566, 0.16001009941101074, 0.17656373977661133, 0.17239046096801758, 0.15850114822387695, 0.16864967346191406, 0.1703472137451172, 0.15836024284362793, 0.16651582717895508, 0.17243170738220215, 0.17066645622253418, 0.17552614212036133, 0.17174458503723145, 0.1860649585723877, 0.16554975509643555, 0.20301604270935059, 0.1609344482421875, 0.1847383975982666, 0.1765434741973877, 0.16302037239074707, 0.16672348976135254, 0.17104744911193848, 0.16626954078674316, 0.16413474082946777, 0.17772269248962402, 0.1928269863128662, 0.17137646675109863, 0.19646358489990234, 0.16760897636413574, 0.2110733985900879, 0.16979002952575684, 0.18248987197875977, 0.1805875301361084, 0.17287635803222656, 0.17922520637512207, 0.1830122470855713, 0.17842841148376465, 0.16987943649291992, 0.19191741943359375, 0.1642756462097168, 0.17181801795959473, 0.1884005069732666, 0.16634011268615723, 0.18605947494506836, 0.188401460647583, 0.17480182647705078, 0.167924165725708, 0.18660831451416016, 0.20277619361877441, 0.17439699172973633, 0.18126749992370605, 0.16620516777038574, 0.17350411415100098, 0.17508602142333984, 0.1795797348022461, 0.16451311111450195, 0.1726980209350586, 0.1774609088897705, 0.17389583587646484, 0.17426681518554688, 0.17110562324523926, 0.17021679878234863, 0.17369675636291504, 0.19663071632385254, 0.17273497581481934, 0.17364263534545898, 0.17455625534057617, 0.17180895805358887, 0.18386387825012207, 0.17146658897399902, 0.17054319381713867, 0.17821860313415527, 0.17149710655212402, 0.17966818809509277, 0.1643085479736328, 0.17760586738586426, 0.18848681449890137, 0.16799139976501465, 0.17240524291992188, 0.1776411533355713, 0.17885541915893555, 0.17023706436157227, 0.17317771911621094, 0.19981622695922852, 0.16921353340148926, 0.19615793228149414, 0.16002869606018066, 0.16891741752624512, 0.18323516845703125, 0.16927194595336914, 0.18095946311950684, 0.1761641502380371, 0.17984604835510254, 0.1661989688873291, 0.17218351364135742, 0.19806289672851562, 0.17213082313537598, 0.17809796333312988, 0.18008136749267578, 0.19080591201782227, 0.1817176342010498, 0.17133641242980957, 0.1754457950592041, 0.17117929458618164, 0.18712830543518066, 0.17280197143554688, 0.17018699645996094, 0.19259238243103027, 0.16609692573547363, 0.17052364349365234, 0.1717078685760498, 0.17360639572143555, 0.1861422061920166, 0.17097020149230957, 0.1656053066253662, 0.18105554580688477, 0.1901845932006836, 0.1644432544708252, 0.1761150360107422, 0.17864751815795898, 0.17436861991882324, 0.17669248580932617, 0.16824126243591309, 0.20453119277954102, 0.1803727149963379, 0.18526148796081543, 0.16773104667663574, 0.18347525596618652, 0.1816563606262207, 0.17527246475219727, 0.1730666160583496, 0.1653270721435547, 0.16131830215454102, 0.18233776092529297, 0.1846609115600586, 0.16371726989746094, 0.17298674583435059, 0.16899418830871582, 0.17214202880859375, 0.16607975959777832, 