{"ID": 2, "inference time": [23.7390878200531, 0.11217164993286133, 0.12779474258422852, 0.13650107383728027, 0.10584545135498047, 0.1211388111114502, 0.11992907524108887, 0.08155083656311035, 0.12319302558898926, 0.14188122749328613, 0.0936892032623291, 0.11726713180541992, 0.1264657974243164, 0.08347702026367188, 0.12263703346252441, 0.13901305198669434, 0.08123159408569336, 0.13000178337097168, 0.14754843711853027, 0.10830378532409668, 0.11672186851501465, 0.1345052719116211, 0.08701586723327637, 0.12488198280334473, 0.1380927562713623, 0.0962677001953125, 0.12410092353820801, 0.1573808193206787, 0.08263564109802246, 0.1326608657836914, 0.15688633918762207, 0.0944526195526123, 0.12460041046142578, 0.13697338104248047, 0.08320736885070801, 0.1123661994934082, 0.13222932815551758, 0.08420419692993164, 0.11946511268615723, 0.13559246063232422, 0.09986615180969238, 0.11970353126525879, 0.1235802173614502, 0.08461666107177734, 0.12510895729064941, 0.13709545135498047, 0.09535408020019531, 0.11430716514587402, 0.1347510814666748, 0.0955512523651123, 0.12477469444274902, 0.13213825225830078, 0.08758187294006348, 0.12614655494689941, 0.15238475799560547, 0.0800926685333252, 0.1269373893737793, 0.14058446884155273, 0.10460901260375977, 0.1202082633972168, 0.13313794136047363, 0.08220410346984863, 0.13170289993286133, 0.1477978229522705, 0.08210444450378418, 0.1231544017791748, 0.14232325553894043, 0.10103249549865723, 0.11876177787780762, 0.12527155876159668, 0.09740543365478516, 0.12787461280822754, 0.15145659446716309, 0.08478832244873047, 0.1271381378173828, 0.1405785083770752, 0.11625289916992188, 0.12750530242919922, 0.14455676078796387, 0.11278772354125977, 0.12252593040466309, 0.125779390335083, 0.09490513801574707, 0.12555146217346191, 0.14122676849365234, 0.10355138778686523, 0.12212800979614258, 0.1268784999847412, 0.09165525436401367, 0.12375020980834961, 0.17110776901245117, 0.08975625038146973, 0.12702345848083496, 0.16407275199890137, 0.08804559707641602, 0.12778711318969727, 0.1463327407836914, 0.08729219436645508, 0.13337492942810059, 0.14470815658569336, 0.08297562599182129, 0.1265406608581543, 0.15051937103271484, 0.08829712867736816, 0.12568235397338867, 0.13890743255615234, 0.08641695976257324, 0.12958097457885742, 0.13953638076782227, 0.08536911010742188, 0.1211240291595459, 0.15010929107666016, 0.08315515518188477, 0.13174104690551758, 0.14771246910095215, 0.10956978797912598, 0.12415432929992676, 0.12087726593017578, 0.1123514175415039, 0.13858938217163086, 0.1446669101715088, 0.11112856864929199, 0.1386723518371582, 0.13759613037109375, 0.0978541374206543, 0.13371825218200684, 0.13081955909729004, 0.11015582084655762, 0.14325714111328125, 0.15167832374572754, 0.09280228614807129, 0.13135409355163574, 0.14401865005493164, 0.08619976043701172, 0.12654852867126465, 0.14519381523132324, 0.10134482383728027, 0.12424397468566895, 0.1335463523864746, 0.08808565139770508, 0.12635302543640137, 0.13505220413208008, 0.07892274856567383, 0.12622666358947754, 0.14225363731384277, 0.0901951789855957, 0.13266825675964355, 0.15250444412231445, 0.08725142478942871, 0.12305903434753418, 0.15049076080322266, 0.08478975296020508, 0.12955689430236816, 0.15628838539123535, 0.10569620132446289, 0.1310415267944336, 0.14877080917358398, 0.09034276008605957, 0.12896370887756348, 0.13319778442382812, 0.0947110652923584, 0.13797616958618164, 0.16104960441589355, 0.08498573303222656, 0.132490873336792, 0.14858770370483398, 0.09892058372497559, 0.11975216865539551, 0.13496112823486328, 0.08292698860168457, 0.1156148910522461, 0.11459898948669434, 0.08370733261108398, 0.12617874145507812, 0.14783048629760742, 0.08866739273071289, 0.1308577060699463, 0.1520524024963379, 0.09040427207946777, 0.14438772201538086, 0.1559915542602539, 0.0874943733215332, 0.12924504280090332, 0.14739584922790527, 0.08533096313476562, 0.13508319854736328, 0.1556859016418457, 0.10135173797607422, 0.12170791625976562, 0.13100671768188477, 0.08993363380432129, 0.12103915214538574, 0.131058931350708, 0.11801719665527344, 0.11876988410949707, 0.10615134239196777, 0.09162521362304688, 0.12804007530212402, 0.1490004062652588, 0.10427975654602051, 0.14141440391540527, 0.14481377601623535, 0.09681129455566406, 0.1316843032836914, 0.14262843132019043, 0.0895085334777832, 0.12723970413208008, 0.14019203186035156, 0.0853726863861084, 0.12417006492614746, 0.11632728576660156, 0.09006237983703613, 0.1302483081817627, 0.13684582710266113, 0.08563041687011719, 0.13285470008850098, 0.15283799171447754, 0.10230398178100586, 0.13591217994689941, 0.14164423942565918, 0.1075279712677002, 0.12307381629943848, 0.11910653114318848, 0.09025192260742188, 0.12807798385620117, 0.12459993362426758, 0.10799360275268555, 0.12723779678344727, 0.14637422561645508, 0.0951230525970459, 0.13412833213806152, 0.15340137481689453, 0.08446002006530762, 0.12295269966125488, 0.15666723251342773, 0.07792520523071289, 0.13007879257202148, 0.16411113739013672, 0.0824747085571289, 0.13956332206726074, 0.16953682899475098, 0.0894465446472168, 0.13560271263122559, 0.1605522632598877, 0.08950686454772949, 0.12683677673339844, 0.15038776397705078, 0.08661150932312012, 0.1387498378753662, 0.1626605987548828, 0.08690333366394043, 0.13575029373168945, 0.14389324188232422, 0.09159994125366211, 0.13080286979675293, 0.13944768905639648, 0.09205079078674316, 0.12894105911254883, 0.13465332984924316, 0.09422492980957031, 0.11470985412597656, 0.13005781173706055, 0.08380937576293945, 0.12385416030883789, 0.15329456329345703, 0.09205865859985352, 0.1307811737060547, 0.1369631290435791, 0.08425688743591309, 0.12618041038513184, 0.13718175888061523, 0.08488941192626953, 0.13504266738891602, 0.14334869384765625, 0.10197639465332031, 0.12560057640075684, 0.13951492309570312, 0.07978248596191406, 0.1302638053894043, 0.15228772163391113, 0.09087944030761719, 0.1339888572692871, 0.14635515213012695, 0.08729124069213867, 0.12749361991882324, 0.13767528533935547, 0.08260154724121094, 0.1321258544921875, 0.16186738014221191, 0.08528876304626465, 0.13779234886169434, 0.14682483673095703, 0.09576749801635742, 0.13577723503112793, 0.16573667526245117, 0.08726119995117188, 0.13130807876586914, 0.14826393127441406, 0.08874917030334473, 0.13370275497436523, 0.13937091827392578, 0.092559814453125, 0.1273195743560791, 0.149125337600708, 0.09722685813903809, 0.13809990882873535, 0.14461350440979004, 0.08208656311035156, 0.12561511993408203, 0.13766908645629883, 0.08701038360595703, 0.13439178466796875, 0.1458756923675537, 0.08362317085266113, 0.13728976249694824, 0.15191650390625, 0.08461499214172363, 0.12886786460876465, 0.15309381484985352, 0.07838225364685059, 0.12680292129516602, 0.1499321460723877, 0.09835624694824219, 0.13204407691955566, 0.14476561546325684, 0.1024320125579834, 0.1263110637664795, 0.13515067100524902, 0.0840766429901123, 0.1357560157775879, 0.1475844383239746, 0.08430790901184082, 0.13809633255004883, 0.14913606643676758, 0.09764337539672852, 0.1304471492767334, 0.14345216751098633, 0.07976102828979492, 0.13254761695861816, 0.15829062461853027, 0.07813620567321777, 0.1376206874847412, 0.14592266082763672, 0.08826851844787598, 0.14158105850219727, 0.153761625289917, 0.0851285457611084, 0.1345982551574707, 0.1480872631072998, 0.09806704521179199, 0.13315510749816895, 0.13924407958984375, 0.09315800666809082, 0.13189053535461426, 0.15159964561462402, 0.0856637954711914, 0.14372777938842773, 0.13856005668640137, 0.08393073081970215, 0.13165545463562012, 0.14013195037841797, 0.08461785316467285, 0.13080072402954102, 0.1547985076904297, 0.08395719528198242, 0.13576412200927734, 0.1595923900604248, 0.08605241775512695, 0.12980866432189941, 0.1395113468170166, 0.09326767921447754, 0.13517189025878906, 0.15467524528503418, 0.09654974937438965, 0.13045310974121094, 0.14201855659484863, 0.0866243839263916, 0.1307680606842041, 0.15284299850463867, 0.0799098014831543, 0.130263090133667, 0.14716768264770508, 0.0824270248413086, 0.1263730525970459, 