{"ID": 4, "inference time": [13.714244604110718, 0.06429457664489746, 0.04669499397277832, 0.09636402130126953, 0.05015063285827637, 0.04870891571044922, 0.04473471641540527, 0.04574012756347656, 0.04435443878173828, 0.045968055725097656, 0.06513571739196777, 0.05487060546875, 0.044548988342285156, 0.0539548397064209, 0.04535388946533203, 0.04517006874084473, 0.05547833442687988, 0.05868792533874512, 0.046408653259277344, 0.057158708572387695, 0.054174184799194336, 0.045203447341918945, 0.04730939865112305, 0.04404807090759277, 0.04669642448425293, 0.04588794708251953, 0.05126953125, 0.045334577560424805, 0.04429292678833008, 0.050184011459350586, 0.04601430892944336, 0.04611372947692871, 0.04972267150878906, 0.044515132904052734, 0.045111656188964844, 0.045247554779052734, 0.10935592651367188, 0.06476759910583496, 0.08320093154907227, 0.05964374542236328, 0.11231851577758789, 0.06289172172546387, 0.06466436386108398, 0.06432461738586426, 0.045212507247924805, 0.06218576431274414, 0.06542658805847168, 0.0438997745513916, 0.06250500679016113, 0.06523609161376953, 0.04260897636413574, 0.06253361701965332, 0.06661391258239746, 0.04290890693664551, 0.06181454658508301, 0.06540799140930176, 0.04638361930847168, 0.06257128715515137, 0.06752252578735352, 0.04503655433654785, 0.061892032623291016, 0.06858038902282715, 0.04790091514587402, 0.06379365921020508, 0.06676220893859863, 0.052874088287353516, 0.06309723854064941, 0.06655240058898926, 0.04906201362609863, 0.06181502342224121, 0.0671377182006836, 0.055840253829956055, 0.0637824535369873, 0.06959795951843262, 0.0574491024017334, 0.06377458572387695, 0.06669378280639648, 0.05754446983337402, 0.06312990188598633, 0.0714113712310791, 0.05743098258972168, 0.06230759620666504, 0.06747007369995117, 0.05782890319824219, 0.06441593170166016, 0.06848025321960449, 0.057190895080566406, 0.06322669982910156, 0.06957697868347168, 0.05388903617858887, 0.06441736221313477, 0.07063460350036621, 0.07330513000488281, 0.05749964714050293, 0.06722617149353027, 0.05396890640258789, 0.06459450721740723, 0.07097578048706055, 0.07002902030944824, 0.06655764579772949, 0.07220697402954102, 0.04303479194641113, 0.06280732154846191, 0.0690915584564209, 0.057970523834228516, 0.0649268627166748, 0.06892108917236328, 0.05736136436462402, 0.06306195259094238, 0.06975769996643066, 0.056273698806762695, 0.06366467475891113, 0.06917810440063477, 0.05392742156982422, 0.06391739845275879, 0.06988048553466797, 0.060769081115722656, 0.06325197219848633, 0.07025980949401855, 0.056992530822753906, 0.06339740753173828, 0.06983685493469238, 0.058768272399902344, 0.06638383865356445, 0.07102322578430176, 0.051210641860961914, 0.0632622241973877, 0.06761431694030762, 0.05721545219421387, 0.0653071403503418, 0.0694892406463623, 0.05834484100341797, 0.06308531761169434, 0.06841564178466797, 0.058367252349853516, 0.06360650062561035, 0.06948280334472656, 0.0577845573425293, 0.06395721435546875, 0.0702962875366211, 0.05902290344238281, 0.06304097175598145, 0.06985783576965332, 0.05547451972961426, 0.0641782283782959, 0.06920099258422852, 0.0529484748840332, 0.0634160041809082, 0.06983113288879395, 0.06035733222961426, 0.06322979927062988, 0.06947612762451172, 0.05703330039978027, 0.06553101539611816, 0.06957125663757324, 0.06964492797851562, 0.06616640090942383, 0.07030272483825684, 0.05925154685974121, 0.06270980834960938, 0.0658111572265625, 0.04868888854980469, 0.06206488609313965, 0.06418251991271973, 0.047376155853271484, 0.060068607330322266, 0.06603193283081055, 0.056236982345581055, 0.06355404853820801, 0.06646466255187988, 0.051523685455322266, 0.06274080276489258, 0.0642549991607666, 0.05261063575744629, 0.06239485740661621, 0.0675361156463623, 0.05542421340942383, 0.06197977066040039, 0.06915616989135742, 0.05471205711364746, 0.06132078170776367, 0.06708145141601562, 0.05045676231384277, 0.06225848197937012, 0.06895899772644043, 0.06012415885925293, 0.06251859664916992, 0.06979942321777344, 0.057344913482666016, 0.06502175331115723, 0.06764411926269531, 0.06151628494262695, 0.06308698654174805, 0.06751775741577148, 0.05590701103210449, 0.06251358985900879, 0.06794857978820801, 0.04568886756896973, 0.060135602951049805, 0.06407642364501953, 0.04987668991088867, 0.061767578125, 0.06332755088806152, 0.044799089431762695, 0.06099390983581543, 0.06631803512573242, 0.062207698822021484, 0.06104421615600586, 0.07310986518859863, 0.07354879379272461, 0.05616950988769531, 0.06297659873962402, 0.05136585235595703, 0.059824466705322266, 0.06327486038208008, 0.05420279502868652, 0.06229567527770996, 0.06808590888977051, 0.05627322196960449, 0.061655521392822266, 0.0690913200378418, 0.055381059646606445, 0.06097292900085449, 0.06258559226989746, 0.0471954345703125, 0.0613856315612793, 0.06243395805358887, 0.04631853103637695, 0.060620784759521484, 0.06207633018493652, 0.057326555252075195, 0.060959815979003906, 0.0699319839477539, 0.05493903160095215, 0.06156110763549805, 0.06842207908630371, 0.06508851051330566, 0.0621795654296875, 0.07056093215942383, 0.06976509094238281, 0.06285238265991211, 0.06199479103088379, 0.04800844192504883, 0.05870199203491211, 0.06344747543334961, 0.05330777168273926, 0.06123661994934082, 0.0705561637878418, 0.06159257888793945, 0.06132936477661133, 0.0636754035949707, 0.04967617988586426, 0.06283354759216309, 0.06823444366455078, 0.062062978744506836, 0.060416460037231445, 0.06779694557189941, 0.05819296836853027, 0.06165599822998047, 0.0680685043334961, 0.058002471923828125, 0.060964107513427734, 0.06894254684448242, 0.05479836463928223, 0.062320709228515625, 0.06336116790771484, 0.05951499938964844, 0.06049919128417969, 0.06728291511535645, 0.06027865409851074, 0.06228017807006836, 0.06348156929016113, 0.059911251068115234, 0.06148052215576172, 0.06850409507751465, 0.057390689849853516, 0.06479167938232422, 0.06771278381347656, 0.061659812927246094, 0.05936288833618164, 0.06589651107788086, 0.06050896644592285, 0.06218123435974121, 0.06789422035217285, 0.05929207801818848, 0.0594332218170166, 0.06698203086853027, 0.061051130294799805, 0.06081652641296387, 0.06493902206420898, 0.055715322494506836, 0.060582637786865234, 0.06638216972351074, 0.06293988227844238, 0.061287879943847656, 0.06518411636352539, 0.05677151679992676, 0.05952119827270508, 0.06598258018493652, 0.0583500862121582, 0.05954861640930176, 0.06905150413513184, 0.08131814002990723, 0.060845375061035156, 0.06379246711730957, 0.057297706604003906, 0.06180715560913086, 0.06469130516052246, 0.05086541175842285, 0.05806612968444824, 0.0639188289642334, 0.05617547035217285, 0.05986642837524414, 0.06613826751708984, 0.05675458908081055, 0.05812358856201172, 0.06551551818847656, 0.061697959899902344, 0.058684587478637695, 0.06370878219604492, 0.059197425842285156, 0.058139801025390625, 0.06674313545227051, 0.05605721473693848, 0.0594329833984375, 0.06544327735900879, 0.05604434013366699, 0.06014537811279297, 0.06623673439025879, 0.05701613426208496, 0.059212446212768555, 0.06726312637329102, 0.059557199478149414, 0.06094622611999512, 0.06699228286743164, 0.05726313591003418, 0.05987095832824707, 0.06325507164001465, 0.05526852607727051, 0.05732440948486328, 0.0656578540802002, 0.0550234317779541, 0.057851314544677734, 0.06343650817871094, 0.058220863342285156, 0.05932784080505371, 0.06441617012023926, 0.05826568603515625, 0.05924415588378906, 0.06639933586120605, 0.05430340766906738, 0.057227373123168945, 0.06521368026733398, 0.05932211875915527, 0.05721402168273926, 0.06634116172790527, 0.05570697784423828, 0.05754971504211426, 0.06726813316345215, 0.06042289733886719, 0.05733752250671387, 0.06415772438049316, 0.06087517738342285, 0.05698132514953613, 0.06879019737243652, 0.057868003845214844, 0.05978512763977051, 0.06470465660095215, 0.06279420852661133, 0.056212425231933594, 0.06638884544372559, 0.05750393867492676, 0.05842304229736328, 0.06635141372680664, 0.056705474853515625, 0.05732011795043945, 0.06696224212646484, 0.05833840370178223, 