{"ID": 6, "inference time": [23.114705324172974, 0.07857728004455566, 0.13658452033996582, 0.09117603302001953, 0.08508038520812988, 0.10578656196594238, 0.08222126960754395, 0.08232235908508301, 0.1107795238494873, 0.0805814266204834, 0.08063840866088867, 0.10955333709716797, 0.08214640617370605, 0.08613204956054688, 0.10602951049804688, 0.08527636528015137, 0.08301115036010742, 0.10966610908508301, 0.08536982536315918, 0.08603215217590332, 0.11804580688476562, 0.08542251586914062, 0.08572030067443848, 0.10949325561523438, 0.0823066234588623, 0.08611655235290527, 0.11735844612121582, 0.0915989875793457, 0.08054494857788086, 0.11427712440490723, 0.09933757781982422, 0.08245658874511719, 0.11300468444824219, 0.0938720703125, 0.09010028839111328, 0.11749577522277832, 0.07998967170715332, 0.0872490406036377, 0.11246228218078613, 0.08519792556762695, 0.08311247825622559, 0.11826181411743164, 0.08371591567993164, 0.08800411224365234, 0.1207723617553711, 0.08154606819152832, 0.08201456069946289, 0.11771941184997559, 0.0818929672241211, 0.0851740837097168, 0.12145662307739258, 0.08725404739379883, 0.08373475074768066, 0.11213898658752441, 0.08002090454101562, 0.07843017578125, 0.10264015197753906, 0.09099459648132324, 0.08039164543151855, 0.10894298553466797, 0.08105301856994629, 0.0798490047454834, 0.09274506568908691, 0.0788874626159668, 0.08275914192199707, 0.11300277709960938, 0.07478570938110352, 0.09438824653625488, 0.10900282859802246, 0.07816314697265625, 0.08645296096801758, 0.10866546630859375, 0.08020782470703125, 0.0822901725769043, 0.11673808097839355, 0.08324527740478516, 0.07886528968811035, 0.11489701271057129, 0.0792546272277832, 0.08356809616088867, 0.11382365226745605, 0.07689237594604492, 0.08769774436950684, 0.11752796173095703, 0.07907533645629883, 0.08813667297363281, 0.11028480529785156, 0.07950472831726074, 0.08217406272888184, 0.1125032901763916, 0.07988882064819336, 0.08040833473205566, 0.11162734031677246, 0.08099246025085449, 0.08362436294555664, 0.10393881797790527, 0.08119988441467285, 0.08410477638244629, 0.11919713020324707, 0.0777590274810791, 0.08625483512878418, 0.10639715194702148, 0.07924747467041016, 0.0919344425201416, 0.11424756050109863, 0.07693076133728027, 0.08660435676574707, 0.11326074600219727, 0.09253978729248047, 0.08621978759765625, 0.11734724044799805, 0.08242535591125488, 0.0859978199005127, 0.11129117012023926, 0.08229684829711914, 0.08009052276611328, 0.11245608329772949, 0.07178449630737305, 0.07874536514282227, 0.10139679908752441, 0.07017374038696289, 0.08767080307006836, 0.10420346260070801, 0.0805196762084961, 0.0872340202331543, 0.11058521270751953, 0.08803844451904297, 0.08197212219238281, 0.11623191833496094, 0.08037018775939941, 0.08037447929382324, 0.11157846450805664, 0.08083677291870117, 0.08624863624572754, 0.10898995399475098, 0.09183120727539062, 0.08191514015197754, 0.11448979377746582, 0.08341097831726074, 0.08813667297363281, 0.11690926551818848, 0.08693194389343262, 0.08213114738464355, 0.11133694648742676, 0.08819365501403809, 0.08342456817626953, 0.1126546859741211, 0.07654809951782227, 0.08783912658691406, 0.11226868629455566, 0.07700085639953613, 0.08321881294250488, 0.10981416702270508, 0.07871484756469727, 0.09127235412597656, 0.1143343448638916, 0.0806272029876709, 0.08133292198181152, 0.11097598075866699, 0.0884859561920166, 0.08579468727111816, 0.1097726821899414, 0.08247518539428711, 0.09043574333190918, 0.11299872398376465, 0.08748364448547363, 0.08242058753967285, 0.11363577842712402, 0.07929801940917969, 0.08897948265075684, 0.11470293998718262, 0.08133101463317871, 0.08292579650878906, 0.10033583641052246, 0.08933424949645996, 0.08121919631958008, 0.1149282455444336, 0.08283209800720215, 0.0821385383605957, 0.11175155639648438, 0.0787193775177002, 0.08830046653747559, 0.11540675163269043, 0.0875093936920166, 0.0891108512878418, 0.11303162574768066, 0.08292889595031738, 0.0870506763458252, 0.10579037666320801, 0.0816352367401123, 0.08904862403869629, 0.1120309829711914, 0.08565664291381836, 0.08662533760070801, 0.11816287040710449, 0.08548736572265625, 0.08343839645385742, 0.1145181655883789, 0.08521080017089844, 0.09189915657043457, 0.1125478744506836, 0.0765066146850586, 0.08931732177734375, 0.08997201919555664, 0.08233404159545898, 0.09132552146911621, 0.11263632774353027, 0.08632302284240723, 0.08248186111450195, 0.11374115943908691, 0.08477210998535156, 0.09389948844909668, 0.11303949356079102, 0.09001636505126953, 0.08572983741760254, 0.11482691764831543, 0.07912969589233398, 0.09216809272766113, 0.11297774314880371, 0.08209347724914551, 0.08242630958557129, 0.10858941078186035, 0.07477784156799316, 0.08968162536621094, 0.11921572685241699, 0.09095454216003418, 0.08243799209594727, 0.11230301856994629, 0.09676074981689453, 0.08698248863220215, 0.11079955101013184, 0.07796549797058105, 0.07992029190063477, 0.11254501342773438, 0.09091520309448242, 0.08644366264343262, 0.11184930801391602, 0.07975411415100098, 0.08103728294372559, 0.11476325988769531, 0.08647918701171875, 0.09305119514465332, 0.11634159088134766, 0.09021854400634766, 0.08929133415222168, 0.1182100772857666, 0.08479094505310059, 0.08460259437561035, 0.11014771461486816, 0.07732939720153809, 0.0925595760345459, 0.10535168647766113, 0.0822911262512207, 0.08420681953430176, 0.11453700065612793, 0.08307027816772461, 0.09489583969116211, 0.1127631664276123, 0.07974696159362793, 0.08831286430358887, 0.11805272102355957, 0.08986806869506836, 0.09268879890441895, 0.12160682678222656, 0.08489704132080078, 0.09177589416503906, 0.10864663124084473, 0.09264445304870605, 0.09002161026000977, 0.1150057315826416, 0.08431744575500488, 0.08538055419921875, 0.10779857635498047, 0.0825192928314209, 0.08344483375549316, 0.11380624771118164, 0.07811427116394043, 0.08292984962463379, 0.10783648490905762, 0.07850241661071777, 0.08657383918762207, 0.11621308326721191, 0.07872653007507324, 0.0855875015258789, 0.11283278465270996, 0.07831954956054688, 0.08218026161193848, 0.11420488357543945, 0.07854032516479492, 0.08437943458557129, 0.12014508247375488, 0.08039712905883789, 0.08273053169250488, 0.11759305000305176, 0.08281230926513672, 0.09409475326538086, 0.11197042465209961, 0.0863044261932373, 0.08399462699890137, 0.11108851432800293, 0.0848541259765625, 0.08472681045532227, 0.11400389671325684, 0.08752870559692383, 0.08116364479064941, 0.1086585521697998, 0.0881338119506836, 0.08689379692077637, 0.10961651802062988, 0.0827951431274414, 0.0856163501739502, 0.11745834350585938, 0.08029580116271973, 0.08145689964294434, 0.10875511169433594, 0.08590960502624512, 0.08793282508850098, 0.11203122138977051, 0.07936525344848633, 0.08683085441589355, 0.1128079891204834, 0.08190441131591797, 0.08917689323425293, 0.11514639854431152, 0.07878756523132324, 0.08815574645996094, 0.11379790306091309, 0.07604408264160156, 0.08579039573669434, 0.11159801483154297, 0.07899022102355957, 0.08727264404296875, 0.10796236991882324, 0.07749176025390625, 0.08437371253967285, 0.10928630828857422, 0.07742547988891602, 0.0875387191772461, 0.10857009887695312, 0.07890057563781738, 0.08622121810913086, 0.10786676406860352, 0.08405208587646484, 0.08629035949707031, 0.11288332939147949, 0.08189201354980469, 0.09207034111022949, 0.10296893119812012, 0.08783555030822754, 0.08659887313842773, 0.10965752601623535, 0.08058476448059082, 0.08995532989501953, 0.11504220962524414, 0.08603835105895996, 0.08530569076538086, 0.11580443382263184, 0.08533000946044922, 0.08721661567687988, 0.11249494552612305, 0.0813741683959961, 0.08196568489074707, 0.11226105690002441, 0.08314228057861328, 0.08651947975158691, 0.11291027069091797, 0.08911323547363281, 0.08496260643005371, 0.1127469539642334, 0.08019709587097168, 0.08935046195983887, 0.11817145347595215, 0.08039116859436035, 0.08432340621948242, 0.10958337783813477, 0.07938528060913086, 0.0875861644744873, 0.10968685150146484, 0.09039497375488281, 0.08228945732116699, 0.11960339546203613, 0.08171486854553223, 