{"ID": 5, "inference time": [12.93320631980896, 0.05735659599304199, 0.04445600509643555, 0.08456110954284668, 0.05330181121826172, 0.09400367736816406, 0.045781850814819336, 0.04202747344970703, 0.08295106887817383, 0.04319405555725098, 0.04385948181152344, 0.09061551094055176, 0.041283607482910156, 0.04435276985168457, 0.08647584915161133, 0.04231834411621094, 0.06405115127563477, 0.08439373970031738, 0.04114174842834473, 0.05266547203063965, 0.09073042869567871, 0.04066014289855957, 0.04337954521179199, 0.08803606033325195, 0.03972482681274414, 0.045041799545288086, 0.08572721481323242, 0.04037284851074219, 0.043424367904663086, 0.08455371856689453, 0.04074811935424805, 0.04040384292602539, 0.0940709114074707, 0.04052591323852539, 0.03927206993103027, 0.08676838874816895, 0.043448686599731445, 0.041749000549316406, 0.14453673362731934, 0.06607556343078613, 0.1254284381866455, 0.10771369934082031, 0.14275050163269043, 0.0838479995727539, 0.12257575988769531, 0.05692720413208008, 0.06537938117980957, 0.11743283271789551, 0.05364346504211426, 0.07014322280883789, 0.1138908863067627, 0.05954241752624512, 0.06594586372375488, 0.12247848510742188, 0.05566716194152832, 0.06421351432800293, 0.11362147331237793, 0.05832052230834961, 0.07060027122497559, 0.11470699310302734, 0.057198286056518555, 0.06449151039123535, 0.1129460334777832, 0.06344318389892578, 0.06874203681945801, 0.11480712890625, 0.05558300018310547, 0.06318092346191406, 0.1100616455078125, 0.056014299392700195, 0.06208658218383789, 0.10993194580078125, 0.06300973892211914, 0.0619206428527832, 0.11315393447875977, 0.05992603302001953, 0.06337857246398926, 0.11107373237609863, 0.05569314956665039, 0.06197333335876465, 0.11089396476745605, 0.062098026275634766, 0.06318044662475586, 0.11025118827819824, 0.05623650550842285, 0.06500649452209473, 0.11384749412536621, 0.05807781219482422, 0.06202363967895508, 0.11063838005065918, 0.059911489486694336, 0.0626688003540039, 0.10984539985656738, 0.06206154823303223, 0.07457709312438965, 0.11774158477783203, 0.07740235328674316, 0.06451058387756348, 0.1102745532989502, 0.06147623062133789, 0.07350826263427734, 0.11294412612915039, 0.09085607528686523, 0.07603645324707031, 0.1179499626159668, 0.06028437614440918, 0.06220197677612305, 0.11528182029724121, 0.05829811096191406, 0.06269383430480957, 0.10917329788208008, 0.06114649772644043, 0.06228303909301758, 0.10911846160888672, 0.05837845802307129, 0.05957937240600586, 0.10960030555725098, 0.06115412712097168, 0.0665140151977539, 0.11144280433654785, 0.06032228469848633, 0.06173300743103027, 0.10869669914245605, 0.05882096290588379, 0.06009101867675781, 0.11542129516601562, 0.060622453689575195, 0.061927080154418945, 0.11161661148071289, 0.05556464195251465, 0.06012535095214844, 0.11167263984680176, 0.06117510795593262, 0.06489872932434082, 0.10918235778808594, 0.05652284622192383, 0.06212043762207031, 0.10742592811584473, 0.05941200256347656, 0.06349682807922363, 0.10563516616821289, 0.05957627296447754, 0.06585144996643066, 0.10988402366638184, 0.05870199203491211, 0.06213736534118652, 0.10829472541809082, 0.06242775917053223, 0.059015512466430664, 0.1096186637878418, 0.0595858097076416, 0.0670628547668457, 0.10590863227844238, 0.058077335357666016, 0.06004929542541504, 0.11102867126464844, 0.0581815242767334, 0.07053780555725098, 0.10345745086669922, 0.08273792266845703, 0.0867161750793457, 0.12204718589782715, 0.05938529968261719, 0.06879615783691406, 0.11530756950378418, 0.060437679290771484, 0.05941200256347656, 0.11384773254394531, 0.0580601692199707, 0.0598905086517334, 0.10679006576538086, 0.06098222732543945, 0.06371927261352539, 0.10832715034484863, 0.056886911392211914, 0.06331253051757812, 0.10543274879455566, 0.05863213539123535, 0.0613706111907959, 0.10520529747009277, 0.05932331085205078, 0.06094551086425781, 0.10699892044067383, 0.06389665603637695, 0.06523346900939941, 0.10668730735778809, 0.05792999267578125, 0.06610369682312012, 0.10844874382019043, 0.062185049057006836, 0.0606231689453125, 0.11380600929260254, 0.058120012283325195, 0.060773611068725586, 0.10959315299987793, 0.0613100528717041, 0.05871248245239258, 0.10878682136535645, 0.054834842681884766, 0.060289859771728516, 0.10779428482055664, 0.0614776611328125, 0.060906171798706055, 0.10958600044250488, 0.05141735076904297, 0.06737709045410156, 0.1118466854095459, 0.058774471282958984, 0.0691370964050293, 0.10633134841918945, 0.06390070915222168, 0.07389092445373535, 0.1109156608581543, 0.06356382369995117, 0.060735225677490234, 0.10908007621765137, 0.05296182632446289, 0.061312198638916016, 0.10594534873962402, 0.05821800231933594, 0.06097126007080078, 0.10530996322631836, 0.059262752532958984, 0.05887007713317871, 0.10466122627258301, 0.05222272872924805, 0.06783032417297363, 0.11811351776123047, 0.05276155471801758, 0.07031989097595215, 0.11548638343811035, 0.05141592025756836, 0.06836819648742676, 0.10591816902160645, 0.06155967712402344, 0.06022453308105469, 0.10740089416503906, 0.05926394462585449, 0.06764769554138184, 0.1008603572845459, 0.05871915817260742, 0.07193422317504883, 0.10869288444519043, 0.08251094818115234, 0.07227873802185059, 0.10875391960144043, 0.05170488357543945, 0.05983114242553711, 0.10456681251525879, 0.0624241828918457, 0.06469273567199707, 0.10663151741027832, 0.0570683479309082, 0.061161041259765625, 0.10676789283752441, 0.05691361427307129, 0.0608365535736084, 0.1071469783782959, 0.05936551094055176, 0.06435751914978027, 0.10395073890686035, 0.05768847465515137, 0.0601043701171875, 0.10398697853088379, 0.05740523338317871, 0.06480741500854492, 0.10811352729797363, 0.0538334846496582, 0.06528997421264648, 0.10426473617553711, 0.054918766021728516, 0.06126880645751953, 0.10477328300476074, 0.05252957344055176, 0.059584617614746094, 0.10415029525756836, 0.056035757064819336, 0.06239962577819824, 0.11119246482849121, 0.056058645248413086, 0.06296467781066895, 0.10285806655883789, 0.053854942321777344, 0.06710195541381836, 0.10272741317749023, 0.055722713470458984, 0.05994153022766113, 0.10144948959350586, 0.05431365966796875, 0.06466174125671387, 0.10323762893676758, 0.05466294288635254, 0.06438684463500977, 0.103851318359375, 0.05250692367553711, 0.06817841529846191, 0.10528206825256348, 0.056220293045043945, 0.05957603454589844, 0.10451817512512207, 0.059813499450683594, 0.06304526329040527, 0.10252928733825684, 0.06118917465209961, 0.07411670684814453, 0.11929798126220703, 0.05384087562561035, 0.06605744361877441, 0.10506510734558105, 0.0543973445892334, 0.0585479736328125, 0.09747886657714844, 0.05594611167907715, 0.06253910064697266, 0.10276055335998535, 0.05701446533203125, 0.0627143383026123, 0.10021209716796875, 0.05496025085449219, 0.06379842758178711, 0.1020362377166748, 0.05429792404174805, 0.06262850761413574, 0.10225224494934082, 0.05456256866455078, 0.060534000396728516, 0.10044980049133301, 0.05590081214904785, 0.05816912651062012, 0.10210657119750977, 0.05426907539367676, 0.05814933776855469, 0.09929943084716797, 0.05408978462219238, 0.06180906295776367, 0.10857605934143066, 0.052724361419677734, 0.06528949737548828, 0.1021571159362793, 0.05482649803161621, 0.07264876365661621, 0.09942865371704102, 0.05495119094848633, 0.06714344024658203, 0.0995180606842041, 0.05635952949523926, 0.07100224494934082, 0.1004638671875, 0.05318808555603027, 0.07634568214416504, 0.10235214233398438, 0.05350351333618164, 0.05377388000488281, 0.09941291809082031, 0.059737205505371094, 0.06769227981567383, 0.10102200508117676, 0.054540157318115234, 0.05863189697265625, 0.10212898254394531, 0.05505681037902832, 0.06297850608825684, 0.10169339179992676, 0.05314970016479492, 0.06418943405151367, 0.0995173454284668, 0.0578618049621582, 0.057532548904418945, 0.10215425491333008, 0.05529642105102539, 0.06054329872131348, 0.09969282150268555, 0.057543039321899414, 0.060745954513549805, 0.1012568473815918, 0.057491302490234375, 0.06275773048400879, 0.10097718238830566, 0.05579972267150879, 0.061102867126464844,