{"ID": 2, "inference time": [13.267772674560547, 0.10147595405578613, 0.09663939476013184, 0.09786868095397949, 0.0983574390411377, 0.09725260734558105, 0.09750914573669434, 0.12403249740600586, 0.12502217292785645, 0.08354997634887695, 0.10389089584350586, 0.11769294738769531, 0.08554768562316895, 0.10490560531616211, 0.10657644271850586, 0.07567095756530762, 0.09311056137084961, 0.11227607727050781, 0.08713245391845703, 0.10538244247436523, 0.11200666427612305, 0.075469970703125, 0.09125614166259766, 0.11574602127075195, 0.07882118225097656, 0.10684776306152344, 0.11575007438659668, 0.07805275917053223, 0.08742117881774902, 0.1162261962890625, 0.08293628692626953, 0.1042013168334961, 0.1155996322631836, 0.07814407348632812, 0.09549760818481445, 0.11219644546508789, 0.08493900299072266, 0.09593081474304199, 0.11405682563781738, 0.07503223419189453, 0.09627151489257812, 0.11426401138305664, 0.08614993095397949, 0.09146308898925781, 0.11049318313598633, 0.07942509651184082, 0.09833478927612305, 0.11222386360168457, 0.0808720588684082, 0.10283851623535156, 0.1056983470916748, 0.07625365257263184, 0.09379029273986816, 0.11346697807312012, 0.07745742797851562, 0.09435749053955078, 0.11595535278320312, 0.09062576293945312, 0.10150718688964844, 0.10448575019836426, 0.07926392555236816, 0.08771562576293945, 0.10846471786499023, 0.09054017066955566, 0.10798072814941406, 0.10830402374267578, 0.07682490348815918, 0.09916448593139648, 0.11776161193847656, 0.09045600891113281, 0.10278630256652832, 0.11367988586425781, 0.0785212516784668, 0.09301304817199707, 0.11388564109802246, 0.09171056747436523, 0.10221242904663086, 0.10994982719421387, 0.07716083526611328, 0.09364485740661621, 0.09829425811767578, 0.08440876007080078, 0.09602093696594238, 0.11895346641540527, 0.07931232452392578, 0.10550713539123535, 0.1337733268737793, 0.08935260772705078, 0.10368537902832031, 0.10255122184753418, 0.08260226249694824, 0.09964156150817871, 0.11019229888916016, 0.093536376953125, 0.10495901107788086, 0.11574196815490723, 0.07934284210205078, 0.09483623504638672, 0.11096811294555664, 0.07912278175354004, 0.0975029468536377, 0.11894440650939941, 0.08067107200622559, 0.11155819892883301, 0.11904239654541016, 0.0885014533996582, 0.10515403747558594, 0.1109781265258789, 0.0875234603881836, 0.09320545196533203, 0.11070418357849121, 0.09273576736450195, 0.1118924617767334, 0.12323641777038574, 0.0865330696105957, 0.0945901870727539, 0.11568522453308105, 0.0798795223236084, 0.09202289581298828, 0.11852669715881348, 0.0931253433227539, 0.10641741752624512, 0.12314558029174805, 0.08730363845825195, 0.09772896766662598, 0.09958362579345703, 0.07931852340698242, 0.0994265079498291, 0.11301636695861816, 0.08558535575866699, 0.10893940925598145, 0.12009429931640625, 0.08982253074645996, 0.09732985496520996, 0.10951852798461914, 0.08482003211975098, 0.09322881698608398, 0.09890294075012207, 0.08350849151611328, 0.10148358345031738, 0.12026238441467285, 0.09188127517700195, 0.10721182823181152, 0.12177038192749023, 0.08221983909606934, 0.09561038017272949, 0.10227346420288086, 0.08189606666564941, 0.10010504722595215, 0.09794759750366211, 0.09027814865112305, 0.09684991836547852, 0.11051702499389648, 0.07952141761779785, 0.1119379997253418, 0.1255784034729004, 0.08970212936401367, 0.09647226333618164, 0.10475373268127441, 0.07909989356994629, 0.09407591819763184, 0.1038820743560791, 0.07933545112609863, 0.08985567092895508, 0.11295485496520996, 0.08000898361206055, 0.10814261436462402, 0.11493778228759766, 0.08279633522033691, 0.08862614631652832, 0.10950398445129395, 0.07441067695617676, 0.10406303405761719, 0.12601304054260254, 0.09070205688476562, 0.09902477264404297, 0.10495710372924805, 0.07999539375305176, 0.09870052337646484, 0.10515022277832031, 0.08386039733886719, 0.09938335418701172, 0.10557365417480469, 0.08156919479370117, 0.09410452842712402, 0.12278103828430176, 0.07724642753601074, 0.10322070121765137, 0.13649630546569824, 0.09570193290710449, 0.11335539817810059, 0.11022186279296875, 0.08738851547241211, 0.0964818000793457, 0.10301685333251953, 0.08073616027832031, 0.10156416893005371, 0.11168456077575684, 0.08550906181335449, 0.10708475112915039, 0.12623858451843262, 0.0927131175994873, 0.09900999069213867, 0.10700106620788574, 0.08263897895812988, 0.09361100196838379, 0.11523890495300293, 0.08467245101928711, 0.10844540596008301, 0.12998557090759277, 0.08995676040649414, 0.11055302619934082, 0.1264359951019287, 0.08991479873657227, 0.09719491004943848, 0.11477541923522949, 0.08948302268981934, 0.09410238265991211, 0.09775781631469727, 0.08148837089538574, 0.09198331832885742, 0.11180853843688965, 0.08313608169555664, 0.10803818702697754, 0.13336491584777832, 0.08723330497741699, 0.09811592102050781, 0.09483575820922852, 0.08019328117370605, 0.09166908264160156, 0.11662960052490234, 0.08193206787109375, 0.1133580207824707, 0.1265263557434082, 0.08846592903137207, 0.09813618659973145, 0.10074639320373535, 0.08607196807861328, 0.0964193344116211, 0.11361551284790039, 0.08310747146606445, 0.11126852035522461, 0.11562514305114746, 0.0811457633972168, 0.10373139381408691, 0.11824941635131836, 0.07955622673034668, 0.11237120628356934, 0.12767601013183594, 0.0891730785369873, 0.10221743583679199, 0.11197710037231445, 0.08127689361572266, 0.09907126426696777, 0.10903692245483398, 0.08091926574707031, 0.08926534652709961, 0.11583709716796875, 0.08238101005554199, 0.11139225959777832, 0.12414336204528809, 0.08101820945739746, 0.10085797309875488, 0.10738039016723633, 0.08304238319396973, 0.09701728820800781, 0.11200165748596191, 0.07322955131530762, 0.10934782028198242, 0.12948822975158691, 0.08749556541442871, 0.10915994644165039, 0.11553168296813965, 0.08081889152526855, 0.09862971305847168, 0.10828351974487305, 0.08278512954711914, 0.09716153144836426, 0.11506009101867676, 0.07348060607910156, 0.10170817375183105, 0.1263866424560547, 0.08504009246826172, 0.10749292373657227, 0.11791634559631348, 0.08654451370239258, 0.0987544059753418, 0.1016080379486084, 0.08183741569519043, 0.1008448600769043, 0.10948801040649414, 0.08166766166687012, 0.10864090919494629, 0.12862396240234375, 0.0939321517944336, 0.1137685775756836, 0.12984585762023926, 0.09148430824279785, 0.10814070701599121, 0.11882281303405762, 0.09157204627990723, 0.10703015327453613, 0.10396480560302734, 0.08168458938598633, 0.09888792037963867, 0.11386680603027344, 0.07792401313781738, 0.10176420211791992, 0.13402819633483887, 0.08244705200195312, 0.11652231216430664, 0.1316673755645752, 0.08927726745605469, 0.10993695259094238, 0.11996746063232422, 0.08326482772827148, 0.10114192962646484, 0.10391426086425781, 0.08215093612670898, 0.10313796997070312, 0.1081840991973877, 0.08624267578125, 0.09779620170593262, 0.11290717124938965, 0.08147001266479492, 0.10579514503479004, 0.12191247940063477, 0.0902099609375, 0.11471343040466309, 0.1322190761566162, 0.089141845703125, 0.11136674880981445, 0.11119198799133301, 0.08248448371887207, 0.09360241889953613, 0.11929607391357422, 0.07931804656982422, 0.10319924354553223, 0.13738131523132324, 0.08643412590026855, 0.10814332962036133, 0.11304497718811035, 0.0844113826751709, 0.09456205368041992, 0.1086118221282959, 0.0726315975189209, 0.10299134254455566, 0.13607001304626465, 0.08649611473083496, 0.1104729175567627, 0.11270737648010254, 0.08429813385009766, 0.10150623321533203, 0.12357640266418457, 0.08590412139892578, 0.10716128349304199, 0.11690115928649902, 0.08820414543151855, 0.10368490219116211, 0.11722731590270996, 0.08621954917907715, 0.09956169128417969, 0.11753702163696289, 0.08222413063049316, 0.09644460678100586, 0.11047124862670898, 0.08567285537719727, 0.09964585304260254, 0.10985112190246582, 0.0872032642364502, 0.09618592262268066, 0.12131118774414062, 0.07924842834472656, 0.11500978469848633, 0.12018895149230957, 0.09023857116699219, 0.09865975379943848, 0.11905932426452637, 0.07755160331726074, 0.11554479598999023, 0.12108588218688965, 0.08699560165405273, 