{"ID": 6, "inference time": [15.249194622039795, 0.20669341087341309, 0.22382235527038574, 0.10979413986206055, 0.12116551399230957, 0.14111924171447754, 0.10421991348266602, 0.12044405937194824, 0.1607522964477539, 0.09090805053710938, 0.11077356338500977, 0.1645352840423584, 0.09920930862426758, 0.12189340591430664, 0.1649482250213623, 0.1109933853149414, 0.1311957836151123, 0.1639399528503418, 0.14718842506408691, 0.13875794410705566, 0.14988446235656738, 0.13506531715393066, 0.1356046199798584, 0.13265109062194824, 0.13976502418518066, 0.14466571807861328, 0.14244866371154785, 0.14425253868103027, 0.14716696739196777, 0.13814425468444824, 0.14751791954040527, 0.14069390296936035, 0.1380162239074707, 0.1463925838470459, 0.13648271560668945, 0.13756418228149414, 0.15058493614196777, 0.1377720832824707, 0.13499927520751953, 0.1383960247039795, 0.14471864700317383, 0.14793014526367188, 0.13967061042785645, 0.14572715759277344, 0.13463115692138672, 0.14021730422973633, 0.138580322265625, 0.13124704360961914, 0.14164280891418457, 0.13970303535461426, 0.13271045684814453, 0.14390325546264648, 0.13933610916137695, 0.13457298278808594, 0.14452075958251953, 0.14545202255249023, 0.16409635543823242, 0.13468098640441895, 0.14341235160827637, 0.13150596618652344, 0.1399986743927002, 0.142500638961792, 0.1374657154083252, 0.15534090995788574, 0.15289878845214844, 0.13689875602722168, 0.14354157447814941, 0.1355428695678711, 0.13956642150878906, 0.1383962631225586, 0.1503744125366211, 0.16010808944702148, 0.13852858543395996, 0.14424681663513184, 0.13762187957763672, 0.14095664024353027, 0.13171744346618652, 0.13015508651733398, 0.14355897903442383, 0.13471603393554688, 0.13848304748535156, 0.14564919471740723, 0.14384865760803223, 0.14139437675476074, 0.1396923065185547, 0.15027594566345215, 0.13771700859069824, 0.13492822647094727, 0.14702939987182617, 0.14086079597473145, 0.1340951919555664, 0.1527409553527832, 0.13838529586791992, 0.13890743255615234, 0.13771915435791016, 0.13823699951171875, 0.14386534690856934, 0.13199520111083984, 0.152266263961792, 0.1419658660888672, 0.15436983108520508, 0.14535784721374512, 0.14089512825012207, 0.15281915664672852, 0.1422879695892334, 0.14436650276184082, 0.1436309814453125, 0.13656163215637207, 0.1484813690185547, 0.15669870376586914, 0.14777445793151855, 0.14284253120422363, 0.13371586799621582, 0.14339971542358398, 0.14305424690246582, 0.13155555725097656, 0.14034795761108398, 0.14212512969970703, 0.1482069492340088, 0.1524505615234375, 0.14302825927734375, 0.1483004093170166, 0.14217472076416016, 0.13993525505065918, 0.14446282386779785, 0.14181876182556152, 0.1428675651550293, 0.15938973426818848, 0.1427326202392578, 0.1371927261352539, 0.15951251983642578, 0.13989830017089844, 0.1404252052307129, 0.14669299125671387, 0.14377570152282715, 0.14899611473083496, 0.12711238861083984, 0.1474916934967041, 0.1353292465209961, 0.16512012481689453, 0.13158416748046875, 0.12186837196350098, 0.15135502815246582, 0.14171171188354492, 0.1413891315460205, 0.15477824211120605, 0.13921308517456055, 0.136246919631958, 0.1439208984375, 0.14711713790893555, 0.13525104522705078, 0.15445613861083984, 0.1476287841796875, 0.13555669784545898, 0.15080547332763672, 0.14672327041625977, 0.1452951431274414, 0.15127015113830566, 0.1496143341064453, 0.1295926570892334, 0.15590596199035645, 0.12242794036865234, 0.14584565162658691, 0.15233159065246582, 0.13967204093933105, 0.13638806343078613, 0.14754176139831543, 0.1371934413909912, 0.1361527442932129, 0.14990949630737305, 0.1443798542022705, 0.13636064529418945, 0.15602827072143555, 0.14217519760131836, 0.12279939651489258, 0.15323543548583984, 0.13961577415466309, 0.13220667839050293, 0.15656757354736328, 0.12340092658996582, 0.13663172721862793, 0.14951539039611816, 0.12599587440490723, 0.13888335227966309, 0.14975404739379883, 0.13542938232421875, 0.13892030715942383, 0.15289878845214844, 0.14110708236694336, 0.14552664756774902, 0.14717459678649902, 0.13644909858703613, 0.12232208251953125, 0.1477341651916504, 0.14112234115600586, 0.12258291244506836, 0.14209747314453125, 0.1427745819091797, 0.12323975563049316, 0.14504432678222656, 0.14139533042907715, 0.12514162063598633, 0.14313435554504395, 0.13463616371154785, 0.1258080005645752, 0.14683866500854492, 0.14325857162475586, 0.12590336799621582, 0.1472458839416504, 0.1435253620147705, 0.12127375602722168, 0.14206790924072266, 0.1408829689025879, 0.12344527244567871, 0.1558821201324463, 0.14092516899108887, 0.12628555297851562, 0.1442267894744873, 0.14032816886901855, 0.12424635887145996, 0.14415979385375977, 0.13399815559387207, 0.10657715797424316, 0.14491677284240723, 0.1416029930114746, 0.1201024055480957, 0.14577364921569824, 0.13706469535827637, 0.1215362548828125, 0.14583206176757812, 0.14617371559143066, 0.12495183944702148, 0.15407156944274902, 0.14241456985473633, 0.12471127510070801, 0.15122342109680176, 0.1357860565185547, 0.11749982833862305, 0.14650487899780273, 0.14017271995544434, 0.11467266082763672, 0.14523863792419434, 0.13354063034057617, 0.12683629989624023, 0.14843463897705078, 0.13768815994262695, 0.12081074714660645, 0.1482830047607422, 0.14393973350524902, 0.11723828315734863, 0.14940929412841797, 0.14474177360534668, 0.1125178337097168, 0.135573148727417, 0.14194440841674805, 0.11280131340026855, 0.14509153366088867, 0.1455676555633545, 0.1122736930847168, 0.13998866081237793, 0.16033601760864258, 0.11134004592895508, 0.14052033424377441, 0.1491234302520752, 0.12221860885620117, 0.1397545337677002, 0.14788413047790527, 0.12446808815002441, 0.14466381072998047, 0.14236044883728027, 0.10158324241638184, 0.14397621154785156, 0.15859508514404297, 0.11960268020629883, 0.1458280086517334, 0.1446695327758789, 0.09333920478820801, 0.13891196250915527, 0.1480107307434082, 0.12710356712341309, 0.13517141342163086, 0.15027236938476562, 0.11267280578613281, 0.14239215850830078, 0.14359450340270996, 0.10100483894348145, 0.1421055793762207, 0.14626502990722656, 0.09489679336547852, 0.14185237884521484, 0.15067744255065918, 0.10311365127563477, 0.13909912109375, 0.14850711822509766, 0.11409831047058105, 0.1487414836883545, 0.14659833908081055, 0.11248445510864258, 0.15626835823059082, 0.14370369911193848, 0.09781599044799805, 0.1411294937133789, 0.14923930168151855, 0.09785604476928711, 0.1387021541595459, 0.14928960800170898, 0.09746432304382324, 0.14879703521728516, 0.151031494140625, 0.09473156929016113, 0.14792752265930176, 0.14616703987121582, 0.1042623519897461, 0.14690542221069336, 0.14830780029296875, 0.1141815185546875, 0.1496419906616211, 0.15934157371520996, 0.10652709007263184, 0.14447617530822754, 0.15201807022094727, 0.10936427116394043, 0.15019583702087402, 0.15371203422546387, 0.09896969795227051, 0.14695405960083008, 0.16036534309387207, 0.12214899063110352, 0.14959955215454102, 0.14996051788330078, 0.10640740394592285, 0.15005087852478027, 0.15198063850402832, 0.09247756004333496, 0.15041589736938477, 0.15049052238464355, 0.09482359886169434, 0.14652132987976074, 0.15054726600646973, 0.10010004043579102, 0.15655303001403809, 0.14706683158874512, 0.11388778686523438, 0.14836382865905762, 0.15317678451538086, 0.10350680351257324, 0.14674687385559082, 0.14907121658325195, 0.09999489784240723, 0.1416170597076416, 0.1485283374786377, 0.09885811805725098, 0.14664411544799805, 0.1505892276763916, 0.11971497535705566, 0.15160012245178223, 0.15669035911560059, 0.09862184524536133, 0.1462247371673584, 0.15157413482666016, 0.11025619506835938, 0.14653873443603516, 0.151076078414917, 0.09525918960571289, 0.14613819122314453, 0.14840483665466309, 0.10247588157653809, 0.15001511573791504, 0.15402960777282715, 0.10429835319519043, 0.13939595222473145, 0.15483307838439941, 0.09152722358703613, 0.14896273612976074, 0.1572589874267578, 0.11420822143554688, 0.14488959312438965, 0.15592360496520996, 0.10148406028747559, 0.14667749404907227, 0.15410161018371582, 0.11493229866027832, 0.14817190170288086, 0.15303349494934082, 