{"ID": 0, "inference time": [11.504807710647583, 0.06871986389160156, 0.07248282432556152, 0.07025885581970215, 0.06522774696350098, 0.07721304893493652, 0.07445573806762695, 0.06968188285827637, 0.07777810096740723, 0.07663750648498535, 0.07049989700317383, 0.12832379341125488, 0.14763212203979492, 0.08647012710571289, 0.09154224395751953, 0.10527873039245605, 0.08966708183288574, 0.07909488677978516, 0.09766888618469238, 0.10505819320678711, 0.10174298286437988, 0.08651399612426758, 0.10754871368408203, 0.11034655570983887, 0.09720921516418457, 0.0902247428894043, 0.11017012596130371, 0.11608290672302246, 0.12479209899902344, 0.12060141563415527, 0.1236429214477539, 0.11977100372314453, 0.10559535026550293, 0.08926725387573242, 0.0846865177154541, 0.10839009284973145, 0.12664508819580078, 0.10673832893371582, 0.09498286247253418, 0.09135675430297852, 0.10863685607910156, 0.10712909698486328, 0.08939695358276367, 0.08758544921875, 0.1096806526184082, 0.10916972160339355, 0.10422706604003906, 0.10393905639648438, 0.10731172561645508, 0.10389089584350586, 0.09944963455200195, 0.09433650970458984, 0.10493993759155273, 0.09776616096496582, 0.09369611740112305, 0.10024428367614746, 0.0957796573638916, 0.08929181098937988, 0.08255624771118164, 0.10548233985900879, 0.10471582412719727, 0.0849299430847168, 0.11213898658752441, 0.10476994514465332, 0.10544180870056152, 0.09477806091308594, 0.11093306541442871, 0.10732817649841309, 0.09569883346557617, 0.07512736320495605, 0.10016822814941406, 0.11159610748291016, 0.10652613639831543, 0.11128044128417969, 0.09954047203063965, 0.08229947090148926, 0.11469388008117676, 0.1081697940826416, 0.11016845703125, 0.0899496078491211, 0.10193514823913574, 0.10966110229492188, 0.11002683639526367, 0.09825634956359863, 0.08418464660644531, 0.10208463668823242, 0.10796308517456055, 0.10360598564147949, 0.09329867362976074, 0.08892989158630371, 0.0904693603515625, 0.09414005279541016, 0.0990450382232666, 0.1030721664428711, 0.10417914390563965, 0.10138678550720215, 0.1042470932006836, 0.09310531616210938, 0.08985662460327148, 0.08986568450927734, 0.08664894104003906, 0.08445096015930176, 0.09702372550964355, 0.09159231185913086, 0.09341955184936523, 0.0899813175201416, 0.09172201156616211, 0.09490084648132324, 0.11164116859436035, 0.11161398887634277, 0.10938668251037598, 0.10458898544311523, 0.08954477310180664, 0.09077119827270508, 0.10999536514282227, 0.09414482116699219, 0.09389448165893555, 0.11478018760681152, 0.10181570053100586, 0.09433317184448242, 0.09871649742126465, 0.1197977066040039, 0.11240935325622559, 0.12152218818664551, 0.12082099914550781, 0.11297297477722168, 0.10854482650756836, 0.11105728149414062, 0.12647366523742676, 0.10585761070251465, 0.0786128044128418, 0.10567331314086914, 0.11163330078125, 0.12136387825012207, 0.11452722549438477, 0.11241602897644043, 0.1275618076324463, 0.12594127655029297, 0.11691021919250488, 0.12304139137268066, 0.11079835891723633, 0.10409355163574219, 0.10029196739196777, 0.11537456512451172, 0.11255979537963867, 0.1107628345489502, 0.0968019962310791, 0.0920712947845459, 0.10113263130187988, 0.11164999008178711, 0.09810519218444824, 0.08376550674438477, 0.10582804679870605, 0.11794209480285645, 0.10379242897033691, 0.08582162857055664, 0.09264397621154785, 0.12020015716552734, 0.11421561241149902, 0.10840988159179688, 0.10476469993591309, 0.09194755554199219, 0.13036632537841797, 0.12433815002441406, 0.11785769462585449, 0.11075258255004883, 0.1085658073425293, 0.10073566436767578, 0.12541818618774414, 0.11910295486450195, 0.10397720336914062, 0.09396982192993164, 0.10923933982849121, 0.12176299095153809, 0.10558915138244629, 0.08729696273803711, 0.10643124580383301, 0.10351395606994629, 0.09875750541687012, 0.0909736156463623, 0.11525511741638184, 0.1095123291015625, 0.11609220504760742, 0.12495827674865723, 0.10964226722717285, 0.11568117141723633, 0.10211944580078125, 0.08673524856567383, 0.10396313667297363, 0.10314273834228516, 0.09269356727600098, 0.07409381866455078, 0.11108565330505371, 0.11571574211120605, 0.10278081893920898, 0.10298466682434082, 0.10666728019714355, 0.08901739120483398, 0.08339715003967285, 0.11198139190673828, 0.09884071350097656, 0.08614015579223633, 0.09638309478759766, 0.08234238624572754, 0.11946487426757812, 0.12219738960266113, 0.11043024063110352, 0.0896596908569336, 0.1005098819732666, 0.10793685913085938, 0.09448075294494629, 0.07953286170959473, 0.10426855087280273, 0.10604095458984375, 0.11741518974304199, 0.11178445816040039, 0.11715888977050781, 0.10889196395874023, 0.10986471176147461, 0.08903813362121582, 0.08630657196044922, 0.10635209083557129, 0.11770415306091309, 0.11516284942626953, 0.11494708061218262, 0.12234091758728027, 0.11228108406066895, 0.11385059356689453, 0.10929417610168457, 0.11205911636352539, 0.08847475051879883, 0.08458471298217773, 0.11644363403320312, 0.10848236083984375, 0.0997624397277832, 0.09278225898742676, 0.09648370742797852, 0.0941615104675293, 0.10408353805541992, 0.08924722671508789, 0.08346033096313477, 0.09273838996887207, 0.08999061584472656, 0.08154082298278809, 0.11304926872253418, 0.13106060028076172, 0.11214637756347656, 0.0904080867767334, 0.10863900184631348, 0.09952425956726074, 0.08252668380737305, 0.11400151252746582, 0.11912417411804199, 0.11339735984802246, 0.09353113174438477, 0.09376215934753418, 0.11589479446411133, 0.12004375457763672, 0.11882400512695312, 0.12017416954040527, 0.10142135620117188, 0.08595728874206543, 0.10813593864440918, 0.1047048568725586, 0.08872413635253906, 0.09795618057250977, 0.12758135795593262, 0.11464476585388184, 0.11652326583862305, 0.11014819145202637, 0.096160888671875, 0.09814119338989258, 0.11425185203552246, 0.11934900283813477, 0.12257933616638184, 0.10635685920715332, 0.10488057136535645, 0.09076833724975586, 0.10453391075134277, 0.11963558197021484, 0.1197199821472168, 0.12567424774169922, 0.12573575973510742, 0.13186192512512207, 0.10776782035827637, 0.12764549255371094, 0.1274735927581787, 0.12494945526123047, 0.10474181175231934, 0.08648276329040527, 0.1187591552734375, 0.10331106185913086, 0.10115718841552734, 0.09390664100646973, 0.1134183406829834, 0.10870361328125, 0.10708856582641602, 0.09941434860229492, 0.09499812126159668, 0.09459280967712402, 0.10549283027648926, 0.12088942527770996, 0.0918114185333252, 0.11472535133361816, 0.12786316871643066, 0.1251382827758789, 0.12212753295898438, 0.1119837760925293, 0.09148979187011719, 0.09471297264099121, 0.0946953296661377, 0.11023426055908203, 0.09844732284545898, 0.08450937271118164, 0.11644554138183594, 0.10797262191772461, 0.10782361030578613, 0.0895233154296875, 0.09701704978942871, 0.11367583274841309, 0.09521913528442383, 0.09490346908569336, 0.10742998123168945, 0.11627411842346191, 0.10765814781188965, 0.10503077507019043, 0.09609699249267578, 0.0969383716583252, 0.0990142822265625, 0.12067294120788574, 0.12505888938903809, 0.11912226676940918, 0.10619306564331055, 0.11846637725830078, 0.1135399341583252, 0.10788583755493164, 0.08586287498474121, 0.07622933387756348, 0.10247230529785156, 0.10347795486450195, 0.09751605987548828, 0.09205007553100586, 0.12129688262939453, 0.1163792610168457, 0.09806442260742188, 0.09015011787414551, 0.11244726181030273, 0.12201476097106934, 0.1208643913269043, 0.11625289916992188, 0.11239767074584961, 0.11000514030456543, 0.10271263122558594, 0.09600114822387695, 0.09428977966308594, 0.12010717391967773, 0.11017370223999023, 0.11240339279174805, 0.10051131248474121, 0.09485673904418945, 0.11786103248596191, 0.10410118103027344, 0.09609055519104004, 0.08708930015563965, 0.10054540634155273, 0.09876179695129395, 0.10042381286621094, 0.09136486053466797, 0.10010313987731934, 0.11803841590881348, 0.12311935424804688, 0.09457612037658691, 0.09035110473632812, 0.08349394798278809, 0.08931684494018555, 0.08138370513916016, 0.11655759811401367, 0.10834240913391113, 0.09427046775817871, 0.08461904525756836, 0.1207726001739502, 0.10961508750915527, 