{"ID": 2, "inference time": [14.512860298156738, 0.11624550819396973, 0.09469866752624512, 0.08995270729064941, 0.10246944427490234, 0.09104204177856445, 0.09676766395568848, 0.09708523750305176, 0.09248900413513184, 0.09321188926696777, 0.10310530662536621, 0.08867263793945312, 0.09605145454406738, 0.09958171844482422, 0.09274172782897949, 0.09068608283996582, 0.10456204414367676, 0.10346055030822754, 0.1072697639465332, 0.11331629753112793, 0.10269522666931152, 0.11057591438293457, 0.1201775074005127, 0.10323166847229004, 0.09839844703674316, 0.0992896556854248, 0.10202336311340332, 0.09974122047424316, 0.1080777645111084, 0.10021591186523438, 0.09577608108520508, 0.0995323657989502, 0.09740233421325684, 0.09668540954589844, 0.10323429107666016, 0.10299277305603027, 0.10662126541137695, 0.1142580509185791, 0.09987592697143555, 0.11611270904541016, 0.11498403549194336, 0.09840130805969238, 0.10931205749511719, 0.1165609359741211, 0.10507917404174805, 0.09462618827819824, 0.10639190673828125, 0.10322904586791992, 0.09603071212768555, 0.10103440284729004, 0.09396910667419434, 0.0952749252319336, 0.09959077835083008, 0.09260940551757812, 0.09844255447387695, 0.10920405387878418, 0.1048898696899414, 0.09473156929016113, 0.10468888282775879, 0.09586167335510254, 0.09624075889587402, 0.10402250289916992, 0.09369587898254395, 0.09734606742858887, 0.11175298690795898, 0.09459948539733887, 0.09217214584350586, 0.09893798828125, 0.09744620323181152, 0.09944796562194824, 0.10167670249938965, 0.09385037422180176, 0.09815335273742676, 0.09966874122619629, 0.09713196754455566, 0.09531903266906738, 0.1075143814086914, 0.10217833518981934, 0.09795808792114258, 0.10814046859741211, 0.09728837013244629, 0.09658002853393555, 0.10174131393432617, 0.09570837020874023, 0.09916901588439941, 0.1029825210571289, 0.10700082778930664, 0.10194206237792969, 0.10411977767944336, 0.09236335754394531, 0.09804630279541016, 0.10646915435791016, 0.09744858741760254, 0.10037708282470703, 0.10565066337585449, 0.09635686874389648, 0.09436941146850586, 0.10735273361206055, 0.09501194953918457, 0.1054532527923584, 0.10624122619628906, 0.10226082801818848, 0.0963599681854248, 0.10522580146789551, 0.10393571853637695, 0.0947730541229248, 0.11159181594848633, 0.11034059524536133, 0.10334348678588867, 0.10681796073913574, 0.09705376625061035, 0.10045099258422852, 0.10805583000183105, 0.10075592994689941, 0.0994882583618164, 0.10385537147521973, 0.0967559814453125, 0.09802556037902832, 0.10575103759765625, 0.10491681098937988, 0.10134077072143555, 0.1043236255645752, 0.0972750186920166, 0.10182380676269531, 0.10525679588317871, 0.10609817504882812, 0.09931468963623047, 0.10638213157653809, 0.09999823570251465, 0.10485363006591797, 0.10729122161865234, 0.10608100891113281, 0.09579896926879883, 0.10602211952209473, 0.10396432876586914, 0.10297346115112305, 0.10638570785522461, 0.108428955078125, 0.0988011360168457, 0.11102128028869629, 0.11790013313293457, 0.09905481338500977, 0.1096336841583252, 0.09718513488769531, 0.09815502166748047, 0.11740541458129883, 0.09675788879394531, 0.09689021110534668, 0.10684800148010254, 0.09766149520874023, 0.09860062599182129, 0.10834217071533203, 0.09756660461425781, 0.10090875625610352, 0.11318469047546387, 0.1021721363067627, 0.10162186622619629, 0.10962748527526855, 0.09671378135681152, 0.10222411155700684, 0.11389279365539551, 0.10112237930297852, 0.11371827125549316, 0.10945653915405273, 0.0966181755065918, 0.1028599739074707, 0.10886144638061523, 0.09539961814880371, 0.10165643692016602, 0.10885000228881836, 0.09539270401000977, 0.10231971740722656, 0.11187744140625, 0.09629225730895996, 0.09989404678344727, 0.10818314552307129, 0.10157227516174316, 0.10111641883850098, 0.11235928535461426, 0.09968209266662598, 0.10012531280517578, 0.1106109619140625, 0.10180115699768066, 0.10282063484191895, 0.11345148086547852, 0.09542107582092285, 0.10378742218017578, 0.11121773719787598, 0.09576582908630371, 0.10367465019226074, 0.11606526374816895, 0.10027933120727539, 0.10475850105285645, 0.11377525329589844, 0.10294699668884277, 0.10342597961425781, 0.11386227607727051, 0.09397768974304199, 0.1003262996673584, 0.11130380630493164, 0.1056661605834961, 0.10328888893127441, 0.11644339561462402, 0.11367392539978027, 0.10324406623840332, 0.11164665222167969, 0.10101032257080078, 0.09996867179870605, 0.11153221130371094, 0.09524369239807129, 0.10577011108398438, 0.11541533470153809, 0.10512900352478027, 0.09963226318359375, 0.11167359352111816, 0.09357380867004395, 0.10679388046264648, 0.10823869705200195, 0.09702897071838379, 0.10182571411132812, 0.11372876167297363, 0.09814453125, 0.10223865509033203, 0.11381983757019043, 0.09876561164855957, 0.10202360153198242, 0.11287355422973633, 0.10175251960754395, 0.10582971572875977, 0.11109733581542969, 0.11060166358947754, 0.1149141788482666, 0.12134790420532227, 0.0990598201751709, 0.10957980155944824, 0.11024355888366699, 0.10967683792114258, 0.09908461570739746, 0.10846090316772461, 0.0975189208984375, 0.09986329078674316, 0.11332988739013672, 0.10340666770935059, 0.1053774356842041, 0.1119070053100586, 0.1008913516998291, 0.10311007499694824, 0.11435770988464355, 0.09746885299682617, 0.10249638557434082, 0.11388659477233887, 0.0938112735748291, 0.10143589973449707, 0.11069083213806152, 0.10582518577575684, 0.10473275184631348, 0.11628866195678711, 0.10583710670471191, 0.10246777534484863, 0.1119537353515625, 0.09873509407043457, 0.10415959358215332, 0.10957932472229004, 0.09564876556396484, 0.1015174388885498, 0.11177659034729004, 0.09308838844299316, 0.10213446617126465, 0.1090700626373291, 0.10013270378112793, 0.10209774971008301, 0.11822390556335449, 0.10560250282287598, 0.10266876220703125, 0.11285734176635742, 0.09554028511047363, 0.10633230209350586, 0.11118912696838379, 0.10127520561218262, 0.10547280311584473, 0.11628437042236328, 0.09607243537902832, 0.10343050956726074, 0.1131432056427002, 0.1067359447479248, 0.10434174537658691, 0.1114647388458252, 0.10392999649047852, 0.10133695602416992, 0.11639642715454102, 0.09568452835083008, 0.10403203964233398, 0.1168661117553711, 0.10007524490356445, 0.10803890228271484, 0.11273074150085449, 0.09893417358398438, 0.10335230827331543, 0.11069059371948242, 0.09851694107055664, 0.1063697338104248, 0.11233782768249512, 0.10091829299926758, 0.10157465934753418, 0.11654114723205566, 0.09701299667358398, 0.10694360733032227, 0.11273717880249023, 0.10439038276672363, 0.10572052001953125, 0.11315679550170898, 0.09949684143066406, 0.10111117362976074, 0.12078332901000977, 0.1002969741821289, 0.1064605712890625, 0.11441898345947266, 0.10154318809509277, 0.11110401153564453, 0.1154630184173584, 0.10949850082397461, 0.10530805587768555, 0.11376810073852539, 0.0995934009552002, 0.1040182113647461, 0.11578536033630371, 0.10233163833618164, 0.1014854907989502, 0.11556077003479004, 0.10571694374084473, 0.10734677314758301, 0.11325287818908691, 0.10911154747009277, 0.11170411109924316, 0.11405801773071289, 0.10930728912353516, 0.11525464057922363, 0.11591744422912598, 0.10604524612426758, 0.10862493515014648, 0.11185383796691895, 0.1070566177368164, 0.10869216918945312, 0.10992646217346191, 0.10423016548156738, 0.10903191566467285, 0.11537551879882812, 0.10161042213439941, 0.11042666435241699, 0.11481666564941406, 0.09746289253234863, 0.10906219482421875, 0.1168525218963623, 0.10391926765441895, 0.10847759246826172, 0.11483335494995117, 0.10802388191223145, 0.10976243019104004, 0.11214518547058105, 0.10432267189025879, 0.10793042182922363, 0.1190032958984375, 0.1093606948852539, 0.10494518280029297, 0.11345696449279785, 0.11153411865234375, 0.10679864883422852, 0.11467933654785156, 0.10175633430480957, 0.10439014434814453, 0.11530208587646484, 0.11590409278869629, 0.11916422843933105, 0.1159665584564209, 0.09520554542541504, 0.11439180374145508, 0.11307740211486816, 0.10771298408508301, 0.1202094554901123, 0.11449718475341797, 0.11742115020751953, 0.11019349098205566, 