{"ID": 2, "inference time": [7.738030910491943, 0.05173850059509277, 0.05053448677062988, 0.04358935356140137, 0.04751157760620117, 0.05420374870300293, 0.04259514808654785, 0.04287242889404297, 0.05337667465209961, 0.055165767669677734, 0.05016636848449707, 0.06140565872192383, 0.049100399017333984, 0.0486760139465332, 0.06152153015136719, 0.043511152267456055, 0.04718136787414551, 0.061424970626831055, 0.04686307907104492, 0.046674489974975586, 0.05748128890991211, 0.04260563850402832, 0.04202771186828613, 0.05907106399536133, 0.04263615608215332, 0.07089900970458984, 0.1570727825164795, 0.07504987716674805, 0.04530453681945801, 0.08145594596862793, 0.08795976638793945, 0.07675695419311523, 0.10271358489990234, 0.0823366641998291, 0.04354357719421387, 0.10416889190673828, 0.07790017127990723, 0.04080653190612793, 0.10616803169250488, 0.0784761905670166, 0.043630361557006836, 0.10988378524780273, 0.0663609504699707, 0.05802178382873535, 0.10944819450378418, 0.08159184455871582, 0.05610036849975586, 0.11141777038574219, 0.07065320014953613, 0.045899391174316406, 0.11021685600280762, 0.07905459403991699, 0.06537222862243652, 0.11086797714233398, 0.10560226440429688, 0.05280566215515137, 0.10950756072998047, 0.07970905303955078, 0.06141543388366699, 0.10805034637451172, 0.08835053443908691, 0.04990100860595703, 0.10955095291137695, 0.08336567878723145, 0.04351973533630371, 0.10888552665710449, 0.07111978530883789, 0.049169063568115234, 0.1069936752319336, 0.08195281028747559, 0.043563127517700195, 0.11139512062072754, 0.0710439682006836, 0.05716276168823242, 0.1052699089050293, 0.07910895347595215, 0.06276822090148926, 0.10258054733276367, 0.09555768966674805, 0.05479073524475098, 0.10341382026672363, 0.0937662124633789, 0.06634736061096191, 0.09950971603393555, 0.06575202941894531, 0.04402303695678711, 0.10504984855651855, 0.08321642875671387, 0.05617189407348633, 0.10294365882873535, 0.09383392333984375, 0.06851339340209961, 0.10071277618408203, 0.07835650444030762, 0.07464766502380371, 0.11449432373046875, 0.08452677726745605, 0.04096508026123047, 0.10450887680053711, 0.08213639259338379, 0.06896376609802246, 0.10472989082336426, 0.09722638130187988, 0.07025384902954102, 0.11179685592651367, 0.08015084266662598, 0.04168105125427246, 0.10582304000854492, 0.09026718139648438, 0.0655519962310791, 0.10872769355773926, 0.06950783729553223, 0.04162240028381348, 0.1088418960571289, 0.07636499404907227, 0.04610252380371094, 0.11148428916931152, 0.06858062744140625, 0.0470728874206543, 0.10920500755310059, 0.07021355628967285, 0.03994607925415039, 0.0980987548828125, 0.07090282440185547, 0.052847862243652344, 0.10945272445678711, 0.06987333297729492, 0.04014229774475098, 0.09746265411376953, 0.06144857406616211, 0.039674997329711914, 0.09801983833312988, 0.06349515914916992, 0.060086965560913086, 0.11179447174072266, 0.08531022071838379, 0.06481766700744629, 0.10335206985473633, 0.0892326831817627, 0.04789566993713379, 0.10627269744873047, 0.06998205184936523, 0.0483095645904541, 0.1086883544921875, 0.07259178161621094, 0.04672694206237793, 0.11387372016906738, 0.08411073684692383, 0.07949590682983398, 0.11410260200500488, 0.08260655403137207, 0.05542325973510742, 0.10558533668518066, 0.08547449111938477, 0.06482934951782227, 0.11177873611450195, 0.07300066947937012, 0.04203057289123535, 0.10372710227966309, 0.07371211051940918, 0.05004286766052246, 0.10648727416992188, 0.07669901847839355, 0.10168933868408203, 0.1021881103515625, 0.09659337997436523, 0.04448413848876953, 0.062306880950927734, 0.07034516334533691, 0.0440976619720459, 0.0983893871307373, 0.07208871841430664, 0.04271507263183594, 0.10270929336547852, 0.07743406295776367, 0.06921029090881348, 0.1099088191986084, 0.0756063461303711, 0.06209707260131836, 0.10539698600769043, 0.08472514152526855, 0.07093048095703125, 0.10675716400146484, 0.09335470199584961, 0.06554675102233887, 0.10593247413635254, 0.08602619171142578, 0.04352688789367676, 0.10352540016174316, 0.07667088508605957, 0.05681252479553223, 0.11071920394897461, 0.06640625, 0.04133105278015137, 0.10039448738098145, 0.06556558609008789, 0.044219970703125, 0.09900164604187012, 0.06763720512390137, 0.042609453201293945, 0.10873889923095703, 0.0691075325012207, 0.052634239196777344, 0.10735845565795898, 0.09408450126647949, 0.06879138946533203, 0.10892391204833984, 0.0723416805267334, 0.051482200622558594, 0.112213134765625, 0.09357118606567383, 0.06820917129516602, 0.11433625221252441, 0.07054615020751953, 0.0543973445892334, 0.1085202693939209, 0.06664085388183594, 0.060086965560913086, 0.10831451416015625, 0.09071183204650879, 0.06327342987060547, 0.1069793701171875, 0.08249950408935547, 0.06705093383789062, 0.10086846351623535, 0.06906366348266602, 0.054453372955322266, 0.10899519920349121, 0.06577658653259277, 0.050523996353149414, 0.09976816177368164, 0.04100966453552246, 0.0410609245300293, 0.1085348129272461, 0.06864190101623535, 0.06354928016662598, 0.11139273643493652, 0.07520747184753418, 0.04100441932678223, 0.10276603698730469, 0.06596970558166504, 0.04052996635437012, 0.10808849334716797, 0.06766724586486816, 0.04059791564941406, 0.10992860794067383, 0.0735921859741211, 0.04886794090270996, 0.11191105842590332, 0.09105968475341797, 0.0650322437286377, 0.10958528518676758, 0.06762385368347168, 0.04344630241394043, 0.10384869575500488, 0.07001686096191406, 0.05060267448425293, 0.10593724250793457, 0.06544089317321777, 0.053005218505859375, 0.11604809761047363, 0.07021570205688477, 0.04133033752441406, 0.10487508773803711, 0.07402586936950684, 0.04176688194274902, 0.09969115257263184, 0.07530403137207031, 0.048209190368652344, 0.10857868194580078, 0.06576848030090332, 0.06809210777282715, 0.10471010208129883, 0.09900522232055664, 0.07019305229187012, 0.10904932022094727, 0.06562566757202148, 0.04619765281677246, 0.10142135620117188, 0.057808876037597656, 0.04783129692077637, 0.11037278175354004, 0.09604835510253906, 0.05949234962463379, 0.11014389991760254, 0.07599592208862305, 0.05159926414489746, 0.10616397857666016, 0.07300376892089844, 0.06432557106018066, 0.10982418060302734, 0.0621030330657959, 0.040703535079956055, 0.10692667961120605, 0.06812715530395508, 0.041259050369262695, 0.1000056266784668, 0.0691232681274414, 0.041368722915649414, 0.10469532012939453, 0.060668230056762695, 0.040103912353515625, 0.11129593849182129, 0.0836188793182373, 0.06783819198608398, 0.10943937301635742, 0.09090685844421387, 0.043833255767822266, 0.10573625564575195, 0.06461596488952637, 0.04085731506347656, 0.10672283172607422, 0.052919864654541016, 0.04175758361816406, 0.10720205307006836, 0.07193231582641602, 0.05824875831604004, 0.11243104934692383, 0.07850003242492676, 0.04853367805480957, 0.10986042022705078, 0.08370447158813477, 0.05149269104003906, 0.11503076553344727, 0.07791614532470703, 0.0405886173248291, 0.11192798614501953, 0.08194375038146973, 0.04291081428527832, 0.1001737117767334, 0.07485437393188477, 0.055789947509765625, 0.11051082611083984, 0.06400942802429199, 0.04992389678955078, 0.10889840126037598, 0.0828089714050293, 0.041545867919921875, 0.1074223518371582, 0.07890105247497559, 0.04379463195800781, 0.10007905960083008, 0.05911564826965332, 0.05156397819519043, 0.1125636100769043, 0.07083439826965332, 0.05769538879394531, 0.10849618911743164, 0.07953429222106934, 0.041198015213012695, 0.11021900177001953, 0.0787346363067627, 0.040563106536865234, 0.10104560852050781, 0.05555915832519531, 0.04127693176269531, 0.11031675338745117, 0.06984663009643555, 0.041217803955078125, 0.1111459732055664, 0.07853364944458008, 0.059537410736083984, 0.10291647911071777, 0.06160855293273926, 0.05583810806274414, 0.10854339599609375, 0.09471774101257324, 0.0685722827911377, 0.11096644401550293, 0.08853888511657715, 0.07130837440490723, 0.11327934265136719, 0.0807962417602539, 0.06819748878479004, 0.11084580421447754, 0.09497976303100586, 0.07169890403747559, 0.10370492935180664, 0.062113046646118164, 0.05072784423828125, 