{"ID": 5, "inference time": [6.192198753356934, 0.043749332427978516, 0.04113936424255371, 0.0417325496673584, 0.07218360900878906, 0.04246234893798828, 0.040126800537109375, 0.041795969009399414, 0.04302716255187988, 0.0400235652923584, 0.04855799674987793, 0.04314398765563965, 0.043351173400878906, 0.048026323318481445, 0.04625225067138672, 0.04309487342834473, 0.047876834869384766, 0.04628586769104004, 0.04412055015563965, 0.046208858489990234, 0.04397225379943848, 0.04204082489013672, 0.04651355743408203, 0.04114079475402832, 0.04237556457519531, 0.041428565979003906, 0.03973817825317383, 0.04093527793884277, 0.08281064033508301, 0.321491003036499, 0.26210618019104004, 0.10201549530029297, 0.12715768814086914, 0.05589652061462402, 0.1000056266784668, 0.12437176704406738, 0.0440218448638916, 0.0978238582611084, 0.12812209129333496, 0.05396866798400879, 0.09774017333984375, 0.125840425491333, 0.05513763427734375, 0.0979468822479248, 0.12639236450195312, 0.05129051208496094, 0.09938812255859375, 0.1249849796295166, 0.04829692840576172, 0.09785079956054688, 0.12476038932800293, 0.04537248611450195, 0.09829950332641602, 0.12722039222717285, 0.05787181854248047, 0.0975492000579834, 0.12768149375915527, 0.05486893653869629, 0.10129880905151367, 0.12727856636047363, 0.05531024932861328, 0.09824943542480469, 0.1318657398223877, 0.05704832077026367, 0.09984469413757324, 0.1258862018585205, 0.04393339157104492, 0.09806513786315918, 0.13042974472045898, 0.04420661926269531, 0.09834408760070801, 0.1377735137939453, 0.045784950256347656, 0.08970165252685547, 0.11715984344482422, 0.05730032920837402, 0.08604001998901367, 0.12277483940124512, 0.06180071830749512, 0.09661555290222168, 0.1250300407409668, 0.05399298667907715, 0.09810543060302734, 0.1253199577331543, 0.04448509216308594, 0.09857726097106934, 0.13428282737731934, 0.04333615303039551, 0.10157418251037598, 0.12760329246520996, 0.05634593963623047, 0.09876775741577148, 0.12248706817626953, 0.04472160339355469, 0.09641528129577637, 0.13026905059814453, 0.046977996826171875, 0.09744405746459961, 0.12663841247558594, 0.053983449935913086, 0.0975947380065918, 0.12839484214782715, 0.04636216163635254, 0.09722757339477539, 0.1329338550567627, 0.04979205131530762, 0.09799957275390625, 0.1264207363128662, 0.05076956748962402, 0.09842658042907715, 0.12586426734924316, 0.048341989517211914, 0.09733414649963379, 0.1285839080810547, 0.04655623435974121, 0.09806370735168457, 0.12683320045471191, 0.05369687080383301, 0.0978097915649414, 0.12546110153198242, 0.0531315803527832, 0.09778189659118652, 0.12569093704223633, 0.04411482810974121, 0.0961904525756836, 0.1334214210510254, 0.04588890075683594, 0.0836336612701416, 0.11450314521789551, 0.052572011947631836, 0.08731818199157715, 0.12225222587585449, 0.051085472106933594, 0.09033799171447754, 0.12661075592041016, 0.050461769104003906, 0.07945370674133301, 0.11839127540588379, 0.060730695724487305, 0.09691977500915527, 0.12894487380981445, 0.05121159553527832, 0.09793472290039062, 0.12668919563293457, 0.05038809776306152, 0.09720873832702637, 0.12816786766052246, 0.04833340644836426, 0.09830427169799805, 0.127960205078125, 0.05113387107849121, 0.09756636619567871, 0.1312847137451172, 0.052295684814453125, 0.09627771377563477, 0.13219237327575684, 0.049223899841308594, 0.09772133827209473, 0.13040566444396973, 0.04919004440307617, 0.09736132621765137, 0.12883567810058594, 0.05088019371032715, 0.10024166107177734, 0.129241943359375, 0.04723834991455078, 0.09647226333618164, 0.1347799301147461, 0.05176377296447754, 0.09602713584899902, 0.12926936149597168, 0.05034589767456055, 0.09777235984802246, 0.12671422958374023, 0.04662299156188965, 0.09579992294311523, 0.1292867660522461, 0.05140185356140137, 0.09715485572814941, 0.12176346778869629, 0.06319332122802734, 0.09585762023925781, 0.1312274932861328, 0.04855775833129883, 0.09657573699951172, 0.13056039810180664, 0.05089735984802246, 0.09421992301940918, 0.13180923461914062, 0.049643754959106445, 0.0953216552734375, 0.1272563934326172, 0.05058574676513672, 0.09560132026672363, 0.128495454788208, 0.04706382751464844, 0.09732365608215332, 0.11988449096679688, 0.06084942817687988, 0.08592510223388672, 0.13409781455993652, 0.044766902923583984, 0.08749151229858398, 0.13261747360229492, 0.0457768440246582, 0.09491086006164551, 0.12776446342468262, 0.04814004898071289, 0.09653735160827637, 0.12833237648010254, 0.051078081130981445, 0.09551835060119629, 0.13216114044189453, 0.04997110366821289, 0.09662318229675293, 0.132110595703125, 0.04643678665161133, 0.09547805786132812, 0.13284659385681152, 0.04263162612915039, 0.09557580947875977, 0.13642048835754395, 0.051305532455444336, 0.09508204460144043, 0.12349462509155273, 0.05310869216918945, 0.09584474563598633, 0.12478375434875488, 0.05898642539978027, 0.09548521041870117, 0.1316204071044922, 0.049001216888427734, 0.09519791603088379, 0.13138556480407715, 0.05053138732910156, 0.09823369979858398, 0.13013434410095215, 0.04713106155395508, 0.09509897232055664, 0.12980246543884277, 0.04774188995361328, 0.09495854377746582, 0.13154816627502441, 0.04805445671081543, 0.09650468826293945, 0.13366293907165527, 0.05328822135925293, 0.09471678733825684, 0.13058829307556152, 0.04921913146972656, 0.09369540214538574, 0.13059473037719727, 0.05053281784057617, 0.09561276435852051, 0.13166117668151855, 0.047740936279296875, 0.09463047981262207, 0.13452792167663574, 0.051706790924072266, 0.09862160682678223, 0.13266587257385254, 0.05193662643432617, 0.09454131126403809, 0.1321244239807129, 0.04726672172546387, 0.09748983383178711, 0.12397623062133789, 0.0553431510925293, 0.09418869018554688, 0.12385225296020508, 0.05102062225341797, 0.09181666374206543, 0.1301274299621582, 0.05108380317687988, 0.09352421760559082, 0.12842774391174316, 0.04663395881652832, 0.09245705604553223, 0.13437366485595703, 0.05118060111999512, 0.09275102615356445, 0.1295762062072754, 0.046506404876708984, 0.09248852729797363, 0.12201285362243652, 0.05966997146606445, 0.08113884925842285, 0.12663531303405762, 0.05962181091308594, 0.09157228469848633, 0.1230776309967041, 0.04915261268615723, 0.09308004379272461, 0.12294435501098633, 0.05996108055114746, 0.09479928016662598, 0.12893438339233398, 0.049420833587646484, 0.09454083442687988, 0.13320040702819824, 0.04789543151855469, 0.09187006950378418, 0.13365864753723145, 0.04854464530944824, 0.09437060356140137, 0.12741708755493164, 0.04716062545776367, 0.09093165397644043, 0.12227725982666016, 0.049649953842163086, 0.09328174591064453, 0.12994122505187988, 0.04991579055786133, 0.09229421615600586, 0.13069605827331543, 0.050631046295166016, 0.09026217460632324, 0.13110876083374023, 0.04721975326538086, 0.09063434600830078, 0.13179636001586914, 0.043137550354003906, 0.09234905242919922, 0.12952280044555664, 0.043695926666259766, 0.08936905860900879, 0.130112886428833, 0.04662966728210449, 0.09012675285339355, 0.13350582122802734, 0.04783153533935547, 0.08765864372253418, 0.12949776649475098, 0.0455775260925293, 0.08915352821350098, 0.13019967079162598, 0.038632869720458984, 0.08790206909179688, 0.12960195541381836, 0.04917788505554199, 0.09009456634521484, 0.13140249252319336, 0.04821586608886719, 0.08955979347229004, 0.12765812873840332, 0.04734659194946289, 0.08777236938476562, 0.12988829612731934, 0.047638893127441406, 0.08525466918945312, 0.12787270545959473, 0.04791116714477539, 0.08658242225646973, 0.1282668113708496, 0.04943442344665527, 0.08531808853149414, 0.12465381622314453, 0.05191302299499512, 0.08577823638916016, 0.12400269508361816, 0.050620317459106445, 0.08462929725646973, 0.1301562786102295, 0.04456782341003418, 0.08746695518493652, 0.12907886505126953, 0.04437685012817383, 0.08380675315856934, 0.127166748046875, 0.03895735740661621, 0.08359766006469727, 0.12770795822143555, 0.04164457321166992, 0.08346819877624512, 0.1273939609527588, 0.039876461029052734, 0.08459830284118652, 0.12779855728149414, 0.04737448692321777, 0.08236050605773926, 