{"ID": 7, "inference time": [14.954822063446045, 0.16327166557312012, 0.17545795440673828, 0.11414051055908203, 0.16426372528076172, 0.13580536842346191, 0.1013035774230957, 0.16213130950927734, 0.17797517776489258, 0.10117721557617188, 0.17015504837036133, 0.1873471736907959, 0.11216545104980469, 0.16904377937316895, 0.15412688255310059, 0.11125612258911133, 0.1671144962310791, 0.15795397758483887, 0.10729503631591797, 0.17280936241149902, 0.16282272338867188, 0.10935640335083008, 0.16475677490234375, 0.16689276695251465, 0.11715340614318848, 0.16518473625183105, 0.17239904403686523, 0.11795639991760254, 0.16838765144348145, 0.16288399696350098, 0.11140942573547363, 0.16524553298950195, 0.1887507438659668, 0.11781454086303711, 0.17285513877868652, 0.17582440376281738, 0.10320639610290527, 0.16607093811035156, 0.15492486953735352, 0.10550904273986816, 0.1670064926147461, 0.1530766487121582, 0.11335349082946777, 0.1639087200164795, 0.1706242561340332, 0.10989117622375488, 0.16142892837524414, 0.19405794143676758, 0.11324095726013184, 0.16446757316589355, 0.18044757843017578, 0.10975098609924316, 0.16896486282348633, 0.15620183944702148, 0.10100460052490234, 0.17361140251159668, 0.16649436950683594, 0.10643434524536133, 0.18040823936462402, 0.16353297233581543, 0.12202167510986328, 0.17751026153564453, 0.15642189979553223, 0.10326123237609863, 0.16846728324890137, 0.15074968338012695, 0.10915899276733398, 0.16881251335144043, 0.1690380573272705, 0.11036372184753418, 0.17072725296020508, 0.16213464736938477, 0.10797286033630371, 0.17061328887939453, 0.15088486671447754, 0.11024188995361328, 0.16399502754211426, 0.16025114059448242, 0.11213850975036621, 0.16609549522399902, 0.14908742904663086, 0.11539626121520996, 0.16608953475952148, 0.15541863441467285, 0.11197185516357422, 0.16953277587890625, 0.1797933578491211, 0.1283586025238037, 0.16883254051208496, 0.162034273147583, 0.1134653091430664, 0.16749191284179688, 0.1534740924835205, 0.1043081283569336, 0.17217540740966797, 0.17053651809692383, 0.1028289794921875, 0.15634536743164062, 0.17452502250671387, 0.10189962387084961, 0.16657042503356934, 0.19480395317077637, 0.09693622589111328, 0.15992450714111328, 0.1808161735534668, 0.08946752548217773, 0.14943623542785645, 0.17267107963562012, 0.08916544914245605, 0.1649010181427002, 0.1464099884033203, 0.11837172508239746, 0.16678214073181152, 0.14358234405517578, 0.11837625503540039, 0.16663789749145508, 0.17849016189575195, 0.11051034927368164, 0.1715846061706543, 0.14670062065124512, 0.11783885955810547, 0.17242717742919922, 0.1758434772491455, 0.11677885055541992, 0.1666097640991211, 0.1497023105621338, 0.11751675605773926, 0.1686265468597412, 0.17473196983337402, 0.10199785232543945, 0.16623783111572266, 0.1837930679321289, 0.10710358619689941, 0.16744685173034668, 0.1555931568145752, 0.10626077651977539, 0.17197227478027344, 0.1514894962310791, 0.10616850852966309, 0.1666707992553711, 0.1715106964111328, 0.11626052856445312, 0.17433786392211914, 0.1484827995300293, 0.10209941864013672, 0.17032384872436523, 0.15609478950500488, 0.11325979232788086, 0.1689128875732422, 0.17845773696899414, 0.09884047508239746, 0.17374753952026367, 0.1434171199798584, 0.1284332275390625, 0.16813087463378906, 0.18326020240783691, 0.11499929428100586, 0.17156052589416504, 0.15339088439941406, 0.1240084171295166, 0.16393256187438965, 0.1544182300567627, 0.13365936279296875, 0.17127156257629395, 0.1580028533935547, 0.11607074737548828, 0.16551995277404785, 0.17557597160339355, 0.09473657608032227, 0.15914392471313477, 0.1578667163848877, 0.0937492847442627, 0.16305875778198242, 0.18131661415100098, 0.1049354076385498, 0.17033600807189941, 0.1781005859375, 0.10426449775695801, 0.1705789566040039, 0.15291476249694824, 0.12477636337280273, 0.16633844375610352, 0.14899635314941406, 0.13349270820617676, 0.17111468315124512, 0.1541759967803955, 0.1166832447052002, 0.16533923149108887, 0.15091991424560547, 0.10720658302307129, 0.1702573299407959, 0.16532468795776367, 0.12920379638671875, 0.16505789756774902, 0.17469215393066406, 0.07745623588562012, 0.16546368598937988, 0.18104171752929688, 0.10594534873962402, 0.16808462142944336, 0.15801548957824707, 0.11234474182128906, 0.16589140892028809, 0.15106821060180664, 0.11364078521728516, 0.16813302040100098, 0.1821432113647461, 0.10532474517822266, 0.16785693168640137, 0.16709089279174805, 0.10289740562438965, 0.16534042358398438, 0.18200159072875977, 0.1068112850189209, 0.16611719131469727, 0.18504714965820312, 0.09370875358581543, 0.1675403118133545, 0.17513275146484375, 0.10364818572998047, 0.16775846481323242, 0.16163969039916992, 0.11955642700195312, 0.18473315238952637, 0.1797013282775879, 0.11699080467224121, 0.16875290870666504, 0.14905929565429688, 0.1377866268157959, 0.1671433448791504, 0.1519932746887207, 0.12331032752990723, 0.1724870204925537, 0.15777039527893066, 0.10435724258422852, 0.16574478149414062, 0.1770620346069336, 0.08713078498840332, 0.1652052402496338, 0.17672348022460938, 0.0985713005065918, 0.16564512252807617, 0.1489713191986084, 0.11456489562988281, 0.1672663688659668, 0.17595791816711426, 0.10418152809143066, 0.17238640785217285, 0.1518707275390625, 0.10705995559692383, 0.16494369506835938, 0.17670297622680664, 0.08690595626831055, 0.16914725303649902, 0.1795806884765625, 0.09625458717346191, 0.1594986915588379, 0.17673206329345703, 0.08732199668884277, 0.16300082206726074, 0.17699861526489258, 0.08191323280334473, 0.16814208030700684, 0.176072359085083, 0.09029078483581543, 0.1707143783569336, 0.1786823272705078, 0.1376171112060547, 0.1693716049194336, 0.1622605323791504, 0.09978270530700684, 0.16800689697265625, 0.1514132022857666, 0.11009931564331055, 0.1665198802947998, 0.17492461204528809, 0.08878612518310547, 0.1650223731994629, 0.17346668243408203, 0.08263945579528809, 0.17546677589416504, 0.1790318489074707, 0.13258862495422363, 0.16960930824279785, 0.14925861358642578, 0.13207244873046875, 0.16901588439941406, 0.15591216087341309, 0.1267845630645752, 0.16766571998596191, 0.1747748851776123, 0.09945464134216309, 0.16791367530822754, 0.1382582187652588, 0.10414719581604004, 0.1660764217376709, 0.14330482482910156, 0.12448406219482422, 0.16598916053771973, 0.17950892448425293, 0.13406109809875488, 0.16532254219055176, 0.15378928184509277, 0.12234282493591309, 0.16827130317687988, 0.1712172031402588, 0.08998966217041016, 0.16508746147155762, 0.17388105392456055, 0.1315019130706787, 0.17284297943115234, 0.18257808685302734, 0.12140965461730957, 0.16922783851623535, 0.14945483207702637, 0.1294536590576172, 0.16714072227478027, 0.17560577392578125, 0.12985634803771973, 0.16609787940979004, 0.14818286895751953, 0.13344192504882812, 0.16449260711669922, 0.17844104766845703, 0.12311434745788574, 0.1607656478881836, 0.18393921852111816, 0.08875751495361328, 0.1670680046081543, 0.18522286415100098, 0.09035277366638184, 0.16522669792175293, 0.18355059623718262, 0.11708641052246094, 0.16676807403564453, 0.1784203052520752, 0.1237022876739502, 0.16189789772033691, 0.16263842582702637, 0.0938405990600586, 0.16299676895141602, 0.16849994659423828, 0.11937999725341797, 0.16252875328063965, 0.17451834678649902, 0.11953139305114746, 0.1665959358215332, 0.1795644760131836, 0.12248396873474121, 0.16130590438842773, 0.17080473899841309, 0.08318710327148438, 0.16129422187805176, 0.17051410675048828, 0.12323498725891113, 0.1621387004852295, 0.16426730155944824, 0.08805966377258301, 0.16534638404846191, 0.18036985397338867, 0.1198725700378418, 0.16318893432617188, 0.1777341365814209, 0.09682250022888184, 0.15880465507507324, 0.17169952392578125, 0.09140849113464355, 0.15895605087280273, 0.17526769638061523, 0.1125326156616211, 0.16148710250854492, 0.17058682441711426, 0.09929299354553223, 0.15923190116882324, 0.17685389518737793, 0.09387850761413574, 0.15968751907348633, 0.17298173904418945, 0.09380745887756348, 0.1643691062927246, 0.17493295669555664, 0.0952765941619873, 0.16203999519348145, 0.17633271217346191, 