{"ID": 6, "inference time": [10.519420385360718, 0.04088139533996582, 0.048387765884399414, 0.03684186935424805, 0.03861880302429199, 0.04822897911071777, 0.03538680076599121, 0.035445451736450195, 0.04868912696838379, 0.03806877136230469, 0.037352561950683594, 0.048650264739990234, 0.037079811096191406, 0.03492093086242676, 0.04953336715698242, 0.13138818740844727, 0.08843636512756348, 0.07111263275146484, 0.06286787986755371, 0.04901599884033203, 0.06629014015197754, 0.06101846694946289, 0.045641422271728516, 0.12430834770202637, 0.1004178524017334, 0.07472586631774902, 0.08723211288452148, 0.09722113609313965, 0.08660030364990234, 0.08797931671142578, 0.08850717544555664, 0.05467081069946289, 0.0857851505279541, 0.0903775691986084, 0.04167962074279785, 0.08633589744567871, 0.09009313583374023, 0.04194474220275879, 0.08601784706115723, 0.08958601951599121, 0.06634116172790527, 0.0848534107208252, 0.09284615516662598, 0.07535409927368164, 0.0859520435333252, 0.08804011344909668, 0.07918524742126465, 0.08334136009216309, 0.08572959899902344, 0.07773518562316895, 0.08401656150817871, 0.0868990421295166, 0.08670306205749512, 0.08539628982543945, 0.09038543701171875, 0.07174944877624512, 0.08474397659301758, 0.08711647987365723, 0.06583762168884277, 0.08314871788024902, 0.08837747573852539, 0.07400798797607422, 0.08487868309020996, 0.09263443946838379, 0.06332015991210938, 0.08442926406860352, 0.08885908126831055, 0.08477568626403809, 0.08699417114257812, 0.08547139167785645, 0.0691380500793457, 0.08500838279724121, 0.08731293678283691, 0.07604050636291504, 0.0869297981262207, 0.0873253345489502, 0.05802011489868164, 0.08587789535522461, 0.08416152000427246, 0.07174801826477051, 0.08608174324035645, 0.08902215957641602, 0.07163667678833008, 0.08704066276550293, 0.09280729293823242, 0.06571674346923828, 0.0847775936126709, 0.09358501434326172, 0.07372260093688965, 0.08559846878051758, 0.08676648139953613, 0.07463622093200684, 0.08444929122924805, 0.08757543563842773, 0.08125019073486328, 0.0871744155883789, 0.08902668952941895, 0.0640420913696289, 0.0849456787109375, 0.09792685508728027, 0.07000064849853516, 0.08302092552185059, 0.09372210502624512, 0.06404280662536621, 0.0877234935760498, 0.08738517761230469, 0.07058095932006836, 0.0848689079284668, 0.08981752395629883, 0.0701141357421875, 0.0884544849395752, 0.08851122856140137, 0.07740974426269531, 0.08608078956604004, 0.09015274047851562, 0.06426644325256348, 0.0859529972076416, 0.08712363243103027, 0.07731938362121582, 0.08344221115112305, 0.0855257511138916, 0.0752859115600586, 0.0897529125213623, 0.09273934364318848, 0.06813287734985352, 0.07792043685913086, 0.10446333885192871, 0.08833432197570801, 0.08841753005981445, 0.09372353553771973, 0.05709385871887207, 0.08164572715759277, 0.0924539566040039, 0.0655510425567627, 0.07316732406616211, 0.09786772727966309, 0.07282638549804688, 0.08228611946105957, 0.09418940544128418, 0.07401895523071289, 0.08365106582641602, 0.08649396896362305, 0.07927322387695312, 0.08498883247375488, 0.08639812469482422, 0.07787919044494629, 0.08397507667541504, 0.08771729469299316, 0.07156538963317871, 0.08428215980529785, 0.0935814380645752, 0.0787813663482666, 0.08581352233886719, 0.08835864067077637, 0.07356905937194824, 0.08372306823730469, 0.09267807006835938, 0.07235527038574219, 0.08598804473876953, 0.0958867073059082, 0.07906651496887207, 0.08782672882080078, 0.09577369689941406, 0.07869362831115723, 0.08573293685913086, 0.08863663673400879, 0.07245779037475586, 0.08044147491455078, 0.09092450141906738, 0.07682347297668457, 0.0831606388092041, 0.0904088020324707, 0.07455587387084961, 0.08950304985046387, 0.092193603515625, 0.07853507995605469, 0.0871739387512207, 0.09888482093811035, 0.08179664611816406, 0.08936619758605957, 0.09236431121826172, 0.07849502563476562, 0.08949851989746094, 0.09287619590759277, 0.07395529747009277, 0.08565378189086914, 0.09872078895568848, 0.07602214813232422, 0.08321785926818848, 0.09578347206115723, 0.06670427322387695, 0.07776856422424316, 0.1044321060180664, 0.07698202133178711, 0.08805179595947266, 0.09404110908508301, 0.07557010650634766, 0.0879974365234375, 0.08565378189086914, 0.07904195785522461, 0.08769536018371582, 0.08906698226928711, 0.07976770401000977, 0.07433462142944336, 0.10140585899353027, 0.0973966121673584, 0.08678197860717773, 0.10146379470825195, 0.08403658866882324, 0.08896970748901367, 0.09100842475891113, 0.07940459251403809, 0.07330322265625, 0.0971231460571289, 0.08551645278930664, 0.09151649475097656, 0.09544205665588379, 0.07442450523376465, 0.07988619804382324, 0.09418439865112305, 0.07821369171142578, 0.08624649047851562, 0.08832263946533203, 0.08588600158691406, 0.07196044921875, 0.09685993194580078, 0.08416628837585449, 0.07768130302429199, 0.10138344764709473, 0.09065604209899902, 0.08806753158569336, 0.09806227684020996, 0.07855677604675293, 0.07041096687316895, 0.09769153594970703, 0.08804082870483398, 0.08033442497253418, 0.09984040260314941, 0.09210324287414551, 0.08492755889892578, 0.09561634063720703, 0.07921600341796875, 0.07421517372131348, 0.09253764152526855, 0.07858586311340332, 0.07842540740966797, 0.0983743667602539, 0.08394432067871094, 0.07462811470031738, 0.0961296558380127, 0.08622479438781738, 0.0904226303100586, 0.09700965881347656, 0.07587599754333496, 0.08792543411254883, 0.09943032264709473, 0.08346676826477051, 0.08879232406616211, 0.09644794464111328, 0.08539938926696777, 0.08824896812438965, 0.09844779968261719, 0.0873563289642334, 0.08477902412414551, 0.09765124320983887, 0.08880209922790527, 0.08821749687194824, 0.1011819839477539, 0.08693933486938477, 0.0723721981048584, 0.09558582305908203, 0.07938742637634277, 0.0810081958770752, 0.1036527156829834, 0.08209538459777832, 0.07884860038757324, 0.09643054008483887, 0.08454489707946777, 0.07631969451904297, 0.09613227844238281, 0.0819854736328125, 0.08023715019226074, 0.10118651390075684, 0.09521198272705078, 0.08756542205810547, 0.10017919540405273, 0.08251142501831055, 0.08619308471679688, 0.09661102294921875, 0.09239554405212402, 0.08445620536804199, 0.1013486385345459, 0.07993888854980469, 0.07894015312194824, 0.09244608879089355, 0.0854496955871582, 0.07984232902526855, 0.10214114189147949, 0.09205126762390137, 0.08677840232849121, 0.10139012336730957, 0.09296941757202148, 0.08534479141235352, 0.09830212593078613, 0.09164071083068848, 0.0810239315032959, 0.09334993362426758, 0.07927680015563965, 0.08153986930847168, 0.0997765064239502, 0.10118651390075684, 0.08828353881835938, 0.10203051567077637, 0.0913248062133789, 0.0812845230102539, 0.09542155265808105, 0.0922236442565918, 0.07378959655761719, 0.0868377685546875, 0.07978630065917969, 0.07796931266784668, 0.10026311874389648, 0.08658385276794434, 0.07801628112792969, 0.0884861946105957, 0.07854485511779785, 0.07670116424560547, 0.09848761558532715, 0.1016693115234375, 0.08666586875915527, 0.0992887020111084, 0.09843015670776367, 0.08817911148071289, 0.0971829891204834, 0.08711051940917969, 0.07503557205200195, 0.09166455268859863, 0.08336877822875977, 0.08385729789733887, 0.10280895233154297, 0.08531308174133301, 0.07689332962036133, 0.09018445014953613, 0.08045244216918945, 0.08072662353515625, 0.10124874114990234, 0.09036517143249512, 0.07960057258605957, 0.09696006774902344, 0.0892190933227539, 0.08924007415771484, 0.09727358818054199, 0.09191751480102539, 0.08771181106567383, 0.0996091365814209, 0.09334897994995117, 0.07765555381774902, 0.08868956565856934, 0.08105802536010742, 0.08028149604797363, 0.09736299514770508, 0.10102176666259766, 0.08865737915039062, 0.10022282600402832, 0.09293055534362793, 0.07715916633605957, 0.09369373321533203, 0.08519721031188965, 0.0774238109588623, 0.09436655044555664, 0.08488798141479492, 0.07783699035644531, 0.09975171089172363, 0.09326791763305664, 0.07998442649841309, 0.083160400390625, 0.08313441276550293, 0.07698202133178711, 0.09006452560424805, 0.08585333824157715, 0.07572531700134277, 0.09084224700927734, 