{"ID": 6, "inference time": [14.7655189037323, 0.11483931541442871, 0.10913228988647461, 0.11850881576538086, 0.09761786460876465, 0.10080909729003906, 0.11699962615966797, 0.24545741081237793, 0.1576097011566162, 0.13892030715942383, 0.1280374526977539, 0.13174152374267578, 0.13220548629760742, 0.13895702362060547, 0.13479900360107422, 0.1366894245147705, 0.13358402252197266, 0.13805508613586426, 0.13460779190063477, 0.1341257095336914, 0.13197898864746094, 0.12776613235473633, 0.1353158950805664, 0.12670063972473145, 0.12877988815307617, 0.13315486907958984, 0.12558531761169434, 0.12951087951660156, 0.13361525535583496, 0.1217806339263916, 0.13814949989318848, 0.12460875511169434, 0.12722396850585938, 0.13425469398498535, 0.12290167808532715, 0.12321209907531738, 0.13634538650512695, 0.12687444686889648, 0.1305091381072998, 0.13256525993347168, 0.12533831596374512, 0.12338042259216309, 0.13220810890197754, 0.1264503002166748, 0.12618780136108398, 0.13489341735839844, 0.12007451057434082, 0.12774419784545898, 0.13431549072265625, 0.1265859603881836, 0.12337112426757812, 0.12755846977233887, 0.13033556938171387, 0.12425017356872559, 0.13610339164733887, 0.13010191917419434, 0.1289525032043457, 0.13334870338439941, 0.13040947914123535, 0.1290121078491211, 0.13267087936401367, 0.1253812313079834, 0.12748026847839355, 0.1323249340057373, 0.12948966026306152, 0.12596440315246582, 0.13681602478027344, 0.11961650848388672, 0.1307363510131836, 0.13233304023742676, 0.12336230278015137, 0.1278667449951172, 0.13290190696716309, 0.13058781623840332, 0.1281907558441162, 0.13414287567138672, 0.12079858779907227, 0.12979626655578613, 0.13526344299316406, 0.1128544807434082, 0.13101959228515625, 0.13529610633850098, 0.11378169059753418, 0.13321733474731445, 0.13471436500549316, 0.12575578689575195, 0.13223028182983398, 0.13242697715759277, 0.12134337425231934, 0.1311638355255127, 0.13523030281066895, 0.12475180625915527, 0.12979483604431152, 0.13438773155212402, 0.133253812789917, 0.12888669967651367, 0.135711669921875, 0.11967349052429199, 0.13140654563903809, 0.13321709632873535, 0.12499070167541504, 0.12843751907348633, 0.13652348518371582, 0.11721658706665039, 0.12771296501159668, 0.13630938529968262, 0.1200714111328125, 0.13117146492004395, 0.13301539421081543, 0.11668968200683594, 0.13510894775390625, 0.1390666961669922, 0.13067317008972168, 0.1402890682220459, 0.1353294849395752, 0.12191128730773926, 0.13154149055480957, 0.13161063194274902, 0.10670804977416992, 0.12659335136413574, 0.13240623474121094, 0.12197661399841309, 0.13019061088562012, 0.1361086368560791, 0.11463236808776855, 0.1295022964477539, 0.13963556289672852, 0.1214900016784668, 0.12537312507629395, 0.1370103359222412, 0.13427114486694336, 0.1261451244354248, 0.1339268684387207, 0.12032890319824219, 0.1332716941833496, 0.1409151554107666, 0.1378321647644043, 0.12868356704711914, 0.13400864601135254, 0.12084531784057617, 0.1349780559539795, 0.14066815376281738, 0.1288776397705078, 0.1319289207458496, 0.14011144638061523, 0.11681103706359863, 0.1290600299835205, 0.1378014087677002, 0.11874032020568848, 0.1325223445892334, 0.1331315040588379, 0.11648917198181152, 0.13241958618164062, 0.14005494117736816, 0.11623144149780273, 0.12711191177368164, 0.13764381408691406, 0.11667251586914062, 0.12961626052856445, 0.13879156112670898, 0.11815190315246582, 0.12788653373718262, 0.140761137008667, 0.11864328384399414, 0.1300208568572998, 0.1376185417175293, 0.11939787864685059, 0.13234281539916992, 0.13932037353515625, 0.1183626651763916, 0.13285398483276367, 0.13665556907653809, 0.11757683753967285, 0.12760162353515625, 0.13097929954528809, 0.11518645286560059, 0.1303577423095703, 0.13651251792907715, 0.12118649482727051, 0.13486289978027344, 0.13837003707885742, 0.11788797378540039, 0.13054108619689941, 0.13793444633483887, 0.12261176109313965, 0.1261129379272461, 0.1390233039855957, 0.11306238174438477, 0.13221979141235352, 0.14110183715820312, 0.1301124095916748, 0.136030912399292, 0.1409769058227539, 0.11708641052246094, 0.13153553009033203, 0.13780927658081055, 0.10994577407836914, 0.12491750717163086, 0.12810182571411133, 0.13314199447631836, 0.13097929954528809, 0.13618850708007812, 0.1195061206817627, 0.13050055503845215, 0.14127683639526367, 0.1171882152557373, 0.1299288272857666, 0.14160704612731934, 0.1096494197845459, 0.12583327293395996, 0.13509750366210938, 0.1178889274597168, 0.1311328411102295, 0.14289164543151855, 0.12639784812927246, 0.13303899765014648, 0.1410048007965088, 0.11095547676086426, 0.1282670497894287, 0.1454617977142334, 0.12461066246032715, 0.12813258171081543, 0.14149832725524902, 0.11643838882446289, 0.12842488288879395, 0.13854360580444336, 0.1105649471282959, 0.12035560607910156, 0.1347367763519287, 0.11838269233703613, 0.12914037704467773, 0.1386120319366455, 0.11089920997619629, 0.12836146354675293, 0.12981748580932617, 0.12560439109802246, 0.13202190399169922, 0.1323847770690918, 0.11540412902832031, 0.13650012016296387, 0.13604497909545898, 0.12288355827331543, 0.13034701347351074, 0.14130377769470215, 0.12273669242858887, 0.13068056106567383, 0.14188933372497559, 0.1160879135131836, 0.12937593460083008, 0.13862109184265137, 0.12088751792907715, 0.13245820999145508, 0.1404109001159668, 0.10790443420410156, 0.13199210166931152, 0.12990021705627441, 0.1213066577911377, 0.13344955444335938, 0.13986659049987793, 0.11255407333374023, 0.12853693962097168, 0.13570308685302734, 0.11371088027954102, 0.1235814094543457, 0.1359257698059082, 0.12056946754455566, 0.13399481773376465, 0.13915276527404785, 0.12101864814758301, 0.13110136985778809, 0.14115500450134277, 0.11873722076416016, 0.13258099555969238, 0.13984274864196777, 0.11920642852783203, 0.13431572914123535, 0.1350405216217041, 0.11604595184326172, 0.12498879432678223, 0.1361374855041504, 0.12368249893188477, 0.1355903148651123, 0.13982558250427246, 0.12114882469177246, 0.13456177711486816, 0.14149141311645508, 0.11552190780639648, 0.1320934295654297, 0.14032649993896484, 0.11286067962646484, 0.119354248046875, 0.13889336585998535, 0.12261128425598145, 0.14180994033813477, 0.14690566062927246, 0.1240086555480957, 0.13268446922302246, 0.1426694393157959, 0.11282944679260254, 0.13114428520202637, 0.1407606601715088, 0.12063837051391602, 0.11838579177856445, 0.1380608081817627, 0.11495327949523926, 0.134718656539917, 0.13780951499938965, 0.11117029190063477, 0.13170599937438965, 0.13643193244934082, 0.11186575889587402, 0.1270310878753662, 0.14610695838928223, 0.11575102806091309, 0.1333153247833252, 0.14243364334106445, 0.12238621711730957, 0.13248229026794434, 0.13588356971740723, 0.1091146469116211, 0.1262350082397461, 0.13950514793395996, 0.11627984046936035, 0.13534140586853027, 0.1368703842163086, 0.11397147178649902, 0.12488341331481934, 0.1342296600341797, 0.12869000434875488, 0.13684296607971191, 0.13779735565185547, 0.10978865623474121, 0.14167118072509766, 0.13869309425354004, 0.12553691864013672, 0.1314530372619629, 0.13950419425964355, 0.12037873268127441, 0.1354999542236328, 0.1385045051574707, 0.11219263076782227, 0.12674903869628906, 0.1308600902557373, 0.1206216812133789, 0.12703418731689453, 0.14264822006225586, 0.12358212471008301, 0.136885404586792, 0.14277100563049316, 0.11307239532470703, 0.13569164276123047, 0.13646936416625977, 0.1116328239440918, 0.13521885871887207, 0.1418013572692871, 0.12591934204101562, 0.13512086868286133, 0.14121460914611816, 0.11190104484558105, 0.12103462219238281, 0.1372663974761963, 0.11322283744812012, 0.13649702072143555, 0.13344454765319824, 0.11664557456970215, 0.134735107421875, 0.13918018341064453, 0.1154794692993164, 0.12760257720947266, 0.13665175437927246, 0.11243057250976562, 0.13131403923034668, 0.1387479305267334, 0.11593461036682129, 0.12462210655212402, 0.13788890838623047, 0.11165952682495117, 0.12731480598449707, 0.13572263717651367, 0.10641908645629883, 0.1264653205871582, 0.1295938491821289, 0.11221528053283691, 0.13214802742004395, 