{"ID": 7, "inference time": [14.175079822540283, 0.10484004020690918, 0.12264657020568848, 0.10729455947875977, 0.07616376876831055, 0.08153557777404785, 0.1029348373413086, 0.08353948593139648, 0.20136022567749023, 0.18905258178710938, 0.09479355812072754, 0.10800290107727051, 0.131483793258667, 0.11371064186096191, 0.1302947998046875, 0.13141608238220215, 0.11767911911010742, 0.10849905014038086, 0.13724136352539062, 0.11306333541870117, 0.12546896934509277, 0.14206480979919434, 0.12661981582641602, 0.12172985076904297, 0.13782525062561035, 0.13189220428466797, 0.11534571647644043, 0.13207650184631348, 0.1314547061920166, 0.12367773056030273, 0.11041140556335449, 0.1344470977783203, 0.10034918785095215, 0.11801505088806152, 0.12256431579589844, 0.09818911552429199, 0.10271739959716797, 0.11054491996765137, 0.12020611763000488, 0.14185309410095215, 0.1333012580871582, 0.11587142944335938, 0.10785341262817383, 0.12471365928649902, 0.09766745567321777, 0.11837077140808105, 0.1214144229888916, 0.10717511177062988, 0.11690306663513184, 0.11420440673828125, 0.10226726531982422, 0.11301875114440918, 0.11134791374206543, 0.12495064735412598, 0.1016542911529541, 0.130692720413208, 0.11434340476989746, 0.11213994026184082, 0.13332438468933105, 0.1330878734588623, 0.1111752986907959, 0.12253928184509277, 0.12737369537353516, 0.1019742488861084, 0.13131332397460938, 0.11997699737548828, 0.12321162223815918, 0.11070370674133301, 0.13602232933044434, 0.14012765884399414, 0.10458612442016602, 0.11003565788269043, 0.12490415573120117, 0.11434125900268555, 0.11345863342285156, 0.09622979164123535, 0.1201932430267334, 0.08730125427246094, 0.10478782653808594, 0.12267518043518066, 0.1323690414428711, 0.13309884071350098, 0.10059642791748047, 0.12037897109985352, 0.14073538780212402, 0.11909222602844238, 0.12927699089050293, 0.142533540725708, 0.12896418571472168, 0.12189292907714844, 0.10963726043701172, 0.1289210319519043, 0.10680460929870605, 0.12886810302734375, 0.1135714054107666, 0.10021281242370605, 0.10364794731140137, 0.12761354446411133, 0.1184079647064209, 0.09906244277954102, 0.09511828422546387, 0.11715555191040039, 0.0994729995727539, 0.12151193618774414, 0.11502242088317871, 0.10971951484680176, 0.12176227569580078, 0.13172173500061035, 0.14162898063659668, 0.11121702194213867, 0.1364879608154297, 0.14654135704040527, 0.09285902976989746, 0.13709092140197754, 0.13890528678894043, 0.1076207160949707, 0.10248160362243652, 0.10355710983276367, 0.11601519584655762, 0.12831664085388184, 0.15587306022644043, 0.11033344268798828, 0.11834144592285156, 0.1412198543548584, 0.11258363723754883, 0.11298060417175293, 0.10474634170532227, 0.13245153427124023, 0.10750699043273926, 0.10127472877502441, 0.1334524154663086, 0.11630654335021973, 0.11855578422546387, 0.12491846084594727, 0.11400723457336426, 0.0999445915222168, 0.10756802558898926, 0.11965084075927734, 0.1185462474822998, 0.1046605110168457, 0.10990309715270996, 0.1412336826324463, 0.11889958381652832, 0.12694334983825684, 0.10027432441711426, 0.09675931930541992, 0.10224485397338867, 0.0961611270904541, 0.10733294486999512, 0.10289454460144043, 0.0989844799041748, 0.10603594779968262, 0.1106724739074707, 0.10637927055358887, 0.10537505149841309, 0.10378289222717285, 0.10361003875732422, 0.11688017845153809, 0.11479425430297852, 0.12683892250061035, 0.13001084327697754, 0.1021413803100586, 0.11194443702697754, 0.11872696876525879, 0.13025379180908203, 0.11217975616455078, 0.11716222763061523, 0.11732840538024902, 0.11866545677185059, 0.13039445877075195, 0.11477351188659668, 0.1432490348815918, 0.1064600944519043, 0.10539913177490234, 0.13155651092529297, 0.09590554237365723, 0.12181544303894043, 0.13936138153076172, 0.13152432441711426, 0.11550259590148926, 0.13518977165222168, 0.1149435043334961, 0.11864900588989258, 0.10106110572814941, 0.10658502578735352, 0.10615420341491699, 0.10322213172912598, 0.11794829368591309, 0.14072108268737793, 0.13636064529418945, 0.10010695457458496, 0.10515570640563965, 0.1008307933807373, 0.12498950958251953, 0.11254501342773438, 0.1240987777709961, 0.10750818252563477, 0.12926936149597168, 0.17368006706237793, 0.08564376831054688, 0.1314067840576172, 0.13115406036376953, 0.11496520042419434, 0.09780669212341309, 0.10175800323486328, 0.10597872734069824, 0.1141049861907959, 0.10087990760803223, 0.09894824028015137, 0.12765192985534668, 0.1655254364013672, 0.09670591354370117, 0.1221456527709961, 0.13530611991882324, 0.1329808235168457, 0.12306070327758789, 0.11259865760803223, 0.10845255851745605, 0.12750554084777832, 0.16508245468139648, 0.08617758750915527, 0.1231985092163086, 0.10532426834106445, 0.12099671363830566, 0.1078023910522461, 0.11331772804260254, 0.12289738655090332, 0.12840771675109863, 0.16534972190856934, 0.09714484214782715, 0.11978006362915039, 0.10241985321044922, 0.11806416511535645, 0.12434840202331543, 0.17125606536865234, 0.09624457359313965, 0.13236236572265625, 0.10534095764160156, 0.11761021614074707, 0.12093067169189453, 0.1367793083190918, 0.11514520645141602, 0.10775279998779297, 0.10244870185852051, 0.10958433151245117, 0.11322808265686035, 0.09861040115356445, 0.1090245246887207, 0.11076235771179199, 0.09656453132629395, 0.12575173377990723, 0.11714935302734375, 0.09650635719299316, 0.1131446361541748, 0.128143310546875, 0.15839505195617676, 0.08570075035095215, 0.13118767738342285, 0.09663867950439453, 0.10831713676452637, 0.11015129089355469, 0.11934804916381836, 0.12037014961242676, 0.1285111904144287, 0.16229009628295898, 0.09597349166870117, 0.11607599258422852, 0.11235713958740234, 0.12865066528320312, 0.11350202560424805, 0.10854458808898926, 0.10389328002929688, 0.11092543601989746, 0.09519052505493164, 0.12743043899536133, 0.10654020309448242, 0.11050152778625488, 0.11992096900939941, 0.13084006309509277, 0.15601301193237305, 0.09574651718139648, 0.09690570831298828, 0.09130096435546875, 0.10823535919189453, 0.10434174537658691, 0.09924817085266113, 0.1199653148651123, 0.10083293914794922, 0.1017599105834961, 0.11045432090759277, 0.1287670135498047, 0.15111041069030762, 0.09219574928283691, 0.10720014572143555, 0.09759831428527832, 0.1196737289428711, 0.11405014991760254, 0.09698629379272461, 0.11697149276733398, 0.11087179183959961, 0.10815691947937012, 0.11511588096618652, 0.1253035068511963, 0.1590726375579834, 0.09993243217468262, 0.1275193691253662, 0.09908556938171387, 0.11413097381591797, 0.12448406219482422, 0.15055322647094727, 0.09923315048217773, 0.11356425285339355, 0.09543061256408691, 0.11247873306274414, 0.1091010570526123, 0.08789420127868652, 0.13293695449829102, 0.11397552490234375, 0.10258007049560547, 0.11388874053955078, 0.1276845932006836, 0.1627185344696045, 0.10004663467407227, 0.12210440635681152, 0.10490655899047852, 0.1146388053894043, 0.12683463096618652, 0.1426856517791748, 0.1004631519317627, 0.11796450614929199, 0.12075209617614746, 0.11555790901184082, 0.12331581115722656, 0.14227747917175293, 0.11476874351501465, 0.11933660507202148, 0.11682009696960449, 0.13521146774291992, 0.11657333374023438, 0.11449313163757324, 0.11870837211608887, 0.13067126274108887, 0.1257929801940918, 0.11521649360656738, 0.09864568710327148, 0.09189629554748535, 0.13321161270141602, 0.12700748443603516, 0.10314083099365234, 0.12047934532165527, 0.11953520774841309, 0.1379683017730713, 0.11751508712768555, 0.1285841464996338, 0.16765069961547852, 0.10115456581115723, 0.09159040451049805, 0.13323426246643066, 0.12059831619262695, 0.12230062484741211, 0.11734867095947266, 0.12281465530395508, 0.12808823585510254, 0.1392819881439209, 0.1105039119720459, 0.12293577194213867, 0.13651704788208008, 0.1183319091796875, 0.10641241073608398, 0.12305951118469238, 0.12232756614685059, 0.13230419158935547, 0.14394736289978027, 0.10202407836914062, 0.12745070457458496, 0.14567208290100098, 0.11337542533874512, 0.11828875541687012, 0.1466820240020752, 0.11222481727600098, 0.12902140617370605, 0.14288115501403809, 0.11155295372009277, 