{"ID": 5, "inference time": [0.31850337982177734, 0.281888484954834, 0.2754948139190674, 0.29776453971862793, 0.2805323600769043, 0.2970316410064697, 0.2915372848510742, 0.31513118743896484, 0.37046265602111816, 0.3104231357574463, 0.2963273525238037, 0.2905101776123047, 0.34772753715515137, 0.363356351852417, 0.3899247646331787, 0.44544506072998047, 0.4619152545928955, 0.44724321365356445, 0.40913820266723633, 0.34366941452026367, 0.2028360366821289, 0.22957611083984375, 0.32779574394226074, 0.41866040229797363, 0.43822741508483887, 0.4313952922821045, 0.5270893573760986, 0.5169074535369873, 0.49622011184692383, 0.44823479652404785, 0.46218228340148926, 0.46124887466430664, 0.5041232109069824, 0.4870436191558838, 0.49810051918029785, 0.4660067558288574, 0.3109931945800781, 0.22498488426208496, 0.3580820560455322, 0.4571259021759033, 0.45169734954833984, 0.47020936012268066, 0.4600794315338135, 0.1913313865661621, 0.21805238723754883, 0.3558840751647949, 0.47548866271972656, 0.5021123886108398, 0.5087795257568359, 0.4643678665161133, 0.47904133796691895, 0.4938476085662842, 0.47699666023254395, 0.47566699981689453, 0.469210147857666, 0.4759857654571533, 0.4926772117614746, 0.4599590301513672, 0.483004093170166, 0.49788618087768555, 0.48102641105651855, 0.46334123611450195, 0.46428823471069336, 0.47184276580810547, 0.4543304443359375, 0.44262075424194336, 0.2698965072631836, 0.19143891334533691, 0.2426316738128662, 0.35004568099975586, 0.43967723846435547, 0.47789692878723145, 0.4706847667694092, 0.45737314224243164, 0.2543909549713135, 0.19837021827697754, 0.2856590747833252, 0.39362621307373047, 0.481020450592041, 0.510390043258667, 0.5031311511993408, 0.4928605556488037, 0.465374231338501, 0.25466370582580566, 0.22237586975097656, 0.3463633060455322, 0.45569944381713867, 0.455890417098999, 0.4792459011077881, 0.48186349868774414, 0.4723999500274658, 0.29868102073669434, 0.21708178520202637, 0.3690314292907715, 0.49715137481689453, 0.47416114807128906, 0.48557591438293457, 0.4736518859863281, 0.2574732303619385, 0.20217561721801758, 0.28735899925231934, 0.39927101135253906, 0.44248032569885254, 0.42207860946655273, 0.45821046829223633, 0.47724199295043945, 0.40936851501464844, 0.20342302322387695, 0.23942112922668457, 0.3833765983581543, 0.4710679054260254, 0.4801516532897949, 0.4693632125854492, 0.46205878257751465, 0.4483640193939209, 0.24828195571899414, 0.20704960823059082, 0.31330323219299316, 0.4357600212097168, 0.46085309982299805, 0.442657470703125, 0.4661104679107666, 0.39559221267700195, 0.21723675727844238, 0.23292112350463867, 0.35068774223327637, 0.46580934524536133, 0.47108936309814453, 0.4746668338775635, 0.5139265060424805, 0.5045149326324463, 0.515625, 0.4714927673339844, 0.5057859420776367, 0.46782922744750977, 0.4762752056121826, 0.5271556377410889, 0.44758176803588867, 0.2684969902038574, 0.21177196502685547, 0.21325469017028809, 0.3163890838623047, 0.45478296279907227, 0.48317408561706543, 0.4883711338043213, 0.46470165252685547, 0.4659268856048584, 0.46668314933776855, 0.4789443016052246, 0.49028897285461426, 0.48744797706604004, 0.49017834663391113, 0.4506373405456543, 0.2732546329498291, 0.19928526878356934, 0.314863920211792, 0.4655940532684326, 0.4609367847442627, 0.4037184715270996, 0.2804708480834961, 0.19705653190612793, 0.2757272720336914, 0.3781311511993408, 0.49381351470947266, 0.509272575378418, 0.5111730098724365, 0.4861009120941162, 0.4622802734375, 0.4313395023345947, 0.4476146697998047, 0.46861958503723145, 0.4922909736633301, 0.48421144485473633, 0.45753931999206543, 0.4551846981048584, 0.4656648635864258, 0.25899815559387207, 0.20191669464111328, 0.3488006591796875, 0.4673655033111572, 0.44379758834838867, 0.4777038097381592, 0.4179837703704834, 0.20894527435302734, 0.21125245094299316, 0.3174266815185547, 0.4633829593658447, 0.48639988899230957, 0.5145769119262695, 0.5130066871643066, 0.4805891513824463, 0.4637484550476074, 0.4390251636505127, 0.36725616455078125, 0.18960118293762207, 0.24014902114868164, 0.35295987129211426, 0.43025827407836914, 0.4916999340057373, 0.47620129585266113, 0.480560302734375, 0.48757505416870117, 0.5029313564300537, 0.4864976406097412, 0.405733585357666, 0.20244789123535156, 0.2310945987701416, 0.3515350818634033, 0.4790306091308594, 0.4785733222961426, 0.48833632469177246, 0.4971494674682617, 0.5035362243652344, 0.4749491214752197, 0.4754180908203125, 0.4584376811981201, 0.28374719619750977, 0.21694040298461914, 0.3312258720397949, 0.4644317626953125, 0.46558260917663574, 0.471998929977417, 0.48307132720947266, 0.4615035057067871, 0.46374011039733887, 0.4578063488006592, 0.2847933769226074, 0.19724583625793457, 0.2990727424621582, 0.4247760772705078, 0.4657762050628662, 0.47504639625549316, 0.4926307201385498, 0.49352264404296875, 0.47284412384033203, 0.44574451446533203, 0.43918943405151367, 0.3522000312805176, 0.1906144618988037, 0.2694716453552246, 0.35661888122558594, 0.44431257247924805, 0.5026798248291016, 0.4982035160064697, 0.49207401275634766, 0.43771982192993164, 0.47812986373901367, 0.5019595623016357, 0.5339133739471436, 0.5020966529846191, 0.4734325408935547, 0.3892207145690918, 0.20222210884094238, 0.20310068130493164, 0.284700870513916, 0.3768270015716553, 0.4689297676086426, 0.4791581630706787, 0.47998833656311035, 0.46201252937316895, 0.4681820869445801, 0.4564986228942871, 0.478776216506958, 0.4856102466583252, 0.5047042369842529, 0.5105400085449219, 0.4701681137084961, 0.43651914596557617, 0.45321226119995117, 0.48124051094055176, 0.4775397777557373, 0.470198392868042, 0.48310089111328125, 0.4966433048248291, 0.5004305839538574, 0.4890007972717285, 0.4918057918548584, 0.33635902404785156, 0.20307683944702148, 0.2884962558746338, 0.41322970390319824, 0.49004364013671875, 0.4550163745880127, 0.4589846134185791, 0.2281932830810547, 0.21453189849853516, 0.2522928714752197, 0.359541654586792, 0.46170473098754883, 0.48281121253967285, 0.3798387050628662, 0.19189214706420898, 0.1990053653717041, 0.28917765617370605, 0.3987925052642822, 0.49489927291870117, 0.5234982967376709, 0.4778120517730713, 0.4812328815460205, 0.4690432548522949, 0.4807314872741699, 0.46471428871154785, 0.4710724353790283, 0.48627233505249023, 0.4766111373901367, 0.46047329902648926, 0.5071804523468018, 0.49742960929870605, 0.4833385944366455, 0.44048261642456055, 0.44217538833618164, 0.45507240295410156, 0.5016176700592041, 0.46077466011047363, 0.4523885250091553, 0.34989285469055176, 0.19826698303222656, 0.2938807010650635, 0.44609904289245605, 0.4866597652435303, 0.4875645637512207, 0.46338558197021484, 0.20694184303283691, 0.20881056785583496, 0.33145952224731445, 0.5026588439941406, 0.4547145366668701, 0.45867085456848145, 0.4200398921966553, 0.4342951774597168, 0.4364316463470459, 0.26965785026550293, 0.19147968292236328, 0.29560375213623047, 0.4631633758544922, 0.4662504196166992, 0.4523289203643799, 0.4450089931488037, 0.38346314430236816, 0.19493317604064941, 0.2612316608428955, 0.38010263442993164, 0.4780757427215576, 0.4361298084259033, 0.45458388328552246, 0.2986633777618408, 0.2037653923034668, 0.31174445152282715, 0.43837428092956543, 0.48941922187805176, 0.5027599334716797, 0.5034933090209961, 0.46451377868652344, 0.46637845039367676, 0.47594571113586426, 0.502439022064209, 0.48882389068603516, 0.5094804763793945, 0.49596285820007324, 0.4619777202606201, 0.3035616874694824, 0.21405315399169922, 0.3168671131134033, 0.4197101593017578, 0.48165321350097656, 0.4770228862762451, 0.5104691982269287, 0.4902198314666748, 0.47644591331481934, 0.492229700088501, 0.47587013244628906, 0.5024490356445312, 0.4919319152832031, 0.48581886291503906, 0.4964723587036133, 0.5065302848815918, 0.49306416511535645, 0.497591495513916, 0.4821765422821045, 0.4851958751678467, 0.46799278259277344, 0.4648277759552002, 0.2986905574798584, 0.20316338539123535, 0.3160247802734375, 0.4385344982147217, 0.5111567974090576, 0.5091249942779541, 0.49381113052368164, 0.45503711700439453, 0.4566211700439453, 