{"ID": 0, "inference time": [9.24000096321106, 0.12263250350952148, 0.041358232498168945, 0.048722028732299805, 0.11107707023620605, 0.042835235595703125, 0.04512834548950195, 0.11168742179870605, 0.04481983184814453, 0.045281410217285156, 0.11308455467224121, 0.04441118240356445, 0.047078847885131836, 0.10967040061950684, 0.04114508628845215, 0.04523301124572754, 0.10993504524230957, 0.04242300987243652, 0.04452228546142578, 0.11013269424438477, 0.04259157180786133, 0.04553818702697754, 0.18317055702209473, 0.06467151641845703, 0.06591916084289551, 0.12235546112060547, 0.07442569732666016, 0.06655216217041016, 0.1259763240814209, 0.06663846969604492, 0.056925296783447266, 0.12487292289733887, 0.057134151458740234, 0.06956028938293457, 0.13026857376098633, 0.049695730209350586, 0.06593060493469238, 0.13405299186706543, 0.042249441146850586, 0.06683158874511719, 0.11849617958068848, 0.08273959159851074, 0.06619906425476074, 0.12389516830444336, 0.04884529113769531, 0.06612753868103027, 0.13399100303649902, 0.042127370834350586, 0.0659947395324707, 0.13063430786132812, 0.07302331924438477, 0.0667717456817627, 0.12111783027648926, 0.07047295570373535, 0.06769919395446777, 0.13219070434570312, 0.04192066192626953, 0.06812453269958496, 0.133209228515625, 0.04140472412109375, 0.06687331199645996, 0.13214397430419922, 0.05669760704040527, 0.07274699211120605, 0.13011550903320312, 0.07134151458740234, 0.07048606872558594, 0.12386131286621094, 0.07475543022155762, 0.06688547134399414, 0.12155866622924805, 0.0749518871307373, 0.06608128547668457, 0.1229255199432373, 0.07272696495056152, 0.06690025329589844, 0.12594366073608398, 0.07300329208374023, 0.06675505638122559, 0.12272286415100098, 0.07075881958007812, 0.06775665283203125, 0.1274268627166748, 0.07769775390625, 0.0653829574584961, 0.11961984634399414, 0.06639313697814941, 0.06516838073730469, 0.12543582916259766, 0.04578590393066406, 0.06577205657958984, 0.13103795051574707, 0.04205441474914551, 0.06641888618469238, 0.13306856155395508, 0.05492210388183594, 0.06554484367370605, 0.13257908821105957, 0.067626953125, 0.06445455551147461, 0.12504124641418457, 0.07687973976135254, 0.06571412086486816, 0.13545751571655273, 0.06949567794799805, 0.06003975868225098, 0.12714433670043945, 0.06808137893676758, 0.06622028350830078, 0.13515496253967285, 0.05810713768005371, 0.07195734977722168, 0.12623310089111328, 0.08039236068725586, 0.0670781135559082, 0.13364171981811523, 0.05861830711364746, 0.07155156135559082, 0.13215112686157227, 0.07830333709716797, 0.06745600700378418, 0.12505817413330078, 0.04768061637878418, 0.06681084632873535, 0.13401174545288086, 0.06901216506958008, 0.06794166564941406, 0.13394570350646973, 0.04571676254272461, 0.06692719459533691, 0.13372230529785156, 0.07013988494873047, 0.06673502922058105, 0.12925481796264648, 0.09166479110717773, 0.0660867691040039, 0.13346624374389648, 0.046808481216430664, 0.06655097007751465, 0.1323707103729248, 0.06391000747680664, 0.07336282730102539, 0.12872982025146484, 0.08357048034667969, 0.06626582145690918, 0.12256407737731934, 0.06729888916015625, 0.06590104103088379, 0.13301682472229004, 0.05683755874633789, 0.06649374961853027, 0.12855982780456543, 0.06059765815734863, 0.07067441940307617, 0.1318676471710205, 0.06947875022888184, 0.0671694278717041, 0.12131309509277344, 0.07139706611633301, 0.06564545631408691, 0.12952566146850586, 0.04753565788269043, 0.06618857383728027, 0.13281035423278809, 0.05731940269470215, 0.0687706470489502, 0.13162922859191895, 0.0642843246459961, 0.0631260871887207, 0.12195563316345215, 0.0841684341430664, 0.06571412086486816, 0.13345789909362793, 0.056854248046875, 0.06821870803833008, 0.13270306587219238, 0.07407402992248535, 0.06600356101989746, 0.11963033676147461, 0.10397768020629883, 0.06675982475280762, 0.13164591789245605, 0.052928924560546875, 0.06831717491149902, 0.12903952598571777, 0.06483030319213867, 0.07303667068481445, 0.12815165519714355, 0.055854082107543945, 0.06543540954589844, 0.13304781913757324, 0.08395838737487793, 0.06449532508850098, 0.13219070434570312, 0.042860984802246094, 0.06496524810791016, 0.13155055046081543, 0.06483125686645508, 0.0723578929901123, 0.12635350227355957, 0.07450032234191895, 0.06382369995117188, 0.1254870891571045, 0.07590389251708984, 0.06459927558898926, 0.1320021152496338, 0.050304412841796875, 0.06407856941223145, 0.1298356056213379, 0.06940484046936035, 0.06455612182617188, 0.12370610237121582, 0.05539298057556152, 0.06429696083068848, 0.13073039054870605, 0.08084464073181152, 0.06372404098510742, 0.131514310836792, 0.05731606483459473, 0.0706787109375, 0.1254711151123047, 0.09211397171020508, 0.06319618225097656, 0.13317632675170898, 0.06089067459106445, 0.07046294212341309, 0.12511539459228516, 0.0722963809967041, 0.0633234977722168, 0.11553072929382324, 0.09443879127502441, 0.0662848949432373, 0.13057637214660645, 0.05604863166809082, 0.06442761421203613, 0.12889313697814941, 0.05881214141845703, 0.06345582008361816, 0.1299736499786377, 0.06656360626220703, 0.06340718269348145, 0.12502288818359375, 0.07743644714355469, 0.06385278701782227, 0.116058349609375, 0.09312963485717773, 0.06196284294128418, 0.12984132766723633, 0.056215763092041016, 0.06772541999816895, 0.12310171127319336, 0.05857229232788086, 0.07014632225036621, 0.12330341339111328, 0.06411933898925781, 0.06639528274536133, 0.12298798561096191, 0.07167577743530273, 0.06260466575622559, 0.12198138236999512, 0.07738161087036133, 0.062120676040649414, 0.11507272720336914, 0.09365344047546387, 0.061629295349121094, 0.1318221092224121, 0.05911517143249512, 0.06552720069885254, 0.1280980110168457, 0.05798625946044922, 0.06332039833068848, 0.12740802764892578, 0.06002664566040039, 0.06343841552734375, 0.12741899490356445, 0.057706594467163086, 0.06153249740600586, 0.1255953311920166, 0.05742287635803223, 0.06701827049255371, 0.12439584732055664, 0.07211709022521973, 0.06797146797180176, 0.12431573867797852, 0.062142133712768555, 0.06252670288085938, 0.1232597827911377, 0.0608973503112793, 0.06543779373168945, 0.12632465362548828, 0.06526374816894531, 0.06354641914367676, 0.12167215347290039, 0.05964803695678711, 0.06313586235046387, 0.12850356101989746, 0.056322336196899414, 0.0656735897064209, 0.1272590160369873, 0.05852556228637695, 0.06156659126281738, 0.12760639190673828, 0.06035900115966797, 0.06196451187133789, 0.1267247200012207, 0.07339811325073242, 0.06165337562561035, 0.12190842628479004, 0.08010458946228027, 0.06091880798339844, 0.126953125, 0.048911094665527344, 0.06125450134277344, 0.12649321556091309, 0.05660557746887207, 0.06244254112243652, 0.12579607963562012, 0.08646297454833984, 0.06016349792480469, 0.1163029670715332, 0.08426499366760254, 0.0596311092376709, 0.11314535140991211, 0.10000252723693848, 0.06064128875732422, 0.1283397674560547, 0.05513572692871094, 0.059691429138183594, 0.1269822120666504, 0.07118701934814453, 0.06360054016113281, 0.12394165992736816, 0.05857276916503906, 0.06205391883850098, 0.12749075889587402, 0.05557394027709961, 0.06826591491699219, 0.1241445541381836, 0.08343029022216797, 0.05980992317199707, 0.11071372032165527, 0.0987863540649414, 0.05844879150390625, 0.12609148025512695, 0.04794049263000488, 0.059021949768066406, 0.12671375274658203, 0.052796125411987305, 0.059380292892456055, 0.1249094009399414, 0.07314085960388184, 0.0654454231262207, 0.12019848823547363, 0.07837057113647461, 0.06022310256958008, 0.1256730556488037, 0.049130916595458984, 0.05885577201843262, 0.12577009201049805, 0.0641176700592041, 0.0641164779663086, 0.12012457847595215, 0.06504225730895996, 0.06356692314147949, 0.11937189102172852, 0.0769815444946289, 0.05804038047790527, 0.11985397338867188, 0.0695199966430664, 0.06400537490844727, 0.12711453437805176, 0.06981515884399414, 0.06367301940917969, 0.12089872360229492, 0.07909584045410156, 0.0521998405456543, 0.11927199363708496, 0.07362771034240723, 0.057573795318603516, 0.11911678314208984, 0.06902146339416504, 0.06546568870544434,