{"ID": 0, "inference time": [0.27254199981689453, 0.3208894729614258, 0.24782872200012207, 0.27109694480895996, 0.23793768882751465, 0.23450875282287598, 0.24271702766418457, 0.2665061950683594, 0.2901797294616699, 0.2904224395751953, 0.26631903648376465, 0.24704599380493164, 0.25066041946411133, 0.30969834327697754, 0.2887094020843506, 0.26343607902526855, 0.25093507766723633, 0.22129058837890625, 0.25873327255249023, 0.2441084384918213, 0.28066492080688477, 0.2346200942993164, 0.23011350631713867, 0.22094106674194336, 0.24655842781066895, 0.25637102127075195, 0.2415635585784912, 0.2640652656555176, 0.3569185733795166, 0.24245953559875488, 0.22512173652648926, 0.2451012134552002, 0.34917235374450684, 0.3471972942352295, 0.2284555435180664, 0.23717164993286133, 0.28882765769958496, 0.24224376678466797, 0.24219393730163574, 0.19378018379211426, 0.29912471771240234, 0.2673838138580322, 0.30110740661621094, 0.26041555404663086, 0.2587292194366455, 0.27702903747558594, 0.2606043815612793, 0.2353506088256836, 0.26482439041137695, 0.23645257949829102, 0.2943532466888428, 0.2606039047241211, 0.21359944343566895, 0.27042579650878906, 0.27758359909057617, 0.2519066333770752, 0.23812365531921387, 0.2961735725402832, 0.28116440773010254, 0.22684645652770996, 0.29611659049987793, 0.25693821907043457, 0.2882063388824463, 0.19866204261779785, 0.28934645652770996, 0.2622087001800537, 0.21842575073242188, 0.26827573776245117, 0.2526979446411133, 0.24220705032348633, 0.2522859573364258, 0.2868499755859375, 0.2743065357208252, 0.2886195182800293, 0.24024343490600586, 0.23908329010009766, 0.23590087890625, 0.23770833015441895, 0.22260117530822754, 0.24990344047546387, 0.2813453674316406, 0.2749764919281006, 0.25010180473327637, 0.20909690856933594, 0.33228158950805664, 0.27636194229125977, 0.25067567825317383, 0.2981088161468506, 0.2858917713165283, 0.2485218048095703, 0.24132490158081055, 0.2834432125091553, 0.23131561279296875, 0.2922194004058838, 0.24083828926086426, 0.23061037063598633, 0.23189997673034668, 0.26299238204956055, 0.29891490936279297, 0.34415769577026367, 0.27482080459594727, 0.20069098472595215, 0.2747006416320801, 0.24701905250549316, 0.24730372428894043, 0.2916388511657715, 0.254077672958374, 0.2432870864868164, 0.29023146629333496, 0.2736060619354248, 0.24617385864257812, 0.26352739334106445, 0.2867007255554199, 0.26833248138427734, 0.2557811737060547, 0.23069095611572266, 0.28316450119018555, 0.2309432029724121, 0.26790428161621094, 0.25574660301208496, 0.21380901336669922, 0.25598740577697754, 0.2524580955505371, 0.36281371116638184, 0.3696632385253906, 0.37876391410827637, 0.360044002532959, 0.20091938972473145, 0.2025146484375, 0.2027430534362793, 0.23537445068359375, 0.24126958847045898, 0.2528572082519531, 0.23640871047973633, 0.2662627696990967, 0.2574806213378906, 0.21371126174926758, 0.26848554611206055, 0.25765371322631836, 0.19562983512878418, 0.20144391059875488, 0.2873845100402832, 0.2240133285522461, 0.2115023136138916, 0.24623370170593262, 0.25659990310668945, 0.26413702964782715, 0.2227942943572998, 0.21914052963256836, 0.2834010124206543, 0.2779819965362549, 0.25707340240478516, 0.2576460838317871, 0.21314668655395508, 0.2997324466705322, 0.20813298225402832, 0.26624131202697754, 0.2411668300628662, 0.21399903297424316, 0.27025270462036133, 0.2159900665283203, 0.28563499450683594, 0.2652606964111328, 0.2477717399597168, 0.27245330810546875, 0.23692059516906738, 0.2624521255493164, 0.24430298805236816, 0.24486064910888672, 0.23182892799377441, 0.22197175025939941, 0.26349639892578125, 0.25551509857177734, 0.2839317321777344, 0.24895119667053223, 0.23789238929748535, 0.22717547416687012, 0.22044706344604492, 0.23542094230651855, 0.2509891986846924, 0.2503831386566162, 0.21471238136291504, 0.2645270824432373, 0.31038737297058105, 0.2762446403503418, 0.25191521644592285, 0.2746131420135498, 0.2242128849029541, 0.2608776092529297, 0.27171850204467773, 0.21746492385864258, 0.2325587272644043, 0.23132109642028809, 0.20928478240966797, 0.20183396339416504, 0.22081780433654785, 0.21648597717285156, 0.24626398086547852, 0.21415400505065918, 0.24380040168762207, 0.2660949230194092, 0.21902203559875488, 0.22585654258728027, 0.24446892738342285, 0.2387700080871582, 0.32575345039367676, 0.29040980339050293, 0.29561710357666016, 0.24596953392028809, 0.22541093826293945, 0.2354574203491211, 0.2505156993865967, 0.21377062797546387, 0.21495413780212402, 0.23874402046203613, 0.24509954452514648, 0.2120962142944336, 0.25598955154418945, 0.22690343856811523, 0.27176642417907715, 0.2902510166168213, 0.28884053230285645, 0.2519698143005371, 0.2476487159729004, 0.28327322006225586, 0.2958054542541504, 0.21100687980651855, 0.27628278732299805, 0.2545473575592041, 0.2167518138885498, 0.23620033264160156, 0.2217419147491455, 0.24602150917053223, 0.22142744064331055, 0.24853253364562988, 0.2499535083770752, 0.23381853103637695, 0.2017972469329834, 0.2724423408508301, 0.2173924446105957, 0.21117687225341797, 0.25406384468078613, 0.21674561500549316, 0.2502768039703369, 0.2666130065917969, 0.21597886085510254, 0.26155543327331543, 0.2528038024902344, 0.20038294792175293, 0.20816421508789062, 0.2789478302001953, 0.2319164276123047, 0.25438857078552246, 0.23166465759277344, 0.2521545886993408, 0.20527338981628418, 0.2390885353088379, 0.24784088134765625, 0.22684311866760254, 0.2841508388519287, 0.25484752655029297, 0.29172492027282715, 0.2175300121307373, 0.27214932441711426, 0.19882988929748535, 0.22102117538452148, 0.21192049980163574, 0.26357316970825195, 0.25982141494750977, 0.21075081825256348, 0.25113344192504883, 0.21829771995544434, 0.23725247383117676, 0.25087428092956543, 0.22856640815734863, 0.25882840156555176, 0.30496859550476074, 0.2515990734100342, 0.24096918106079102, 0.2376103401184082, 0.310563325881958, 0.23958110809326172, 0.20538997650146484, 0.28941845893859863, 0.27820420265197754, 0.23809027671813965, 0.23595976829528809, 0.280531644821167, 0.2283179759979248, 0.28254175186157227, 0.28563356399536133, 0.30263590812683105, 0.23705029487609863, 0.30570507049560547, 0.3001978397369385, 0.23447203636169434, 0.23154211044311523, 0.21660351753234863, 0.23996472358703613, 0.21466994285583496, 0.22521662712097168, 0.2279810905456543, 0.2723264694213867, 0.19568181037902832, 0.19658613204956055, 0.22523236274719238, 0.23624539375305176, 0.24989795684814453, 0.23888134956359863, 0.19978618621826172, 0.2391200065612793, 0.2864668369293213, 0.27347779273986816, 0.2194654941558838, 0.2969956398010254, 0.30991554260253906, 0.28440356254577637, 0.25396060943603516, 0.238999605178833, 0.22129106521606445, 0.2506415843963623, 0.20273399353027344, 0.25756239891052246, 0.2638845443725586, 0.23545527458190918, 0.234816312789917, 0.25125813484191895, 0.25135278701782227, 0.20601868629455566, 0.2637453079223633, 0.21308302879333496, 0.2450544834136963, 0.2555415630340576, 0.21695756912231445, 0.22503876686096191, 0.27065181732177734, 0.24399566650390625, 0.21440386772155762, 0.2948434352874756, 0.24817609786987305, 0.2803680896759033, 0.25881004333496094, 0.24032044410705566, 0.21451807022094727, 0.22863459587097168, 0.284116268157959, 0.1981971263885498, 0.23154449462890625, 0.2666468620300293, 0.2921769618988037, 0.24015474319458008, 0.28908586502075195, 0.2438523769378662, 0.21282172203063965, 0.22947096824645996, 0.24591541290283203, 0.2507438659667969, 0.1986236572265625, 0.20489907264709473, 0.2420966625213623, 0.23511028289794922, 0.21944928169250488, 0.2735750675201416, 0.2244420051574707, 0.22343683242797852, 0.216461181640625, 0.24420738220214844, 0.25478410720825195, 0.2635917663574219, 0.2152571678161621, 0.2417006492614746, 0.23900866508483887, 0.21688294410705566, 0.26989126205444336, 0.24118638038635254, 0.24107837677001953, 0.23402047157287598, 0.28212976455688477, 0.26666784286499023, 0.20543622970581055, 0.21015191078186035, 0.2104027271270752, 0.20877337455749512, 0.25963807106018066, 0.2151329517364502, 0.2495427131652832, 