{"ID": 0, "inference time": [15.220278263092041, 0.18010640144348145, 0.10879087448120117, 0.129042387008667, 0.15108942985534668, 0.10784506797790527, 0.13358664512634277, 0.14903044700622559, 0.11219215393066406, 0.1412065029144287, 0.1477189064025879, 0.11031818389892578, 0.12558698654174805, 0.1503584384918213, 0.11509203910827637, 0.11913561820983887, 0.14118123054504395, 0.11612200736999512, 0.13851690292358398, 0.15607690811157227, 0.11563539505004883, 0.12587475776672363, 0.1472940444946289, 0.11520242691040039, 0.12654495239257812, 0.14368295669555664, 0.11278772354125977, 0.12482690811157227, 0.14564919471740723, 0.12019228935241699, 0.13085246086120605, 0.14388370513916016, 0.11488986015319824, 0.1378343105316162, 0.1475541591644287, 0.11538839340209961, 0.13617324829101562, 0.14785480499267578, 0.11704111099243164, 0.13986659049987793, 0.14874911308288574, 0.12054657936096191, 0.13663315773010254, 0.14731526374816895, 0.12668848037719727, 0.1259913444519043, 0.15307259559631348, 0.1364595890045166, 0.1289517879486084, 0.14342784881591797, 0.12090587615966797, 0.12830615043640137, 0.14315438270568848, 0.12300562858581543, 0.12769436836242676, 0.1382756233215332, 0.11104249954223633, 0.1326613426208496, 0.13979172706604004, 0.12609219551086426, 0.14769363403320312, 0.14658761024475098, 0.13585114479064941, 0.14899301528930664, 0.15676665306091309, 0.13009428977966309, 0.14543390274047852, 0.14090538024902344, 0.11447405815124512, 0.14575934410095215, 0.1469433307647705, 0.13496065139770508, 0.1297588348388672, 0.16106510162353516, 0.11349964141845703, 0.13458991050720215, 0.15317511558532715, 0.11592578887939453, 0.13014459609985352, 0.15381669998168945, 0.11971402168273926, 0.13512778282165527, 0.1609177589416504, 0.12285351753234863, 0.13799023628234863, 0.15169429779052734, 0.11889362335205078, 0.13682198524475098, 0.15523982048034668, 0.11975669860839844, 0.1315596103668213, 0.15546679496765137, 0.11951923370361328, 0.13233137130737305, 0.16123700141906738, 0.11418557167053223, 0.14055418968200684, 0.1509552001953125, 0.1219015121459961, 0.1318950653076172, 0.14913535118103027, 0.11735153198242188, 0.1368405818939209, 0.16244816780090332, 0.13256359100341797, 0.12346005439758301, 0.14211320877075195, 0.11183285713195801, 0.13519549369812012, 0.15306401252746582, 0.1258072853088379, 0.13898038864135742, 0.14627671241760254, 0.13393306732177734, 0.140366792678833, 0.1478562355041504, 0.12422966957092285, 0.14201784133911133, 0.15304350852966309, 0.12918853759765625, 0.1389021873474121, 0.14133286476135254, 0.11892271041870117, 0.12691020965576172, 0.13890361785888672, 0.12705254554748535, 0.13562679290771484, 0.1447744369506836, 0.12401604652404785, 0.13643622398376465, 0.15137076377868652, 0.11530375480651855, 0.14105629920959473, 0.1480090618133545, 0.11369061470031738, 0.14287567138671875, 0.15143465995788574, 0.10684037208557129, 0.12955331802368164, 0.15755033493041992, 0.11892414093017578, 0.14476799964904785, 0.15894269943237305, 0.12160539627075195, 0.13724732398986816, 0.15256452560424805, 0.12653350830078125, 0.13743114471435547, 0.15054678916931152, 0.11419820785522461, 0.13294148445129395, 0.16103005409240723, 0.13293004035949707, 0.1376814842224121, 0.14465808868408203, 0.12569403648376465, 0.13154196739196777, 0.14673089981079102, 0.146484375, 0.13755345344543457, 0.1544172763824463, 0.12014555931091309, 0.13587546348571777, 0.136488676071167, 0.11934161186218262, 0.13395214080810547, 0.14235329627990723, 0.12580418586730957, 0.14416742324829102, 0.15191006660461426, 0.12351822853088379, 0.1419205665588379, 0.14328360557556152, 0.10965895652770996, 0.1423325538635254, 0.13486266136169434, 0.12369608879089355, 0.13970255851745605, 0.15871286392211914, 0.10349178314208984, 0.1383647918701172, 0.16110992431640625, 0.11929035186767578, 0.1376030445098877, 0.15860652923583984, 0.12663483619689941, 0.13942551612854004, 0.15514183044433594, 0.11627769470214844, 0.13543701171875, 0.1560518741607666, 0.11948204040527344, 0.13494253158569336, 0.16181206703186035, 0.12979841232299805, 0.1370389461517334, 0.15498709678649902, 0.1216115951538086, 0.13216042518615723, 0.15332603454589844, 0.1370692253112793, 0.14327192306518555, 0.15718626976013184, 0.12285828590393066, 0.13766860961914062, 0.1496121883392334, 0.1405341625213623, 0.13361477851867676, 0.14736127853393555, 0.12093877792358398, 0.14267182350158691, 0.1472010612487793, 0.11637496948242188, 0.13617801666259766, 0.1434645652770996, 0.11278963088989258, 0.1439507007598877, 0.14921164512634277, 0.11997342109680176, 0.12998604774475098, 0.14039373397827148, 0.13467931747436523, 0.14069747924804688, 0.1462843418121338, 0.12728071212768555, 0.1440563201904297, 0.13975095748901367, 0.1227712631225586, 0.1319599151611328, 0.14654016494750977, 0.12459778785705566, 0.1392383575439453, 0.14735150337219238, 0.1356368064880371, 0.15314793586730957, 0.1495678424835205, 0.11823391914367676, 0.13773393630981445, 0.15146660804748535, 0.12656879425048828, 0.1341075897216797, 0.15020108222961426, 0.12827563285827637, 0.13867807388305664, 0.16321015357971191, 0.11296820640563965, 0.15205740928649902, 0.1674787998199463, 0.12030243873596191, 0.13606595993041992, 0.15810108184814453, 0.12232041358947754, 0.14650988578796387, 0.15686845779418945, 0.127655029296875, 0.12836360931396484, 0.15155267715454102, 0.12580370903015137, 0.14168691635131836, 0.15007805824279785, 0.12575721740722656, 0.14217472076416016, 0.14653778076171875, 0.11446905136108398, 0.13646221160888672, 0.139190673828125, 0.12509489059448242, 0.132188081741333, 0.14164328575134277, 0.12397360801696777, 0.14441800117492676, 0.14975929260253906, 0.10804367065429688, 0.1419973373413086, 0.16001272201538086, 0.12404823303222656, 0.14267349243164062, 0.15813851356506348, 0.11114954948425293, 0.12760591506958008, 0.16204595565795898, 0.12519335746765137, 0.13318705558776855, 0.14647364616394043, 0.13843321800231934, 0.13727235794067383, 0.14725399017333984, 0.1298532485961914, 0.15163564682006836, 0.1567239761352539, 0.13067388534545898, 0.14037299156188965, 0.1482391357421875, 0.12892675399780273, 0.14085817337036133, 0.14711380004882812, 0.13402819633483887, 0.14163875579833984, 0.1325681209564209, 0.13154888153076172, 0.13888835906982422, 0.1466662883758545, 0.1375269889831543, 0.14522147178649902, 0.14536237716674805, 0.10787320137023926, 0.13840579986572266, 0.14401793479919434, 0.12484264373779297, 0.15233206748962402, 0.17044281959533691, 0.10619306564331055, 0.13813519477844238, 0.15919876098632812, 0.1189413070678711, 0.14855647087097168, 0.16704607009887695, 0.12604665756225586, 0.13949322700500488, 0.1559453010559082, 0.13935160636901855, 0.14171338081359863, 0.1508636474609375, 0.13443422317504883, 0.13776326179504395, 0.14288711547851562, 0.1305396556854248, 0.14917397499084473, 0.15317034721374512, 0.12854409217834473, 0.1385807991027832, 0.14559245109558105, 0.14753150939941406, 0.15406560897827148, 0.14786267280578613, 0.11822676658630371, 0.15216660499572754, 0.1372232437133789, 0.13253021240234375, 0.14529180526733398, 0.14763307571411133, 0.1332230567932129, 0.15242505073547363, 0.141953706741333, 0.13792848587036133, 0.1524062156677246, 0.15041279792785645, 0.12900233268737793, 0.1406571865081787, 0.14268064498901367, 0.12899994850158691, 0.14682674407958984, 0.17319178581237793, 0.11854910850524902, 0.13626360893249512, 0.16371941566467285, 0.1032710075378418, 0.1351315975189209, 0.14406538009643555, 0.1296708583831787, 0.13558077812194824, 0.1374955177307129, 0.14241838455200195, 0.1324598789215088, 0.14412164688110352, 0.15367889404296875, 0.14576387405395508, 0.14475321769714355, 0.10668444633483887, 0.14020705223083496, 0.1399073600769043, 0.10848116874694824, 0.1364574432373047, 0.14738726615905762, 0.1277611255645752, 0.14099788665771484, 0.1698286533355713, 0.1096198558807373, 0.13593506813049316, 0.1621541976928711, 0.10598134994506836, 0.1313762664794922, 0.15910625457763672, 0.12522602081298828, 