{"ID": 5, "inference time": [15.352643489837646, 0.18405508995056152, 0.10444974899291992, 0.08210587501525879, 0.09493803977966309, 0.0988461971282959, 0.10033130645751953, 0.09797263145446777, 0.11777114868164062, 0.10115933418273926, 0.09917783737182617, 0.10798215866088867, 0.10738444328308105, 0.07669210433959961, 0.12515044212341309, 0.09897089004516602, 0.11319422721862793, 0.10111308097839355, 0.10251855850219727, 0.10563302040100098, 0.10856246948242188, 0.10133790969848633, 0.10089588165283203, 0.0991060733795166, 0.10805988311767578, 0.0859060287475586, 0.13192009925842285, 0.10591411590576172, 0.11939477920532227, 0.08083152770996094, 0.10916590690612793, 0.09598779678344727, 0.11259317398071289, 0.08442425727844238, 0.12471914291381836, 0.10890889167785645, 0.11068916320800781, 0.10850667953491211, 0.13105154037475586, 0.09099078178405762, 0.1097714900970459, 0.09973526000976562, 0.13071012496948242, 0.10116267204284668, 0.1268608570098877, 0.10413050651550293, 0.12996411323547363, 0.10631561279296875, 0.10848259925842285, 0.10693764686584473, 0.10710978507995605, 0.10367560386657715, 0.12061810493469238, 0.09510946273803711, 0.1144261360168457, 0.11325836181640625, 0.141801118850708, 0.10448288917541504, 0.11400294303894043, 0.11840319633483887, 0.1089792251586914, 0.09154582023620605, 0.11375689506530762, 0.11877846717834473, 0.1113438606262207, 0.10794281959533691, 0.11371231079101562, 0.09123110771179199, 0.14232516288757324, 0.09589052200317383, 0.10521364212036133, 0.1022796630859375, 0.12580251693725586, 0.09430980682373047, 0.11681747436523438, 0.10297989845275879, 0.10967755317687988, 0.09979605674743652, 0.12046241760253906, 0.08714556694030762, 0.11760592460632324, 0.10400748252868652, 0.10854244232177734, 0.10254478454589844, 0.10907173156738281, 0.09853434562683105, 0.13584160804748535, 0.09979820251464844, 0.12388277053833008, 0.10576438903808594, 0.11368083953857422, 0.10681533813476562, 0.11996960639953613, 0.10122466087341309, 0.1217811107635498, 0.10381603240966797, 0.14509248733520508, 0.10639786720275879, 0.11040902137756348, 0.10597658157348633, 0.13634324073791504, 0.10335707664489746, 0.12294411659240723, 0.09590864181518555, 0.13843679428100586, 0.11545014381408691, 0.11142969131469727, 0.1054682731628418, 0.11634421348571777, 0.10424399375915527, 0.12462997436523438, 0.11719298362731934, 0.12422466278076172, 0.10439658164978027, 0.12374496459960938, 0.10959601402282715, 0.14389872550964355, 0.09589552879333496, 0.13712096214294434, 0.1037900447845459, 0.10808777809143066, 0.10106897354125977, 0.141524076461792, 0.1143655776977539, 0.13207459449768066, 0.11345839500427246, 0.14788269996643066, 0.10562562942504883, 0.1453087329864502, 0.10287261009216309, 0.15044164657592773, 0.11206364631652832, 0.15878868103027344, 0.10672783851623535, 0.14128971099853516, 0.10718441009521484, 0.11610579490661621, 0.11157083511352539, 0.14728164672851562, 0.10889172554016113, 0.12952852249145508, 0.1094658374786377, 0.14101719856262207, 0.10966062545776367, 0.135667085647583, 0.09756779670715332, 0.1202392578125, 0.11113142967224121, 0.16057443618774414, 0.11255145072937012, 0.13201594352722168, 0.1024332046508789, 0.12804770469665527, 0.09512090682983398, 0.11872076988220215, 0.10496115684509277, 0.12561464309692383, 0.10378456115722656, 0.10291481018066406, 0.07650947570800781, 0.13469696044921875, 0.09574770927429199, 0.10463500022888184, 0.11068391799926758, 0.13925528526306152, 0.11353111267089844, 0.12848472595214844, 0.1045234203338623, 0.09952259063720703, 0.09362506866455078, 0.11713647842407227, 0.1053767204284668, 0.1030890941619873, 0.10227227210998535, 0.10569119453430176, 0.09697985649108887, 0.11966896057128906, 0.10231518745422363, 0.1110069751739502, 0.09849739074707031, 0.11007547378540039, 0.08361959457397461, 0.12223505973815918, 0.09936785697937012, 0.11124658584594727, 0.09074783325195312, 0.10722851753234863, 0.09441304206848145, 0.09390926361083984, 0.08518314361572266, 0.14459657669067383, 0.09588623046875, 0.12738370895385742, 0.10686469078063965, 0.1252882480621338, 0.0960850715637207, 0.14574694633483887, 0.11206555366516113, 0.13138937950134277, 0.10879993438720703, 0.12671661376953125, 0.10386109352111816, 0.16383790969848633, 0.11550140380859375, 0.13014912605285645, 0.10539650917053223, 0.11693692207336426, 0.11663579940795898, 0.1423356533050537, 0.10834932327270508, 0.1583712100982666, 0.10406899452209473, 0.1419200897216797, 0.11078619956970215, 0.14345550537109375, 0.1229407787322998, 0.16344451904296875, 0.12272405624389648, 0.14693379402160645, 0.10568475723266602, 0.15212702751159668, 0.1051018238067627, 0.14865398406982422, 0.1030120849609375, 0.14719271659851074, 0.10070085525512695, 0.12706470489501953, 0.10328817367553711, 0.1408994197845459, 0.09557533264160156, 0.13094663619995117, 0.10395979881286621, 0.11884427070617676, 0.1058650016784668, 0.1126565933227539, 0.10253334045410156, 0.1177220344543457, 0.10265922546386719, 0.10532665252685547, 0.09770059585571289, 0.10157418251037598, 0.10271787643432617, 0.13291692733764648, 0.10802030563354492, 0.13839054107666016, 0.10040736198425293, 0.11184930801391602, 0.08559298515319824, 0.1157386302947998, 0.10058736801147461, 0.10971856117248535, 0.10130524635314941, 0.1395127773284912, 0.11545753479003906, 0.12377142906188965, 0.10402369499206543, 0.1400620937347412, 0.11008834838867188, 0.1308574676513672, 0.10786867141723633, 0.13165640830993652, 0.10843062400817871, 0.15189862251281738, 0.10855627059936523, 0.15178203582763672, 0.09747457504272461, 0.15826749801635742, 0.1070399284362793, 0.15211725234985352, 0.10789632797241211, 0.16153550148010254, 0.12369155883789062, 0.16955256462097168, 0.12239217758178711, 0.16082453727722168, 0.1242668628692627, 0.16117310523986816, 0.11436128616333008, 0.16873621940612793, 0.11089324951171875, 0.15769195556640625, 0.10146188735961914, 0.1300373077392578, 0.10116314888000488, 0.140960693359375, 0.10982394218444824, 0.1338367462158203, 0.10294508934020996, 0.11584711074829102, 0.1060636043548584, 0.11083388328552246, 0.10088801383972168, 0.11382699012756348, 0.1082913875579834, 0.11077690124511719, 0.09611964225769043, 0.1139228343963623, 0.10086202621459961, 0.1012563705444336, 0.09189558029174805, 0.14936161041259766, 0.10612010955810547, 0.1109621524810791, 0.08620715141296387, 0.12402606010437012, 0.09560918807983398, 0.09556436538696289, 0.08710813522338867, 0.1234581470489502, 0.1143949031829834, 0.1135561466217041, 0.10751008987426758, 0.12172389030456543, 0.09915018081665039, 0.13979601860046387, 0.10613226890563965, 0.13705992698669434, 0.1122126579284668, 0.11353731155395508, 0.10333704948425293, 0.12945771217346191, 0.1108250617980957, 0.12505269050598145, 0.10477924346923828, 0.14846396446228027, 0.10244321823120117, 0.11895155906677246, 0.0907280445098877, 0.159010648727417, 0.10910344123840332, 0.16353964805603027, 0.09934043884277344, 0.16417717933654785, 0.1213386058807373, 0.16112637519836426, 0.10727906227111816, 0.16996479034423828, 0.11105680465698242, 0.15969085693359375, 0.12287139892578125, 0.15968537330627441, 0.10126996040344238, 0.17009687423706055, 0.1125648021697998, 0.15501093864440918, 0.10807967185974121, 0.15085864067077637, 0.11223435401916504, 0.1639270782470703, 0.10372304916381836, 0.15838217735290527, 0.11093878746032715, 0.1458275318145752, 0.10930657386779785, 0.15848183631896973, 0.10301017761230469, 0.16700100898742676, 0.10622119903564453, 0.15778708457946777, 0.09831857681274414, 0.1272895336151123, 0.09798145294189453, 0.12509799003601074, 0.10529112815856934, 0.13745570182800293, 0.10247159004211426, 0.13202548027038574, 0.10228991508483887, 0.11371707916259766, 0.10303807258605957, 0.13210654258728027, 0.11243081092834473, 0.11475563049316406, 0.09810948371887207, 0.13915610313415527, 0.0847465991973877, 0.12147188186645508, 0.10946846008300781, 0.1256086826324463, 0.10760617256164551, 0.13777732849121094, 0.1143641471862793, 0.14510059356689453, 