{"ID": 0, "inference time": [10.035524845123291, 0.07098245620727539, 0.07974958419799805, 0.06699037551879883, 0.062252044677734375, 0.08113956451416016, 0.0585637092590332, 0.061020851135253906, 0.07808852195739746, 0.05058026313781738, 0.06506586074829102, 0.07690620422363281, 0.05774712562561035, 0.06628870964050293, 0.08127474784851074, 0.05772590637207031, 0.06396961212158203, 0.20470809936523438, 0.1452779769897461, 0.07435154914855957, 0.10526585578918457, 0.09216690063476562, 0.08832907676696777, 0.12206673622131348, 0.08226275444030762, 0.06908416748046875, 0.11086201667785645, 0.05922341346740723, 0.0781557559967041, 0.11319279670715332, 0.08525514602661133, 0.09086990356445312, 0.1106414794921875, 0.09488582611083984, 0.10477352142333984, 0.1305391788482666, 0.0974886417388916, 0.09142780303955078, 0.11425304412841797, 0.06137657165527344, 0.08899235725402832, 0.11719822883605957, 0.07197093963623047, 0.09723186492919922, 0.12002015113830566, 0.0846548080444336, 0.09355449676513672, 0.11857247352600098, 0.046703338623046875, 0.09304165840148926, 0.11330318450927734, 0.05251502990722656, 0.09188556671142578, 0.11664748191833496, 0.042937278747558594, 0.09157848358154297, 0.11629247665405273, 0.0521543025970459, 0.09277701377868652, 0.11275911331176758, 0.04276728630065918, 0.08774995803833008, 0.12150740623474121, 0.10879230499267578, 0.09856510162353516, 0.11472535133361816, 0.06842398643493652, 0.1071023941040039, 0.12547683715820312, 0.04416608810424805, 0.09694933891296387, 0.12770795822143555, 0.04570627212524414, 0.08849644660949707, 0.1266310214996338, 0.05637073516845703, 0.08779716491699219, 0.12804865837097168, 0.06125617027282715, 0.10113644599914551, 0.1356971263885498, 0.05449366569519043, 0.10133934020996094, 0.13617897033691406, 0.052908897399902344, 0.08639931678771973, 0.13468241691589355, 0.05844378471374512, 0.0780174732208252, 0.1307506561279297, 0.1185770034790039, 0.06548380851745605, 0.11972618103027344, 0.10100555419921875, 0.08889532089233398, 0.11861824989318848, 0.11506295204162598, 0.08622121810913086, 0.11361455917358398, 0.06155204772949219, 0.08768606185913086, 0.10983085632324219, 0.06601452827453613, 0.08763790130615234, 0.11654424667358398, 0.08875799179077148, 0.10866355895996094, 0.12140178680419922, 0.06552886962890625, 0.09140992164611816, 0.12224245071411133, 0.07752680778503418, 0.096466064453125, 0.13166284561157227, 0.051542043685913086, 0.09618973731994629, 0.11448478698730469, 0.06044340133666992, 0.09358835220336914, 0.1168062686920166, 0.07694387435913086, 0.09352874755859375, 0.1210026741027832, 0.0741877555847168, 0.09442639350891113, 0.12609410285949707, 0.05474209785461426, 0.09842967987060547, 0.13083100318908691, 0.07311868667602539, 0.0939638614654541, 0.13046002388000488, 0.0509190559387207, 0.10118389129638672, 0.13650774955749512, 0.04901933670043945, 0.09964847564697266, 0.1390848159790039, 0.05132770538330078, 0.0874338150024414, 0.12777209281921387, 0.06519794464111328, 0.0962677001953125, 0.12557744979858398, 0.08503890037536621, 0.09237861633300781, 0.12563657760620117, 0.1296534538269043, 0.07174515724182129, 0.12856054306030273, 0.11278104782104492, 0.0752403736114502, 0.12547636032104492, 0.07057046890258789, 0.08303093910217285, 0.11265873908996582, 0.09667778015136719, 0.1018211841583252, 0.12499094009399414, 0.1129758358001709, 0.09284043312072754, 0.1210484504699707, 0.08787655830383301, 0.10777878761291504, 0.1225748062133789, 0.05283689498901367, 0.08817410469055176, 0.11022520065307617, 0.0674428939819336, 0.10856080055236816, 0.11931943893432617, 0.043093204498291016, 0.09730362892150879, 0.12266683578491211, 0.11008667945861816, 0.09887480735778809, 0.11298274993896484, 0.05073690414428711, 0.08819341659545898, 0.12767815589904785, 0.05693340301513672, 0.07504534721374512, 0.13048338890075684, 0.06319928169250488, 0.10307073593139648, 0.14018654823303223, 0.04911494255065918, 0.09927058219909668, 0.14574050903320312, 0.05300450325012207, 0.09583330154418945, 0.13267898559570312, 0.051251888275146484, 0.09912872314453125, 0.13433289527893066, 0.11568379402160645, 0.07614994049072266, 0.1206502914428711, 0.1290888786315918, 0.0919792652130127, 0.108795166015625, 0.06481742858886719, 0.11061716079711914, 0.12839031219482422, 0.06416678428649902, 0.08983230590820312, 0.11863136291503906, 0.06563735008239746, 0.09117865562438965, 0.11712479591369629, 0.08467411994934082, 0.10521626472473145, 0.12630629539489746, 0.06067156791687012, 0.08752918243408203, 0.11907386779785156, 0.10128617286682129, 0.10082387924194336, 0.1228783130645752, 0.04493832588195801, 0.09706330299377441, 0.12369656562805176, 0.11036181449890137, 0.10483813285827637, 0.11666560173034668, 0.06797266006469727, 0.10323190689086914, 0.1297779083251953, 0.04855036735534668, 0.10077047348022461, 0.13307571411132812, 0.0500338077545166, 0.0957944393157959, 0.14224553108215332, 0.049515724182128906, 0.09423351287841797, 0.12611985206604004, 0.09139442443847656, 0.08158659934997559, 0.13289093971252441, 0.06008291244506836, 0.10257220268249512, 0.14105820655822754, 0.05119180679321289, 0.09203124046325684, 0.12845778465270996, 0.09294676780700684, 0.09152603149414062, 0.12645196914672852, 0.10838103294372559, 0.09828686714172363, 0.13155817985534668, 0.05164313316345215, 0.09721493721008301, 0.133589506149292, 0.07043886184692383, 0.09488773345947266, 0.12722349166870117, 0.10810041427612305, 0.09151959419250488, 0.1234273910522461, 0.13007712364196777, 0.07311701774597168, 0.1252739429473877, 0.10049700736999512, 0.0867302417755127, 0.11232995986938477, 0.11717438697814941, 0.10176706314086914, 0.12019968032836914, 0.07116055488586426, 0.09842324256896973, 0.1275179386138916, 0.10918641090393066, 0.09896707534790039, 0.12627744674682617, 0.0636298656463623, 0.10592889785766602, 0.13824892044067383, 0.0585324764251709, 0.09752917289733887, 0.13002252578735352, 0.062050580978393555, 0.09185147285461426, 0.12471771240234375, 0.09435391426086426, 0.07166528701782227, 0.1354835033416748, 0.11417460441589355, 0.09378838539123535, 0.12343239784240723, 0.0968160629272461, 0.10510754585266113, 0.12919902801513672, 0.09351921081542969, 0.09479808807373047, 0.11789298057556152, 0.12307095527648926, 0.09761500358581543, 0.12103509902954102, 0.09038853645324707, 0.10284662246704102, 0.12877821922302246, 0.06374621391296387, 0.09978604316711426, 0.14129424095153809, 0.047263383865356445, 0.10160231590270996, 0.1345968246459961, 0.08991193771362305, 0.093017578125, 0.11742877960205078, 0.08441543579101562, 0.09685754776000977, 0.1246035099029541, 0.08153533935546875, 0.10248732566833496, 0.1310596466064453, 0.07362246513366699, 0.10941910743713379, 0.14172673225402832, 0.06153225898742676, 0.09863686561584473, 0.13152623176574707, 0.06445598602294922, 0.09395647048950195, 0.1464524269104004, 0.1145315170288086, 0.08382773399353027, 0.1136465072631836, 0.11628842353820801, 0.09160590171813965, 0.13076019287109375, 0.09569048881530762, 0.08395266532897949, 0.12144660949707031, 0.11290431022644043, 0.10539746284484863, 0.13252496719360352, 0.09523153305053711, 0.10059452056884766, 0.1302030086517334, 0.08198118209838867, 0.09495902061462402, 0.12570619583129883, 0.10863804817199707, 0.09415936470031738, 0.12087035179138184, 0.09091472625732422, 0.11006808280944824, 0.14558768272399902, 0.05947256088256836, 0.09528660774230957, 0.1393587589263916, 0.0823202133178711, 0.0843667984008789, 0.13676905632019043, 0.08183002471923828, 0.10943222045898438, 0.1381845474243164, 0.09066104888916016, 0.08196473121643066, 0.13420772552490234, 0.10626792907714844, 0.08872723579406738, 0.1270763874053955, 0.0929861068725586, 0.1097412109375, 0.13965368270874023, 0.1226351261138916, 0.09323906898498535, 0.12934207916259766, 0.09038949012756348, 0.09113311767578125, 0.13103389739990234, 0.061444997787475586, 0.1025536060333252, 0.11886763572692871, 0.09179925918579102, 0.10270071029663086, 0.1259927749633789, 0.10022473335266113, 