{"ID": 0, "inference time": [12.478237390518188, 0.07984256744384766, 0.07260680198669434, 0.2004098892211914, 0.10658502578735352, 0.11273479461669922, 0.11933279037475586, 0.10171937942504883, 0.1165010929107666, 0.0984947681427002, 0.09797501564025879, 0.12468075752258301, 0.1181938648223877, 0.09561395645141602, 0.08652162551879883, 0.12226128578186035, 0.1247859001159668, 0.11002635955810547, 0.10004115104675293, 0.0845940113067627, 0.10821819305419922, 0.12959623336791992, 0.11710858345031738, 0.10541081428527832, 0.11564397811889648, 0.10008788108825684, 0.09441804885864258, 0.09617137908935547, 0.09761643409729004, 0.1188819408416748, 0.10844683647155762, 0.10727095603942871, 0.10946917533874512, 0.11184978485107422, 0.12218046188354492, 0.10741186141967773, 0.12967991828918457, 0.11519193649291992, 0.1080620288848877, 0.1065216064453125, 0.10747027397155762, 0.09580612182617188, 0.08526062965393066, 0.09634637832641602, 0.1007082462310791, 0.10823559761047363, 0.13246965408325195, 0.12091231346130371, 0.12699675559997559, 0.11649012565612793, 0.1160893440246582, 0.11308598518371582, 0.11143922805786133, 0.11405062675476074, 0.12353849411010742, 0.12407898902893066, 0.12973499298095703, 0.10985040664672852, 0.13916826248168945, 0.11389446258544922, 0.0893259048461914, 0.09020590782165527, 0.11281299591064453, 0.10586309432983398, 0.09570622444152832, 0.11802244186401367, 0.10985302925109863, 0.09598469734191895, 0.1029806137084961, 0.1079864501953125, 0.12221503257751465, 0.11961960792541504, 0.10769009590148926, 0.12318301200866699, 0.09946751594543457, 0.11746454238891602, 0.12285280227661133, 0.11910295486450195, 0.10781455039978027, 0.09681439399719238, 0.09633255004882812, 0.12627720832824707, 0.11113548278808594, 0.1273655891418457, 0.13027381896972656, 0.11892867088317871, 0.11014986038208008, 0.12804293632507324, 0.11144232749938965, 0.11871933937072754, 0.11135196685791016, 0.10751128196716309, 0.10678720474243164, 0.09614133834838867, 0.11116909980773926, 0.11997079849243164, 0.12316083908081055, 0.11224198341369629, 0.10680222511291504, 0.1028740406036377, 0.1067042350769043, 0.11090087890625, 0.12751340866088867, 0.09805798530578613, 0.11400079727172852, 0.10691666603088379, 0.10233521461486816, 0.09073972702026367, 0.10084748268127441, 0.10529160499572754, 0.11082005500793457, 0.11199116706848145, 0.10653066635131836, 0.09781980514526367, 0.10228085517883301, 0.10514187812805176, 0.12135696411132812, 0.13451337814331055, 0.12308287620544434, 0.11064481735229492, 0.1077582836151123, 0.13042879104614258, 0.11617732048034668, 0.12769436836242676, 0.10802221298217773, 0.1260986328125, 0.12215638160705566, 0.14191770553588867, 0.09571099281311035, 0.09715127944946289, 0.11818361282348633, 0.12284493446350098, 0.12781500816345215, 0.13069820404052734, 0.10790634155273438, 0.12776875495910645, 0.11591958999633789, 0.11316633224487305, 0.11394214630126953, 0.09916424751281738, 0.09101009368896484, 0.12115788459777832, 0.11803793907165527, 0.11434006690979004, 0.1387944221496582, 0.10952639579772949, 0.11273455619812012, 0.11913800239562988, 0.11245131492614746, 0.12532329559326172, 0.09496545791625977, 0.11528372764587402, 0.10947966575622559, 0.12516045570373535, 0.11897730827331543, 0.10958027839660645, 0.11101031303405762, 0.1125178337097168, 0.11168551445007324, 0.1042642593383789, 0.0915520191192627, 0.0978403091430664, 0.1199183464050293, 0.10820889472961426, 0.10332703590393066, 0.09554386138916016, 0.09561657905578613, 0.0885319709777832, 0.11245560646057129, 0.12218332290649414, 0.12972187995910645, 0.09329557418823242, 0.09636688232421875, 0.09838080406188965, 0.11088228225708008, 0.10111117362976074, 0.11917638778686523, 0.10575747489929199, 0.10211849212646484, 0.09963703155517578, 0.10145092010498047, 0.10839152336120605, 0.11196327209472656, 0.11425971984863281, 0.13777709007263184, 0.11472892761230469, 0.10801100730895996, 0.1087346076965332, 0.12505364418029785, 0.11999082565307617, 0.10149216651916504, 0.09853696823120117, 0.12485003471374512, 0.10368227958679199, 0.1123816967010498, 0.11600565910339355, 0.0997166633605957, 0.09704160690307617, 0.09703469276428223, 0.11512470245361328, 0.1132051944732666, 0.1020345687866211, 0.09440064430236816, 0.10929584503173828, 0.1166832447052002, 0.11363768577575684, 0.09315991401672363, 0.09941887855529785, 0.1225273609161377, 0.12072277069091797, 0.10576438903808594, 0.12541794776916504, 0.12458467483520508, 0.11596202850341797, 0.11837291717529297, 0.09406685829162598, 0.08820986747741699, 0.10584878921508789, 0.11180686950683594, 0.10638928413391113, 0.0851736068725586, 0.11854171752929688, 0.11766409873962402, 0.12033271789550781, 0.11865639686584473, 0.12396621704101562, 0.11415934562683105, 0.11023473739624023, 0.1139833927154541, 0.11678147315979004, 0.10122323036193848, 0.09372854232788086, 0.11712408065795898, 0.10210609436035156, 0.12456011772155762, 0.11760091781616211, 0.12198829650878906, 0.1162557601928711, 0.11960530281066895, 0.10549449920654297, 0.11600732803344727, 0.13437843322753906, 0.12168121337890625, 0.11753535270690918, 0.12345433235168457, 0.11400651931762695, 0.11682271957397461, 0.1245427131652832, 0.12169504165649414, 0.11272692680358887, 0.11259269714355469, 0.09460163116455078, 0.09837770462036133, 0.09446310997009277, 0.11399984359741211, 0.10111522674560547, 0.11208963394165039, 0.10060906410217285, 0.1231074333190918, 0.11071634292602539, 0.10381889343261719, 0.09583663940429688, 0.10347437858581543, 0.10257124900817871, 0.10443949699401855, 0.09476399421691895, 0.10392117500305176, 0.11145973205566406, 0.09392070770263672, 0.1167747974395752, 0.10466670989990234, 0.10937833786010742, 0.09616923332214355, 0.11617612838745117, 0.12334513664245605, 0.09383583068847656, 0.12205791473388672, 0.11726975440979004, 0.1111152172088623, 0.10307121276855469, 0.09180879592895508, 0.12066483497619629, 0.12572669982910156, 0.11778855323791504, 0.12009119987487793, 0.1268315315246582, 0.11987924575805664, 0.11555671691894531, 0.1115264892578125, 0.11748909950256348, 0.11808276176452637, 0.11031627655029297, 0.10039091110229492, 0.09833550453186035, 0.11079859733581543, 0.10776305198669434, 0.09156537055969238, 0.09231019020080566, 0.10329771041870117, 0.10183286666870117, 0.09801673889160156, 0.11407756805419922, 0.09950542449951172, 0.10308575630187988, 0.10689473152160645, 0.09644246101379395, 0.11212778091430664, 0.1065518856048584, 0.09972786903381348, 0.08538985252380371, 0.10366415977478027, 0.11291813850402832, 0.10547351837158203, 0.11339449882507324, 0.11546707153320312, 0.1014699935913086, 0.0957174301147461, 0.10718059539794922, 0.10399723052978516, 0.1013641357421875, 0.09730029106140137, 0.0905771255493164, 0.10313677787780762, 0.09636259078979492, 0.12090134620666504, 0.11665558815002441, 0.1327204704284668, 0.12746596336364746, 0.12844538688659668, 0.1152496337890625, 0.10098981857299805, 0.09249234199523926, 0.10162758827209473, 0.11630845069885254, 0.11400866508483887, 0.12576842308044434, 0.11970686912536621, 0.12139892578125, 0.12404870986938477, 0.10411429405212402, 0.10443902015686035, 0.10406827926635742, 0.08464550971984863, 0.11046671867370605, 0.12504267692565918, 0.12915539741516113, 0.1165769100189209, 0.10440611839294434, 0.1227107048034668, 0.11602115631103516, 0.12260723114013672, 0.11820101737976074, 0.12279272079467773, 0.10592460632324219, 0.09275317192077637, 0.09324383735656738, 0.11171340942382812, 0.1179971694946289, 0.10249447822570801, 0.0949716567993164, 0.0792381763458252, 0.11593270301818848, 0.10768651962280273, 0.09266233444213867, 0.08467388153076172, 0.1208796501159668, 0.12688302993774414, 0.11826658248901367, 0.11479020118713379, 0.11195707321166992, 0.11414027214050293, 0.12357068061828613, 0.10961794853210449, 0.12682771682739258, 0.11601114273071289, 0.1168816089630127, 0.09793949127197266, 0.08883833885192871, 0.11181426048278809, 0.1311185359954834, 0.10855865478515625, 0.11980032920837402, 