{"ID": 7, "inference time": [15.241562604904175, 0.16793322563171387, 0.1340639591217041, 0.16425585746765137, 0.10174870491027832, 0.12161684036254883, 0.15361309051513672, 0.10340738296508789, 0.12673306465148926, 0.16358208656311035, 0.1536269187927246, 0.14235997200012207, 0.16270685195922852, 0.10039663314819336, 0.1316084861755371, 0.16664385795593262, 0.10332965850830078, 0.12200498580932617, 0.16116714477539062, 0.0946512222290039, 0.12221622467041016, 0.16789031028747559, 0.1094825267791748, 0.1296834945678711, 0.1632981300354004, 0.11540770530700684, 0.12745952606201172, 0.16006684303283691, 0.13530421257019043, 0.13648700714111328, 0.16712737083435059, 0.09708452224731445, 0.12360930442810059, 0.16250157356262207, 0.09762072563171387, 0.12576699256896973, 0.16370582580566406, 0.10218667984008789, 0.12062406539916992, 0.1710224151611328, 0.10857057571411133, 0.1227724552154541, 0.16109323501586914, 0.1007077693939209, 0.12592506408691406, 0.16900920867919922, 0.10330605506896973, 0.12746453285217285, 0.16985201835632324, 0.1627347469329834, 0.13406991958618164, 0.15235590934753418, 0.10451889038085938, 0.12563776969909668, 0.17334628105163574, 0.11887431144714355, 0.13415980339050293, 0.17695856094360352, 0.10207891464233398, 0.1354362964630127, 0.17089295387268066, 0.10924935340881348, 0.1438007354736328, 0.1683332920074463, 0.10119342803955078, 0.12721991539001465, 0.1750195026397705, 0.10589814186096191, 0.12031126022338867, 0.1590127944946289, 0.09429311752319336, 0.12319326400756836, 0.16345548629760742, 0.1023259162902832, 0.1266462802886963, 0.17363667488098145, 0.09735298156738281, 0.13649964332580566, 0.1636052131652832, 0.1203460693359375, 0.11939740180969238, 0.1702568531036377, 0.09038615226745605, 0.13506245613098145, 0.1632862091064453, 0.11275458335876465, 0.12468576431274414, 0.1782548427581787, 0.10114479064941406, 0.12900495529174805, 0.16229462623596191, 0.11797952651977539, 0.1186826229095459, 0.17735719680786133, 0.09175300598144531, 0.12923359870910645, 0.16205239295959473, 0.09166169166564941, 0.11985421180725098, 0.17140722274780273, 0.11360907554626465, 0.12871503829956055, 0.16317462921142578, 0.10830497741699219, 0.12758636474609375, 0.17297673225402832, 0.10748076438903809, 0.12969136238098145, 0.17829394340515137, 0.10749959945678711, 0.1144263744354248, 0.16933584213256836, 0.09017395973205566, 0.12946653366088867, 0.16571450233459473, 0.1125788688659668, 0.11848878860473633, 0.17316985130310059, 0.12881851196289062, 0.14727425575256348, 0.17630219459533691, 0.1174168586730957, 0.12695097923278809, 0.17487788200378418, 0.09697270393371582, 0.1307215690612793, 0.1715705394744873, 0.10495424270629883, 0.13298368453979492, 0.16537046432495117, 0.13544797897338867, 0.14310240745544434, 0.17544031143188477, 0.11647891998291016, 0.11868023872375488, 0.1670994758605957, 0.13819408416748047, 0.13906073570251465, 0.17069673538208008, 0.1154172420501709, 0.12833857536315918, 0.16096806526184082, 0.10590410232543945, 0.1277170181274414, 0.17554163932800293, 0.09256649017333984, 0.13148093223571777, 0.16571807861328125, 0.11454343795776367, 0.12425112724304199, 0.17347002029418945, 0.09475517272949219, 0.1335468292236328, 0.1716306209564209, 0.10843753814697266, 0.11905598640441895, 0.16959023475646973, 0.08946418762207031, 0.13576316833496094, 0.17389178276062012, 0.11379384994506836, 0.12063431739807129, 0.1638166904449463, 0.1159822940826416, 0.14031195640563965, 0.17926025390625, 0.10120701789855957, 0.12124013900756836, 0.16508889198303223, 0.10502123832702637, 0.12256574630737305, 0.16279339790344238, 0.10299062728881836, 0.13521385192871094, 0.17342185974121094, 0.11010241508483887, 0.12125897407531738, 0.16959095001220703, 0.0963742733001709, 0.11928153038024902, 0.16969776153564453, 0.09816431999206543, 0.12672972679138184, 0.17623281478881836, 0.10262084007263184, 0.11754012107849121, 0.16608810424804688, 0.09317421913146973, 0.1238088607788086, 0.17637348175048828, 0.09637022018432617, 0.11944365501403809, 0.16030621528625488, 0.09689188003540039, 0.1354687213897705, 0.17130684852600098, 0.09245729446411133, 0.11818838119506836, 0.16637635231018066, 0.08774709701538086, 0.13450884819030762, 0.17820405960083008, 0.11225485801696777, 0.12376618385314941, 0.1642003059387207, 0.10348629951477051, 0.1269361972808838, 0.17862796783447266, 0.0977640151977539, 0.11750531196594238, 0.16679763793945312, 0.11212301254272461, 0.13180255889892578, 0.1715104579925537, 0.09778451919555664, 0.1176919937133789, 0.17547035217285156, 0.09634280204772949, 0.1221468448638916, 0.16457629203796387, 0.08556199073791504, 0.11785578727722168, 0.16312432289123535, 0.10123634338378906, 0.1374189853668213, 0.17732691764831543, 0.10347270965576172, 0.12526202201843262, 0.1658790111541748, 0.12073326110839844, 0.12898850440979004, 0.17527222633361816, 0.1082448959350586, 0.1250743865966797, 0.16647577285766602, 0.09605979919433594, 0.14042949676513672, 0.17516040802001953, 0.11054825782775879, 0.11875271797180176, 0.16866183280944824, 0.09697127342224121, 0.1451420783996582, 0.17540955543518066, 0.10986065864562988, 0.12485671043395996, 0.16882014274597168, 0.10606622695922852, 0.14435601234436035, 0.17882513999938965, 0.10119223594665527, 0.12716436386108398, 0.1737823486328125, 0.08968234062194824, 0.13323354721069336, 0.17208409309387207, 0.08653068542480469, 0.1237022876739502, 0.17495107650756836, 0.10003066062927246, 0.1292412281036377, 0.16669344902038574, 0.10087466239929199, 0.12162971496582031, 0.17090249061584473, 0.10241222381591797, 0.1357593536376953, 0.18053340911865234, 0.10588908195495605, 0.1348428726196289, 0.1688976287841797, 0.10047149658203125, 0.1322307586669922, 0.17428803443908691, 0.0954132080078125, 0.12780499458312988, 0.16948270797729492, 0.1024477481842041, 0.1387317180633545, 0.17702889442443848, 0.08528017997741699, 0.12478876113891602, 0.1729288101196289, 0.11853742599487305, 0.1365058422088623, 0.18283891677856445, 0.11035513877868652, 0.12418937683105469, 0.17238354682922363, 0.1064751148223877, 0.1367194652557373, 0.17495250701904297, 0.09315824508666992, 0.12713146209716797, 0.1851518154144287, 0.11144733428955078, 0.12423300743103027, 0.17635607719421387, 0.09536266326904297, 0.1332247257232666, 0.17481756210327148, 0.10140466690063477, 0.1315155029296875, 0.18291211128234863, 0.09772777557373047, 0.12964725494384766, 0.16596102714538574, 0.09029483795166016, 0.1295464038848877, 0.17838335037231445, 0.10144162178039551, 0.12730073928833008, 0.18120050430297852, 0.10292792320251465, 0.12201309204101562, 0.17107939720153809, 0.10162496566772461, 0.1273653507232666, 0.192610502243042, 0.10325384140014648, 0.12621521949768066, 0.17143702507019043, 0.12358593940734863, 0.13075804710388184, 0.17788362503051758, 0.09844970703125, 0.12748193740844727, 0.17138075828552246, 0.09702563285827637, 0.13106250762939453, 0.17957115173339844, 0.09706997871398926, 0.12357282638549805, 0.16965866088867188, 0.09447932243347168, 0.1385807991027832, 0.18100953102111816, 0.09489679336547852, 0.12434816360473633, 0.17101836204528809, 0.09936404228210449, 0.13304662704467773, 0.18426918983459473, 0.11075329780578613, 0.1257035732269287, 0.1816112995147705, 0.08826947212219238, 0.12647056579589844, 0.17280340194702148, 0.09843683242797852, 0.13627028465270996, 0.17705893516540527, 0.10725808143615723, 0.13227462768554688, 0.18072199821472168, 0.10657167434692383, 0.12789034843444824, 0.17056488990783691, 0.12017703056335449, 0.13486766815185547, 0.18120074272155762, 0.09817075729370117, 0.13352704048156738, 0.18362736701965332, 0.10203909873962402, 0.12800097465515137, 0.1710197925567627, 0.10822725296020508, 0.13546180725097656, 0.190199613571167, 0.1068413257598877, 0.13141393661499023, 0.18581819534301758, 0.0944526195526123, 0.12944412231445312, 0.16495370864868164, 0.10010814666748047, 0.12963032722473145, 0.18187499046325684, 0.09673285484313965, 0.1292407512664795, 0.17886757850646973, 0.09556221961975098, 