{"ID": 0, "inference time": [7.719451665878296, 0.0791785717010498, 0.039559364318847656, 0.1048436164855957, 0.05759119987487793, 0.03885293006896973, 0.08402466773986816, 0.05836200714111328, 0.038450002670288086, 0.08176183700561523, 0.057042598724365234, 0.03752470016479492, 0.08545327186584473, 0.057994842529296875, 0.038173675537109375, 0.08553528785705566, 0.057297468185424805, 0.0384821891784668, 0.08075213432312012, 0.05884432792663574, 0.03841209411621094, 0.08708548545837402, 0.059090375900268555, 0.039769887924194336, 0.08619165420532227, 0.06308388710021973, 0.040940284729003906, 0.1248939037322998, 0.08662581443786621, 0.06316375732421875, 0.1046133041381836, 0.09332585334777832, 0.06249809265136719, 0.09311890602111816, 0.07060408592224121, 0.05836129188537598, 0.10061502456665039, 0.08945178985595703, 0.060218095779418945, 0.09198927879333496, 0.07405996322631836, 0.060471534729003906, 0.09785962104797363, 0.08670163154602051, 0.06290435791015625, 0.0918574333190918, 0.0907902717590332, 0.06608796119689941, 0.09315276145935059, 0.08686161041259766, 0.06127500534057617, 0.09762763977050781, 0.08054089546203613, 0.06879234313964844, 0.0809926986694336, 0.07793188095092773, 0.05876803398132324, 0.09808588027954102, 0.08478975296020508, 0.06222271919250488, 0.10311079025268555, 0.0923154354095459, 0.06072354316711426, 0.09258151054382324, 0.07513856887817383, 0.06107616424560547, 0.0834650993347168, 0.0793144702911377, 0.06116366386413574, 0.10306930541992188, 0.0904543399810791, 0.06139016151428223, 0.08934140205383301, 0.0639657974243164, 0.06748008728027344, 0.1002342700958252, 0.09849381446838379, 0.060060977935791016, 0.08901214599609375, 0.07265734672546387, 0.062203407287597656, 0.09887266159057617, 0.08731508255004883, 0.05984783172607422, 0.09824705123901367, 0.08631324768066406, 0.05871987342834473, 0.09588146209716797, 0.0864105224609375, 0.06292176246643066, 0.08991265296936035, 0.07641482353210449, 0.06061077117919922, 0.09651637077331543, 0.08684659004211426, 0.06208968162536621, 0.09163498878479004, 0.0781552791595459, 0.06320023536682129, 0.07216095924377441, 0.07985997200012207, 0.057610511779785156, 0.10265541076660156, 0.0858604907989502, 0.06666851043701172, 0.10242772102355957, 0.09870100021362305, 0.06223273277282715, 0.08733129501342773, 0.06940603256225586, 0.06939220428466797, 0.1024477481842041, 0.09751772880554199, 0.0683441162109375, 0.08811473846435547, 0.07037520408630371, 0.060404062271118164, 0.09413504600524902, 0.08472418785095215, 0.0632939338684082, 0.10746932029724121, 0.08611917495727539, 0.06584620475769043, 0.09637236595153809, 0.0967252254486084, 0.06401324272155762, 0.08800029754638672, 0.07203793525695801, 0.06184196472167969, 0.08805084228515625, 0.08117032051086426, 0.06447100639343262, 0.09351325035095215, 0.08237552642822266, 0.06604671478271484, 0.08711886405944824, 0.06885862350463867, 0.05743598937988281, 0.09660148620605469, 0.08342146873474121, 0.06385278701782227, 0.09627509117126465, 0.08227777481079102, 0.06719708442687988, 0.08020925521850586, 0.07775449752807617, 0.06386947631835938, 0.09354162216186523, 0.0733642578125, 0.06462621688842773, 0.09074735641479492, 0.08732104301452637, 0.06563067436218262, 0.09510207176208496, 0.0763089656829834, 0.06646084785461426, 0.08880424499511719, 0.07662463188171387, 0.071807861328125, 0.10418438911437988, 0.08819079399108887, 0.06156587600708008, 0.09151768684387207, 0.06362700462341309, 0.06788969039916992, 0.1027688980102539, 0.09237480163574219, 0.06371426582336426, 0.09072208404541016, 0.06501507759094238, 0.06875801086425781, 0.09932518005371094, 0.0805659294128418, 0.06419873237609863, 0.09007930755615234, 0.0666952133178711, 0.06404852867126465, 0.08326983451843262, 0.07951092720031738, 0.06412100791931152, 0.09058499336242676, 0.06294918060302734, 0.061824798583984375, 0.09435367584228516, 0.08415102958679199, 0.06487250328063965, 0.09467005729675293, 0.0650324821472168, 0.06696772575378418, 0.09129548072814941, 0.0809793472290039, 0.06792688369750977, 0.08821749687194824, 0.06408858299255371, 0.0713193416595459, 0.10483026504516602, 0.08009743690490723, 0.06358861923217773, 0.08957791328430176, 0.06511712074279785, 0.0691843032836914, 0.10384345054626465, 0.09430456161499023, 0.06354904174804688, 0.0860280990600586, 0.06667184829711914, 0.06332135200500488, 0.0975346565246582, 0.08444952964782715, 0.06426715850830078, 0.08703851699829102, 0.0641026496887207, 0.06604552268981934, 0.08139467239379883, 0.0774388313293457, 0.06508183479309082, 0.09413981437683105, 0.09720444679260254, 0.064239501953125, 0.08683204650878906, 0.0635683536529541, 0.05999135971069336, 0.09380888938903809, 0.07509732246398926, 0.0665283203125, 0.09491539001464844, 0.09529495239257812, 0.06430196762084961, 0.0901632308959961, 0.06099724769592285, 0.06764030456542969, 0.1007390022277832, 0.09068822860717773, 0.06481671333312988, 0.08425068855285645, 0.062399864196777344, 0.06705379486083984, 0.09526872634887695, 0.0778207778930664, 0.06489920616149902, 0.09065961837768555, 0.07285499572753906, 0.06365180015563965, 0.08469772338867188, 0.06541562080383301, 0.07034420967102051, 0.0972437858581543, 0.08238077163696289, 0.06446671485900879, 0.0872352123260498, 0.07106995582580566, 0.06879138946533203, 0.08515381813049316, 0.06870698928833008, 0.06573033332824707, 0.09446072578430176, 0.08217024803161621, 0.07163143157958984, 0.08202338218688965, 0.06257343292236328, 0.07007694244384766, 0.10033965110778809, 0.09669995307922363, 0.07013058662414551, 0.08489394187927246, 0.06274533271789551, 0.0704953670501709, 0.09433841705322266, 0.0817101001739502, 0.06739997863769531, 0.09291458129882812, 0.07565474510192871, 0.06512260437011719, 0.08130240440368652, 0.07588505744934082, 0.06706738471984863, 0.08876585960388184, 0.0716712474822998, 0.06349349021911621, 0.0872640609741211, 0.06605958938598633, 0.06888723373413086, 0.09808063507080078, 0.09864282608032227, 0.0662541389465332, 0.0859673023223877, 0.06290578842163086, 0.07049417495727539, 0.10224056243896484, 0.09566450119018555, 0.06851959228515625, 0.08725762367248535, 0.06451153755187988, 0.06655740737915039, 0.09202933311462402, 0.07433605194091797, 0.0666358470916748, 0.08117318153381348, 0.06897401809692383, 0.06263089179992676, 0.09653997421264648, 0.08079195022583008, 0.06513023376464844, 0.08800220489501953, 0.06307625770568848, 0.0729513168334961, 0.0932011604309082, 0.06834721565246582, 0.06721186637878418, 0.08644866943359375, 0.060166358947753906, 0.07043242454528809, 0.09888505935668945, 0.09377670288085938, 0.06641173362731934, 0.08718156814575195, 0.0610508918762207, 0.06931257247924805, 0.09221053123474121, 0.0734717845916748, 0.06658291816711426, 0.08526062965393066, 0.061036109924316406, 0.06563162803649902, 0.08725619316101074, 0.07570981979370117, 0.06618809700012207, 0.0883939266204834, 0.07106852531433105, 0.06484174728393555, 0.07967090606689453, 0.07461071014404297, 0.06707930564880371, 0.08509349822998047, 0.0615997314453125, 0.07396674156188965, 0.09308958053588867, 0.07316827774047852, 0.06679940223693848, 0.08561420440673828, 0.06223487854003906, 0.06851315498352051, 0.10478758811950684, 0.09296298027038574, 0.06896519660949707, 0.08663678169250488, 0.05989360809326172, 0.06728386878967285, 0.09153127670288086, 0.07613086700439453, 0.06830787658691406, 0.08532071113586426, 0.05846905708312988, 0.07189416885375977, 0.09965252876281738, 0.07620644569396973, 0.0707249641418457, 0.08267855644226074, 0.06132674217224121, 0.06699061393737793, 0.08435726165771484, 0.07348918914794922, 0.06869697570800781, 0.08551287651062012, 0.05947518348693848, 0.06617021560668945, 0.08283448219299316, 0.07394170761108398, 0.07097959518432617, 0.08189725875854492, 0.057216644287109375, 0.06883978843688965, 0.09115839004516602, 0.08118247985839844, 0.07378292083740234, 0.0891108512878418, 0.059465646743774414, 0.07041573524475098, 0.09837174415588379, 0.08935093879699707, 0.07233786582946777, 