{"ID": 0, "inference time": [0.37160325050354004, 0.4230997562408447, 0.412975549697876, 0.39806079864501953, 0.3759281635284424, 0.21175670623779297, 0.18835163116455078, 0.20115900039672852, 0.19323015213012695, 0.19701027870178223, 0.19981598854064941, 0.2030200958251953, 0.20496225357055664, 0.22188591957092285, 0.25814318656921387, 0.27979230880737305, 0.25453710556030273, 0.2321786880493164, 0.19918322563171387, 0.2290043830871582, 0.22130632400512695, 0.2371351718902588, 0.21908283233642578, 0.22396278381347656, 0.3810579776763916, 0.28603076934814453, 0.21385979652404785, 0.2025620937347412, 0.1908705234527588, 0.19202947616577148, 0.19399452209472656, 0.1897287368774414, 0.2680172920227051, 0.26217007637023926, 0.24155211448669434, 0.23938441276550293, 0.25158143043518066, 0.25487327575683594, 0.21292996406555176, 0.2277059555053711, 0.22074532508850098, 0.24524712562561035, 0.23189091682434082, 0.20290851593017578, 0.2195127010345459, 0.2906007766723633, 0.2534301280975342, 0.24242472648620605, 0.20989656448364258, 0.23931050300598145, 0.2288377285003662, 0.2555842399597168, 0.21945428848266602, 0.24230575561523438, 0.2247474193572998, 0.22760009765625, 0.24283504486083984, 0.2255110740661621, 0.19912481307983398, 0.2140970230102539, 0.282010555267334, 0.2411642074584961, 0.19396543502807617, 0.1891493797302246, 0.21805953979492188, 0.2643873691558838, 0.3283369541168213, 0.3896510601043701, 0.39108777046203613, 0.3468742370605469, 0.2942616939544678, 0.3550877571105957, 0.3166332244873047, 0.29856371879577637, 0.3106868267059326, 0.2804532051086426, 0.3585243225097656, 0.3427307605743408, 0.2410275936126709, 0.20241093635559082, 0.19432306289672852, 0.19816112518310547, 0.18975329399108887, 0.21869969367980957, 0.25333666801452637, 0.2816591262817383, 0.31563615798950195, 0.3640174865722656, 0.39739155769348145, 0.3130307197570801, 0.34096837043762207, 0.32576560974121094, 0.314450740814209, 0.28417062759399414, 0.2793753147125244, 0.29240918159484863, 0.2827484607696533, 0.24043583869934082, 0.22457146644592285, 0.21892476081848145, 0.2836756706237793, 0.3041810989379883, 0.2788825035095215, 0.2436809539794922, 0.23123526573181152, 0.26656532287597656, 0.25189995765686035, 0.2490379810333252, 0.2512784004211426, 0.22470951080322266, 0.20836114883422852, 0.22452497482299805, 0.29242825508117676, 0.3604612350463867, 0.35335636138916016, 0.3596985340118408, 0.26889896392822266, 0.22559237480163574, 0.21147966384887695, 0.19308781623840332, 0.21670317649841309, 0.25951695442199707, 0.23514199256896973, 0.2554817199707031, 0.2661619186401367, 0.20758962631225586, 0.27912092208862305, 0.24143743515014648, 0.2507307529449463, 0.21767425537109375, 0.21314597129821777, 0.2351541519165039, 0.28143954277038574, 0.31265807151794434, 0.3948476314544678, 0.3981926441192627, 0.3879425525665283, 0.410327672958374, 0.40650439262390137, 0.39109230041503906, 0.24248719215393066, 0.1983480453491211, 0.20149922370910645, 0.18904328346252441, 0.20267057418823242, 0.23240160942077637, 0.22464275360107422, 0.2904667854309082, 0.25479626655578613, 0.21288156509399414, 0.22796845436096191, 0.33089542388916016, 0.30370283126831055, 0.24189305305480957, 0.24835205078125, 0.30561256408691406, 0.23770523071289062, 0.20624399185180664, 0.1967029571533203, 0.2514314651489258, 0.2347123622894287, 0.37295103073120117, 0.38697361946105957, 0.3853578567504883, 0.3785412311553955, 0.38059234619140625, 0.37868595123291016, 0.22700023651123047, 0.1903855800628662, 0.18911528587341309, 0.1881723403930664, 0.19386506080627441, 0.19736003875732422, 0.1880965232849121, 0.20882081985473633, 0.18809938430786133, 0.18506741523742676, 0.22675752639770508, 0.2859992980957031, 0.3793652057647705, 0.4252631664276123, 0.4083235263824463, 0.3483123779296875, 0.30368590354919434, 0.2827572822570801, 0.24473214149475098, 0.22500848770141602, 0.24233627319335938, 0.233964204788208, 0.2371532917022705, 0.2955894470214844, 0.2395915985107422, 0.22894763946533203, 0.2280576229095459, 0.26256704330444336, 0.24708056449890137, 0.268115758895874, 0.23009395599365234, 0.21827244758605957, 0.24393320083618164, 0.26689910888671875, 0.27008891105651855, 0.23560047149658203, 0.2299363613128662, 0.22481608390808105, 0.21525073051452637, 0.22834277153015137, 0.23890137672424316, 0.24843358993530273, 0.23495912551879883, 0.2614784240722656, 0.25519895553588867, 0.2542393207550049, 0.26244497299194336, 0.27575182914733887, 0.24348711967468262, 0.2233748435974121, 0.19901680946350098, 0.2180185317993164, 0.2377946376800537, 0.25389790534973145, 0.22612500190734863, 0.23174190521240234, 0.19090628623962402, 0.22012734413146973, 0.1977996826171875, 0.24510598182678223, 0.23709321022033691, 0.2137453556060791, 0.24674296379089355, 0.23138999938964844, 0.2334918975830078, 0.2941904067993164, 0.2604990005493164, 0.25713682174682617, 0.28705549240112305, 0.2583186626434326, 0.2388145923614502, 0.2224411964416504, 0.22625517845153809, 0.25704407691955566, 0.2181992530822754, 0.2598001956939697, 0.24819707870483398, 0.22082829475402832, 0.23527765274047852, 0.2121896743774414, 0.24034404754638672, 0.1951920986175537, 0.2411177158355713, 0.2455308437347412, 0.19891810417175293, 0.21942996978759766, 0.27300286293029785, 0.2337796688079834, 0.26824069023132324, 0.31797194480895996, 0.3859069347381592, 0.40352320671081543, 0.42183804512023926, 0.40635251998901367, 0.39134883880615234, 0.4372270107269287, 0.4298281669616699, 0.41090917587280273, 0.396648645401001, 0.36612915992736816, 0.38652801513671875, 0.4171864986419678, 0.40099263191223145, 0.3595287799835205, 0.35236501693725586, 0.3586902618408203, 0.39664769172668457, 0.3942568302154541, 0.39197754859924316, 0.3447117805480957, 0.1982440948486328, 0.19795560836791992, 0.1897878646850586, 0.1964709758758545, 0.22538328170776367, 0.2450399398803711, 0.2452096939086914, 0.22266054153442383, 0.20427250862121582, 0.19595789909362793, 0.23071742057800293, 0.3043253421783447, 0.28555870056152344, 0.29829883575439453, 0.2886660099029541, 0.32100653648376465, 0.2782447338104248, 0.24879908561706543, 0.24754881858825684, 0.26317310333251953, 0.3264656066894531, 0.2661094665527344, 0.37993764877319336, 0.2993340492248535, 0.21104860305786133, 0.19072937965393066, 0.20773792266845703, 0.1975996494293213, 0.1889646053314209, 0.19924569129943848, 0.1940479278564453, 0.22702741622924805, 0.23345160484313965, 0.27459144592285156, 0.21996402740478516, 0.22461557388305664, 0.251359224319458, 0.22540521621704102, 0.19520974159240723, 0.19918370246887207, 0.20413851737976074, 0.22489070892333984, 0.2665693759918213, 0.2027444839477539, 0.20035409927368164, 0.21831130981445312, 0.22910356521606445, 0.20153141021728516, 0.22728323936462402, 0.2726871967315674, 0.26053595542907715, 0.22982096672058105, 0.22630977630615234, 0.2030949592590332, 0.24133872985839844, 0.23583650588989258, 0.2260746955871582, 0.22588729858398438, 0.2150568962097168, 0.240586519241333, 0.23947763442993164, 0.20783782005310059, 0.22166895866394043, 0.19296717643737793, 0.2677004337310791, 0.2712671756744385, 0.26197052001953125, 0.2532625198364258, 0.28531885147094727, 0.3531951904296875, 0.28583431243896484, 0.2857246398925781, 0.2670118808746338, 0.27971577644348145, 0.25081682205200195, 0.2534971237182617, 0.23094964027404785, 0.23785924911499023, 0.2642807960510254, 0.23273158073425293, 0.23623228073120117, 0.25734806060791016, 0.25589466094970703, 0.2292470932006836, 0.32008814811706543, 0.2981860637664795, 0.34951043128967285, 0.3220522403717041, 0.18730998039245605, 0.18252038955688477, 0.24712634086608887, 0.2318735122680664, 0.21355915069580078, 0.19366884231567383, 0.18613433837890625, 0.19201993942260742, 0.20029354095458984, 0.20433473587036133, 0.24937701225280762, 0.25692200660705566, 0.2666499614715576, 0.2229022979736328, 0.2657463550567627, 0.23440980911254883, 0.2100212574005127, 0.24666047096252441, 0.24728178977966309, 0.26462578773498535, 0.24558758735656738, 0.28261470794677734, 