{"ID": 6, "inference time": [7.798454761505127, 0.06861162185668945, 0.0927581787109375, 0.0709691047668457, 0.0773465633392334, 0.040532827377319336, 0.0708458423614502, 0.07992863655090332, 0.04076123237609863, 0.07285451889038086, 0.08018994331359863, 0.04472517967224121, 0.06851887702941895, 0.08053159713745117, 0.04298901557922363, 0.07282686233520508, 0.07749700546264648, 0.03871798515319824, 0.06977224349975586, 0.07613945007324219, 0.03968954086303711, 0.06693029403686523, 0.0804905891418457, 0.03979992866516113, 0.07050156593322754, 0.08045768737792969, 0.05835437774658203, 0.2212657928466797, 0.0967249870300293, 0.06629252433776855, 0.0960237979888916, 0.09633064270019531, 0.0559535026550293, 0.09953880310058594, 0.09694099426269531, 0.05456137657165527, 0.09647893905639648, 0.09156346321105957, 0.0685269832611084, 0.09712910652160645, 0.09613394737243652, 0.06940507888793945, 0.09733128547668457, 0.10131359100341797, 0.060236215591430664, 0.10144305229187012, 0.10792112350463867, 0.05633711814880371, 0.09816932678222656, 0.0860452651977539, 0.06890535354614258, 0.0982658863067627, 0.10086536407470703, 0.057784318923950195, 0.09233951568603516, 0.08577704429626465, 0.06869173049926758, 0.0975944995880127, 0.09663534164428711, 0.05511760711669922, 0.10004210472106934, 0.09636282920837402, 0.05822324752807617, 0.09502196311950684, 0.10361647605895996, 0.05543684959411621, 0.09740424156188965, 0.09409308433532715, 0.06060433387756348, 0.10297584533691406, 0.10962367057800293, 0.05526542663574219, 0.09755277633666992, 0.10310077667236328, 0.0534520149230957, 0.09470748901367188, 0.09775471687316895, 0.06895875930786133, 0.10161972045898438, 0.10234856605529785, 0.05793499946594238, 0.10082030296325684, 0.1110985279083252, 0.05531883239746094, 0.09933090209960938, 0.10299015045166016, 0.05420708656311035, 0.0934290885925293, 0.0811910629272461, 0.06879353523254395, 0.10028624534606934, 0.11708283424377441, 0.054068803787231445, 0.0999453067779541, 0.09385395050048828, 0.06841158866882324, 0.10214638710021973, 0.09904718399047852, 0.05803966522216797, 0.09867668151855469, 0.1105961799621582, 0.054755449295043945, 0.09968972206115723, 0.08682680130004883, 0.06860494613647461, 0.10344314575195312, 0.10888481140136719, 0.055579423904418945, 0.09917783737182617, 0.08828902244567871, 0.06913518905639648, 0.10407066345214844, 0.11280632019042969, 0.0549931526184082, 0.10248708724975586, 0.09535956382751465, 0.06955337524414062, 0.1010887622833252, 0.10808253288269043, 0.05487370491027832, 0.10025548934936523, 0.09035491943359375, 0.07058930397033691, 0.10305118560791016, 0.09846949577331543, 0.056905269622802734, 0.10088658332824707, 0.09766721725463867, 0.0563054084777832, 0.10119199752807617, 0.09288501739501953, 0.06157112121582031, 0.09895086288452148, 0.11394286155700684, 0.05579328536987305, 0.10217118263244629, 0.11200761795043945, 0.05498671531677246, 0.10299897193908691, 0.08870434761047363, 0.07004928588867188, 0.10205459594726562, 0.11629152297973633, 0.05426025390625, 0.09503531455993652, 0.08376836776733398, 0.06853199005126953, 0.09986591339111328, 0.11351275444030762, 0.05766129493713379, 0.09913802146911621, 0.08568096160888672, 0.0692129135131836, 0.10080933570861816, 0.10614609718322754, 0.056645870208740234, 0.09348678588867188, 0.08094573020935059, 0.06887173652648926, 0.1012885570526123, 0.1149296760559082, 0.05486702919006348, 0.09088993072509766, 0.08320331573486328, 0.065277099609375, 0.10041093826293945, 0.09959602355957031, 0.05437898635864258, 0.1014413833618164, 0.10470986366271973, 0.06045174598693848, 0.10089588165283203, 0.0925450325012207, 0.06897592544555664, 0.10443854331970215, 0.1134641170501709, 0.05668973922729492, 0.10233616828918457, 0.0875234603881836, 0.06844162940979004, 0.10098624229431152, 0.11690974235534668, 0.05402946472167969, 0.09993720054626465, 0.08345389366149902, 0.06513762474060059, 0.10135197639465332, 0.11161422729492188, 0.05405831336975098, 0.09353256225585938, 0.08609819412231445, 0.06114077568054199, 0.1004176139831543, 0.09468698501586914, 0.06693458557128906, 0.10410380363464355, 0.10774612426757812, 0.05389595031738281, 0.09337806701660156, 0.08333349227905273, 0.06225109100341797, 0.1013033390045166, 0.1095736026763916, 0.056389570236206055, 0.10256099700927734, 0.10254836082458496, 0.052756547927856445, 0.09836506843566895, 0.10120344161987305, 0.0585627555847168, 0.09979438781738281, 0.0909569263458252, 0.06819701194763184, 0.10332441329956055, 0.09831452369689941, 0.05453157424926758, 0.10235404968261719, 0.11786413192749023, 0.05312347412109375, 0.09290385246276855, 0.07728242874145508, 0.0651397705078125, 0.10118865966796875, 0.10286283493041992, 0.053087711334228516, 0.10264134407043457, 0.09517025947570801, 0.06007575988769531, 0.10138344764709473, 0.10159492492675781, 0.05415153503417969, 0.09206938743591309, 0.08302021026611328, 0.06178879737854004, 0.10354089736938477, 0.11526060104370117, 0.05243730545043945, 0.09336066246032715, 0.08533740043640137, 0.06298089027404785, 0.10091519355773926, 0.11633729934692383, 0.05470991134643555, 0.10238242149353027, 0.0968778133392334, 0.06115531921386719, 0.10288739204406738, 0.10114765167236328, 0.05403876304626465, 0.09467554092407227, 0.08490276336669922, 0.0654134750366211, 0.10457444190979004, 0.11804366111755371, 0.053731679916381836, 0.09405708312988281, 0.07989716529846191, 0.06038784980773926, 0.1039896011352539, 0.11877775192260742, 0.0538177490234375, 0.09458303451538086, 0.07789087295532227, 0.06403923034667969, 0.10548925399780273, 0.12133145332336426, 0.05356955528259277, 0.09446430206298828, 0.0850839614868164, 0.06713008880615234, 0.10373210906982422, 0.11659598350524902, 0.0535736083984375, 0.09577560424804688, 0.07406735420227051, 0.06591963768005371, 0.10558795928955078, 0.10623574256896973, 0.053802490234375, 0.09790444374084473, 0.08127212524414062, 0.06236076354980469, 0.1096186637878418, 0.09385108947753906, 0.05742359161376953, 0.10407590866088867, 0.0943748950958252, 0.059798240661621094, 0.10382461547851562, 0.10375642776489258, 0.052504539489746094, 0.09565186500549316, 0.07549023628234863, 0.06199145317077637, 0.10386466979980469, 0.10436773300170898, 0.05777859687805176, 0.0957951545715332, 0.08524084091186523, 0.06309723854064941, 0.10436153411865234, 0.10667800903320312, 0.05320119857788086, 0.09551644325256348, 0.08890414237976074, 0.06487822532653809, 0.10465025901794434, 0.10568356513977051, 0.05325889587402344, 0.09830927848815918, 0.07932376861572266, 0.06061053276062012, 0.10329914093017578, 0.11558055877685547, 0.0537567138671875, 0.0981135368347168, 0.0867760181427002, 0.0632317066192627, 0.1068263053894043, 0.10599088668823242, 0.0519561767578125, 0.10362052917480469, 0.11825752258300781, 0.05228853225708008, 0.09871721267700195, 0.08360671997070312, 0.06281900405883789, 0.10437750816345215, 0.11021208763122559, 0.055371761322021484, 0.10420656204223633, 0.09168553352355957, 0.059834957122802734, 0.10526084899902344, 0.10320425033569336, 0.061646461486816406, 0.10293793678283691, 0.11934900283813477, 0.05333971977233887, 0.10237789154052734, 0.0937354564666748, 0.06398272514343262, 0.1068274974822998, 0.10830354690551758, 0.053154945373535156, 0.10403943061828613, 0.10460329055786133, 0.052613019943237305, 0.10032916069030762, 0.08913040161132812, 0.060131072998046875, 0.10429883003234863, 0.10689640045166016, 0.057282209396362305, 0.10654807090759277, 0.09592366218566895, 0.061387062072753906, 0.10452651977539062, 0.11507725715637207, 0.051473379135131836, 0.09532618522644043, 0.08792781829833984, 0.06125020980834961, 0.10398721694946289, 0.11108040809631348, 0.05275440216064453, 0.09380078315734863, 0.08906078338623047, 0.059413909912109375, 0.10407328605651855, 0.12077736854553223, 0.05144810676574707, 0.10350418090820312, 0.09982490539550781, 0.0525972843170166, 0.1059870719909668, 0.09262228012084961, 0.061672210693359375, 0.10700154304504395, 0.12341165542602539, 0.05348777770996094, 