{"ID": 6, "inference time": [7.572717905044556, 0.10056042671203613, 0.04105401039123535, 0.08771705627441406, 0.07428765296936035, 0.04204201698303223, 0.08781218528747559, 0.0763399600982666, 0.04065656661987305, 0.0885016918182373, 0.07238388061523438, 0.04156947135925293, 0.08846282958984375, 0.07719755172729492, 0.04156041145324707, 0.08805108070373535, 0.07291126251220703, 0.04105114936828613, 0.08882737159729004, 0.07645702362060547, 0.04177355766296387, 0.08866071701049805, 0.07670307159423828, 0.04161548614501953, 0.0881643295288086, 0.0789496898651123, 0.04184913635253906, 0.08777189254760742, 0.07583355903625488, 0.04202723503112793, 0.08863043785095215, 0.07892894744873047, 0.04227185249328613, 0.0890495777130127, 0.07460713386535645, 0.04233217239379883, 0.08842086791992188, 0.07765030860900879, 0.04183602333068848, 0.08937454223632812, 0.07542681694030762, 0.04159116744995117, 0.08793354034423828, 0.07787704467773438, 0.04210996627807617, 0.08845663070678711, 0.08003067970275879, 0.04222750663757324, 0.08883905410766602, 0.0766146183013916, 0.0424652099609375, 0.0880739688873291, 0.08160924911499023, 0.042835235595703125, 0.0880591869354248, 0.08123922348022461, 0.04140901565551758, 0.08792829513549805, 0.0843815803527832, 0.042653560638427734, 0.08818507194519043, 0.08020257949829102, 0.04288625717163086, 0.0880742073059082, 0.08005428314208984, 0.04133319854736328, 0.08864092826843262, 0.0836949348449707, 0.04171013832092285, 0.08737707138061523, 0.08693861961364746, 0.042139291763305664, 0.08690905570983887, 0.08329987525939941, 0.04165911674499512, 0.08692717552185059, 0.08520150184631348, 0.042429447174072266, 0.08690452575683594, 0.0775289535522461, 0.04196977615356445, 0.08824276924133301, 0.08350086212158203, 0.042455196380615234, 0.08623456954956055, 0.08614540100097656, 0.04203033447265625, 0.08597183227539062, 0.08251142501831055, 0.04179191589355469, 0.08531737327575684, 0.08371448516845703, 0.04252219200134277, 0.0863192081451416, 0.08588933944702148, 0.04177212715148926, 0.08626508712768555, 0.08693671226501465, 0.042585134506225586, 0.08586764335632324, 0.08810067176818848, 0.04265189170837402, 0.08552360534667969, 0.09037303924560547, 0.04199671745300293, 0.08634233474731445, 0.08950257301330566, 0.04240703582763672, 0.08478116989135742, 0.07826018333435059, 0.04264068603515625, 0.08546066284179688, 0.08450150489807129, 0.04223895072937012, 0.08535075187683105, 0.0827779769897461, 0.041817665100097656, 0.08642959594726562, 0.0883328914642334, 0.04256868362426758, 0.08954048156738281, 0.08831954002380371, 0.041932106018066406, 0.08680105209350586, 0.08530735969543457, 0.04218411445617676, 0.08636093139648438, 0.08679437637329102, 0.041727542877197266, 0.08595466613769531, 0.09014058113098145, 0.04192399978637695, 0.0865933895111084, 0.08573150634765625, 0.04189920425415039, 0.08603334426879883, 0.08561015129089355, 0.042142391204833984, 0.08886551856994629, 0.09953784942626953, 0.042865753173828125, 0.08587217330932617, 0.08922410011291504, 0.042114973068237305, 0.0860755443572998, 0.0902242660522461, 0.04354119300842285, 0.08596301078796387, 0.08927154541015625, 0.04234194755554199, 0.08660602569580078, 0.09262442588806152, 0.041651010513305664, 0.08736467361450195, 0.09207344055175781, 0.04149365425109863, 0.08651113510131836, 0.0847330093383789, 0.042299509048461914, 0.0889427661895752, 0.08312463760375977, 0.04183459281921387, 0.08861637115478516, 0.08961153030395508, 0.043267250061035156, 0.08696532249450684, 0.08939981460571289, 0.041487693786621094, 0.0863180160522461, 0.08986306190490723, 0.0417628288269043, 0.08755040168762207, 0.0879671573638916, 0.04252147674560547, 0.08625602722167969, 0.09023141860961914, 0.04241037368774414, 0.08522677421569824, 0.09238171577453613, 0.042243003845214844, 0.08547711372375488, 0.08961081504821777, 0.0420536994934082, 0.08536195755004883, 0.09592461585998535, 0.044779300689697266, 0.08491635322570801, 0.08985757827758789, 0.042296648025512695, 0.08533120155334473, 0.09154224395751953, 0.04247689247131348, 0.08679485321044922, 0.08628320693969727, 0.042685508728027344, 0.0855405330657959, 0.09372329711914062, 0.0474545955657959, 0.0858774185180664, 0.1028146743774414, 0.042244672775268555, 0.0851888656616211, 0.09236645698547363, 0.04198098182678223, 0.08411765098571777, 0.1072242259979248, 0.04315638542175293, 0.08515119552612305, 0.0929107666015625, 0.04243755340576172, 0.08385014533996582, 0.09355020523071289, 0.04224991798400879, 0.08350944519042969, 0.09353971481323242, 0.04272127151489258, 0.08476424217224121, 0.09855270385742188, 0.04251503944396973, 0.08650493621826172, 0.10010695457458496, 0.042050838470458984, 0.08436441421508789, 0.09951567649841309, 0.042861223220825195, 0.08346009254455566, 0.09554791450500488, 0.04249382019042969, 0.08351659774780273, 0.09690403938293457, 0.042398691177368164, 0.08432626724243164, 0.09416913986206055, 0.04256844520568848, 0.08368515968322754, 0.09336972236633301, 0.04378175735473633, 0.0834653377532959, 0.09502553939819336, 0.04140734672546387, 0.08382415771484375, 0.09192776679992676, 0.041817426681518555, 0.08474206924438477, 0.0947103500366211, 0.0411686897277832, 0.08431077003479004, 0.0913236141204834, 0.04183673858642578, 0.08386778831481934, 0.0926363468170166, 0.04428291320800781, 0.08321285247802734, 0.09320974349975586, 0.04280376434326172, 0.08397579193115234, 0.09606313705444336, 0.04222536087036133, 0.08361434936523438, 0.09768962860107422, 0.042714595794677734, 0.08306407928466797, 0.09972667694091797, 0.04259681701660156, 0.08370852470397949, 0.09909176826477051, 0.043421030044555664, 0.08398675918579102, 0.0948786735534668, 0.04220008850097656, 0.08526134490966797, 0.09911108016967773, 0.041640520095825195, 0.08307623863220215, 0.09384751319885254, 0.0422062873840332, 0.0823054313659668, 0.09897470474243164, 0.042351484298706055, 0.08291077613830566, 0.09625411033630371, 0.04230952262878418, 0.08295059204101562, 0.0979452133178711, 0.04250049591064453, 0.08540225028991699, 0.09938168525695801, 0.042397499084472656, 0.08248066902160645, 0.09792852401733398, 0.04311561584472656, 0.08285665512084961, 0.10164856910705566, 0.04269146919250488, 0.0824117660522461, 0.09526252746582031, 0.042563438415527344, 0.08291220664978027, 0.10446476936340332, 0.0421748161315918, 0.08258581161499023, 0.10089421272277832, 0.04321026802062988, 0.08199882507324219, 0.09921407699584961, 0.04278421401977539, 0.08217358589172363, 0.09910011291503906, 0.04251503944396973, 0.08223438262939453, 0.09862065315246582, 0.04292654991149902, 0.08264374732971191, 0.10365700721740723, 0.04241466522216797, 0.0838623046875, 0.10033583641052246, 0.04217410087585449, 0.08250284194946289, 0.09224748611450195, 0.04193282127380371, 0.0845787525177002, 0.0999753475189209, 0.04221844673156738, 0.08260011672973633, 0.09780049324035645, 0.04194355010986328, 0.08226466178894043, 0.1046757698059082, 0.042319297790527344, 0.08181953430175781, 0.09382152557373047, 0.04351449012756348, 0.08458614349365234, 0.10138130187988281, 0.04187154769897461, 0.08193397521972656, 0.10283994674682617, 0.04266500473022461, 0.08136463165283203, 0.10135602951049805, 0.041927337646484375, 0.08163213729858398, 0.0991060733795166, 0.04128885269165039, 0.08138775825500488, 0.11163592338562012, 0.042594194412231445, 0.08271193504333496, 0.10164976119995117, 0.04195380210876465, 0.0816805362701416, 0.09920763969421387, 0.041738033294677734, 0.08507800102233887, 0.09599971771240234, 0.042022705078125, 0.08310723304748535, 0.09993672370910645, 0.04196476936340332, 0.08225059509277344, 0.09949612617492676, 0.04240608215332031, 0.08203506469726562, 0.0976266860961914, 0.0415956974029541, 0.0823526382446289, 0.09189629554748535, 0.042795658111572266, 0.08284187316894531, 0.09885120391845703, 0.04267168045043945, 0.0823984146118164, 0.09716129302978516, 0.04298758506774902, 0.0830390453338623, 0.09923601150512695, 0.041982173919677734, 0.08315730094909668, 0.10018014907836914, 