{"ID": 7, "inference time": [11.625965595245361, 0.14870953559875488, 0.1010751724243164, 0.08427000045776367, 0.11078381538391113, 0.10695552825927734, 0.0899965763092041, 0.09203362464904785, 0.10886669158935547, 0.1269991397857666, 0.1224355697631836, 0.11307811737060547, 0.11999678611755371, 0.11450386047363281, 0.10754776000976562, 0.10316944122314453, 0.09404397010803223, 0.09832096099853516, 0.10296440124511719, 0.10580110549926758, 0.09303998947143555, 0.12200784683227539, 0.13071203231811523, 0.1266472339630127, 0.10979127883911133, 0.10009002685546875, 0.09761452674865723, 0.11431169509887695, 0.11279559135437012, 0.09383773803710938, 0.09514474868774414, 0.1212611198425293, 0.11047625541687012, 0.11449694633483887, 0.10494327545166016, 0.10808444023132324, 0.1273336410522461, 0.1267564296722412, 0.12861108779907227, 0.11188149452209473, 0.09833264350891113, 0.09749364852905273, 0.11753058433532715, 0.12193846702575684, 0.12344527244567871, 0.11072349548339844, 0.10041427612304688, 0.10859298706054688, 0.13997864723205566, 0.14020299911499023, 0.12967228889465332, 0.12362289428710938, 0.11823272705078125, 0.09362649917602539, 0.08391070365905762, 0.12313103675842285, 0.11932611465454102, 0.12275457382202148, 0.12191653251647949, 0.10796022415161133, 0.11727023124694824, 0.09831786155700684, 0.08323335647583008, 0.11879730224609375, 0.12057065963745117, 0.12287378311157227, 0.1195070743560791, 0.12578058242797852, 0.12024307250976562, 0.12607598304748535, 0.11786079406738281, 0.11577296257019043, 0.11734962463378906, 0.12090826034545898, 0.11572265625, 0.10276603698730469, 0.0990607738494873, 0.12160539627075195, 0.1328880786895752, 0.1220860481262207, 0.12680315971374512, 0.13287043571472168, 0.12671136856079102, 0.11855959892272949, 0.12305688858032227, 0.12186026573181152, 0.10771822929382324, 0.11746740341186523, 0.12020134925842285, 0.11133146286010742, 0.11833429336547852, 0.11429166793823242, 0.10831618309020996, 0.10062766075134277, 0.09821176528930664, 0.10473489761352539, 0.11507225036621094, 0.11371850967407227, 0.10402441024780273, 0.10083365440368652, 0.10988545417785645, 0.1251685619354248, 0.1293201446533203, 0.12392354011535645, 0.1163947582244873, 0.10315227508544922, 0.12842154502868652, 0.12232041358947754, 0.12920212745666504, 0.11028766632080078, 0.10750627517700195, 0.09647369384765625, 0.10724854469299316, 0.10921049118041992, 0.1008298397064209, 0.12587237358093262, 0.12902283668518066, 0.11682248115539551, 0.09589910507202148, 0.10280513763427734, 0.12552738189697266, 0.13594651222229004, 0.12073397636413574, 0.11710572242736816, 0.11780166625976562, 0.12306380271911621, 0.1123661994934082, 0.11378788948059082, 0.1022486686706543, 0.10333514213562012, 0.11559295654296875, 0.12743687629699707, 0.13309264183044434, 0.11460995674133301, 0.11678123474121094, 0.11510586738586426, 0.12942004203796387, 0.11922621726989746, 0.1152193546295166, 0.11279630661010742, 0.10390663146972656, 0.09697628021240234, 0.11814689636230469, 0.11931920051574707, 0.12141132354736328, 0.11263918876647949, 0.10858702659606934, 0.0946803092956543, 0.11771368980407715, 0.10377287864685059, 0.10368561744689941, 0.09416484832763672, 0.12207698822021484, 0.11936068534851074, 0.13588953018188477, 0.11929941177368164, 0.10873126983642578, 0.09981656074523926, 0.09563374519348145, 0.11646389961242676, 0.13481855392456055, 0.09247660636901855, 0.08261251449584961, 0.12689590454101562, 0.13297462463378906, 0.11661934852600098, 0.11803507804870605, 0.10645675659179688, 0.12861013412475586, 0.12236142158508301, 0.10949492454528809, 0.11270809173583984, 0.11730718612670898, 0.10476326942443848, 0.10097146034240723, 0.13306069374084473, 0.1329798698425293, 0.13059234619140625, 0.11954665184020996, 0.12735295295715332, 0.11836552619934082, 0.1276543140411377, 0.11361360549926758, 0.10694217681884766, 0.13065314292907715, 0.1197364330291748, 0.1055610179901123, 0.08669590950012207, 0.12256646156311035, 0.12331795692443848, 0.11645913124084473, 0.1239323616027832, 0.11560511589050293, 0.1220705509185791, 0.10320544242858887, 0.10465288162231445, 0.12261843681335449, 0.12415552139282227, 0.11523270606994629, 0.09627556800842285, 0.10367465019226074, 0.1112062931060791, 0.1178886890411377, 0.09517669677734375, 0.11258459091186523, 0.11507892608642578, 0.10720443725585938, 0.11909842491149902, 0.11704373359680176, 0.10722088813781738, 0.10607624053955078, 0.09856653213500977, 0.1189429759979248, 0.1222848892211914, 0.12879395484924316, 0.11841702461242676, 0.11658072471618652, 0.12000489234924316, 0.10994076728820801, 0.10567116737365723, 0.10042953491210938, 0.11895442008972168, 0.12025094032287598, 0.10950732231140137, 0.112884521484375, 0.11143660545349121, 0.12373137474060059, 0.10851573944091797, 0.09884524345397949, 0.09112310409545898, 0.10944986343383789, 0.11641573905944824, 0.1003882884979248, 0.10029411315917969, 0.10169076919555664, 0.13120722770690918, 0.11627697944641113, 0.11076617240905762, 0.0991978645324707, 0.10861468315124512, 0.11376070976257324, 0.1036984920501709, 0.11063408851623535, 0.1177372932434082, 0.12598466873168945, 0.11425566673278809, 0.13577914237976074, 0.13722467422485352, 0.11801862716674805, 0.12923765182495117, 0.12151336669921875, 0.11622071266174316, 0.09900403022766113, 0.09152579307556152, 0.11395835876464844, 0.11325263977050781, 0.1186361312866211, 0.10749197006225586, 0.09671783447265625, 0.12128734588623047, 0.11004471778869629, 0.12373852729797363, 0.12656307220458984, 0.11989641189575195, 0.1251366138458252, 0.13521766662597656, 0.12088298797607422, 0.12676262855529785, 0.11771225929260254, 0.09878325462341309, 0.0908975601196289, 0.11632299423217773, 0.11815595626831055, 0.12958335876464844, 0.12336444854736328, 0.12261176109313965, 0.10288095474243164, 0.0953207015991211, 0.10490727424621582, 0.1058509349822998, 0.09852480888366699, 0.09458112716674805, 0.11564135551452637, 0.1063072681427002, 0.09624266624450684, 0.11517548561096191, 0.11461138725280762, 0.10764360427856445, 0.08849978446960449, 0.11826515197753906, 0.1232903003692627, 0.10858917236328125, 0.0987691879272461, 0.12580251693725586, 0.1214742660522461, 0.10182380676269531, 0.09598636627197266, 0.10901689529418945, 0.12266278266906738, 0.11312341690063477, 0.1025080680847168, 0.12362074851989746, 0.12262964248657227, 0.10461997985839844, 0.10055065155029297, 0.11736488342285156, 0.1378791332244873, 0.11608219146728516, 0.11718177795410156, 0.11050653457641602, 0.09417176246643066, 0.10722970962524414, 0.12077641487121582, 0.11874771118164062, 0.10369038581848145, 0.09859013557434082, 0.114532470703125, 0.1225893497467041, 0.11764979362487793, 0.1052405834197998, 0.10370850563049316, 0.10936975479125977, 0.1212320327758789, 0.12119102478027344, 0.11420679092407227, 0.11741924285888672, 0.10143041610717773, 0.08945035934448242, 0.09639263153076172, 0.11596059799194336, 0.1155092716217041, 0.09779644012451172, 0.09776139259338379, 0.11536931991577148, 0.11724138259887695, 0.09958529472351074, 0.10237932205200195, 0.1233663558959961, 0.1174612045288086, 0.1267101764678955, 0.11010169982910156, 0.09702873229980469, 0.09901165962219238, 0.1332385540008545, 0.13543343544006348, 0.13277435302734375, 0.12708091735839844, 0.14006304740905762, 0.1188206672668457, 0.1189117431640625, 0.12553691864013672, 0.1257164478302002, 0.1285390853881836, 0.12309122085571289, 0.12340712547302246, 0.12774872779846191, 0.12240314483642578, 0.1362907886505127, 0.12082505226135254, 0.12273669242858887, 0.11417222023010254, 0.11862969398498535, 0.1069483757019043, 0.08484315872192383, 0.12043118476867676, 0.12299513816833496, 0.10954117774963379, 0.09402585029602051, 0.09601855278015137, 0.11467313766479492, 0.11535334587097168, 0.10634136199951172, 0.09272098541259766, 0.10250282287597656, 0.11213421821594238, 0.12012290954589844, 0.12153434753417969, 0.1057283878326416, 0.1028757095336914, 0.11694788932800293, 0.11082673072814941, 0.11689090728759766, 0.09817385673522949, 