{"ID": 0, "inference time": [7.970466375350952, 0.06040811538696289, 0.04138946533203125, 0.04294919967651367, 0.054195404052734375, 0.08734273910522461, 0.06899356842041016, 0.05604839324951172, 0.03946566581726074, 0.06894803047180176, 0.06250357627868652, 0.039975881576538086, 0.06488251686096191, 0.05663323402404785, 0.04214024543762207, 0.07117486000061035, 0.06342887878417969, 0.04002261161804199, 0.0647733211517334, 0.06803750991821289, 0.04140496253967285, 0.11492657661437988, 0.09877753257751465, 0.06007719039916992, 0.05970406532287598, 0.09699630737304688, 0.06197690963745117, 0.06918859481811523, 0.08831572532653809, 0.06591200828552246, 0.0709688663482666, 0.09397411346435547, 0.1278238296508789, 0.10807561874389648, 0.09039878845214844, 0.08222556114196777, 0.0872042179107666, 0.09595942497253418, 0.09196233749389648, 0.09509968757629395, 0.10994815826416016, 0.08745312690734863, 0.08886051177978516, 0.09145379066467285, 0.08056211471557617, 0.0926213264465332, 0.09508991241455078, 0.07987213134765625, 0.0974125862121582, 0.09892058372497559, 0.07660841941833496, 0.09817886352539062, 0.09076642990112305, 0.0795595645904541, 0.08772540092468262, 0.09152865409851074, 0.07527947425842285, 0.08969640731811523, 0.0994727611541748, 0.06857609748840332, 0.0932149887084961, 0.110382080078125, 0.0762324333190918, 0.08535003662109375, 0.09718489646911621, 0.06843972206115723, 0.08303594589233398, 0.1136176586151123, 0.08893537521362305, 0.09310603141784668, 0.09670305252075195, 0.0765531063079834, 0.09261894226074219, 0.10099482536315918, 0.0765380859375, 0.09254741668701172, 0.1016685962677002, 0.06332850456237793, 0.09410715103149414, 0.10052895545959473, 0.07155585289001465, 0.09235644340515137, 0.0968327522277832, 0.07348227500915527, 0.09398579597473145, 0.10260438919067383, 0.07099461555480957, 0.0837562084197998, 0.09782814979553223, 0.07893610000610352, 0.09524130821228027, 0.1161031723022461, 0.06921815872192383, 0.09468865394592285, 0.1024940013885498, 0.06594491004943848, 0.09534716606140137, 0.10107183456420898, 0.07399439811706543, 0.09411430358886719, 0.11405158042907715, 0.06038689613342285, 0.09598731994628906, 0.10047554969787598, 0.0623931884765625, 0.09530901908874512, 0.09920430183410645, 0.0661306381225586, 0.09977889060974121, 0.12156963348388672, 0.0652313232421875, 0.09805750846862793, 0.11574959754943848, 0.06889772415161133, 0.09802961349487305, 0.11152219772338867, 0.05669665336608887, 0.09852123260498047, 0.11453127861022949, 0.060492515563964844, 0.09244656562805176, 0.1070702075958252, 0.06553959846496582, 0.09303069114685059, 0.1137704849243164, 0.057138919830322266, 0.09810185432434082, 0.10795474052429199, 0.05793642997741699, 0.09811949729919434, 0.11389493942260742, 0.07304859161376953, 0.09824967384338379, 0.11699581146240234, 0.05808854103088379, 0.09873008728027344, 0.11245036125183105, 0.06270170211791992, 0.09704971313476562, 0.11070752143859863, 0.05661654472351074, 0.0991220474243164, 0.11259174346923828, 0.06450533866882324, 0.0976572036743164, 0.11234641075134277, 0.05850362777709961, 0.09552407264709473, 0.11075973510742188, 0.06055021286010742, 0.09787726402282715, 0.11233854293823242, 0.05794382095336914, 0.09857678413391113, 0.11032915115356445, 0.05657458305358887, 0.0990898609161377, 0.11205649375915527, 0.05882120132446289, 0.09246134757995605, 0.11487817764282227, 0.05848979949951172, 0.09904813766479492, 0.1108086109161377, 0.060785770416259766, 0.09435868263244629, 0.1125345230102539, 0.05416607856750488, 0.09915423393249512, 0.11151790618896484, 0.06113123893737793, 0.09297561645507812, 0.11379361152648926, 0.0613405704498291, 0.09529280662536621, 0.11046624183654785, 0.059790849685668945, 0.09775662422180176, 0.11729907989501953, 0.06696581840515137, 0.10086655616760254, 0.12297749519348145, 0.05676126480102539, 0.10495376586914062, 0.11759710311889648, 0.06474518775939941, 0.08749580383300781, 0.10954499244689941, 0.07613825798034668, 0.09741997718811035, 0.12178587913513184, 0.07486510276794434, 0.0993356704711914, 0.11110401153564453, 0.05698418617248535, 0.09100174903869629, 0.10796713829040527, 0.08162999153137207, 0.09541630744934082, 0.1152486801147461, 0.07909059524536133, 0.08516550064086914, 0.11088824272155762, 0.07855892181396484, 0.09905409812927246, 0.10751152038574219, 0.08098053932189941, 0.10820579528808594, 0.09476327896118164, 0.08107352256774902, 0.09275937080383301, 0.09195661544799805, 0.06987643241882324, 0.09984850883483887, 0.09501385688781738, 0.0812218189239502, 0.10754275321960449, 0.08860945701599121, 0.08084917068481445, 0.08595800399780273, 0.09459352493286133, 0.09438347816467285, 0.09690713882446289, 0.10614490509033203, 0.0736391544342041, 0.10230159759521484, 0.11174535751342773, 0.06882786750793457, 0.09963059425354004, 0.11314892768859863, 0.06680870056152344, 0.10135984420776367, 0.11608147621154785, 0.06628203392028809, 0.10050821304321289, 0.10979866981506348, 0.05704784393310547, 0.10032916069030762, 0.10969138145446777, 0.05984783172607422, 0.09532856941223145, 0.1221926212310791, 0.059043169021606445, 0.09958028793334961, 0.10984015464782715, 0.05761098861694336, 0.09188437461853027, 0.11009693145751953, 0.0596919059753418, 0.09972071647644043, 0.11253070831298828, 0.061177968978881836, 0.09161758422851562, 0.10895895957946777, 0.05677628517150879, 0.09850883483886719, 0.11278581619262695, 0.061955928802490234, 0.09973382949829102, 0.10961246490478516, 0.05802321434020996, 0.09208846092224121, 0.10978436470031738, 0.05908679962158203, 0.09639930725097656, 0.11626505851745605, 0.057374000549316406, 0.08990311622619629, 0.1065521240234375, 0.052700042724609375, 0.09810495376586914, 0.11623620986938477, 0.06162619590759277, 0.09360480308532715, 0.10851097106933594, 0.06318807601928711, 0.09850192070007324, 0.1096045970916748, 0.06270456314086914, 0.08973121643066406, 0.11153435707092285, 0.06299519538879395, 0.09258675575256348, 0.11173820495605469, 0.06438565254211426, 0.08774614334106445, 0.1100165843963623, 0.05862736701965332, 0.08972859382629395, 0.10752463340759277, 0.06253194808959961, 0.09025192260742188, 0.10678267478942871, 0.060875892639160156, 0.09235191345214844, 0.10777425765991211, 0.0716409683227539, 0.09755635261535645, 0.11043095588684082, 0.04555773735046387, 0.09662914276123047, 0.10946178436279297, 0.06265878677368164, 0.09490323066711426, 0.11114120483398438, 0.05917048454284668, 0.09301233291625977, 0.11285710334777832, 0.06139802932739258, 0.08972525596618652, 0.10955238342285156, 0.06259036064147949, 0.09015321731567383, 0.1069498062133789, 0.05206918716430664, 0.0975191593170166, 0.11166501045227051, 0.054436683654785156, 0.10269308090209961, 0.11337518692016602, 0.06310820579528809, 0.09401559829711914, 0.11427474021911621, 0.07048845291137695, 0.10074949264526367, 0.11949515342712402, 0.06455755233764648, 0.09836483001708984, 0.11806774139404297, 0.06637287139892578, 0.09903264045715332, 0.1178898811340332, 0.07370543479919434, 0.10207247734069824, 0.11343979835510254, 0.05760073661804199, 0.10296082496643066, 0.1142129898071289, 0.07053923606872559, 0.1017153263092041, 0.11669349670410156, 0.07071065902709961, 0.10104680061340332, 0.1211240291595459, 0.04646563529968262, 0.10107660293579102, 0.11410689353942871, 0.06655335426330566, 0.10180306434631348, 0.11353611946105957, 0.0758509635925293, 0.09781837463378906, 0.1084597110748291, 0.06082773208618164, 0.09345054626464844, 0.10782623291015625, 0.05333399772644043, 0.08605265617370605, 0.10170650482177734, 0.06856298446655273, 0.09358930587768555, 0.1049504280090332, 0.0615239143371582, 0.08975386619567871, 0.10263967514038086, 0.04758048057556152, 0.09481501579284668, 0.11060881614685059, 0.057848215103149414, 0.10140824317932129, 0.11526370048522949, 0.06905817985534668, 0.09896063804626465, 0.1097869873046875, 0.06703853607177734, 0.10031795501708984, 0.10979914665222168, 0.07460403442382812, 0.10260915756225586, 0.11118674278259277, 0.07146668434143066, 