{"ID": 6, "inference time": [9.985219955444336, 0.07373523712158203, 0.03937673568725586, 0.09901285171508789, 0.039449214935302734, 0.043233394622802734, 0.09729743003845215, 0.03812384605407715, 0.04355740547180176, 0.0978550910949707, 0.03942108154296875, 0.04230809211730957, 0.09777998924255371, 0.03847932815551758, 0.04187321662902832, 0.09626936912536621, 0.039154767990112305, 0.10753417015075684, 0.09558296203613281, 0.03910636901855469, 0.037255048751831055, 0.09726762771606445, 0.03858137130737305, 0.03768134117126465, 0.09688091278076172, 0.038016557693481445, 0.04075169563293457, 0.12770915031433105, 0.1104731559753418, 0.05621814727783203, 0.11607766151428223, 0.0568394660949707, 0.06099557876586914, 0.11145496368408203, 0.05563044548034668, 0.039659976959228516, 0.1158900260925293, 0.05898118019104004, 0.042990684509277344, 0.11986756324768066, 0.05939602851867676, 0.04784846305847168, 0.11184954643249512, 0.04862213134765625, 0.05599069595336914, 0.09966564178466797, 0.05392646789550781, 0.04187345504760742, 0.11646795272827148, 0.05556893348693848, 0.04624533653259277, 0.11792969703674316, 0.059037208557128906, 0.04422330856323242, 0.11615204811096191, 0.0550081729888916, 0.04368758201599121, 0.11539506912231445, 0.05417275428771973, 0.05030536651611328, 0.11685585975646973, 0.05435371398925781, 0.0503389835357666, 0.11772418022155762, 0.05591177940368652, 0.04397106170654297, 0.11700129508972168, 0.05791068077087402, 0.04291534423828125, 0.11672163009643555, 0.059670448303222656, 0.040076255798339844, 0.11982226371765137, 0.05789327621459961, 0.0438685417175293, 0.11812162399291992, 0.053766727447509766, 0.04670882225036621, 0.1160581111907959, 0.05650687217712402, 0.04519796371459961, 0.11626434326171875, 0.05936264991760254, 0.04883551597595215, 0.11623883247375488, 0.06043410301208496, 0.047820091247558594, 0.11767172813415527, 0.058062076568603516, 0.05038166046142578, 0.11178469657897949, 0.060446977615356445, 0.05283021926879883, 0.11613035202026367, 0.05850958824157715, 0.05154132843017578, 0.11623263359069824, 0.05898642539978027, 0.048548221588134766, 0.11698484420776367, 0.05860185623168945, 0.04376816749572754, 0.11514472961425781, 0.059583187103271484, 0.04208040237426758, 0.11760926246643066, 0.057170867919921875, 0.04443192481994629, 0.1141963005065918, 0.05685114860534668, 0.046347856521606445, 0.11685419082641602, 0.058911800384521484, 0.038606882095336914, 0.11432671546936035, 0.059310197830200195, 0.04348254203796387, 0.11474299430847168, 0.05617952346801758, 0.053993940353393555, 0.10508298873901367, 0.04696178436279297, 0.04082655906677246, 0.11474227905273438, 0.05623984336853027, 0.053284406661987305, 0.10109949111938477, 0.03656792640686035, 0.048915863037109375, 0.11353302001953125, 0.05517387390136719, 0.05001330375671387, 0.10563111305236816, 0.05742907524108887, 0.042550086975097656, 0.11406850814819336, 0.05648231506347656, 0.042609453201293945, 0.11289453506469727, 0.052842140197753906, 0.04270601272583008, 0.11438345909118652, 0.05454373359680176, 0.0377955436706543, 0.11238217353820801, 0.0515131950378418, 0.04501223564147949, 0.11390113830566406, 0.06313967704772949, 0.046250104904174805, 0.11410927772521973, 0.05901288986206055, 0.040968894958496094, 0.11443090438842773, 0.05615234375, 0.03911614418029785, 0.11374878883361816, 0.05894112586975098, 0.0413668155670166, 0.11195993423461914, 0.06240367889404297, 0.045444488525390625, 0.11246085166931152, 0.06062650680541992, 0.04501223564147949, 0.1112973690032959, 0.05443716049194336, 0.037946224212646484, 0.11082029342651367, 0.05673933029174805, 0.046933889389038086, 0.11208248138427734, 0.05354928970336914, 0.03790760040283203, 0.11132025718688965, 0.05242300033569336, 0.052231550216674805, 0.10822939872741699, 0.05226612091064453, 0.037380218505859375, 0.11147499084472656, 0.06064486503601074, 0.045626163482666016, 0.11124634742736816, 0.0570828914642334, 0.038765907287597656, 0.11100649833679199, 0.051042795181274414, 0.04111623764038086, 0.11088943481445312, 0.05313849449157715, 0.03998732566833496, 0.11001849174499512, 0.05186867713928223, 0.04505515098571777, 0.10898351669311523, 0.046022891998291016, 0.04987454414367676, 0.10853838920593262, 0.05005049705505371, 0.0483551025390625, 0.11078834533691406, 0.05577993392944336, 0.041619300842285156, 0.11077332496643066, 0.06053471565246582, 0.04244041442871094, 0.11044168472290039, 0.052010297775268555, 0.03832387924194336, 0.1097264289855957, 0.048758506774902344, 0.05339980125427246, 0.10096168518066406, 0.03845024108886719, 0.05807900428771973, 0.10020256042480469, 0.04900622367858887, 0.059029340744018555, 0.09329891204833984, 0.054054975509643555, 0.039559125900268555, 0.10800695419311523, 0.043540239334106445, 0.05005693435668945, 0.10940384864807129, 0.04341530799865723, 0.06369519233703613, 0.09668254852294922, 0.03835868835449219, 0.055121421813964844, 0.10059237480163574, 0.04349017143249512, 0.05674386024475098, 0.10658812522888184, 0.0431673526763916, 0.05459475517272949, 0.10825657844543457, 0.04453635215759277, 0.06056356430053711, 0.0948333740234375, 0.037549734115600586, 0.0631399154663086, 0.08712220191955566, 0.053285837173461914, 0.03785061836242676, 0.10762667655944824, 0.04796886444091797, 0.057370901107788086, 0.1055152416229248, 0.043483734130859375, 0.059949398040771484, 0.09669661521911621, 0.03658699989318848, 0.0479283332824707, 0.10423803329467773, 0.043904781341552734, 0.046314239501953125, 0.10579633712768555, 0.04548764228820801, 0.049733877182006836, 0.10704541206359863, 0.04223799705505371, 0.03804159164428711, 0.10662460327148438, 0.043796539306640625, 0.03794670104980469, 0.1063082218170166, 0.042199134826660156, 0.03665566444396973, 0.1060020923614502, 0.045892953872680664, 0.05849266052246094, 0.10622048377990723, 0.044439077377319336, 0.051003217697143555, 0.1057901382446289, 0.04318523406982422, 0.052582502365112305, 0.09857463836669922, 0.043480634689331055, 0.05407977104187012, 0.10440182685852051, 0.04433393478393555, 0.04621529579162598, 0.10471582412719727, 0.041547536849975586, 0.05404257774353027, 0.10403585433959961, 0.04188275337219238, 0.05668497085571289, 0.09688544273376465, 0.042020320892333984, 0.053957462310791016, 0.09334850311279297, 0.03678083419799805, 0.05271458625793457, 0.09256291389465332, 0.047156572341918945, 0.04508352279663086, 0.1018533706665039, 0.04333925247192383, 0.04696536064147949, 0.10469532012939453, 0.046025753021240234, 0.04558682441711426, 0.10363340377807617, 0.04273629188537598, 0.052861690521240234, 0.1029825210571289, 0.04259014129638672, 0.05316638946533203, 0.10031676292419434, 0.04141998291015625, 0.05325508117675781, 0.09927105903625488, 0.04146385192871094, 0.050591230392456055, 0.10215520858764648, 0.041190385818481445, 0.06136441230773926, 0.08960628509521484, 0.037526845932006836, 0.06020236015319824, 0.0844266414642334, 0.05070853233337402, 0.04860877990722656, 0.0993201732635498, 0.037741661071777344, 0.0534510612487793, 0.10126829147338867, 0.04178428649902344, 0.053366661071777344, 0.09914135932922363, 0.041239261627197266, 0.053920745849609375, 0.09959197044372559, 0.04231381416320801, 0.05279064178466797, 0.0997152328491211, 0.04148697853088379, 0.05881500244140625, 0.09197378158569336, 0.03692340850830078, 0.05308270454406738, 0.10014033317565918, 0.03844785690307617, 0.05395030975341797, 0.10076451301574707, 0.04203534126281738, 0.055060625076293945, 0.10066413879394531, 0.04121255874633789, 0.05834817886352539, 0.08574390411376953, 0.048230886459350586, 0.04148983955383301, 0.10047554969787598, 0.03919696807861328, 0.05987095832824707, 0.08859777450561523, 0.036832332611083984, 0.0590517520904541, 0.08943390846252441, 0.04152250289916992, 0.058992624282836914, 0.09317636489868164, 0.03690218925476074, 0.056014060974121094, 0.09170055389404297, 0.036665916442871094, 0.05726957321166992, 0.08621835708618164, 0.03654742240905762, 0.04133796691894531, 0.0982048511505127, 0.04170870780944824, 