{"ID": 6, "inference time": [17.442492723464966, 0.2471482753753662, 0.20035457611083984, 0.1871013641357422, 0.20586371421813965, 0.12507176399230957, 0.1739792823791504, 0.18448758125305176, 0.12319016456604004, 0.1876983642578125, 0.19252324104309082, 0.11733031272888184, 0.1908261775970459, 0.19149017333984375, 0.1258862018585205, 0.1883835792541504, 0.193922758102417, 0.1304612159729004, 0.1759507656097412, 0.17884397506713867, 0.12312674522399902, 0.187591552734375, 0.18357372283935547, 0.12052130699157715, 0.18555998802185059, 0.17956876754760742, 0.12470817565917969, 0.18471360206604004, 0.18407559394836426, 0.12158536911010742, 0.18635010719299316, 0.18944144248962402, 0.12481904029846191, 0.18680381774902344, 0.18073630332946777, 0.12541770935058594, 0.18514084815979004, 0.18456625938415527, 0.12544727325439453, 0.18703007698059082, 0.18677973747253418, 0.12114357948303223, 0.18809771537780762, 0.17831969261169434, 0.12476444244384766, 0.19607877731323242, 0.189361572265625, 0.1206057071685791, 0.19119668006896973, 0.18178725242614746, 0.12164783477783203, 0.18637704849243164, 0.18452143669128418, 0.12201976776123047, 0.18781447410583496, 0.17779803276062012, 0.12542390823364258, 0.18811702728271484, 0.18629670143127441, 0.12355375289916992, 0.18714022636413574, 0.1866316795349121, 0.12314701080322266, 0.18636870384216309, 0.19142627716064453, 0.12394046783447266, 0.18649935722351074, 0.18812322616577148, 0.1258101463317871, 0.19501256942749023, 0.19205784797668457, 0.12111735343933105, 0.18923687934875488, 0.18011903762817383, 0.12285351753234863, 0.18975186347961426, 0.1848132610321045, 0.12518525123596191, 0.192366361618042, 0.18476605415344238, 0.12422800064086914, 0.18906497955322266, 0.19397354125976562, 0.1236269474029541, 0.18898963928222656, 0.18908286094665527, 0.1252284049987793, 0.18927979469299316, 0.18485021591186523, 0.12479090690612793, 0.18981075286865234, 0.18883514404296875, 0.13374805450439453, 0.188737154006958, 0.19304490089416504, 0.1384437084197998, 0.19936585426330566, 0.200974702835083, 0.12903618812561035, 0.1896650791168213, 0.1829066276550293, 0.1537003517150879, 0.19107580184936523, 0.18954873085021973, 0.141188383102417, 0.1892096996307373, 0.19602108001708984, 0.12902522087097168, 0.1922163963317871, 0.1895596981048584, 0.13097715377807617, 0.19103407859802246, 0.18418335914611816, 0.12596726417541504, 0.19368529319763184, 0.18747186660766602, 0.12585234642028809, 0.19043612480163574, 0.18615508079528809, 0.12431764602661133, 0.19110822677612305, 0.18243050575256348, 0.12596750259399414, 0.18921279907226562, 0.19002318382263184, 0.12323641777038574, 0.19060611724853516, 0.18558979034423828, 0.1275632381439209, 0.1933281421661377, 0.19329023361206055, 0.12552690505981445, 0.18995165824890137, 0.19900226593017578, 0.12563467025756836, 0.18733501434326172, 0.2068157196044922, 0.1250319480895996, 0.18967056274414062, 0.18204784393310547, 0.12581753730773926, 0.19449114799499512, 0.17420315742492676, 0.12425994873046875, 0.19250750541687012, 0.19102883338928223, 0.12567400932312012, 0.1896357536315918, 0.19643068313598633, 0.12528586387634277, 0.18947458267211914, 0.19056177139282227, 0.12424325942993164, 0.19088411331176758, 0.18162846565246582, 0.12373781204223633, 0.18851852416992188, 0.18768310546875, 0.12500572204589844, 0.18901515007019043, 0.1823430061340332, 0.12305331230163574, 0.19077229499816895, 0.18886351585388184, 0.12632966041564941, 0.19174575805664062, 0.18952107429504395, 0.12639665603637695, 0.1913597583770752, 0.18561196327209473, 0.12644243240356445, 0.18788838386535645, 0.1823253631591797, 0.1267073154449463, 0.19331598281860352, 0.18395066261291504, 0.1252896785736084, 0.19009947776794434, 0.18137145042419434, 0.12668490409851074, 0.1918940544128418, 0.1857738494873047, 0.1254134178161621, 0.19016671180725098, 0.19220328330993652, 0.12780380249023438, 0.1859433650970459, 0.18364286422729492, 0.1294407844543457, 0.17543721199035645, 0.17762184143066406, 0.13890814781188965, 0.17985773086547852, 0.18275189399719238, 0.130357027053833, 0.1927633285522461, 0.18512177467346191, 0.12701869010925293, 0.19142580032348633, 0.18359065055847168, 0.1285400390625, 0.18262529373168945, 0.18277621269226074, 0.12465405464172363, 0.18735408782958984, 0.19921064376831055, 0.12728643417358398, 0.19350886344909668, 0.19501543045043945, 0.12880396842956543, 0.19224810600280762, 0.1859416961669922, 0.12754106521606445, 0.1826786994934082, 0.17597079277038574, 0.1318070888519287, 0.17522907257080078, 0.14882540702819824, 0.1291794776916504, 0.19312334060668945, 0.18062520027160645, 0.12766718864440918, 0.20015597343444824, 0.1868305206298828, 0.14106178283691406, 0.18583250045776367, 0.17844033241271973, 0.1283106803894043, 0.18276190757751465, 0.1910247802734375, 0.1288011074066162, 0.1934671401977539, 0.18442416191101074, 0.12746000289916992, 0.19644641876220703, 0.18432092666625977, 0.1300492286682129, 0.19115543365478516, 0.18663883209228516, 0.13019943237304688, 0.19380640983581543, 0.1849684715270996, 0.13411164283752441, 0.19410467147827148, 0.1857285499572754, 0.128448486328125, 0.19678330421447754, 0.18903136253356934, 0.12755584716796875, 0.19410347938537598, 0.1869518756866455, 0.13085365295410156, 0.18666291236877441, 0.18504023551940918, 0.12928318977355957, 0.19531035423278809, 0.18520045280456543, 0.12940621376037598, 0.19424748420715332, 0.18491411209106445, 0.131791353225708, 0.19444823265075684, 0.17976880073547363, 0.12974929809570312, 0.18878865242004395, 0.18883061408996582, 0.1329059600830078, 0.19198131561279297, 0.18417811393737793, 0.12938356399536133, 0.17800092697143555, 0.1747128963470459, 0.12637615203857422, 0.1983487606048584, 0.1838700771331787, 0.1289517879486084, 0.19720792770385742, 0.17988967895507812, 0.1300501823425293, 0.19602584838867188, 0.18214035034179688, 0.13040494918823242, 0.19559049606323242, 0.17383885383605957, 0.13027644157409668, 0.19178223609924316, 0.18461918830871582, 0.12923312187194824, 0.18970322608947754, 0.18335652351379395, 0.130415678024292, 0.1944878101348877, 0.18627429008483887, 0.13170838356018066, 0.18885254859924316, 0.17566251754760742, 0.13053345680236816, 0.181321382522583, 0.15500569343566895, 0.12981152534484863, 0.19554924964904785, 0.1826937198638916, 0.12748265266418457, 0.19414830207824707, 0.18332982063293457, 0.12675905227661133, 0.19123482704162598, 0.181196928024292, 0.13151907920837402, 0.19194674491882324, 0.18435359001159668, 0.1296534538269043, 0.19648289680480957, 0.19288110733032227, 0.12889981269836426, 0.1878194808959961, 0.19241023063659668, 0.12822866439819336, 0.1930370330810547, 0.18102359771728516, 0.1295795440673828, 0.19429230690002441, 0.17795896530151367, 0.12665534019470215, 0.19724106788635254, 0.16552329063415527, 0.1329028606414795, 0.18566012382507324, 0.17956280708312988, 0.12213325500488281, 0.1986217498779297, 0.18457913398742676, 0.13269615173339844, 0.19312524795532227, 0.1901416778564453, 0.13211965560913086, 0.18562722206115723, 0.18773460388183594, 0.1289839744567871, 0.1904752254486084, 0.19176149368286133, 0.13147687911987305, 0.18186378479003906, 0.18419957160949707, 0.13025546073913574, 0.18700671195983887, 0.18531465530395508, 0.13277316093444824, 0.1894819736480713, 0.17760229110717773, 0.13403105735778809, 0.19666719436645508, 0.1953279972076416, 0.12932705879211426, 0.19792628288269043, 0.18291020393371582, 0.1299276351928711, 0.18996000289916992, 0.18737244606018066, 0.13115239143371582, 0.17839336395263672, 0.16187214851379395, 0.1311337947845459, 0.19584941864013672, 0.18810153007507324, 0.1340930461883545, 0.19095611572265625, 0.17383837699890137, 0.1322345733642578, 0.19695234298706055, 0.17795777320861816, 0.12943029403686523, 0.1934342384338379, 0.17345190048217773, 0.13011598587036133, 0.1974785327911377, 0.1717061996459961, 0.13005328178405762, 0.18781232833862305, 0.18090009689331055, 0.12981939315795898, 0.19463038444519043, 0.1846020221710205, 0.12926149368286133, 