{"ID": 2, "inference time": [14.512009143829346, 0.15145063400268555, 0.11279296875, 0.10654044151306152, 0.13941574096679688, 0.10747933387756348, 0.11757373809814453, 0.1331346035003662, 0.11601710319519043, 0.12528777122497559, 0.13944005966186523, 0.23086762428283691, 0.15852737426757812, 0.15721678733825684, 0.12821054458618164, 0.14101862907409668, 0.14104485511779785, 0.13934946060180664, 0.1531050205230713, 0.1480085849761963, 0.13130760192871094, 0.14117646217346191, 0.14118218421936035, 0.1227116584777832, 0.14965105056762695, 0.1435861587524414, 0.12254214286804199, 0.15306925773620605, 0.15805768966674805, 0.12426161766052246, 0.1522529125213623, 0.14880156517028809, 0.11533284187316895, 0.14597511291503906, 0.13767313957214355, 0.11279082298278809, 0.1423780918121338, 0.16002702713012695, 0.12543821334838867, 0.15137934684753418, 0.17286443710327148, 0.1311814785003662, 0.14864850044250488, 0.16963410377502441, 0.11996245384216309, 0.13892745971679688, 0.17313623428344727, 0.12577414512634277, 0.14435601234436035, 0.1531825065612793, 0.10565972328186035, 0.14722394943237305, 0.15799617767333984, 0.11465215682983398, 0.15127968788146973, 0.16149425506591797, 0.11931371688842773, 0.1474151611328125, 0.15871930122375488, 0.11759781837463379, 0.1461780071258545, 0.14715337753295898, 0.10661530494689941, 0.14687323570251465, 0.16087651252746582, 0.11245894432067871, 0.1413278579711914, 0.1562819480895996, 0.1353917121887207, 0.15380167961120605, 0.16497564315795898, 0.10970640182495117, 0.15055441856384277, 0.16391491889953613, 0.1274094581604004, 0.15391206741333008, 0.16103243827819824, 0.10486555099487305, 0.15016889572143555, 0.16885733604431152, 0.11267733573913574, 0.15085959434509277, 0.164351224899292, 0.10134649276733398, 0.15491986274719238, 0.16751575469970703, 0.10679459571838379, 0.15343689918518066, 0.17225408554077148, 0.12695670127868652, 0.16094589233398438, 0.16268134117126465, 0.11660146713256836, 0.15613079071044922, 0.16727375984191895, 0.10142135620117188, 0.15213823318481445, 0.1715106964111328, 0.1123201847076416, 0.1496286392211914, 0.1659080982208252, 0.11371541023254395, 0.14954900741577148, 0.17310619354248047, 0.11158466339111328, 0.16174578666687012, 0.16791439056396484, 0.10506772994995117, 0.15607023239135742, 0.17711782455444336, 0.1184237003326416, 0.1618802547454834, 0.1591038703918457, 0.1115560531616211, 0.15456271171569824, 0.17134594917297363, 0.1160130500793457, 0.15453553199768066, 0.1728343963623047, 0.10846066474914551, 0.15580034255981445, 0.17144775390625, 0.12288928031921387, 0.15991592407226562, 0.16951870918273926, 0.11452889442443848, 0.15711760520935059, 0.17272210121154785, 0.12154436111450195, 0.15651750564575195, 0.17385625839233398, 0.12364077568054199, 0.15857768058776855, 0.17467355728149414, 0.10799932479858398, 0.1592261791229248, 0.17604851722717285, 0.10263299942016602, 0.14661240577697754, 0.17343640327453613, 0.11505603790283203, 0.15449857711791992, 0.16944050788879395, 0.12117600440979004, 0.1465163230895996, 0.17417645454406738, 0.11075854301452637, 0.1487739086151123, 0.1736280918121338, 0.11905121803283691, 0.15046072006225586, 0.1711888313293457, 0.12363171577453613, 0.1553187370300293, 0.17471694946289062, 0.10919642448425293, 0.14721202850341797, 0.1796581745147705, 0.12325024604797363, 0.1562495231628418, 0.1765882968902588, 0.10445833206176758, 0.15801143646240234, 0.17916083335876465, 0.13585424423217773, 0.13940668106079102, 0.16948366165161133, 0.10866189002990723, 0.1543734073638916, 0.1764969825744629, 0.10810351371765137, 0.16298413276672363, 0.1765305995941162, 0.1284928321838379, 0.14538812637329102, 0.17033672332763672, 0.12917017936706543, 0.14869260787963867, 0.16936182975769043, 0.13453435897827148, 0.1487259864807129, 0.1602013111114502, 0.1481931209564209, 0.15791654586791992, 0.16770577430725098, 0.14411139488220215, 0.17209839820861816, 0.11194872856140137, 0.1441175937652588, 0.16486215591430664, 0.13462471961975098, 0.1420753002166748, 0.16284894943237305, 0.1484055519104004, 0.1269369125366211, 0.16625356674194336, 0.16686224937438965, 0.1253972053527832, 0.15600800514221191, 0.16493535041809082, 0.14191198348999023, 0.1633613109588623, 0.16264009475708008, 0.10659933090209961, 0.16015863418579102, 0.17189598083496094, 0.10902547836303711, 0.15641474723815918, 0.17345929145812988, 0.10150027275085449, 0.16246438026428223, 0.17855501174926758, 0.12325692176818848, 0.1595315933227539, 0.17346715927124023, 0.12046647071838379, 0.1637125015258789, 0.17115259170532227, 0.12208223342895508, 0.15212678909301758, 0.1830732822418213, 0.11633825302124023, 0.15311002731323242, 0.17818665504455566, 0.1191549301147461, 0.15458893775939941, 0.1757955551147461, 0.11608242988586426, 0.15678882598876953, 0.1784648895263672, 0.12994909286499023, 0.1513655185699463, 0.17342114448547363, 0.11363506317138672, 0.15096116065979004, 0.1794421672821045, 0.11499404907226562, 0.15685272216796875, 0.1736605167388916, 0.12550783157348633, 0.1493058204650879, 0.17602133750915527, 0.11767435073852539, 0.15108871459960938, 0.17410683631896973, 0.11614084243774414, 0.1433887481689453, 0.1736159324645996, 0.11104178428649902, 0.15307903289794922, 0.17841124534606934, 0.13315606117248535, 0.14257168769836426, 0.17755389213562012, 0.12519025802612305, 0.16177940368652344, 0.1822965145111084, 0.13155841827392578, 0.14510679244995117, 0.18155455589294434, 0.13085699081420898, 0.1548445224761963, 0.17713403701782227, 0.1320967674255371, 0.14156222343444824, 0.17621636390686035, 0.1169278621673584, 0.14480066299438477, 0.17203044891357422, 0.1264665126800537, 0.13980746269226074, 0.17572236061096191, 0.1242525577545166, 0.14325833320617676, 0.17701148986816406, 0.12382769584655762, 0.1563706398010254, 0.173095703125, 0.10862541198730469, 0.15425777435302734, 0.17410063743591309, 0.12526965141296387, 0.1448056697845459, 0.16899490356445312, 0.11883234977722168, 0.14794707298278809, 0.17865395545959473, 0.12455916404724121, 0.15334248542785645, 0.1638493537902832, 0.11155176162719727, 0.14124035835266113, 0.17070889472961426, 0.12289047241210938, 0.14991235733032227, 0.17919301986694336, 0.11320638656616211, 0.15711021423339844, 0.17722558975219727, 0.11558747291564941, 0.15341973304748535, 0.17267322540283203, 0.11278033256530762, 0.15651440620422363, 0.17513513565063477, 0.12018942832946777, 0.15484905242919922, 0.1741175651550293, 0.11847329139709473, 0.15398240089416504, 0.16565656661987305, 0.10086727142333984, 0.15535593032836914, 0.1694962978363037, 0.10978269577026367, 0.15505170822143555, 0.17417144775390625, 0.11465787887573242, 0.15908026695251465, 0.16741228103637695, 0.11878180503845215, 0.15561270713806152, 0.17664742469787598, 0.11606931686401367, 0.15983891487121582, 0.1721494197845459, 0.11302566528320312, 0.15988826751708984, 0.16660451889038086, 0.11108088493347168, 0.1541614532470703, 0.16244244575500488, 0.1160120964050293, 0.14887547492980957, 0.16515064239501953, 0.12293434143066406, 0.14903903007507324, 0.17689061164855957, 0.14049768447875977, 0.15779709815979004, 0.1594405174255371, 0.1298215389251709, 0.1532881259918213, 0.1577768325805664, 0.12059283256530762, 0.1514732837677002, 0.16756772994995117, 0.11433100700378418, 0.16394758224487305, 0.17182588577270508, 0.11528849601745605, 0.15544939041137695, 0.162642240524292, 0.11898660659790039, 0.1517491340637207, 0.16300725936889648, 0.10857319831848145, 0.16228914260864258, 0.15591788291931152, 0.11849856376647949, 0.14915060997009277, 0.1586284637451172, 0.12014198303222656, 0.15109944343566895, 0.16328072547912598, 0.12302780151367188, 0.15227365493774414, 0.16383051872253418, 0.11807584762573242, 0.16097545623779297, 0.1607379913330078, 0.11044168472290039, 0.16060829162597656, 0.1576993465423584, 0.1195213794708252, 0.15471220016479492, 0.1573498249053955, 0.11364054679870605, 0.15302562713623047, 0.14377617835998535, 0.11234259605407715, 0.15714764595031738, 0.14270591735839844, 0.11906099319458008, 