{"ID": 4, "inference time": [0.45399951934814453, 0.16253662109375, 0.16495561599731445, 0.16229629516601562, 0.16723155975341797, 0.1617445945739746, 0.16558408737182617, 0.16547203063964844, 0.16461467742919922, 0.16251730918884277, 0.1656796932220459, 0.15994572639465332, 0.16567325592041016, 0.16828298568725586, 0.169694185256958, 0.16068124771118164, 0.16070342063903809, 0.1643691062927246, 0.16421890258789062, 0.1670069694519043, 0.1655256748199463, 0.1654353141784668, 0.16144919395446777, 0.16674327850341797, 0.16677165031433105, 0.16556644439697266, 0.16089963912963867, 0.16229796409606934, 0.1667642593383789, 0.16648364067077637, 0.16217470169067383, 0.16155242919921875, 0.17079925537109375, 0.15834975242614746, 0.17544054985046387, 0.1633164882659912, 0.16479969024658203, 0.16523957252502441, 0.16399121284484863, 0.160200834274292, 0.16822028160095215, 0.16678619384765625, 0.1615309715270996, 0.1626288890838623, 0.15966176986694336, 0.16825294494628906, 0.1624457836151123, 0.16359639167785645, 0.16873645782470703, 0.16338396072387695, 0.160567045211792, 0.16347956657409668, 0.15857744216918945, 0.1680164337158203, 0.1633472442626953, 0.16283488273620605, 0.1669769287109375, 0.16324329376220703, 0.16155385971069336, 0.16491413116455078, 0.1636369228363037, 0.1634986400604248, 0.16359686851501465, 0.1590893268585205, 0.16120648384094238, 0.16441702842712402, 0.16222429275512695, 0.16159510612487793, 0.1656196117401123, 0.1634678840637207, 0.16050982475280762, 0.16381502151489258, 0.16602683067321777, 0.16785025596618652, 0.16426753997802734, 0.16414141654968262, 0.15981745719909668, 0.161238431930542, 0.16121482849121094, 0.1604757308959961, 0.16436076164245605, 0.1654350757598877, 0.16125226020812988, 0.1609175205230713, 0.16179203987121582, 0.16770362854003906, 0.16501259803771973, 0.16614580154418945, 0.1675550937652588, 0.16010785102844238, 0.16298818588256836, 0.1607990264892578, 0.15755152702331543, 0.1626279354095459, 0.16361212730407715, 0.16497564315795898, 0.1651298999786377, 0.16816997528076172, 0.16446757316589355, 0.16383695602416992, 0.15973496437072754, 0.15978503227233887, 0.16266393661499023, 0.1619865894317627, 0.15874886512756348, 0.15890979766845703, 0.1649491786956787, 0.16330480575561523, 0.1669015884399414, 0.16302800178527832, 0.1639261245727539, 0.16993355751037598, 0.17117667198181152, 0.1672201156616211, 0.16246843338012695, 0.16345834732055664, 0.16805315017700195, 0.15947699546813965, 0.16121435165405273, 0.15971755981445312, 0.16356658935546875, 0.1619405746459961, 0.16808748245239258, 0.1581871509552002, 0.16248416900634766, 0.16048073768615723, 0.15784311294555664, 0.15769481658935547, 0.16120529174804688, 0.15822482109069824, 0.15744614601135254, 0.15945196151733398, 0.16211390495300293, 0.1599724292755127, 0.16108965873718262, 0.16270065307617188, 0.16939139366149902, 0.16145849227905273, 0.15987634658813477, 0.1649305820465088, 0.15448522567749023, 0.1664597988128662, 0.16936969757080078, 0.1608266830444336, 0.15778279304504395, 0.16002845764160156, 0.15597963333129883, 0.16001057624816895, 0.1611473560333252, 0.1646428108215332, 0.16461396217346191, 0.16475820541381836, 0.15968608856201172, 0.16092371940612793, 0.16269350051879883, 0.1588585376739502, 0.15935754776000977, 0.15926837921142578, 0.1598801612854004, 0.1627197265625, 0.16528820991516113, 0.16053318977355957, 0.15862679481506348, 0.16255903244018555, 0.1613607406616211, 0.16364002227783203, 0.15830087661743164, 0.16182827949523926, 0.16433215141296387, 0.16214513778686523, 0.16382169723510742, 0.15948104858398438, 0.1583249568939209, 0.16239166259765625, 0.15981340408325195, 0.15919256210327148, 0.15841245651245117, 0.1620187759399414, 0.1593034267425537, 0.16186881065368652, 0.16272735595703125, 0.15927457809448242, 0.15888190269470215, 0.15796685218811035, 0.16376399993896484, 0.16048669815063477, 0.16169190406799316, 0.16271686553955078, 0.16639065742492676, 0.16033244132995605, 0.1609189510345459, 0.16205978393554688, 0.15918278694152832, 0.16353392601013184, 0.16426920890808105, 0.16170620918273926, 0.1661226749420166, 0.16441798210144043, 0.15517282485961914, 0.16101884841918945, 0.15912747383117676, 0.16385483741760254, 0.1584622859954834, 0.16181206703186035, 0.16599726676940918, 0.1591479778289795, 0.15806818008422852, 0.1604621410369873, 0.15804290771484375, 0.16133642196655273, 0.162003755569458, 0.16408920288085938, 0.16767215728759766, 0.1641080379486084, 0.16675806045532227, 0.16455650329589844, 0.16042208671569824, 0.16212177276611328, 0.16484689712524414, 0.16081929206848145, 0.16205835342407227, 0.16435956954956055, 0.16353416442871094, 0.16338229179382324, 0.1679069995880127, 0.17081904411315918, 0.15733718872070312, 0.15463566780090332, 0.16161561012268066, 0.16335272789001465, 0.1573801040649414, 0.1638474464416504, 0.15769410133361816, 0.1587827205657959, 0.165663480758667, 0.15909123420715332, 0.15940165519714355, 0.16202497482299805, 0.16865849494934082, 0.16719341278076172, 0.16665053367614746, 0.1601870059967041, 0.15836024284362793, 0.15556120872497559, 0.16057682037353516, 0.1600480079650879, 0.16041302680969238, 0.16225743293762207, 0.16232967376708984, 0.16111493110656738, 0.16098666191101074, 0.15946412086486816, 0.16400837898254395, 0.15981698036193848, 0.15919995307922363, 0.16605877876281738, 0.1604301929473877, 0.1637253761291504, 0.166229248046875, 0.17115330696105957, 0.16420578956604004, 0.1559464931488037, 0.16597580909729004, 0.15931224822998047, 0.1601252555847168, 0.1631326675415039, 0.16190004348754883, 0.16481661796569824, 0.1569652557373047, 0.15741825103759766, 0.16342616081237793, 0.161834716796875, 0.16302490234375, 0.16375041007995605, 0.16082143783569336, 0.16615915298461914, 0.16534185409545898, 0.16393494606018066, 0.16213631629943848, 0.16560053825378418, 0.1604006290435791, 0.16688895225524902, 0.16336321830749512, 0.16013336181640625, 0.16106724739074707, 0.16030621528625488, 0.16948843002319336, 0.16145920753479004, 0.15943241119384766, 0.1674184799194336, 0.16049933433532715, 0.16180133819580078, 0.1604773998260498, 0.1593472957611084, 0.15955805778503418, 0.16224122047424316, 0.15952587127685547, 0.16113042831420898, 0.15922951698303223, 0.1657543182373047, 0.16134119033813477, 0.16317033767700195, 0.1604757308959961, 0.1643359661102295, 0.1612110137939453, 0.166123628616333, 0.16418862342834473, 0.16125750541687012, 0.16485333442687988, 0.16213297843933105, 0.16784286499023438, 0.16221880912780762, 0.16240572929382324, 0.16124868392944336, 0.16512370109558105, 0.16672182083129883, 0.1643691062927246, 0.16176724433898926, 0.16208195686340332, 0.1639420986175537, 0.1668391227722168, 0.16525053977966309, 0.15741944313049316, 0.15993142127990723, 0.15136981010437012, 0.1651477813720703, 0.1652052402496338, 0.1601102352142334, 0.16163897514343262, 0.15744328498840332, 0.16225051879882812, 0.15935778617858887, 0.16850686073303223, 0.15829682350158691, 0.15973520278930664, 0.15919780731201172, 0.16273784637451172, 0.16206097602844238, 0.15805602073669434, 0.16475367546081543, 0.16768097877502441, 0.16029572486877441, 0.16122961044311523, 0.16298222541809082, 0.1598060131072998, 0.16183710098266602, 0.16123723983764648, 0.16692137718200684, 0.16079378128051758, 0.16218876838684082, 0.16158294677734375, 0.1606893539428711, 0.15863394737243652, 0.15676331520080566, 0.15780067443847656, 0.16522622108459473, 0.15944504737854004, 0.16375160217285156, 0.1578810214996338, 0.16007208824157715, 0.16312170028686523, 0.1598210334777832, 0.15955662727355957, 0.1613767147064209, 0.16045904159545898, 0.16234230995178223, 0.15858006477355957, 0.1557323932647705, 0.1626594066619873, 0.15855622291564941, 0.15664339065551758, 0.16083192825317383, 0.1573173999786377, 0.15839886665344238, 0.16463518142700195, 0.16244745254516602, 0.16196393966674805, 0.16201090812683105, 0.15555024147033691, 0.16504240036010742, 0.1626124382019043, 0.16318154335021973, 0.15495681762695312, 0.16128993034362793, 0.15610480308532715, 