{"ID": 0, "inference time": [0.24818778038024902, 0.17639756202697754, 0.17813682556152344, 0.18204641342163086, 0.17201566696166992, 0.1658635139465332, 0.17353320121765137, 0.18584108352661133, 0.17532038688659668, 0.17866063117980957, 0.18066787719726562, 0.18366503715515137, 0.18828129768371582, 0.18185973167419434, 0.18848514556884766, 0.18307137489318848, 0.1847827434539795, 0.17918109893798828, 0.1880636215209961, 0.19406795501708984, 0.1803300380706787, 0.18130183219909668, 0.16696977615356445, 0.1715991497039795, 0.18404674530029297, 0.17769980430603027, 0.17961692810058594, 0.17159771919250488, 0.18084120750427246, 0.17898225784301758, 0.1807410717010498, 0.1791841983795166, 0.1807847023010254, 0.18079423904418945, 0.17700433731079102, 0.1797959804534912, 0.1702423095703125, 0.17767333984375, 0.17582058906555176, 0.18398642539978027, 0.16509580612182617, 0.17148232460021973, 0.17963409423828125, 0.1750352382659912, 0.18949103355407715, 0.1840519905090332, 0.18421459197998047, 0.17055511474609375, 0.1797196865081787, 0.18256044387817383, 0.18173575401306152, 0.18191027641296387, 0.192826509475708, 0.18937039375305176, 0.18202829360961914, 0.182708740234375, 0.1822054386138916, 0.1798696517944336, 0.18638920783996582, 0.18785619735717773, 0.18216156959533691, 0.18150949478149414, 0.17603206634521484, 0.17340373992919922, 0.1779313087463379, 0.18736791610717773, 0.18126440048217773, 0.1858668327331543, 0.18659424781799316, 0.18360304832458496, 0.18538880348205566, 0.1837916374206543, 0.18128108978271484, 0.19447541236877441, 0.17856788635253906, 0.18427610397338867, 0.198472261428833, 0.18861150741577148, 0.18770861625671387, 0.18822813034057617, 0.1853175163269043, 0.1868906021118164, 0.18206191062927246, 0.19077420234680176, 0.18592286109924316, 0.1856062412261963, 0.18505501747131348, 0.18695068359375, 0.1793842315673828, 0.17615938186645508, 0.1864171028137207, 0.19431781768798828, 0.1844635009765625, 0.18770861625671387, 0.1816396713256836, 0.1820979118347168, 0.18920493125915527, 0.18237090110778809, 0.18657612800598145, 0.1830885410308838, 0.18689775466918945, 0.18492865562438965, 0.1865377426147461, 0.17157554626464844, 0.18419766426086426, 0.1848440170288086, 0.1799640655517578, 0.18075847625732422, 0.1806964874267578, 0.1928391456604004, 0.18804335594177246, 0.18774032592773438, 0.18409323692321777, 0.18848490715026855, 0.18404793739318848, 0.18314266204833984, 0.1858816146850586, 0.1872091293334961, 0.18412303924560547, 0.18143105506896973, 0.18788409233093262, 0.1708507537841797, 0.18875336647033691, 0.18361425399780273, 0.18918490409851074, 0.17801880836486816, 0.18435430526733398, 0.17113900184631348, 0.18543148040771484, 0.18021941184997559, 0.1820693016052246, 0.1921672821044922, 0.18917417526245117, 0.18429875373840332, 0.17389225959777832, 0.20681548118591309, 0.17460060119628906, 0.17932438850402832, 0.18460464477539062, 0.1856067180633545, 0.20542693138122559, 0.18439173698425293, 0.18712782859802246, 0.18554186820983887, 0.18102335929870605, 0.17925095558166504, 0.18488693237304688, 0.18329811096191406, 0.18796420097351074, 0.18459844589233398, 0.18447041511535645, 0.1785132884979248, 0.1845874786376953, 0.1799318790435791, 0.18268847465515137, 0.18319153785705566, 0.17322611808776855, 0.17653822898864746, 0.1752619743347168, 0.1828916072845459, 0.18402886390686035, 0.18939471244812012, 0.18267464637756348, 0.18290066719055176, 0.18641424179077148, 0.18587970733642578, 0.17260098457336426, 0.18128633499145508, 0.17603564262390137, 0.18510079383850098, 0.18673920631408691, 0.1789240837097168, 0.17831158638000488, 0.18686318397521973, 0.17636466026306152, 0.1772918701171875, 0.18053841590881348, 0.1865541934967041, 0.16710233688354492, 0.17206573486328125, 0.17611002922058105, 0.18197154998779297, 0.1778850555419922, 0.18975114822387695, 0.1770782470703125, 0.19116592407226562, 0.18293452262878418, 0.18895506858825684, 0.1806192398071289, 0.18260455131530762, 0.17875289916992188, 0.19050168991088867, 0.19518041610717773, 0.18122220039367676, 0.18659210205078125, 0.18737149238586426, 0.18358349800109863, 0.1808185577392578, 0.17738771438598633, 0.18775033950805664, 0.18360471725463867, 0.185469388961792, 0.18639516830444336, 0.19012165069580078, 0.18609237670898438, 0.17374706268310547, 0.18703579902648926, 0.16832828521728516, 0.18270039558410645, 0.18966245651245117, 0.18553996086120605, 0.18509173393249512, 0.18475341796875, 0.1829991340637207, 0.17595267295837402, 0.18660473823547363, 0.1772322654724121, 0.18609857559204102, 0.1635580062866211, 0.17796659469604492, 0.18541550636291504, 0.18524765968322754, 0.18201303482055664, 0.19036865234375, 0.18642497062683105, 0.17916584014892578, 0.1834404468536377, 0.1869654655456543, 0.18006372451782227, 0.1828005313873291, 0.18524694442749023, 0.17256617546081543, 0.17808938026428223, 0.19081902503967285, 0.18093371391296387, 0.178452730178833, 0.18578457832336426, 0.1943678855895996, 0.18303966522216797, 0.19703388214111328, 0.20588994026184082, 0.18255090713500977, 0.18245935440063477, 0.18295907974243164, 0.1859269142150879, 0.1802663803100586, 0.18825340270996094, 0.18077969551086426, 0.18771886825561523, 0.18014192581176758, 0.18770813941955566, 0.18133950233459473, 0.18588519096374512, 0.18654537200927734, 0.1811389923095703, 0.189042329788208, 0.19370198249816895, 0.18463945388793945, 0.18458914756774902, 0.1697394847869873, 0.18286418914794922, 0.18950867652893066, 0.18024373054504395, 0.18697023391723633, 0.18727540969848633, 0.17965173721313477, 0.18608903884887695, 0.17771482467651367, 0.1879422664642334, 0.19022750854492188, 0.18757843971252441, 0.18788766860961914, 0.18554902076721191, 0.1858668327331543, 0.18248581886291504, 0.1831834316253662, 0.18092632293701172, 0.18444156646728516, 0.1854555606842041, 0.18645048141479492, 0.17056632041931152, 0.17667651176452637, 0.18364191055297852, 0.18352031707763672, 0.19289636611938477, 0.18635940551757812, 0.1826343536376953, 0.19476079940795898, 0.1831374168395996, 0.19085264205932617, 0.18840622901916504, 0.18699407577514648, 0.18146467208862305, 0.18735504150390625, 0.18427467346191406, 0.18888187408447266, 0.1831657886505127, 0.19197654724121094, 0.1793651580810547, 0.18146157264709473, 0.19447922706604004, 0.18866372108459473, 0.18499016761779785, 0.18781805038452148, 0.20328330993652344, 0.18669939041137695, 0.187211275100708, 0.1794416904449463, 0.18596887588500977, 0.18433594703674316, 0.17813396453857422, 0.17646527290344238, 0.19054269790649414, 0.19466543197631836, 0.18867039680480957, 0.1838676929473877, 0.17939305305480957, 0.18585538864135742, 0.18898463249206543, 0.1863701343536377, 0.18001365661621094, 0.18756103515625, 0.18551421165466309, 0.18481802940368652, 0.18394184112548828, 0.17873191833496094, 0.18744516372680664, 0.19040560722351074, 0.1899712085723877, 0.18724703788757324, 0.19225525856018066, 0.19722485542297363, 0.18702340126037598, 0.17910552024841309, 0.1944572925567627, 0.18641901016235352, 0.19811582565307617, 0.18839669227600098, 0.17874431610107422, 0.1965034008026123, 0.17725110054016113, 0.19342732429504395, 0.1841723918914795, 0.19840073585510254, 0.18517303466796875, 0.19381022453308105, 0.180159330368042, 0.18424654006958008, 0.18619322776794434, 0.18858075141906738, 0.18349599838256836, 0.18276143074035645, 0.18532776832580566, 0.1885688304901123, 0.18136143684387207, 0.17873358726501465, 0.18540501594543457, 0.18339252471923828, 0.18655753135681152, 0.18442034721374512, 0.1827375888824463, 0.19023680686950684, 0.18893074989318848, 0.18838906288146973, 0.18675780296325684, 0.18510890007019043, 0.17238068580627441, 0.19420099258422852, 0.1782517433166504, 0.18629145622253418, 0.19265985488891602, 0.18370890617370605, 0.1827712059020996, 0.18593311309814453, 0.1820528507232666, 0.1801447868347168, 0.17766451835632324, 0.18709444999694824, 0.1778109073638916, 0.18020987510681152, 0.17210650444030762, 0.18942904472351074, 0.18149828910827637, 0.18078374862670898, 0.18262195587158203, 