{"ID": 2, "inference time": [0.23804402351379395, 0.17697834968566895, 0.18270111083984375, 0.1848893165588379, 0.17952251434326172, 0.17849135398864746, 0.17265558242797852, 0.17392730712890625, 0.1689920425415039, 0.17738127708435059, 0.17241811752319336, 0.1819477081298828, 0.18555307388305664, 0.1729569435119629, 0.1798248291015625, 0.17940258979797363, 0.1794435977935791, 0.18209528923034668, 0.18633198738098145, 0.1802213191986084, 0.18272829055786133, 0.18328046798706055, 0.17846107482910156, 0.17621326446533203, 0.1784663200378418, 0.18343400955200195, 0.1817007064819336, 0.17915749549865723, 0.18182110786437988, 0.17707443237304688, 0.17660832405090332, 0.18171167373657227, 0.18551993370056152, 0.1783761978149414, 0.1842052936553955, 0.1770036220550537, 0.17491865158081055, 0.18679213523864746, 0.17094993591308594, 0.18284964561462402, 0.17930006980895996, 0.17911648750305176, 0.18000531196594238, 0.1835498809814453, 0.18181657791137695, 0.18555855751037598, 0.18350887298583984, 0.1790177822113037, 0.170820951461792, 0.18079829216003418, 0.18271374702453613, 0.18047618865966797, 0.18081927299499512, 0.18102312088012695, 0.18278169631958008, 0.18397259712219238, 0.18292760848999023, 0.1807565689086914, 0.179032564163208, 0.18940973281860352, 0.19009613990783691, 0.18552803993225098, 0.18519330024719238, 0.18445634841918945, 0.18153643608093262, 0.18828439712524414, 0.17612600326538086, 0.1893000602722168, 0.18903756141662598, 0.1840972900390625, 0.18749737739562988, 0.18622732162475586, 0.18417000770568848, 0.17910170555114746, 0.18305611610412598, 0.18394756317138672, 0.18684840202331543, 0.17930817604064941, 0.1924285888671875, 0.18799996376037598, 0.18485522270202637, 0.1819748878479004, 0.1823101043701172, 0.18824052810668945, 0.1782841682434082, 0.18914294242858887, 0.18397092819213867, 0.18245983123779297, 0.18088340759277344, 0.18896484375, 0.1853644847869873, 0.18468928337097168, 0.18552041053771973, 0.18327808380126953, 0.1872117519378662, 0.18302249908447266, 0.18050360679626465, 0.1916794776916504, 0.1840662956237793, 0.17835164070129395, 0.18671345710754395, 0.18055152893066406, 0.18724560737609863, 0.18604779243469238, 0.18072247505187988, 0.1845400333404541, 0.18222379684448242, 0.18071985244750977, 0.18613576889038086, 0.1824817657470703, 0.18090534210205078, 0.1861586570739746, 0.18957114219665527, 0.18686389923095703, 0.19024062156677246, 0.1886286735534668, 0.1862201690673828, 0.18238520622253418, 0.1867668628692627, 0.1899433135986328, 0.1795191764831543, 0.18901896476745605, 0.1869056224822998, 0.18576765060424805, 0.18871426582336426, 0.18565106391906738, 0.18921303749084473, 0.1886911392211914, 0.18854188919067383, 0.18857383728027344, 0.18597102165222168, 0.1881115436553955, 0.18754100799560547, 0.18480253219604492, 0.182373046875, 0.19397521018981934, 0.18314313888549805, 0.18694591522216797, 0.19035792350769043, 0.18931365013122559, 0.18752002716064453, 0.1889958381652832, 0.18373584747314453, 0.18480658531188965, 0.1886436939239502, 0.19094371795654297, 0.17976593971252441, 0.19174671173095703, 0.18133258819580078, 0.19063067436218262, 0.18997502326965332, 0.1812436580657959, 0.18668723106384277, 0.19086265563964844, 0.18782901763916016, 0.19230341911315918, 0.18278741836547852, 0.18660807609558105, 0.1945478916168213, 0.18729734420776367, 0.19038963317871094, 0.19350886344909668, 0.1883373260498047, 0.19005823135375977, 0.18804335594177246, 0.18569326400756836, 0.18408703804016113, 0.1860640048980713, 0.19513750076293945, 0.19123411178588867, 0.1909346580505371, 0.18232083320617676, 0.18519091606140137, 0.1840648651123047, 0.19296503067016602, 0.18648648262023926, 0.18516135215759277, 0.18559956550598145, 0.18240666389465332, 0.18527889251708984, 0.19173574447631836, 0.18596363067626953, 0.188157320022583, 0.19196581840515137, 0.18873810768127441, 0.18926072120666504, 0.1908094882965088, 0.1907334327697754, 0.1884446144104004, 0.18679475784301758, 0.18549203872680664, 0.18466925621032715, 0.1897420883178711, 0.18688058853149414, 0.19605159759521484, 0.18837332725524902, 0.18752741813659668, 0.19654011726379395, 0.18701481819152832, 0.1842038631439209, 0.1906108856201172, 0.19060802459716797, 0.18439912796020508, 0.185591459274292, 0.1876664161682129, 0.1891951560974121, 0.18341660499572754, 0.1806497573852539, 0.187424898147583, 0.1887063980102539, 0.19041037559509277, 0.1899125576019287, 0.19064831733703613, 0.1849358081817627, 0.17753934860229492, 0.19357776641845703, 0.18745160102844238, 0.1825413703918457, 0.18994808197021484, 0.1835486888885498, 0.18035626411437988, 0.1812305450439453, 0.1894664764404297, 0.18526506423950195, 0.18608951568603516, 0.18665528297424316, 0.18313050270080566, 0.1878063678741455, 0.19342851638793945, 0.18436813354492188, 0.18505549430847168, 0.18636155128479004, 0.18658232688903809, 0.18880009651184082, 0.1921219825744629, 0.1843578815460205, 0.1926279067993164, 0.18697452545166016, 0.18643569946289062, 0.1851668357849121, 0.19320154190063477, 0.19025921821594238, 0.18813085556030273, 0.18768596649169922, 0.1809704303741455, 0.1893782615661621, 0.19568824768066406, 0.19102144241333008, 0.18621516227722168, 0.19065213203430176, 0.17982721328735352, 0.18346786499023438, 0.1920468807220459, 0.18166136741638184, 0.19111990928649902, 0.1807572841644287, 0.18017077445983887, 0.18371009826660156, 0.18825268745422363, 0.18341565132141113, 0.1901092529296875, 0.17995023727416992, 0.18699312210083008, 0.18436050415039062, 0.17922472953796387, 0.185288667678833, 0.18666768074035645, 0.18244385719299316, 0.19905304908752441, 0.185028076171875, 0.190260648727417, 0.18304872512817383, 0.18550848960876465, 0.18374180793762207, 0.1871936321258545, 0.1890861988067627, 0.1913750171661377, 0.18259763717651367, 0.18735241889953613, 0.19022250175476074, 0.18503761291503906, 0.19057822227478027, 0.18403983116149902, 0.1787106990814209, 0.18570160865783691, 0.1835794448852539, 0.18426847457885742, 0.18624544143676758, 0.18198037147521973, 0.18479466438293457, 0.18304800987243652, 0.18573641777038574, 0.19031810760498047, 0.18591928482055664, 0.18956422805786133, 0.1893322467803955, 0.18644142150878906, 0.18491578102111816, 0.18821430206298828, 0.18955564498901367, 0.18902921676635742, 0.18855690956115723, 0.19638657569885254, 0.18337702751159668, 0.20185470581054688, 0.18909215927124023, 0.18740129470825195, 0.19171476364135742, 0.1912698745727539, 0.18961691856384277, 0.18610143661499023, 0.1822497844696045, 0.18506240844726562, 0.18581843376159668, 0.18756580352783203, 0.19014692306518555, 0.1870431900024414, 0.19265508651733398, 0.18806815147399902, 0.1824026107788086, 0.18725800514221191, 0.18162870407104492, 0.18187618255615234, 0.19205570220947266, 0.1849970817565918, 0.18535184860229492, 0.18379473686218262, 0.18394994735717773, 0.1907205581665039, 0.18995451927185059, 0.18335795402526855, 0.18983054161071777, 0.18115687370300293, 0.1823596954345703, 0.18503069877624512, 0.18960022926330566, 0.18718910217285156, 0.18658900260925293, 0.17924261093139648, 0.18445706367492676, 0.17928147315979004, 0.1855027675628662, 0.1861286163330078, 0.18663454055786133, 0.18865633010864258, 0.18888068199157715, 0.18399286270141602, 0.18784356117248535, 0.18442344665527344, 0.19124221801757812, 0.18934988975524902, 0.18344736099243164, 0.1853482723236084, 0.18266558647155762, 0.1873626708984375, 0.18514347076416016, 0.1929011344909668, 0.18961000442504883, 0.19052863121032715, 0.18989872932434082, 0.18256211280822754, 0.18620085716247559, 0.18602466583251953, 0.19087481498718262, 0.18549895286560059, 0.18572473526000977, 0.17819619178771973, 0.18928027153015137, 0.18472623825073242, 0.18559575080871582, 0.18232393264770508, 0.18825030326843262, 0.18471336364746094, 0.18256831169128418, 0.18909430503845215, 0.18696117401123047, 0.18305301666259766, 0.1883385181427002, 0.1881120204925537, 0.18494343757629395, 0.18285298347473145, 0.1900026798248291, 0.17871761322021484, 0.18493294715881348, 0.18848443031311035, 