{"ID": 6, "inference time": [7.121322154998779, 0.24523520469665527, 0.2322096824645996, 0.22423315048217773, 0.2321786880493164, 0.24030804634094238, 0.2358086109161377, 0.23496460914611816, 0.2344963550567627, 0.24132537841796875, 0.22169852256774902, 0.22394824028015137, 0.23345017433166504, 0.23871850967407227, 0.23147368431091309, 0.22882533073425293, 0.24284863471984863, 0.24059343338012695, 0.22832989692687988, 0.23765206336975098, 0.22919416427612305, 0.2299482822418213, 0.2325749397277832, 0.23014521598815918, 0.2374405860900879, 0.2171022891998291, 0.2286384105682373, 0.23323774337768555, 0.22264695167541504, 0.23981571197509766, 0.2583034038543701, 0.26472020149230957, 0.2512478828430176, 0.24127507209777832, 0.23895812034606934, 0.2261371612548828, 0.23727774620056152, 0.22461485862731934, 0.22634553909301758, 0.23860764503479004, 0.2299180030822754, 0.2295389175415039, 0.22528481483459473, 0.22492456436157227, 0.23763585090637207, 0.2212052345275879, 0.2245330810546875, 0.22682785987854004, 0.23131799697875977, 0.2207791805267334, 0.24042367935180664, 0.23650074005126953, 0.21909403800964355, 0.20702862739562988, 0.21318316459655762, 0.2121906280517578, 0.20996522903442383, 0.2061004638671875, 0.20437836647033691, 0.20443224906921387, 0.2062511444091797, 0.20134282112121582, 0.21001887321472168, 0.21053433418273926, 0.20975852012634277, 0.2128770351409912, 0.2075357437133789, 0.20798301696777344, 0.21446633338928223, 0.20723819732666016, 0.21298551559448242, 0.20574426651000977, 0.20566272735595703, 0.20284557342529297, 0.20550918579101562, 0.21328401565551758, 0.21902775764465332, 0.20798158645629883, 0.2115633487701416, 0.20859193801879883, 0.3456134796142578, 0.1928110122680664, 0.20784211158752441, 0.21567010879516602, 0.20578312873840332, 0.1997513771057129, 0.19346880912780762, 0.20145916938781738, 0.20055556297302246, 0.1904306411743164, 0.19268226623535156, 0.1987323760986328, 0.20412898063659668, 0.21578478813171387, 0.19333815574645996, 0.1966686248779297, 0.19863319396972656, 0.19742131233215332, 0.1953892707824707, 0.2009904384613037, 0.19489574432373047, 0.18456411361694336, 0.19927310943603516, 0.19903063774108887, 0.1954338550567627, 0.19831252098083496, 0.19334912300109863, 0.19393491744995117, 0.1933436393737793, 0.18983864784240723, 0.19760966300964355, 0.194807767868042, 0.20071935653686523, 0.19676446914672852, 0.20368051528930664, 0.20555543899536133, 0.19366741180419922, 0.19290423393249512, 0.19476532936096191, 0.19040250778198242, 0.2017960548400879, 0.19521117210388184, 0.19219565391540527, 0.19629883766174316, 0.1960890293121338, 0.1929476261138916, 0.20119571685791016, 0.18943142890930176, 0.20011138916015625, 0.19013309478759766, 0.1899869441986084, 0.19199061393737793, 0.20218896865844727, 0.20294451713562012, 0.1957690715789795, 0.20215272903442383, 0.20553159713745117, 0.19342255592346191, 0.2044658660888672, 0.19008374214172363, 0.19067883491516113, 0.19490456581115723, 0.19348859786987305, 0.19576787948608398, 0.20221662521362305, 0.19249773025512695, 0.19458270072937012, 0.18771719932556152, 0.19743943214416504, 0.19211864471435547, 0.19312763214111328, 0.18814826011657715, 0.19159364700317383, 0.20117640495300293, 0.1947324275970459, 0.19533061981201172, 0.20400071144104004, 0.1955430507659912, 0.19913673400878906, 0.19419574737548828, 0.19722604751586914, 0.1915421485900879, 0.19364047050476074, 0.19504642486572266, 0.1964890956878662, 0.19675898551940918, 0.19771480560302734, 0.19631290435791016, 0.18947291374206543, 0.18778276443481445, 0.19487285614013672, 0.1875617504119873, 0.19802474975585938, 0.19491863250732422, 0.1959853172302246, 0.20462346076965332, 0.20378875732421875, 0.20119071006774902, 0.19651103019714355, 0.2074451446533203, 0.196763277053833, 0.20256686210632324, 0.20157766342163086, 0.19138216972351074, 0.19160127639770508, 0.19087886810302734, 0.19690752029418945, 0.19554567337036133, 0.2033553123474121, 0.19655966758728027, 0.18725275993347168, 0.1864943504333496, 0.19075250625610352, 0.19419336318969727, 0.1953725814819336, 0.19487261772155762, 0.19255638122558594, 0.1944272518157959, 0.1923046112060547, 0.20231246948242188, 0.20584392547607422, 0.18897223472595215, 0.20459771156311035, 0.1958925724029541, 0.1982278823852539, 0.19090843200683594, 0.20918011665344238, 0.2036442756652832, 0.19097065925598145, 0.1967911720275879, 0.19420409202575684, 0.18852734565734863, 0.19524335861206055, 0.19904112815856934, 0.2016758918762207, 0.20047736167907715, 0.18941569328308105, 0.19539237022399902, 0.19748663902282715, 0.19339323043823242, 0.19067811965942383, 0.19479990005493164, 0.18894648551940918, 0.19189190864562988, 0.19732451438903809, 0.19336915016174316, 0.19581246376037598, 0.18200182914733887, 0.19480395317077637, 0.19814038276672363, 0.20133495330810547, 0.19690179824829102, 0.19647669792175293, 0.19624042510986328, 0.19562911987304688, 0.20173048973083496, 0.2131516933441162, 0.19463419914245605, 0.20498204231262207, 0.2061905860900879, 0.20050597190856934, 0.19200921058654785, 0.19881725311279297, 0.19003963470458984, 0.19018125534057617, 0.19561457633972168, 0.19631552696228027, 0.1972665786743164, 0.2072761058807373, 0.19992685317993164, 0.20323538780212402, 0.19378018379211426, 0.198469877243042, 0.19562554359436035, 0.1968388557434082, 0.1943221092224121, 0.19738030433654785, 0.19000673294067383, 0.20159077644348145, 0.20232248306274414, 0.19838523864746094, 0.19563961029052734, 0.1880478858947754, 0.2012462615966797, 0.19452881813049316, 0.18867802619934082, 0.19461870193481445, 0.19857335090637207, 0.20810937881469727, 0.21234846115112305, 0.19514250755310059, 0.1932387351989746, 0.21107769012451172, 0.20020699501037598, 0.19295787811279297, 0.19503998756408691, 0.19061064720153809, 0.19088172912597656, 0.19882702827453613, 0.21126055717468262, 0.19901657104492188, 0.20708274841308594, 0.19761896133422852, 0.19998669624328613, 0.19884324073791504, 0.19100618362426758, 0.19627976417541504, 0.19479680061340332, 0.18993330001831055, 0.19962334632873535, 0.19492053985595703, 0.19696545600891113, 0.1976757049560547, 0.19534635543823242, 0.190093994140625, 0.1940770149230957, 0.19774699211120605, 0.19148516654968262, 0.19131946563720703, 0.19345593452453613, 0.198716402053833, 0.19584345817565918, 0.19847607612609863, 0.1913001537322998, 0.21314454078674316, 0.20260024070739746, 0.19264984130859375, 0.19208717346191406, 0.21268796920776367, 0.19251275062561035, 0.19683408737182617, 0.21251702308654785, 0.1963977813720703, 0.19566082954406738, 0.20453882217407227, 0.19927287101745605, 0.2023472785949707, 0.19468212127685547, 0.1967935562133789, 0.19202280044555664, 0.20664763450622559, 0.2073514461517334, 0.20009064674377441, 0.19962859153747559, 0.18796944618225098, 0.18806982040405273, 0.2035057544708252, 0.19544696807861328, 0.19247031211853027, 0.19961094856262207, 0.20090985298156738, 0.1941509246826172, 0.2069234848022461, 0.19058465957641602, 0.2000730037689209, 0.1990978717803955, 0.18888306617736816, 0.1948850154876709, 0.1929183006286621, 0.19379377365112305, 0.19374489784240723, 0.19353699684143066, 0.18888235092163086, 0.18450641632080078, 0.18929171562194824, 0.18859434127807617, 0.1960282325744629, 0.18944120407104492, 0.19051837921142578, 0.18855977058410645, 0.1890871524810791, 0.19166207313537598, 0.19384527206420898, 0.19941377639770508, 0.19177484512329102, 0.20011425018310547, 0.193009614944458, 0.19371962547302246, 0.19359374046325684, 0.2116551399230957, 0.1960923671722412, 0.1933274269104004, 0.20021653175354004, 0.19414782524108887, 0.1981954574584961, 0.18816590309143066, 0.201615571975708, 0.20262885093688965, 0.19803595542907715, 0.19087767601013184, 0.19221878051757812, 0.20757651329040527, 0.18843865394592285, 0.19162988662719727, 0.2010328769683838, 0.19041037559509277, 0.19611239433288574, 0.19949650764465332, 0.19707155227661133, 0.19704484939575195, 0.1916062831878662, 0.19390869140625, 0.1954517364501953, 0.1921250820159912, 