{"ID": 7, "inference time": [6.964118003845215, 0.3535165786743164, 0.2193601131439209, 0.21897602081298828, 0.20754337310791016, 0.22600603103637695, 0.21876120567321777, 0.22345495223999023, 0.21665096282958984, 0.2231745719909668, 0.2275090217590332, 0.19765996932983398, 0.21511602401733398, 0.2228376865386963, 0.2110142707824707, 0.23357844352722168, 0.21912717819213867, 0.22611784934997559, 0.23024487495422363, 0.2309551239013672, 0.21718931198120117, 0.21262001991271973, 0.21651768684387207, 0.21700429916381836, 0.2312941551208496, 0.22132658958435059, 0.19772863388061523, 0.22832894325256348, 0.21423625946044922, 0.2201831340789795, 0.23229598999023438, 0.25290513038635254, 0.23012971878051758, 0.21863389015197754, 0.21766972541809082, 0.24210739135742188, 0.2169656753540039, 0.22681021690368652, 0.2048795223236084, 0.22826099395751953, 0.21539616584777832, 0.2057785987854004, 0.2268071174621582, 0.21410822868347168, 0.21645522117614746, 0.21660184860229492, 0.2084028720855713, 0.22509527206420898, 0.21045708656311035, 0.21853423118591309, 0.21985220909118652, 0.21564745903015137, 0.2391810417175293, 0.20714807510375977, 0.20964550971984863, 0.20087695121765137, 0.19587969779968262, 0.19924020767211914, 0.20488572120666504, 0.19484710693359375, 0.20917177200317383, 0.19337224960327148, 0.1960611343383789, 0.2177574634552002, 0.2134549617767334, 0.19981122016906738, 0.20084190368652344, 0.21122217178344727, 0.20478510856628418, 0.21654462814331055, 0.19981908798217773, 0.2011575698852539, 0.1961662769317627, 0.1925182342529297, 0.19370579719543457, 0.20905256271362305, 0.20567083358764648, 0.22681403160095215, 0.2160477638244629, 0.19838285446166992, 0.459625244140625, 0.19832372665405273, 0.18836760520935059, 0.20292949676513672, 0.204681396484375, 0.194443941116333, 0.19403696060180664, 0.18535590171813965, 0.19814586639404297, 0.20302224159240723, 0.18468046188354492, 0.1984405517578125, 0.21005678176879883, 0.19146943092346191, 0.20437002182006836, 0.20774221420288086, 0.21004319190979004, 0.20791912078857422, 0.21293187141418457, 0.19557619094848633, 0.20968937873840332, 0.19963669776916504, 0.18998408317565918, 0.20584392547607422, 0.20988917350769043, 0.19788432121276855, 0.18970441818237305, 0.21262812614440918, 0.18988323211669922, 0.19659924507141113, 0.20521926879882812, 0.19507455825805664, 0.2124028205871582, 0.19968271255493164, 0.18967938423156738, 0.2051982879638672, 0.21693921089172363, 0.22429919242858887, 0.20657634735107422, 0.20723962783813477, 0.1903243064880371, 0.19545578956604004, 0.21317172050476074, 0.18670272827148438, 0.20538330078125, 0.19214153289794922, 0.1876811981201172, 0.1950821876525879, 0.184370756149292, 0.20212626457214355, 0.1909952163696289, 0.18995261192321777, 0.1938176155090332, 0.19475269317626953, 0.19724774360656738, 0.19025659561157227, 0.20335006713867188, 0.19564294815063477, 0.19243788719177246, 0.19150233268737793, 0.19187402725219727, 0.20775055885314941, 0.206557035446167, 0.19452142715454102, 0.19153642654418945, 0.20943045616149902, 0.19979524612426758, 0.2111649513244629, 0.21176600456237793, 0.2072763442993164, 0.19555187225341797, 0.18794035911560059, 0.19226312637329102, 0.2017359733581543, 0.19250035285949707, 0.19014310836791992, 0.1955559253692627, 0.20815396308898926, 0.20178437232971191, 0.19275617599487305, 0.20446562767028809, 0.1935713291168213, 0.18835711479187012, 0.2163865566253662, 0.19052481651306152, 0.19882750511169434, 0.205718994140625, 0.2121565341949463, 0.2027907371520996, 0.20461344718933105, 0.19694995880126953, 0.20366120338439941, 0.19297456741333008, 0.19977545738220215, 0.19260430335998535, 0.21552515029907227, 0.19957351684570312, 0.20626330375671387, 0.20619702339172363, 0.22342276573181152, 0.20836687088012695, 0.2060856819152832, 0.1897289752960205, 0.20905852317810059, 0.18913745880126953, 0.22192144393920898, 0.20231199264526367, 0.1941678524017334, 0.20379137992858887, 0.19530725479125977, 0.20708537101745605, 0.18933510780334473, 0.19459152221679688, 0.1996443271636963, 0.2029263973236084, 0.20006084442138672, 0.19862961769104004, 0.18843913078308105, 0.19424223899841309, 0.20054006576538086, 0.20087456703186035, 0.19764471054077148, 0.20209288597106934, 0.18549084663391113, 0.1955881118774414, 0.20613598823547363, 0.1999835968017578, 0.18931174278259277, 0.18644952774047852, 0.19678640365600586, 0.20463228225708008, 0.1944878101348877, 0.19280576705932617, 0.18291115760803223, 0.1960604190826416, 0.18430376052856445, 0.21762824058532715, 0.1985340118408203, 0.2008507251739502, 0.19268298149108887, 0.1927800178527832, 0.1952652931213379, 0.20872020721435547, 0.1924145221710205, 0.19854259490966797, 0.2016465663909912, 0.20368719100952148, 0.18967795372009277, 0.19872736930847168, 0.20076799392700195, 0.18712902069091797, 0.19711971282958984, 0.2030031681060791, 0.19905495643615723, 0.21582579612731934, 0.21106362342834473, 0.19449353218078613, 0.19097328186035156, 0.1880483627319336, 0.19568586349487305, 0.1935410499572754, 0.20479512214660645, 0.19888758659362793, 0.20453810691833496, 0.18932700157165527, 0.18799209594726562, 0.21379327774047852, 0.1958913803100586, 0.19369149208068848, 0.21178865432739258, 0.20406794548034668, 0.18623948097229004, 0.19043993949890137, 0.1933422088623047, 0.18793821334838867, 0.2039930820465088, 0.2121880054473877, 0.1974034309387207, 0.20014142990112305, 0.20379638671875, 0.1976456642150879, 0.19059348106384277, 0.18809151649475098, 0.2105109691619873, 0.20780181884765625, 0.19903802871704102, 0.20491862297058105, 0.2108902931213379, 0.20576214790344238, 0.20633816719055176, 0.19859528541564941, 0.19239497184753418, 0.2071235179901123, 0.20619440078735352, 0.20348358154296875, 0.1933443546295166, 0.19404292106628418, 0.20346331596374512, 0.20725393295288086, 0.20192980766296387, 0.19169235229492188, 0.2134685516357422, 0.19717049598693848, 0.21363067626953125, 0.21909070014953613, 0.19724702835083008, 0.19746184349060059, 0.19826889038085938, 0.1994020938873291, 0.18688559532165527, 0.20056915283203125, 0.2031714916229248, 0.19633698463439941, 0.20165348052978516, 0.2120974063873291, 0.19584417343139648, 0.20211267471313477, 0.18735861778259277, 0.18195891380310059, 0.19107675552368164, 0.19969749450683594, 0.20096802711486816, 0.20048236846923828, 0.19603252410888672, 0.19907283782958984, 0.18926453590393066, 0.19337105751037598, 0.19657611846923828, 0.19407367706298828, 0.19049334526062012, 0.19944500923156738, 0.1978750228881836, 0.20667219161987305, 0.20383810997009277, 0.21895051002502441, 0.1929776668548584, 0.20715641975402832, 0.19427156448364258, 0.2119748592376709, 0.2046499252319336, 0.19496941566467285, 0.20247673988342285, 0.19623804092407227, 0.20083284378051758, 0.2013239860534668, 0.2007749080657959, 0.20473432540893555, 0.2028205394744873, 0.19221854209899902, 0.18570733070373535, 0.20355987548828125, 0.2010660171508789, 0.20142841339111328, 0.2036428451538086, 0.19809746742248535, 0.20172762870788574, 0.1948869228363037, 0.18895769119262695, 0.19522643089294434, 0.18536591529846191, 0.18382930755615234, 0.19148731231689453, 0.2025599479675293, 0.19643735885620117, 0.1983203887939453, 0.19552946090698242, 0.18569636344909668, 0.18584537506103516, 0.19248151779174805, 0.18924689292907715, 0.18250417709350586, 0.1864337921142578, 0.18995213508605957, 0.19675469398498535, 0.19479608535766602, 0.19575786590576172, 0.2071831226348877, 0.1986088752746582, 0.1866753101348877, 0.1916794776916504, 0.1886279582977295, 0.19910359382629395, 0.1950521469116211, 0.19834518432617188, 0.1915736198425293, 0.19707202911376953, 0.19928908348083496, 0.20123004913330078, 0.20460820198059082, 0.18326783180236816, 0.1813066005706787, 0.1997239589691162, 0.20226073265075684, 0.19695138931274414, 0.19965553283691406, 0.20363807678222656, 0.19616079330444336, 0.20085954666137695, 0.2040088176727295, 0.19448041915893555, 0.19615602493286133, 0.19876790046691895, 0.1983349323272705, 0.19390082359313965, 0.19184541702270508, 