{"ID": 0, "inference time": [0.22871160507202148, 0.16978096961975098, 0.21924138069152832, 0.16961169242858887, 0.20655083656311035, 0.1716780662536621, 0.1774120330810547, 0.19918227195739746, 0.17049598693847656, 0.18765497207641602, 0.16779303550720215, 0.17462921142578125, 0.192732572555542, 0.1651601791381836, 0.21080875396728516, 0.16164755821228027, 0.18510818481445312, 0.1802349090576172, 0.17772889137268066, 0.19748282432556152, 0.1737983226776123, 0.16316914558410645, 0.18779563903808594, 0.16514945030212402, 0.17733311653137207, 0.2021028995513916, 0.1602497100830078, 0.18339228630065918, 0.16952252388000488, 0.17263507843017578, 0.2085418701171875, 0.16922545433044434, 0.18520808219909668, 0.16762971878051758, 0.16552257537841797, 0.21113204956054688, 0.16802263259887695, 0.18163394927978516, 0.20345473289489746, 0.1660158634185791, 0.19738245010375977, 0.16559243202209473, 0.17009639739990234, 0.2006669044494629, 0.1638939380645752, 0.1899881362915039, 0.17108368873596191, 0.16999053955078125, 0.18777704238891602, 0.16220664978027344, 0.1995677947998047, 0.16306471824645996, 0.16130590438842773, 0.2134871482849121, 0.15918302536010742, 0.18253087997436523, 0.161590576171875, 0.1754467487335205, 0.18575811386108398, 0.1606006622314453, 0.2102203369140625, 0.16333675384521484, 0.18190979957580566, 0.17145442962646484, 0.16571664810180664, 0.19739866256713867, 0.16726088523864746, 0.16354846954345703, 0.19913029670715332, 0.16423702239990234, 0.18972063064575195, 0.16376042366027832, 0.16986680030822754, 0.21136808395385742, 0.16366052627563477, 0.19042181968688965, 0.1642589569091797, 0.16621947288513184, 0.19309639930725098, 0.16399884223937988, 0.20173358917236328, 0.16843247413635254, 0.17577624320983887, 0.17420673370361328, 0.1621840000152588, 0.19737553596496582, 0.1614389419555664, 0.16233587265014648, 0.19488859176635742, 0.16148996353149414, 0.17721247673034668, 0.20433712005615234, 0.1608138084411621, 0.18158268928527832, 0.17931365966796875, 0.1650998592376709, 0.20235013961791992, 0.16878414154052734, 0.18305230140686035, 0.17576289176940918, 0.15740680694580078, 0.19448161125183105, 0.16354918479919434, 0.1697554588317871, 0.1833629608154297, 0.1648387908935547, 0.16468310356140137, 0.19763898849487305, 0.16681861877441406, 0.18475580215454102, 0.16997361183166504, 0.16161656379699707, 0.20051932334899902, 0.17219209671020508, 0.17522358894348145, 0.1809852123260498, 0.16330432891845703, 0.1886601448059082, 0.16433048248291016, 0.16733264923095703, 0.1961829662322998, 0.15856170654296875, 0.1888422966003418, 0.18167781829833984, 0.16520428657531738, 0.20021724700927734, 0.1634063720703125, 0.17405486106872559, 0.20430517196655273, 0.16346001625061035, 0.19393587112426758, 0.1714928150177002, 0.1671605110168457, 0.1884918212890625, 0.1709909439086914, 0.17222309112548828, 0.19393134117126465, 0.16425776481628418, 0.1865684986114502, 0.1844019889831543, 0.16243314743041992, 0.1905679702758789, 0.18226027488708496, 0.16527175903320312, 0.17802953720092773, 0.1721327304840088, 0.17093276977539062, 0.18359899520874023, 0.16776561737060547, 0.18253755569458008, 0.18959927558898926, 0.16681241989135742, 0.1776728630065918, 0.17108511924743652, 0.18767333030700684, 0.16820120811462402, 0.1776597499847412, 0.17559385299682617, 0.16699647903442383, 0.18625450134277344, 0.16946744918823242, 0.17200398445129395, 0.1954057216644287, 0.16646075248718262, 0.18419599533081055, 0.1731243133544922, 0.16474413871765137, 0.19588828086853027, 0.17020821571350098, 0.1681976318359375, 0.1969897747039795, 0.16852116584777832, 0.17391133308410645, 0.198134183883667, 0.16124367713928223, 0.18055367469787598, 0.1751565933227539, 0.16514086723327637, 0.2001023292541504, 0.16572356224060059, 0.1762707233428955, 0.20305490493774414, 0.16495084762573242, 0.19126152992248535, 0.17719388008117676, 0.16516399383544922, 0.19805574417114258, 0.18034887313842773, 0.16689586639404297, 0.19797325134277344, 0.1676788330078125, 0.17902636528015137, 0.1807384490966797, 0.16698408126831055, 0.19238662719726562, 0.1692342758178711, 0.18296289443969727, 0.17126727104187012, 0.16385674476623535, 0.19652295112609863, 0.1719651222229004, 0.16895389556884766, 0.20263981819152832, 0.16253209114074707, 0.17880773544311523, 0.17427396774291992, 0.1641523838043213, 0.19332170486450195, 0.16638469696044922, 0.1711583137512207, 0.20423436164855957, 0.16849923133850098, 0.19967293739318848, 0.16950607299804688, 0.16460013389587402, 0.19101905822753906, 0.1631619930267334, 0.17861580848693848, 0.1787402629852295, 0.1612238883972168, 0.18330621719360352, 0.17303991317749023, 0.1806480884552002, 0.1887516975402832, 0.16457295417785645, 0.17976737022399902, 0.20755553245544434, 0.16409754753112793, 0.19220924377441406, 0.15834450721740723, 0.17130517959594727, 0.17944574356079102, 0.16743683815002441, 0.18669748306274414, 0.1672377586364746, 0.16837739944458008, 0.20174694061279297, 0.15884160995483398, 0.1937260627746582, 0.17147254943847656, 0.1667191982269287, 0.1997978687286377, 0.16448044776916504, 0.1672372817993164, 0.19060325622558594, 0.16658449172973633, 0.17750167846679688, 0.16949129104614258, 0.16447091102600098, 0.1887369155883789, 0.16847658157348633, 0.17509174346923828, 0.16125178337097168, 0.1695115566253662, 0.1887049674987793, 0.1607680320739746, 0.21256589889526367, 0.18094587326049805, 0.15823817253112793, 0.20873475074768066, 0.16073012351989746, 0.18479609489440918, 0.17117571830749512, 0.16228795051574707, 0.18204355239868164, 0.16304421424865723, 0.1651136875152588, 0.17212653160095215, 0.16347122192382812, 0.1671442985534668, 0.18436694145202637, 0.16720199584960938, 0.17882418632507324, 0.17879843711853027, 0.15909981727600098, 0.19654560089111328, 0.15500903129577637, 0.1673898696899414, 0.1909325122833252, 0.16344547271728516, 0.17262578010559082, 0.19706273078918457, 0.1627652645111084, 0.19985437393188477, 0.16734051704406738, 0.16673612594604492, 0.19456934928894043, 0.1622769832611084, 0.17521357536315918, 0.4080221652984619, 0.16233420372009277, 0.18418359756469727, 0.15967750549316406, 0.19426751136779785, 0.16948294639587402, 0.18130207061767578, 0.17310547828674316, 0.1604764461517334, 0.18919062614440918, 0.15963363647460938, 0.16485261917114258, 0.21131610870361328, 0.16313433647155762, 0.1735851764678955, 0.18233323097229004, 0.1735992431640625, 0.21085429191589355, 0.16104412078857422, 0.17479372024536133, 0.17233562469482422, 0.16554617881774902, 0.20674490928649902, 0.16191983222961426, 0.18524837493896484, 0.1722877025604248, 0.16089701652526855, 0.21080422401428223, 0.16730260848999023, 0.17739033699035645, 0.17064642906188965, 0.16507673263549805, 0.20166707038879395, 0.16443896293640137, 0.17002153396606445, 0.18079876899719238, 0.16456151008605957, 0.19391465187072754, 0.1694037914276123, 0.1651167869567871, 0.18452239036560059, 0.16355562210083008, 0.1686546802520752, 0.2278144359588623, 0.1655440330505371, 0.20831656455993652, 0.16158795356750488, 0.1915607452392578, 0.16285181045532227, 0.16762447357177734, 0.21605706214904785, 0.16239285469055176, 0.1989755630493164, 0.16702032089233398, 0.17246675491333008, 0.16645216941833496, 0.19147229194641113, 0.1778864860534668, 0.16492772102355957, 0.1723623275756836, 0.17041802406311035, 0.1633157730102539, 0.1662733554840088, 0.16632580757141113, 0.1699061393737793, 0.17924046516418457, 0.16961097717285156, 0.17511391639709473, 0.17762041091918945, 0.16805028915405273, 0.1826159954071045, 0.17359089851379395, 0.17353224754333496, 0.18632793426513672, 0.17599916458129883, 0.16991424560546875, 0.19715523719787598, 0.17794156074523926, 0.17450547218322754, 0.16426396369934082, 0.17595982551574707, 0.18687152862548828, 0.17036795616149902, 0.17995500564575195, 0.18670201301574707, 0.16607952117919922, 0.1818983554840088, 0.20169639587402344, 0.169175386428833, 0.19259905815124512, 0.17324304580688477, 0.1668257713317871, 0.18277239799499512, 0.16370534896850586, 0.17832303047180176, 