{"ID": 2, "inference time": [0.5118570327758789, 0.16139721870422363, 0.16918396949768066, 0.16283059120178223, 0.16300654411315918, 0.1675124168395996, 0.1660447120666504, 0.1602611541748047, 0.16234827041625977, 0.16400599479675293, 0.16748595237731934, 0.1645345687866211, 0.16753125190734863, 0.16733336448669434, 0.17122340202331543, 0.16404986381530762, 0.17269587516784668, 0.17883753776550293, 0.17064809799194336, 0.17383599281311035, 0.169755220413208, 0.17159008979797363, 0.16721034049987793, 0.16752147674560547, 0.1690845489501953, 0.16339802742004395, 0.16489386558532715, 0.16577672958374023, 0.17735576629638672, 0.17238616943359375, 0.1723794937133789, 0.16398978233337402, 0.1583702564239502, 0.16537237167358398, 0.1671276092529297, 0.1699671745300293, 0.16882562637329102, 0.16745948791503906, 0.16716885566711426, 0.16701579093933105, 0.16320490837097168, 0.1637125015258789, 0.16691851615905762, 0.16380596160888672, 0.16283965110778809, 0.1683669090270996, 0.16419100761413574, 0.16811800003051758, 0.1681680679321289, 0.16087865829467773, 0.1645066738128662, 0.1668260097503662, 0.16601252555847168, 0.16368317604064941, 0.1732466220855713, 0.16945648193359375, 0.17082524299621582, 0.16445112228393555, 0.16335320472717285, 0.17140841484069824, 0.16397738456726074, 0.1736593246459961, 0.16672539710998535, 0.16680479049682617, 0.16542935371398926, 0.16732501983642578, 0.16440963745117188, 0.16419410705566406, 0.16808676719665527, 0.16585564613342285, 0.16424989700317383, 0.16338467597961426, 0.16948223114013672, 0.16319632530212402, 0.16941070556640625, 0.15972328186035156, 0.1696007251739502, 0.1676807403564453, 0.167464017868042, 0.16477417945861816, 0.17699551582336426, 0.17344903945922852, 0.1672682762145996, 0.16800379753112793, 0.16597247123718262, 0.1692044734954834, 0.16729331016540527, 0.16643595695495605, 0.16401004791259766, 0.1655120849609375, 0.16590070724487305, 0.17014050483703613, 0.1677403450012207, 0.16840672492980957, 0.1656780242919922, 0.17454314231872559, 0.16847586631774902, 0.1652069091796875, 0.1661531925201416, 0.1678926944732666, 0.17460870742797852, 0.16562175750732422, 0.16414785385131836, 0.16797518730163574, 0.1678321361541748, 0.1691281795501709, 0.1696012020111084, 0.16913127899169922, 0.16977572441101074, 0.16939139366149902, 0.1632997989654541, 0.168381929397583, 0.16437983512878418, 0.17128276824951172, 0.16286444664001465, 0.1617419719696045, 0.16377878189086914, 0.1698453426361084, 0.16978979110717773, 0.16537094116210938, 0.1674952507019043, 0.17029166221618652, 0.16673612594604492, 0.16542363166809082, 0.1626732349395752, 0.16701197624206543, 0.16987228393554688, 0.1658036708831787, 0.16335821151733398, 0.17348623275756836, 0.1692826747894287, 0.1621079444885254, 0.17171812057495117, 0.1668987274169922, 0.16951346397399902, 0.16713714599609375, 0.16299819946289062, 0.16700315475463867, 0.1741809844970703, 0.16461968421936035, 0.17089581489562988, 0.16745424270629883, 0.16883111000061035, 0.16746282577514648, 0.17908477783203125, 0.16704154014587402, 0.16608810424804688, 0.16209125518798828, 0.16635394096374512, 0.16585588455200195, 0.16938567161560059, 0.1686265468597412, 0.16545844078063965, 0.16469573974609375, 0.1660606861114502, 0.16718792915344238, 0.16491174697875977, 0.1733686923980713, 0.16575837135314941, 0.1665961742401123, 0.165635347366333, 0.16029024124145508, 0.3250429630279541, 0.1625363826751709, 0.16999077796936035, 0.16883134841918945, 0.16740870475769043, 0.16544365882873535, 0.1669013500213623, 0.16552329063415527, 0.17047929763793945, 0.16599035263061523, 0.16633844375610352, 0.1643669605255127, 0.16681957244873047, 0.16538453102111816, 0.17020153999328613, 0.1639237403869629, 0.17099380493164062, 0.16739487648010254, 0.16809773445129395, 0.168471097946167, 0.17092680931091309, 0.1732025146484375, 0.16612553596496582, 0.1622910499572754, 0.1718437671661377, 0.1644904613494873, 0.16762185096740723, 0.16773343086242676, 0.1747722625732422, 0.1645798683166504, 0.16910481452941895, 0.16910648345947266, 0.16489195823669434, 0.16587328910827637, 0.16969537734985352, 0.16492366790771484, 0.16242265701293945, 0.16021466255187988, 0.16774225234985352, 0.16787171363830566, 0.16890716552734375, 0.16948461532592773, 0.1656508445739746, 0.1741504669189453, 0.16430211067199707, 0.1778552532196045, 0.171159029006958, 0.17171788215637207, 0.1659862995147705, 0.1636970043182373, 0.1716005802154541, 0.1649942398071289, 0.17150640487670898, 0.1718745231628418, 0.16559338569641113, 0.16869258880615234, 0.1607809066772461, 0.17207860946655273, 0.16951298713684082, 0.1676807403564453, 0.16505908966064453, 0.16743993759155273, 0.1673140525817871, 0.16466474533081055, 0.16430020332336426, 0.16567707061767578, 0.17480134963989258, 0.16640496253967285, 0.17177176475524902, 0.16532683372497559, 0.17283296585083008, 0.1697547435760498, 0.16859149932861328, 0.17033600807189941, 0.17101263999938965, 0.16823029518127441, 0.16875791549682617, 0.16171693801879883, 0.16835999488830566, 0.16372108459472656, 0.17119622230529785, 0.16998744010925293, 0.1682116985321045, 0.16405868530273438, 0.1713876724243164, 0.16326189041137695, 0.16318249702453613, 0.163102388381958, 0.16398930549621582, 0.17101812362670898, 0.16588878631591797, 0.16696739196777344, 0.1692969799041748, 0.16680264472961426, 0.16530466079711914, 0.1641998291015625, 0.16846442222595215, 0.16701388359069824, 0.16707324981689453, 0.17343521118164062, 0.16561079025268555, 0.16836118698120117, 0.16439127922058105, 0.16510224342346191, 0.16279125213623047, 0.16669440269470215, 0.16568946838378906, 0.16173791885375977, 0.1617751121520996, 0.16365385055541992, 0.1747725009918213, 0.1621382236480713, 0.16695332527160645, 0.16561484336853027, 0.16510248184204102, 0.16825008392333984, 0.17190027236938477, 0.1726970672607422, 0.17505431175231934, 0.1585373878479004, 0.16699552536010742, 0.1614978313446045, 0.16521883010864258, 0.16895532608032227, 0.16494464874267578, 0.16607904434204102, 0.16551589965820312, 0.1714005470275879, 0.17035913467407227, 0.1650834083557129, 0.1646742820739746, 0.16657567024230957, 0.1659071445465088, 0.16568517684936523, 0.17567062377929688, 0.16875386238098145, 0.16127300262451172, 0.16680264472961426, 0.16550207138061523, 0.1624906063079834, 0.17023110389709473, 0.16468119621276855, 0.17117547988891602, 0.16306805610656738, 0.16472554206848145, 0.15934085845947266, 0.16907930374145508, 0.16884303092956543, 0.16730690002441406, 0.16723847389221191, 0.16154098510742188, 0.16958117485046387, 0.17282748222351074, 0.16980361938476562, 0.17282438278198242, 0.16721248626708984, 0.16755270957946777, 0.16582489013671875, 0.16871190071105957, 0.16588854789733887, 0.16920018196105957, 0.1646709442138672, 0.16396307945251465, 0.1652212142944336, 0.16889524459838867, 0.1660318374633789, 0.1688830852508545, 0.16311264038085938, 0.17077040672302246, 0.16781353950500488, 0.16613411903381348, 0.16764044761657715, 0.16485261917114258, 0.16237449645996094, 0.16757464408874512, 0.16693639755249023, 0.16865921020507812, 0.1626596450805664, 0.16363286972045898, 0.16413450241088867, 0.1647930145263672, 0.17244553565979004, 0.1708974838256836, 0.16454792022705078, 0.16254305839538574, 0.16216540336608887, 0.16535305976867676, 0.16745328903198242, 0.16081619262695312, 0.16797137260437012, 0.16655588150024414, 0.16602277755737305, 0.16516423225402832, 0.16428899765014648, 0.16823530197143555, 0.16965246200561523, 0.16321921348571777, 0.16746878623962402, 0.16785955429077148, 0.16238665580749512, 0.16367292404174805, 0.1682901382446289, 0.17123770713806152, 0.1680448055267334, 0.17325448989868164, 0.16343903541564941, 0.16704821586608887, 0.1698622703552246, 0.17169880867004395, 0.1679246425628662, 0.17046880722045898, 0.16669249534606934, 0.16834259033203125, 0.1706523895263672, 0.1678006649017334, 0.17042183876037598, 0.1675257682800293, 0.1677720546722412, 0.16527032852172852, 0.1661529541015625, 0.1584160327911377, 0.1640033721923828, 0.17402100563049316, 