{"ID": 3, "inference time": [0.20792794227600098, 0.1907501220703125, 0.18738865852355957, 0.18451762199401855, 0.1784512996673584, 0.17863965034484863, 0.18697643280029297, 0.1834733486175537, 0.18266844749450684, 0.18243622779846191, 0.18453216552734375, 0.18754029273986816, 0.1823563575744629, 0.18725800514221191, 0.18484163284301758, 0.1892242431640625, 0.17970037460327148, 0.18190336227416992, 0.18932056427001953, 0.1732313632965088, 0.18451404571533203, 0.1865854263305664, 0.18200063705444336, 0.18494796752929688, 0.19060254096984863, 0.18917536735534668, 0.18695449829101562, 0.18683910369873047, 0.18498730659484863, 0.18621611595153809, 0.18572473526000977, 0.1843433380126953, 0.2423412799835205, 0.1858844757080078, 0.186553955078125, 0.1790637969970703, 0.18570995330810547, 0.18485450744628906, 0.1894078254699707, 0.18822479248046875, 0.18721508979797363, 0.1895313262939453, 0.18885064125061035, 0.18612289428710938, 0.18679428100585938, 0.18689465522766113, 0.1839122772216797, 0.1792006492614746, 0.185316801071167, 0.18167805671691895, 0.18779230117797852, 0.18456339836120605, 0.18767237663269043, 0.1872725486755371, 0.18996787071228027, 0.18918228149414062, 0.19144392013549805, 0.18971037864685059, 0.18840646743774414, 0.19324398040771484, 0.1882612705230713, 0.1898496150970459, 0.18023443222045898, 0.18508386611938477, 0.18941473960876465, 0.18623089790344238, 0.18648314476013184, 0.1832430362701416, 0.18612384796142578, 0.19048142433166504, 0.1904911994934082, 0.1786494255065918, 0.19239115715026855, 0.18494153022766113, 0.18660998344421387, 0.1956331729888916, 0.1847975254058838, 0.18215608596801758, 0.1833639144897461, 0.18116211891174316, 0.19078993797302246, 0.18317914009094238, 0.18180370330810547, 0.18703961372375488, 0.1836533546447754, 0.18416714668273926, 0.18593430519104004, 0.18318772315979004, 0.19252681732177734, 0.18374896049499512, 0.18840932846069336, 0.182145357131958, 0.1853482723236084, 0.18527626991271973, 0.18839693069458008, 0.18615221977233887, 0.1865074634552002, 0.18676280975341797, 0.187241792678833, 0.18020987510681152, 0.18122458457946777, 0.17777395248413086, 0.18700098991394043, 0.18201756477355957, 0.18523573875427246, 0.18646788597106934, 0.1836404800415039, 0.1837630271911621, 0.1880784034729004, 0.18488025665283203, 0.18113327026367188, 0.1849515438079834, 0.18412995338439941, 0.18449068069458008, 0.1896517276763916, 0.1842041015625, 0.18518280982971191, 0.18123984336853027, 0.1811530590057373, 0.1924571990966797, 0.18613481521606445, 0.19022107124328613, 0.18570852279663086, 0.1864006519317627, 0.175947904586792, 0.1862788200378418, 0.18659472465515137, 0.18907403945922852, 0.18536090850830078, 0.19043254852294922, 0.18883800506591797, 0.1818709373474121, 0.1866915225982666, 0.18760108947753906, 0.18735265731811523, 0.1840066909790039, 0.18141794204711914, 0.18115997314453125, 0.1814713478088379, 0.18332910537719727, 0.18360662460327148, 0.1827385425567627, 0.18580412864685059, 0.18706250190734863, 0.18988370895385742, 0.18680548667907715, 0.1839742660522461, 0.18343305587768555, 0.18317866325378418, 0.18476343154907227, 0.18526482582092285, 0.18822503089904785, 0.1841731071472168, 0.18587875366210938, 0.19682645797729492, 0.1788027286529541, 0.18767118453979492, 0.1833667755126953, 0.18986725807189941, 0.18941354751586914, 0.18302536010742188, 0.18647050857543945, 0.18386149406433105, 0.1872851848602295, 0.1856398582458496, 0.19141936302185059, 0.18034148216247559, 0.18179655075073242, 0.18348121643066406, 0.1945493221282959, 0.1794428825378418, 0.18933677673339844, 0.18471813201904297, 0.18175721168518066, 0.18607425689697266, 0.19064664840698242, 0.18524813652038574, 0.1863398551940918, 0.18660712242126465, 0.18448686599731445, 0.18721890449523926, 0.18734955787658691, 0.1860666275024414, 0.1921241283416748, 0.18838787078857422, 0.18506169319152832, 0.17307066917419434, 0.17834782600402832, 0.18507695198059082, 0.18774890899658203, 0.1839439868927002, 0.1829509735107422, 0.1823136806488037, 0.18413901329040527, 0.18296051025390625, 0.18552756309509277, 0.1849226951599121, 0.18378138542175293, 0.1850123405456543, 0.18283700942993164, 0.1914074420928955, 0.18146300315856934, 0.18448829650878906, 0.18418073654174805, 0.18120288848876953, 0.1818997859954834, 0.18796110153198242, 0.17713117599487305, 0.18746232986450195, 0.18241453170776367, 0.18589568138122559, 0.1838834285736084, 0.18799400329589844, 0.18030476570129395, 0.18870759010314941, 0.18436789512634277, 0.1857764720916748, 0.18005776405334473, 0.18454670906066895, 0.18891072273254395, 0.19243907928466797, 0.1858994960784912, 0.18357634544372559, 0.18103647232055664, 0.18233036994934082, 0.19026947021484375, 0.18303203582763672, 0.18258213996887207, 0.18717455863952637, 0.18519282341003418, 0.18470120429992676, 0.1853470802307129, 0.18752074241638184, 0.18662810325622559, 0.18221592903137207, 0.18909502029418945, 0.1893446445465088, 0.18457293510437012, 0.18934988975524902, 0.18480658531188965, 0.18341398239135742, 0.186614990234375, 0.1863846778869629, 0.18193864822387695, 0.1776437759399414, 0.1875474452972412, 0.1800858974456787, 0.18518376350402832, 0.18007826805114746, 0.18701815605163574, 0.18087172508239746, 0.18896484375, 0.18387842178344727, 0.18215465545654297, 0.18524956703186035, 0.1887819766998291, 0.18066143989562988, 0.18343877792358398, 0.18200898170471191, 0.1860971450805664, 0.1853013038635254, 0.18567466735839844, 0.18507027626037598, 0.18672466278076172, 0.18086743354797363, 0.18290162086486816, 0.18082714080810547, 0.18559479713439941, 0.1823272705078125, 0.18622970581054688, 0.18848013877868652, 0.1812906265258789, 0.18681955337524414, 0.1854562759399414, 0.1835012435913086, 0.18080472946166992, 0.18731117248535156, 0.1861422061920166, 0.18573689460754395, 0.18466901779174805, 0.18044757843017578, 0.18943190574645996, 0.18326425552368164, 0.1852710247039795, 0.18578863143920898, 0.1797771453857422, 0.18644356727600098, 0.18677639961242676, 0.18806242942810059, 0.1796431541442871, 0.18536806106567383, 0.18344569206237793, 0.18610072135925293, 0.18292856216430664, 0.1842970848083496, 0.18654251098632812, 0.18727612495422363, 0.1822648048400879, 0.18629050254821777, 0.19556140899658203, 0.18658828735351562, 0.18781185150146484, 0.18991470336914062, 0.19071435928344727, 0.18276000022888184, 0.18600249290466309, 0.1840353012084961, 0.18438148498535156, 0.18322253227233887, 0.1855616569519043, 0.18066668510437012, 0.18677449226379395, 0.18331480026245117, 0.18771028518676758, 0.18705439567565918, 0.18830490112304688, 0.1897566318511963, 0.18681955337524414, 0.18796968460083008, 0.18665480613708496, 0.18155765533447266, 0.1834564208984375, 0.186598539352417, 0.19047951698303223, 0.18538880348205566, 0.18307185173034668, 0.18341755867004395, 0.18369340896606445, 0.18728327751159668, 0.18079352378845215, 0.1829366683959961, 0.185960054397583, 0.18267130851745605, 0.1847400665283203, 0.18567609786987305, 0.18678593635559082, 0.18395376205444336, 0.1867969036102295, 0.18634915351867676, 0.1809859275817871, 0.18920660018920898, 0.1809089183807373, 0.18517684936523438, 0.17399001121520996, 0.19043183326721191, 0.1865384578704834, 0.18626141548156738, 0.1882781982421875, 0.18163657188415527, 0.18363571166992188, 0.18393611907958984, 0.18783283233642578, 0.19501137733459473, 0.19322872161865234, 0.18394708633422852, 0.18670344352722168, 0.18526387214660645, 0.18490099906921387, 0.18206310272216797, 0.18146657943725586, 0.18475556373596191, 0.18276333808898926, 0.1813199520111084, 0.18324971199035645, 0.1816251277923584, 0.19147610664367676, 0.18445658683776855, 0.18681716918945312, 0.19162797927856445, 0.19401192665100098, 0.18194913864135742, 0.18480968475341797, 0.1849966049194336, 0.18232202529907227, 0.1878952980041504, 0.1887211799621582, 0.18037199974060059, 0.18887901306152344, 0.18507599830627441, 0.1837775707244873, 0.19835281372070312, 0.1903223991394043, 0.19144535064697266, 0.18677020072937012, 0.1881699562072754, 