{"ID": 7, "inference time": [13.336313486099243, 0.13444185256958008, 0.09843206405639648, 0.1013176441192627, 0.13457655906677246, 0.11833763122558594, 0.10049748420715332, 0.13144826889038086, 0.10119843482971191, 0.09890103340148926, 0.13682007789611816, 0.08799362182617188, 0.0962221622467041, 0.1232452392578125, 0.10578680038452148, 0.10726499557495117, 0.12763547897338867, 0.09224271774291992, 0.09624481201171875, 0.1281733512878418, 0.09169912338256836, 0.09287643432617188, 0.1392199993133545, 0.09018254280090332, 0.097991943359375, 0.13180303573608398, 0.11304783821105957, 0.09705924987792969, 0.13115286827087402, 0.09889864921569824, 0.09531211853027344, 0.13662290573120117, 0.09125566482543945, 0.11259007453918457, 0.13336539268493652, 0.1062479019165039, 0.10139346122741699, 0.12909770011901855, 0.1096961498260498, 0.09698224067687988, 0.1362748146057129, 0.07936954498291016, 0.09706330299377441, 0.13083219528198242, 0.09993362426757812, 0.09875965118408203, 0.13486266136169434, 0.12581849098205566, 0.11174678802490234, 0.12584209442138672, 0.08871293067932129, 0.1014869213104248, 0.1367816925048828, 0.10602211952209473, 0.09794735908508301, 0.13310599327087402, 0.1143789291381836, 0.10376691818237305, 0.14369416236877441, 0.10452532768249512, 0.10510706901550293, 0.13401103019714355, 0.0927891731262207, 0.10335063934326172, 0.13273906707763672, 0.08821916580200195, 0.0996696949005127, 0.12683939933776855, 0.07575726509094238, 0.10096573829650879, 0.13828659057617188, 0.10023736953735352, 0.11951637268066406, 0.1325685977935791, 0.11037588119506836, 0.09820818901062012, 0.13438916206359863, 0.09679627418518066, 0.10210108757019043, 0.13464808464050293, 0.08264851570129395, 0.09765625, 0.13077783584594727, 0.10253643989562988, 0.11270308494567871, 0.14254140853881836, 0.10400152206420898, 0.10399627685546875, 0.1396806240081787, 0.11784482002258301, 0.1108083724975586, 0.13814473152160645, 0.09296321868896484, 0.09999608993530273, 0.1363382339477539, 0.09775042533874512, 0.11194324493408203, 0.1427009105682373, 0.10684490203857422, 0.10230684280395508, 0.1345808506011963, 0.10833859443664551, 0.10924911499023438, 0.1375446319580078, 0.08299136161804199, 0.10245490074157715, 0.1366291046142578, 0.10661959648132324, 0.10378909111022949, 0.12393975257873535, 0.10467100143432617, 0.10039710998535156, 0.14404892921447754, 0.08651924133300781, 0.10144853591918945, 0.1268148422241211, 0.10379195213317871, 0.10845494270324707, 0.13198304176330566, 0.1180424690246582, 0.10870242118835449, 0.1318831443786621, 0.09640121459960938, 0.10169267654418945, 0.13352465629577637, 0.10906577110290527, 0.10995817184448242, 0.1365199089050293, 0.09659504890441895, 0.10322117805480957, 0.1359844207763672, 0.09744477272033691, 0.1006917953491211, 0.13170790672302246, 0.10167098045349121, 0.10501933097839355, 0.13133668899536133, 0.09772491455078125, 0.1026301383972168, 0.13242030143737793, 0.10965275764465332, 0.10689854621887207, 0.13773322105407715, 0.09388232231140137, 0.11372494697570801, 0.14220261573791504, 0.08687806129455566, 0.10016632080078125, 0.134415864944458, 0.08660459518432617, 0.11263179779052734, 0.14155220985412598, 0.12195134162902832, 0.11339473724365234, 0.13794231414794922, 0.10863590240478516, 0.10809874534606934, 0.13351035118103027, 0.11347818374633789, 0.10226583480834961, 0.14182543754577637, 0.09161067008972168, 0.10197877883911133, 0.13303208351135254, 0.0834348201751709, 0.0984489917755127, 0.12890291213989258, 0.08346962928771973, 0.10752105712890625, 0.137495756149292, 0.11962175369262695, 0.1011652946472168, 0.14137864112854004, 0.08464694023132324, 0.10995912551879883, 0.13468027114868164, 0.08486771583557129, 0.11279869079589844, 0.14017891883850098, 0.09105348587036133, 0.11108088493347168, 0.1383051872253418, 0.09987068176269531, 0.11419844627380371, 0.14268255233764648, 0.09705567359924316, 0.10867071151733398, 0.1350867748260498, 0.09263849258422852, 0.1079409122467041, 0.14010071754455566, 0.09523892402648926, 0.11220574378967285, 0.14510416984558105, 0.10864615440368652, 0.10801410675048828, 0.13000726699829102, 0.09805989265441895, 0.1097104549407959, 0.1358320713043213, 0.11699271202087402, 0.10916686058044434, 0.13410353660583496, 0.10849499702453613, 0.10938858985900879, 0.14135456085205078, 0.09443402290344238, 0.11356496810913086, 0.13691949844360352, 0.08802056312561035, 0.10473775863647461, 0.13283038139343262, 0.10735297203063965, 0.11129522323608398, 0.13451719284057617, 0.09987640380859375, 0.11374759674072266, 0.1460278034210205, 0.09336423873901367, 0.10431766510009766, 0.13791131973266602, 0.09601545333862305, 0.10930585861206055, 0.1465590000152588, 0.09458494186401367, 0.10908913612365723, 0.14383196830749512, 0.1156609058380127, 0.10837244987487793, 0.13081073760986328, 0.09417223930358887, 0.09975886344909668, 0.1358644962310791, 0.09689760208129883, 0.10448050498962402, 0.13046550750732422, 0.1106572151184082, 0.1165304183959961, 0.1390063762664795, 0.11419105529785156, 0.1063084602355957, 0.13023781776428223, 0.09465217590332031, 0.10723543167114258, 0.13365602493286133, 0.09714603424072266, 0.10601019859313965, 0.14213252067565918, 0.11490845680236816, 0.1046595573425293, 0.15052199363708496, 0.11185240745544434, 0.10489988327026367, 0.13746309280395508, 0.09476709365844727, 0.10442948341369629, 0.13199257850646973, 0.09508538246154785, 0.10796618461608887, 0.1347942352294922, 0.07941579818725586, 0.10010099411010742, 0.13106274604797363, 0.08757162094116211, 0.10622811317443848, 0.14008426666259766, 0.10746288299560547, 0.1069486141204834, 0.13863635063171387, 0.09735536575317383, 0.10539817810058594, 0.1321427822113037, 0.09376335144042969, 0.11491894721984863, 0.1340312957763672, 0.09737324714660645, 0.10838699340820312, 0.14476537704467773, 0.10363531112670898, 0.10465073585510254, 0.1440277099609375, 0.09435272216796875, 0.10475277900695801, 0.14627957344055176, 0.10683035850524902, 0.11192822456359863, 0.1443347930908203, 0.10008358955383301, 0.10566306114196777, 0.13359546661376953, 0.09803509712219238, 0.1062917709350586, 0.14311909675598145, 0.1126255989074707, 0.10632729530334473, 0.13994264602661133, 0.10862541198730469, 0.10858011245727539, 0.14546513557434082, 0.11267471313476562, 0.10972094535827637, 0.14590835571289062, 0.11930227279663086, 0.09875249862670898, 0.1345691680908203, 0.07599306106567383, 0.10550665855407715, 0.14170074462890625, 0.09212541580200195, 0.1061553955078125, 0.14065337181091309, 0.08829951286315918, 0.10313916206359863, 0.12842130661010742, 0.07834792137145996, 0.10428547859191895, 0.12921571731567383, 0.08151102066040039, 0.10461711883544922, 0.13886523246765137, 0.09904217720031738, 0.1138453483581543, 0.1459825038909912, 0.09892702102661133, 0.10657906532287598, 0.14205336570739746, 0.07808780670166016, 0.10521745681762695, 0.13030052185058594, 0.07248353958129883, 0.1002810001373291, 0.1293473243713379, 0.09101486206054688, 0.11147141456604004, 0.14694905281066895, 0.09315228462219238, 0.11507940292358398, 0.1457977294921875, 0.10994267463684082, 0.11127948760986328, 0.1386113166809082, 0.09549832344055176, 0.10543155670166016, 0.13598299026489258, 0.08537626266479492, 0.11036801338195801, 0.14762258529663086, 0.10167956352233887, 0.10609602928161621, 0.1539006233215332, 0.11696505546569824, 0.10518121719360352, 0.13691234588623047, 0.08297300338745117, 0.11060786247253418, 0.14693570137023926, 0.08478951454162598, 0.11371040344238281, 0.15412139892578125, 0.08984375, 0.10907816886901855, 0.14803433418273926, 0.10972738265991211, 0.11039519309997559, 0.14741063117980957, 0.08964157104492188, 0.11259293556213379, 0.15035796165466309, 0.08530712127685547, 0.10774874687194824, 0.14103460311889648, 0.09429812431335449, 0.10686492919921875, 0.1373894214630127, 0.0825958251953125, 0.1035921573638916, 0.1310715675354004, 0.0861356258392334, 0.10104060173034668, 0.14479994773864746, 0.08635830879211426, 0.10295891761779785, 0.13634252548217773, 0.08554410934448242,