{"ID": 5, "inference time": [8.733579397201538, 0.11055231094360352, 0.13419246673583984, 0.06416869163513184, 0.0427861213684082, 0.08473038673400879, 0.06456208229064941, 0.04235386848449707, 0.08371114730834961, 0.061589956283569336, 0.04263448715209961, 0.0894474983215332, 0.06264400482177734, 0.04114222526550293, 0.08436894416809082, 0.13805484771728516, 0.08613967895507812, 0.16763782501220703, 0.09449982643127441, 0.06449651718139648, 0.09216809272766113, 0.07945036888122559, 0.06453704833984375, 0.10003805160522461, 0.0702674388885498, 0.06122612953186035, 0.09497332572937012, 0.06990671157836914, 0.062081098556518555, 0.10220766067504883, 0.08540153503417969, 0.06423687934875488, 0.09812426567077637, 0.060419559478759766, 0.06171011924743652, 0.10492134094238281, 0.09234762191772461, 0.06764101982116699, 0.09010744094848633, 0.08237552642822266, 0.061794281005859375, 0.09150934219360352, 0.07342004776000977, 0.06341052055358887, 0.09595680236816406, 0.0782783031463623, 0.06326699256896973, 0.09860086441040039, 0.08771204948425293, 0.06326580047607422, 0.09336161613464355, 0.08572602272033691, 0.06647133827209473, 0.10113000869750977, 0.07360410690307617, 0.06232857704162598, 0.09490847587585449, 0.059105873107910156, 0.0646970272064209, 0.1114201545715332, 0.08325433731079102, 0.06580495834350586, 0.10291647911071777, 0.07629728317260742, 0.06266975402832031, 0.10236144065856934, 0.06221652030944824, 0.06065869331359863, 0.10319995880126953, 0.08997893333435059, 0.06364774703979492, 0.10287332534790039, 0.06889104843139648, 0.06227993965148926, 0.09871196746826172, 0.08179092407226562, 0.06314563751220703, 0.1037752628326416, 0.06474423408508301, 0.06247591972351074, 0.09772062301635742, 0.06187868118286133, 0.06629419326782227, 0.11450648307800293, 0.08665013313293457, 0.06655001640319824, 0.0970149040222168, 0.08817744255065918, 0.06350541114807129, 0.09921479225158691, 0.0723273754119873, 0.06373882293701172, 0.09986066818237305, 0.06012320518493652, 0.06612348556518555, 0.10616421699523926, 0.07220721244812012, 0.06328034400939941, 0.10029864311218262, 0.08397626876831055, 0.06442880630493164, 0.09537291526794434, 0.08236885070800781, 0.0631864070892334, 0.10029196739196777, 0.07156062126159668, 0.06393861770629883, 0.09922051429748535, 0.058173418045043945, 0.06727743148803711, 0.10916972160339355, 0.09088492393493652, 0.07038617134094238, 0.09431958198547363, 0.08150172233581543, 0.06417346000671387, 0.10364365577697754, 0.0697779655456543, 0.06493234634399414, 0.09965109825134277, 0.06148982048034668, 0.06880068778991699, 0.11095666885375977, 0.08425426483154297, 0.07034873962402344, 0.1018667221069336, 0.07920622825622559, 0.06324982643127441, 0.1026468276977539, 0.05852055549621582, 0.06549715995788574, 0.10642814636230469, 0.08773326873779297, 0.06473112106323242, 0.10066986083984375, 0.07231593132019043, 0.06321382522583008, 0.10688900947570801, 0.06397342681884766, 0.06286382675170898, 0.1041419506072998, 0.06825375556945801, 0.06324458122253418, 0.09606170654296875, 0.09348607063293457, 0.06587862968444824, 0.10271763801574707, 0.07903361320495605, 0.06312847137451172, 0.10492062568664551, 0.07553434371948242, 0.06335306167602539, 0.10226941108703613, 0.07370948791503906, 0.06285405158996582, 0.10309290885925293, 0.07759952545166016, 0.06380462646484375, 0.09762024879455566, 0.06213498115539551, 0.05815482139587402, 0.10298037528991699, 0.05867910385131836, 0.06669259071350098, 0.11330366134643555, 0.09477806091308594, 0.06885981559753418, 0.09649920463562012, 0.07362508773803711, 0.06731867790222168, 0.10818958282470703, 0.060866355895996094, 0.06378865242004395, 0.10711336135864258, 0.07005190849304199, 0.06300210952758789, 0.1054685115814209, 0.058075904846191406, 0.07088470458984375, 0.10181283950805664, 0.06744027137756348, 0.06389927864074707, 0.09640073776245117, 0.0891258716583252, 0.06507229804992676, 0.10674285888671875, 0.07062435150146484, 0.06320834159851074, 0.11138105392456055, 0.058832406997680664, 0.05452108383178711, 0.09598731994628906, 0.05666089057922363, 0.056447744369506836, 0.09258794784545898, 0.06018829345703125, 0.05791878700256348, 0.10552716255187988, 0.05885434150695801, 0.060140371322631836, 0.0990912914276123, 0.06029510498046875, 0.06108832359313965, 0.10430574417114258, 0.06079220771789551, 0.06187558174133301, 0.10199475288391113, 0.05668473243713379, 0.055905818939208984, 0.09404683113098145, 0.06911945343017578, 0.062189340591430664, 0.10161542892456055, 0.08146357536315918, 0.061553239822387695, 0.10105323791503906, 0.07245063781738281, 0.06145310401916504, 0.10358881950378418, 0.07433414459228516, 0.06113314628601074, 0.10490155220031738, 0.05616164207458496, 0.0587460994720459, 0.10065197944641113, 0.06879591941833496, 0.05658531188964844, 0.1057744026184082, 0.06785178184509277, 0.06204819679260254, 0.10157418251037598, 0.07244515419006348, 0.0613102912902832, 0.10214996337890625, 0.060150146484375, 0.062415361404418945, 0.10434269905090332, 0.07339215278625488, 0.06145429611206055, 0.09963107109069824, 0.060587406158447266, 0.061403751373291016, 0.10058069229125977, 0.06383228302001953, 0.06268930435180664, 0.10225415229797363, 0.07365202903747559, 0.06137871742248535, 0.10696792602539062, 0.07478213310241699, 0.06131267547607422, 0.10202693939208984, 0.07036042213439941, 0.06223773956298828, 0.10401034355163574, 0.07114672660827637, 0.06179451942443848, 0.0980527400970459, 0.07585954666137695, 0.06081843376159668, 0.10136890411376953, 0.0762937068939209, 0.061142683029174805, 0.10614204406738281, 0.06949114799499512, 0.06189441680908203, 0.10480475425720215, 0.0597681999206543, 0.06226611137390137, 0.10331940650939941, 0.0795893669128418, 0.061393022537231445, 0.10421538352966309, 0.07562971115112305, 0.06201028823852539, 0.10146284103393555, 0.07874631881713867, 0.06271481513977051, 0.10155606269836426, 0.09427356719970703, 0.06359100341796875, 0.10329413414001465, 0.07574582099914551, 0.06165790557861328, 0.10388636589050293, 0.07482457160949707, 0.06182360649108887, 0.09998941421508789, 0.08581709861755371, 0.06117844581604004, 0.10620975494384766, 0.07162070274353027, 0.06285762786865234, 0.10503292083740234, 0.059133052825927734, 0.06141209602355957, 0.10349106788635254, 0.059294939041137695, 0.0602719783782959, 0.0997476577758789, 0.05917048454284668, 0.060315608978271484, 0.10355019569396973, 0.07764267921447754, 0.06288909912109375, 0.10186290740966797, 0.0831141471862793, 0.06050920486450195, 0.10623478889465332, 0.057709455490112305, 0.06073760986328125, 0.10575485229492188, 0.0718088150024414, 0.06286454200744629, 0.10231947898864746, 0.06638050079345703, 0.060939788818359375, 0.10184264183044434, 0.06833076477050781, 0.06051039695739746, 0.10731005668640137, 0.09363961219787598, 0.06461191177368164, 0.10394740104675293, 0.07227587699890137, 0.06034374237060547, 0.10230660438537598, 0.07105207443237305, 0.05991959571838379, 0.10248374938964844, 0.09412074089050293, 0.06532502174377441, 0.10140299797058105, 0.08347511291503906, 0.06413722038269043, 0.10299062728881836, 0.08291792869567871, 0.06017112731933594, 0.10385990142822266, 0.058182716369628906, 0.06004786491394043, 0.09969711303710938, 0.08556509017944336, 0.059696197509765625, 0.10469937324523926, 0.10172057151794434, 0.06068754196166992, 0.1015617847442627, 0.07395076751708984, 0.059500932693481445, 0.10571765899658203, 0.07520246505737305, 0.059502363204956055, 0.10598039627075195, 0.0659642219543457, 0.059417009353637695, 0.10582542419433594, 0.08046650886535645, 0.06032276153564453, 0.10349464416503906, 0.07304048538208008, 0.059458255767822266, 0.10266518592834473, 0.06568145751953125, 0.05920863151550293, 0.10369348526000977, 0.06121468544006348, 0.059736013412475586, 0.10361623764038086, 0.08121442794799805, 0.05968022346496582, 0.10727882385253906, 0.07243180274963379, 0.059302330017089844, 0.1064748764038086, 0.05880856513977051, 0.05680227279663086, 0.10262823104858398, 0.05849623680114746, 