{"ID": 0, "inference time": [6.394296169281006, 0.043852806091308594, 0.04358029365539551, 0.07972979545593262, 0.04766535758972168, 0.04790186882019043, 0.04838418960571289, 0.043259382247924805, 0.04342317581176758, 0.04761362075805664, 0.041226863861083984, 0.04051089286804199, 0.04054427146911621, 0.04124736785888672, 0.04018545150756836, 0.04172348976135254, 0.0409846305847168, 0.04146862030029297, 0.0415341854095459, 0.03986716270446777, 0.04074716567993164, 0.04142475128173828, 0.040418148040771484, 0.04180288314819336, 0.04332423210144043, 0.04025077819824219, 0.04280281066894531, 0.04286956787109375, 0.04066586494445801, 0.04329180717468262, 0.10915517807006836, 0.09313750267028809, 0.06515622138977051, 0.06824111938476562, 0.06266975402832031, 0.03978776931762695, 0.07587695121765137, 0.06920814514160156, 0.07383465766906738, 0.06548428535461426, 0.07643818855285645, 0.0839376449584961, 0.0718376636505127, 0.06176042556762695, 0.05911564826965332, 0.04842352867126465, 0.07685732841491699, 0.07370448112487793, 0.07526063919067383, 0.07171034812927246, 0.07918763160705566, 0.07870006561279297, 0.08436870574951172, 0.08178281784057617, 0.08287787437438965, 0.07346367835998535, 0.06988048553466797, 0.06578850746154785, 0.07292771339416504, 0.07194733619689941, 0.07813262939453125, 0.08362126350402832, 0.08423519134521484, 0.0834193229675293, 0.07738947868347168, 0.07093119621276855, 0.06685376167297363, 0.06971621513366699, 0.05575442314147949, 0.0816044807434082, 0.07915925979614258, 0.08329534530639648, 0.07400727272033691, 0.06260848045349121, 0.05824112892150879, 0.0724337100982666, 0.06912064552307129, 0.0718231201171875, 0.05701470375061035, 0.05561423301696777, 0.0770258903503418, 0.08990955352783203, 0.07750153541564941, 0.07229876518249512, 0.06629228591918945, 0.06587815284729004, 0.0661478042602539, 0.03861522674560547, 0.07373404502868652, 0.07060003280639648, 0.07209205627441406, 0.06919598579406738, 0.07344770431518555, 0.07539939880371094, 0.07283687591552734, 0.06825518608093262, 0.06838655471801758, 0.056442975997924805, 0.07952094078063965, 0.07860517501831055, 0.07865500450134277, 0.07659101486206055, 0.06475567817687988, 0.06760859489440918, 0.043183326721191406, 0.0691988468170166, 0.07224392890930176, 0.07790899276733398, 0.08609867095947266, 0.07563257217407227, 0.08280467987060547, 0.07376480102539062, 0.06573820114135742, 0.07001662254333496, 0.06981182098388672, 0.05208253860473633, 0.08027148246765137, 0.08531785011291504, 0.07359170913696289, 0.06615924835205078, 0.05949592590332031, 0.0689241886138916, 0.07976794242858887, 0.07761526107788086, 0.07642173767089844, 0.0700218677520752, 0.07123041152954102, 0.05187702178955078, 0.06821346282958984, 0.08458805084228516, 0.08320426940917969, 0.07496857643127441, 0.06698322296142578, 0.06309342384338379, 0.056066036224365234, 0.08151960372924805, 0.07417058944702148, 0.07354044914245605, 0.06811285018920898, 0.07212209701538086, 0.05980682373046875, 0.08177852630615234, 0.07927656173706055, 0.08428144454956055, 0.07438206672668457, 0.06528449058532715, 0.07428288459777832, 0.06181001663208008, 0.04507946968078613, 0.07258749008178711, 0.07889223098754883, 0.08326053619384766, 0.08434867858886719, 0.07345962524414062, 0.0635216236114502, 0.05754566192626953, 0.06934809684753418, 0.08195185661315918, 0.07836270332336426, 0.07673239707946777, 0.07683753967285156, 0.07780766487121582, 0.07764911651611328, 0.07391715049743652, 0.07998538017272949, 0.07557368278503418, 0.0708005428314209, 0.07855486869812012, 0.06722664833068848, 0.08006405830383301, 0.07634091377258301, 0.06846451759338379, 0.07392764091491699, 0.07077980041503906, 0.05600452423095703, 0.07558441162109375, 0.07755327224731445, 0.09074592590332031, 0.07422494888305664, 0.07132792472839355, 0.07316374778747559, 0.0508570671081543, 0.07160758972167969, 0.07426166534423828, 0.09115242958068848, 0.07462072372436523, 0.06532835960388184, 0.07000160217285156, 0.050375938415527344, 0.07374143600463867, 0.08080720901489258, 0.0817110538482666, 0.06672430038452148, 0.07018852233886719, 0.06510090827941895, 0.04331326484680176, 0.07286810874938965, 0.07773661613464355, 0.07391691207885742, 0.0755622386932373, 0.08095884323120117, 0.0858609676361084, 0.0776674747467041, 0.07875418663024902, 0.06716322898864746, 0.06973481178283691, 0.07308197021484375, 0.05846452713012695, 0.07958340644836426, 0.07963347434997559, 0.08638978004455566, 0.07457709312438965, 0.07097601890563965, 0.0715341567993164, 0.07324910163879395, 0.0823829174041748, 0.0797429084777832, 0.08595490455627441, 0.08410453796386719, 0.07577157020568848, 0.07631707191467285, 0.07991313934326172, 0.07802033424377441, 0.07511138916015625, 0.0781564712524414, 0.07619714736938477, 0.06845831871032715, 0.06585550308227539, 0.06346487998962402, 0.07935118675231934, 0.09153175354003906, 0.06779217720031738, 0.07148098945617676, 0.07320046424865723, 0.054496049880981445, 0.07166695594787598, 0.0799105167388916, 0.0841822624206543, 0.07541894912719727, 0.06621456146240234, 0.06791329383850098, 0.045278310775756836, 0.06866574287414551, 0.08193826675415039, 0.08201193809509277, 0.07636666297912598, 0.06602048873901367, 0.06755971908569336, 0.053777217864990234, 0.08016371726989746, 0.07191038131713867, 0.06934237480163574, 0.07377243041992188, 0.06443333625793457, 0.05956411361694336, 0.080902099609375, 0.0781545639038086, 0.08389616012573242, 0.07946348190307617, 0.06786966323852539, 0.07262945175170898, 0.06006050109863281, 0.06474542617797852, 0.08076333999633789, 0.08132791519165039, 0.0783531665802002, 0.07006978988647461, 0.07013416290283203, 0.06866574287414551, 0.05275845527648926, 0.07043981552124023, 0.07651996612548828, 0.08449888229370117, 0.08675885200500488, 0.07802414894104004, 0.07190918922424316, 0.07721114158630371, 0.07373428344726562, 0.08358430862426758, 0.08108305931091309, 0.08829855918884277, 0.07904815673828125, 0.07455658912658691, 0.07240700721740723, 0.07303595542907715, 0.07786011695861816, 0.07523393630981445, 0.07633566856384277, 0.0754845142364502, 0.0766136646270752, 0.07607269287109375, 0.07627248764038086, 0.07259297370910645, 0.07967281341552734, 0.07063460350036621, 0.06764841079711914, 0.07567286491394043, 0.07512664794921875, 0.06785988807678223, 0.0754404067993164, 0.07232522964477539, 0.07827639579772949, 0.07392454147338867, 0.06925702095031738, 0.07390713691711426, 0.08284759521484375, 0.08413267135620117, 0.0778970718383789, 0.07385635375976562, 0.07367157936096191, 0.07185626029968262, 0.0757436752319336, 0.07631468772888184, 0.0724802017211914, 0.07342839241027832, 0.06679344177246094, 0.07094216346740723, 0.07980847358703613, 0.08540940284729004, 0.07765007019042969, 0.07234549522399902, 0.07635855674743652, 0.07372093200683594, 0.06608438491821289, 0.07082128524780273, 0.049636125564575195, 0.06143951416015625, 0.0851891040802002, 0.08080911636352539, 0.07207179069519043, 0.06663656234741211, 0.0606532096862793, 0.06972646713256836, 0.07906055450439453, 0.07702231407165527, 0.07508707046508789, 0.07351422309875488, 0.07475662231445312, 0.07265615463256836, 0.07662081718444824, 0.08102560043334961, 0.08336234092712402, 0.07580780982971191, 0.07542157173156738, 0.07250809669494629, 0.0733187198638916, 0.07558083534240723, 0.07221436500549316, 0.07429862022399902, 0.07461905479431152, 0.07432198524475098, 0.07881474494934082, 0.07383894920349121, 0.07198643684387207, 0.06997990608215332, 0.06488943099975586, 0.058531761169433594, 0.08140754699707031, 0.07993197441101074, 0.08519935607910156, 0.07701539993286133, 0.07059645652770996, 0.0742030143737793, 0.0764462947845459, 0.07651305198669434, 0.0835723876953125, 0.07710528373718262, 0.06678247451782227, 0.06495904922485352, 0.05431246757507324, 0.06916618347167969, 0.0738987922668457, 0.07779169082641602, 0.07750701904296875, 0.07302236557006836, 0.07875514030456543, 0.0769040584564209, 0.0844573974609375, 0.07083439826965332, 0.06591057777404785, 0.06558656692504883, 