{"ID": 0, "inference time": [0.3048670291900635, 0.2882087230682373, 0.20583391189575195, 0.21275854110717773, 0.2225027084350586, 0.20068717002868652, 0.24895000457763672, 0.25271129608154297, 0.23374104499816895, 0.2744259834289551, 0.22196722030639648, 0.22542715072631836, 0.23914813995361328, 0.21534943580627441, 0.25185179710388184, 0.22053217887878418, 0.2482740879058838, 0.2129368782043457, 0.23352837562561035, 0.22296404838562012, 0.2340993881225586, 0.22601580619812012, 0.22708916664123535, 0.22189998626708984, 0.22033405303955078, 0.21513009071350098, 0.3192896842956543, 0.34078526496887207, 0.3519773483276367, 0.327014684677124, 0.26370859146118164, 0.24756288528442383, 0.3102295398712158, 0.2800159454345703, 0.36147284507751465, 0.37572216987609863, 0.326092004776001, 0.32329726219177246, 0.329042911529541, 0.3286912441253662, 0.3147397041320801, 0.3092668056488037, 0.325117826461792, 0.17991900444030762, 0.26943516731262207, 0.21306395530700684, 0.24554896354675293, 0.25116491317749023, 0.20006346702575684, 0.37108850479125977, 0.38905930519104004, 0.33026790618896484, 0.2303786277770996, 0.21318507194519043, 0.1868581771850586, 0.19319963455200195, 0.20783138275146484, 0.25618720054626465, 0.24449753761291504, 0.2564218044281006, 0.23240447044372559, 0.2637495994567871, 0.2642972469329834, 0.18088769912719727, 0.24501681327819824, 0.216627836227417, 0.26645421981811523, 0.23909854888916016, 0.2964308261871338, 0.2454228401184082, 0.22321343421936035, 0.21912813186645508, 0.2657763957977295, 0.2289116382598877, 0.27782678604125977, 0.2351241111755371, 0.27387332916259766, 0.24270415306091309, 0.23230791091918945, 0.23379015922546387, 0.218034029006958, 0.19143390655517578, 0.23269915580749512, 0.2301785945892334, 0.26445841789245605, 0.22600650787353516, 0.22311019897460938, 0.2449638843536377, 0.24114680290222168, 0.24580168724060059, 0.23303866386413574, 0.2529914379119873, 0.2686803340911865, 0.22805452346801758, 0.2188422679901123, 0.21801328659057617, 0.26317906379699707, 0.23315644264221191, 0.22280335426330566, 0.23067498207092285, 0.2634568214416504, 0.21475839614868164, 0.28662610054016113, 0.2523059844970703, 0.23778009414672852, 0.21623945236206055, 0.2296760082244873, 0.1933126449584961, 0.2801172733306885, 0.26253795623779297, 0.2211928367614746, 0.24051737785339355, 0.22606205940246582, 0.21550965309143066, 0.238600492477417, 0.24796271324157715, 0.21618270874023438, 0.23651742935180664, 0.22661972045898438, 0.2444448471069336, 0.2605471611022949, 0.2823772430419922, 0.27548670768737793, 0.21568703651428223, 0.22703957557678223, 0.23543000221252441, 0.24438142776489258, 0.24718880653381348, 0.2174053192138672, 0.2357792854309082, 0.23405146598815918, 0.22954845428466797, 0.2277679443359375, 0.22875690460205078, 0.221085786819458, 0.21388530731201172, 0.27460527420043945, 0.28912878036499023, 0.20489954948425293, 0.2461860179901123, 0.23699641227722168, 0.196946382522583, 0.3054978847503662, 0.2639317512512207, 0.21733427047729492, 0.25563931465148926, 0.21795940399169922, 0.22926998138427734, 0.28099560737609863, 0.23512482643127441, 0.2004377841949463, 0.23565363883972168, 0.25142693519592285, 0.19518017768859863, 0.23716354370117188, 0.21576976776123047, 0.2796463966369629, 0.2395796775817871, 0.2717299461364746, 0.2449951171875, 0.24217605590820312, 0.23504400253295898, 0.2034311294555664, 0.2685661315917969, 0.24692225456237793, 0.25495123863220215, 0.21299147605895996, 0.29437828063964844, 0.21223068237304688, 0.30336713790893555, 0.260023832321167, 0.21454071998596191, 0.26950693130493164, 0.2326524257659912, 0.22752070426940918, 0.27515602111816406, 0.24473023414611816, 0.23649859428405762, 0.20688295364379883, 0.2519218921661377, 0.20599746704101562, 0.2588465213775635, 0.2484142780303955, 0.25185251235961914, 0.24631619453430176, 0.24401187896728516, 0.227447509765625, 0.26146793365478516, 0.27632927894592285, 0.257861852645874, 0.2572610378265381, 0.24258947372436523, 0.2404942512512207, 0.26337242126464844, 0.24347972869873047, 0.21401071548461914, 0.24388504028320312, 0.24198007583618164, 0.2643918991088867, 0.22814631462097168, 0.2216053009033203, 0.25152158737182617, 0.22856831550598145, 0.2660994529724121, 0.22371482849121094, 0.20398163795471191, 0.26885485649108887, 0.24285387992858887, 0.21959900856018066, 0.22403907775878906, 0.27156519889831543, 0.23499321937561035, 0.2100539207458496, 0.23359131813049316, 0.24089431762695312, 0.21616220474243164, 0.26663684844970703, 0.21650075912475586, 0.23316359519958496, 0.23592042922973633, 0.2444615364074707, 0.24957847595214844, 0.2361307144165039, 0.23272418975830078, 0.24380254745483398, 0.2192094326019287, 0.2690722942352295, 0.21314668655395508, 0.26760435104370117, 0.24345183372497559, 0.21846413612365723, 0.28062009811401367, 0.21498608589172363, 0.22179222106933594, 0.23113703727722168, 0.23191404342651367, 0.2839357852935791, 0.2550978660583496, 0.2315986156463623, 0.21950101852416992, 0.2564098834991455, 0.21068429946899414, 0.2597229480743408, 0.2510254383087158, 0.2268059253692627, 0.24538946151733398, 0.2444016933441162, 0.25289201736450195, 0.2408585548400879, 0.23940324783325195, 0.25148582458496094, 0.20436716079711914, 0.21919465065002441, 0.2308793067932129, 0.21146321296691895, 0.28003501892089844, 0.2485494613647461, 0.24343204498291016, 0.21572065353393555, 0.2559471130371094, 0.28244948387145996, 0.21833205223083496, 0.2367105484008789, 0.22769570350646973, 0.23933768272399902, 0.26442861557006836, 0.22637462615966797, 0.25522518157958984, 0.27152419090270996, 0.23968005180358887, 0.22641682624816895, 0.27457427978515625, 0.2694077491760254, 0.22612214088439941, 0.21083498001098633, 0.24780845642089844, 0.233870267868042, 0.2595365047454834, 0.2573418617248535, 0.23373818397521973, 0.2722620964050293, 0.2543327808380127, 0.24938106536865234, 0.26204609870910645, 0.21439838409423828, 0.23645305633544922, 0.2509160041809082, 0.22399306297302246, 0.23592925071716309, 0.2589857578277588, 0.2584359645843506, 0.21184587478637695, 0.23681378364562988, 0.23286724090576172, 0.2690093517303467, 0.24513816833496094, 0.2273271083831787, 0.24472856521606445, 0.2290642261505127, 0.2266702651977539, 0.2403116226196289, 0.251476526260376, 0.2493290901184082, 0.21768498420715332, 0.2369401454925537, 0.24425792694091797, 0.23624491691589355, 0.21872854232788086, 0.26873016357421875, 0.2144005298614502, 0.222503662109375, 0.24129033088684082, 0.2510061264038086, 0.25493764877319336, 0.24099349975585938, 0.237321138381958, 0.2174365520477295, 0.24906706809997559, 0.2517116069793701, 0.22873878479003906, 0.2405385971069336, 0.24271821975708008, 0.2516744136810303, 0.20444583892822266, 0.27071118354797363, 0.2773909568786621, 0.21167516708374023, 0.2610602378845215, 0.22533845901489258, 0.23368215560913086, 0.27525973320007324, 0.2563619613647461, 0.2323293685913086, 0.24057292938232422, 0.22499608993530273, 0.23495149612426758, 0.2219388484954834, 0.26532721519470215, 0.23341584205627441, 0.2251284122467041, 0.23809599876403809, 0.2728724479675293, 0.25730443000793457, 0.2905287742614746, 0.2750284671783447, 0.21718907356262207, 0.22476506233215332, 0.245316743850708, 0.2088916301727295, 0.2526581287384033, 0.2451632022857666, 0.27759480476379395, 0.25511908531188965, 0.26864004135131836, 0.27858710289001465, 0.20734715461730957, 0.2369554042816162, 0.20345258712768555, 0.2409517765045166, 0.2519185543060303, 0.21264410018920898, 0.21340560913085938, 0.21387743949890137, 0.2656428813934326, 0.2628750801086426, 0.2277538776397705, 0.25498175621032715, 0.23651528358459473, 0.261993408203125, 0.2368001937866211, 0.23451662063598633, 0.23353910446166992, 0.2525045871734619, 0.2360210418701172, 0.24179697036743164, 0.2112116813659668, 0.26032400131225586, 0.23183345794677734, 0.22979998588562012, 0.2554638385772705, 0.2236185073852539, 0.21676015853881836, 0.23231124877929688, 0.22969436645507812, 0.27005863189697266, 0.25571393966674805, 0.2300395965576172, 