{"ID": 5, "inference time": [0.23064637184143066, 0.14979791641235352, 0.19554734230041504, 0.1723921298980713, 0.15276384353637695, 0.1968684196472168, 0.17208552360534668, 0.15550684928894043, 0.20555901527404785, 0.16654419898986816, 0.16607332229614258, 0.20149612426757812, 0.17014575004577637, 0.1664419174194336, 0.1951615810394287, 0.1756579875946045, 0.16058921813964844, 0.2082831859588623, 0.16305279731750488, 0.16333436965942383, 0.206559419631958, 0.17335724830627441, 0.16115427017211914, 0.2072467803955078, 0.16768503189086914, 0.16130518913269043, 0.20530056953430176, 0.1730518341064453, 0.16149353981018066, 0.2010970115661621, 0.17459583282470703, 0.16634297370910645, 0.1849069595336914, 0.16854381561279297, 0.16288495063781738, 0.2080681324005127, 0.16875267028808594, 0.16137909889221191, 0.1921391487121582, 0.16786956787109375, 0.15997624397277832, 0.2029106616973877, 0.17116522789001465, 0.1642446517944336, 0.19159293174743652, 0.17862606048583984, 0.16298460960388184, 0.19373083114624023, 0.16553258895874023, 0.16093707084655762, 0.18471813201904297, 0.1755046844482422, 0.16453957557678223, 0.20249032974243164, 0.17202544212341309, 0.1582317352294922, 0.20278501510620117, 0.16880297660827637, 0.16089367866516113, 0.1963639259338379, 0.17419695854187012, 0.44642019271850586, 0.21358203887939453, 0.17667436599731445, 0.16691207885742188, 0.22097396850585938, 0.1589040756225586, 0.1803131103515625, 0.2166304588317871, 0.1419227123260498, 0.20440244674682617, 0.20585155487060547, 0.14930200576782227, 0.1978147029876709, 0.19533348083496094, 0.1466660499572754, 0.20449614524841309, 0.19027256965637207, 0.15436935424804688, 0.2162013053894043, 0.17210745811462402, 0.15435409545898438, 0.23369574546813965, 0.15279531478881836, 0.17417621612548828, 0.22751712799072266, 0.1470050811767578, 0.19383788108825684, 0.22388410568237305, 0.15005874633789062, 0.2066793441772461, 0.21953392028808594, 0.14705634117126465, 0.21427559852600098, 0.26067113876342773, 0.176863431930542, 0.19785666465759277, 0.16492891311645508, 0.18079209327697754, 0.19785261154174805, 0.16316819190979004, 0.1792125701904297, 0.2026381492614746, 0.15544629096984863, 0.1811981201171875, 0.19652986526489258, 0.16190266609191895, 0.1771245002746582, 0.19828033447265625, 0.16553902626037598, 0.17856192588806152, 0.18834185600280762, 0.15579438209533691, 0.1812598705291748, 0.18750882148742676, 0.16221308708190918, 0.17805743217468262, 0.19387483596801758, 0.16036057472229004, 0.17958283424377441, 0.18830657005310059, 0.15792083740234375, 0.18365240097045898, 0.1967465877532959, 0.15885162353515625, 0.18030428886413574, 0.1963052749633789, 0.16153359413146973, 0.18491268157958984, 0.1956334114074707, 0.1557295322418213, 0.1831505298614502, 0.1958608627319336, 0.16227221488952637, 0.18638825416564941, 0.19058728218078613, 0.1513843536376953, 0.18073058128356934, 0.20711541175842285, 0.1574420928955078, 0.18032503128051758, 0.19671034812927246, 0.16826725006103516, 0.17873859405517578, 0.18747329711914062, 0.1607954502105713, 0.17934513092041016, 0.18941426277160645, 0.1615591049194336, 0.17760848999023438, 0.19044184684753418, 0.1579902172088623, 0.18303251266479492, 0.18818998336791992, 0.16440939903259277, 0.18319416046142578, 0.19447731971740723, 0.16542315483093262, 0.18811655044555664, 0.18721342086791992, 0.1615915298461914, 0.18206429481506348, 0.20149517059326172, 0.16396284103393555, 0.190873384475708, 0.18863558769226074, 0.15314364433288574, 0.19055533409118652, 0.19257330894470215, 0.1654374599456787, 0.1931445598602295, 0.18773269653320312, 0.1551363468170166, 0.19433951377868652, 0.1622304916381836, 0.2024221420288086, 0.19497179985046387, 0.14662456512451172, 0.20485782623291016, 0.20039582252502441, 0.14603519439697266, 0.19862890243530273, 0.19275450706481934, 0.14479732513427734, 0.19879841804504395, 0.1982724666595459, 0.14448118209838867, 0.1970524787902832, 0.1945037841796875, 0.15235185623168945, 0.19866514205932617, 0.19906091690063477, 0.1509866714477539, 0.20030450820922852, 0.19471526145935059, 0.15340065956115723, 0.2056739330291748, 0.19411683082580566, 0.1476454734802246, 0.20467042922973633, 0.18925046920776367, 0.15267252922058105, 0.20575499534606934, 0.19379377365112305, 0.15285515785217285, 0.20046710968017578, 0.19581937789916992, 0.1453869342803955, 0.2088792324066162, 0.19050359725952148, 0.155364990234375, 0.21382975578308105, 0.18591904640197754, 0.14580249786376953, 0.20225977897644043, 0.19533324241638184, 0.14701199531555176, 0.4504528045654297, 0.2219536304473877, 0.14861440658569336, 0.1846003532409668, 0.20274615287780762, 0.1459825038909912, 0.18876004219055176, 0.21562623977661133, 0.14664292335510254, 0.19871282577514648, 0.19448351860046387, 0.1474437713623047, 0.20255684852600098, 0.1923208236694336, 0.14901185035705566, 0.20168066024780273, 0.18971610069274902, 0.15164995193481445, 0.20006775856018066, 0.17295455932617188, 0.15027093887329102, 0.21274590492248535, 0.1510329246520996, 0.161376953125, 0.22327089309692383, 0.1520993709564209, 0.17380571365356445, 0.20239615440368652, 0.14777660369873047, 0.17365813255310059, 0.21329474449157715, 0.1498699188232422, 0.1732640266418457, 0.20968055725097656, 0.14113497734069824, 0.17450618743896484, 0.19797396659851074, 0.14558053016662598, 0.19058680534362793, 0.18805480003356934, 0.1387500762939453, 0.18678808212280273, 0.1889505386352539, 0.14310145378112793, 0.1878676414489746, 0.18873357772827148, 0.14923739433288574, 0.18744993209838867, 0.19706416130065918, 0.14594507217407227, 0.18952226638793945, 0.18983221054077148, 0.14767718315124512, 0.191237211227417, 0.19034981727600098, 0.14910554885864258, 0.1916675567626953, 0.18419289588928223, 0.14368677139282227, 0.1893458366394043, 0.1755220890045166, 0.14421296119689941, 0.18988299369812012, 0.1797645092010498, 0.14702367782592773, 0.19069242477416992, 0.45033931732177734, 0.2332923412322998, 0.1440117359161377, 0.18692374229431152, 0.20417380332946777, 0.1415696144104004, 0.19460725784301758, 0.21062159538269043, 0.1420738697052002, 0.19969964027404785, 0.20305180549621582, 0.14838814735412598, 0.2107241153717041, 0.1950993537902832, 0.15012574195861816, 0.2082815170288086, 0.19170784950256348, 0.15458226203918457, 0.21118688583374023, 0.17274761199951172, 0.1672062873840332, 0.2025301456451416, 0.17940235137939453, 0.1626284122467041, 0.20833873748779297, 0.17021965980529785, 0.1698133945465088, 0.20281338691711426, 0.1658339500427246, 0.1762223243713379, 0.20237231254577637, 0.1762218475341797, 0.17122459411621094, 0.19361639022827148, 0.17100167274475098, 0.1782090663909912, 0.19851374626159668, 0.16391491889953613, 0.17866992950439453, 0.1992940902709961, 0.15923714637756348, 0.1720128059387207, 0.1965656280517578, 0.15999269485473633, 0.18062949180603027, 0.19637131690979004, 0.16379642486572266, 0.18201112747192383, 0.19686484336853027, 0.1579604148864746, 0.18208909034729004, 0.20729613304138184, 0.16330218315124512, 0.184678316116333, 0.17953824996948242, 0.17177319526672363, 0.1878354549407959, 0.18111085891723633, 0.16253900527954102, 0.19921660423278809, 0.1767253875732422, 0.16424965858459473, 0.19560909271240234, 0.18088960647583008, 0.1666421890258789, 0.2013249397277832, 0.17392444610595703, 0.16820096969604492, 0.19719600677490234, 0.17229390144348145, 0.16875576972961426, 0.19551420211791992, 0.18133950233459473, 0.1661820411682129, 0.1947493553161621, 0.1669139862060547, 0.1678783893585205, 0.1998913288116455, 0.17085576057434082, 0.17080330848693848, 0.19824934005737305, 0.16649913787841797, 0.17040157318115234, 0.19784903526306152, 0.168853759765625, 0.16962265968322754, 0.20228099822998047, 0.1706986427307129, 0.16798925399780273, 0.20242023468017578, 0.16112279891967773, 0.1755979061126709, 0.20257854461669922, 0.16073060035705566, 0.1689615249633789, 0.20012760162353516, 0.43918442726135254, 0.20905542373657227, 0.16960382461547852, 0.16701698303222656, 0.20729994773864746, 0.1495962142944336, 