{"ID": 6, "inference time": [0.6224222183227539, 0.197037935256958, 0.15920257568359375, 0.1718134880065918, 0.19709372520446777, 0.16269302368164062, 0.17524981498718262, 0.20450425148010254, 0.1543424129486084, 0.1805405616760254, 0.19451522827148438, 0.15363812446594238, 0.17474126815795898, 0.1959059238433838, 0.15637588500976562, 0.17780017852783203, 0.20559191703796387, 0.1551520824432373, 0.17824149131774902, 0.20491600036621094, 0.15733742713928223, 0.17517495155334473, 0.20062851905822754, 0.1585836410522461, 0.17586922645568848, 0.20128202438354492, 0.1517949104309082, 0.17394733428955078, 0.19667863845825195, 0.15553545951843262, 0.1787116527557373, 0.18039274215698242, 0.15406370162963867, 0.17628097534179688, 0.20245838165283203, 0.15405035018920898, 0.1777799129486084, 0.19803309440612793, 0.14913535118103027, 0.17347097396850586, 0.20193719863891602, 0.15900588035583496, 0.17998147010803223, 0.18696379661560059, 0.17264795303344727, 0.18474078178405762, 0.19670701026916504, 0.1536397933959961, 0.18027687072753906, 0.19220542907714844, 0.15458893775939941, 0.1806504726409912, 0.19966816902160645, 0.1560053825378418, 0.17472314834594727, 0.19999432563781738, 0.15625, 0.1799945831298828, 0.20391464233398438, 0.15428709983825684, 0.47182369232177734, 0.21672296524047852, 0.14628362655639648, 0.1655128002166748, 0.22103500366210938, 0.13834571838378906, 0.17324113845825195, 0.19661164283752441, 0.14272427558898926, 0.18908095359802246, 0.20078802108764648, 0.14423418045043945, 0.19522404670715332, 0.20096063613891602, 0.14040374755859375, 0.19874334335327148, 0.18529796600341797, 0.14664435386657715, 0.21174979209899902, 0.15294170379638672, 0.16040349006652832, 0.2180309295654297, 0.14182424545288086, 0.1706686019897461, 0.22368478775024414, 0.13764643669128418, 0.18666434288024902, 0.2173149585723877, 0.14389967918395996, 0.21095967292785645, 0.2134685516357422, 0.15047526359558105, 0.20772075653076172, 0.267916202545166, 0.18586039543151855, 0.2063603401184082, 0.15049290657043457, 0.19078636169433594, 0.1963348388671875, 0.15269970893859863, 0.1899116039276123, 0.1907813549041748, 0.1510155200958252, 0.18870019912719727, 0.19738101959228516, 0.1467587947845459, 0.18449115753173828, 0.19889068603515625, 0.17377471923828125, 0.18124866485595703, 0.19311213493347168, 0.15550565719604492, 0.18503475189208984, 0.18617916107177734, 0.1472761631011963, 0.17939305305480957, 0.1996300220489502, 0.15751194953918457, 0.19079947471618652, 0.19620490074157715, 0.14786314964294434, 0.19104361534118652, 0.20323634147644043, 0.16059446334838867, 0.17954087257385254, 0.20463132858276367, 0.16634225845336914, 0.18743038177490234, 0.19905972480773926, 0.15496110916137695, 0.19013547897338867, 0.19918084144592285, 0.1518690586090088, 0.18300819396972656, 0.19536280632019043, 0.14858603477478027, 0.17541766166687012, 0.20363283157348633, 0.15253448486328125, 0.1835179328918457, 0.1933901309967041, 0.1652824878692627, 0.1825258731842041, 0.1926865577697754, 0.16037988662719727, 0.18993496894836426, 0.1968228816986084, 0.15953373908996582, 0.1843101978302002, 0.19727206230163574, 0.15831279754638672, 0.18752479553222656, 0.19938111305236816, 0.1515817642211914, 0.19099116325378418, 0.19944405555725098, 0.14988493919372559, 0.1901090145111084, 0.19531583786010742, 0.1500096321105957, 0.18032431602478027, 0.20623397827148438, 0.15041089057922363, 0.19722390174865723, 0.19663143157958984, 0.14809536933898926, 0.1916818618774414, 0.19762301445007324, 0.1511235237121582, 0.1912698745727539, 0.19013309478759766, 0.1493697166442871, 0.19054126739501953, 0.16173028945922852, 0.19682025909423828, 0.19020795822143555, 0.14944148063659668, 0.20090794563293457, 0.19206786155700684, 0.14298439025878906, 0.20878005027770996, 0.19623351097106934, 0.14615917205810547, 0.19816875457763672, 0.19949555397033691, 0.1471869945526123, 0.20158791542053223, 0.19530391693115234, 0.14399409294128418, 0.2005903720855713, 0.1936335563659668, 0.14427876472473145, 0.1987457275390625, 0.191497802734375, 0.14246177673339844, 0.2031095027923584, 0.19072699546813965, 0.1434650421142578, 0.19932055473327637, 0.18492603302001953, 0.14574432373046875, 0.20324993133544922, 0.19777584075927734, 0.1445925235748291, 0.20281219482421875, 0.19754624366760254, 0.14375066757202148, 0.20752429962158203, 0.18716859817504883, 0.14711976051330566, 0.20030450820922852, 0.1814577579498291, 0.14592742919921875, 0.20099282264709473, 0.18706822395324707, 0.14634037017822266, 0.43871140480041504, 0.21196722984313965, 0.14684414863586426, 0.19673871994018555, 0.20693302154541016, 0.1452627182006836, 0.1964435577392578, 0.2138350009918213, 0.14577293395996094, 0.20380806922912598, 0.1703510284423828, 0.15192317962646484, 0.21114706993103027, 0.16830921173095703, 0.14075851440429688, 0.1940324306488037, 0.18766188621520996, 0.1420903205871582, 0.2101609706878662, 0.15361499786376953, 0.14515995979309082, 0.21041107177734375, 0.14703965187072754, 0.16368484497070312, 0.20531058311462402, 0.1426692008972168, 0.1816108226776123, 0.1984250545501709, 0.1406416893005371, 0.17451119422912598, 0.20291876792907715, 0.1396350860595703, 0.18520879745483398, 0.20860743522644043, 0.14087700843811035, 0.1851060390472412, 0.2086029052734375, 0.147169828414917, 0.1913750171661377, 0.199326753616333, 0.14641809463500977, 0.2015235424041748, 0.20804738998413086, 0.1410820484161377, 0.1964106559753418, 0.19492292404174805, 0.14187407493591309, 0.19477128982543945, 0.20208024978637695, 0.14151501655578613, 0.19443869590759277, 0.20359325408935547, 0.14545989036560059, 0.1952991485595703, 0.1749870777130127, 0.14726758003234863, 0.19649791717529297, 0.2030189037322998, 0.146653413772583, 0.201629638671875, 0.177321195602417, 0.14075255393981934, 0.19272923469543457, 0.1703500747680664, 0.14244413375854492, 0.20171761512756348, 0.44444990158081055, 0.23196792602539062, 0.14162254333496094, 0.20531320571899414, 0.21454071998596191, 0.13971972465515137, 0.20544791221618652, 0.21638059616088867, 0.14149928092956543, 0.22069025039672852, 0.21919727325439453, 0.1547553539276123, 0.21547436714172363, 0.19538545608520508, 0.1529855728149414, 0.21216773986816406, 0.18302369117736816, 0.16288542747497559, 0.21475744247436523, 0.1559305191040039, 0.16855096817016602, 0.19756317138671875, 0.17269587516784668, 0.17831993103027344, 0.20046710968017578, 0.15328168869018555, 0.1816997528076172, 0.2030317783355713, 0.1548161506652832, 0.19180941581726074, 0.19767355918884277, 0.15914392471313477, 0.186570405960083, 0.18291568756103516, 0.15851259231567383, 0.1835489273071289, 0.20308804512023926, 0.1632671356201172, 0.19281935691833496, 0.2009270191192627, 0.15644335746765137, 0.18379664421081543, 0.19139671325683594, 0.16082334518432617, 0.18906354904174805, 0.19069314002990723, 0.1519320011138916, 0.19237399101257324, 0.19394540786743164, 0.15321969985961914, 0.1913754940032959, 0.18515777587890625, 0.15915417671203613, 0.19945073127746582, 0.16571044921875, 0.15262293815612793, 0.2020723819732666, 0.18666911125183105, 0.15283989906311035, 0.20751380920410156, 0.16509699821472168, 0.16134357452392578, 0.2027575969696045, 0.17315101623535156, 0.16531038284301758, 0.19596242904663086, 0.16361045837402344, 0.16958141326904297, 0.194166898727417, 0.1581261157989502, 0.17155885696411133, 0.19722294807434082, 0.173475980758667, 0.17465567588806152, 0.20480036735534668, 0.1568617820739746, 0.16566944122314453, 0.20578598976135254, 0.16176581382751465, 0.17267513275146484, 0.1971297264099121, 0.14669442176818848, 0.17582106590270996, 0.19951891899108887, 0.1471564769744873, 0.17663884162902832, 0.21219754219055176, 0.15242290496826172, 0.1727752685546875, 0.19347357749938965, 0.14705514907836914, 0.18581938743591309, 0.19562363624572754, 0.1500377655029297, 0.1762828826904297, 0.20190215110778809, 0.4413626194000244, 0.19669198989868164, 0.1376814842224121, 0.17508602142333984, 0.2053678035736084, 0.13776564598083496, 0.18414616584777832, 