{"ID": 0, "inference time": [0.252521276473999, 0.1868753433227539, 0.14491868019104004, 0.18638253211975098, 0.14589905738830566, 0.18654084205627441, 0.14879631996154785, 0.18167614936828613, 0.14985132217407227, 0.18885064125061035, 0.15850234031677246, 0.16900134086608887, 0.15061402320861816, 0.19121885299682617, 0.15498065948486328, 0.18114471435546875, 0.15217137336730957, 0.1898941993713379, 0.16347765922546387, 0.19363117218017578, 0.15626740455627441, 0.18386125564575195, 0.1502983570098877, 0.1843864917755127, 0.15338873863220215, 0.18654513359069824, 0.15110111236572266, 0.19024133682250977, 0.15522098541259766, 0.18454742431640625, 0.15417861938476562, 0.18665599822998047, 0.1483898162841797, 0.18790912628173828, 0.15826034545898438, 0.18957757949829102, 0.15724849700927734, 0.1871328353881836, 0.1523585319519043, 0.18550896644592285, 0.1525590419769287, 0.2979390621185303, 0.18063664436340332, 0.16232800483703613, 0.18768811225891113, 0.16363024711608887, 0.17044711112976074, 0.17204594612121582, 0.16927409172058105, 0.18055486679077148, 0.16349244117736816, 0.18512988090515137, 0.148240327835083, 0.1936030387878418, 0.13331222534179688, 0.20359039306640625, 0.13342666625976562, 0.21721267700195312, 0.13513684272766113, 0.216644287109375, 0.13545703887939453, 0.20070648193359375, 0.1332077980041504, 0.2295701503753662, 0.15549492835998535, 0.1711719036102295, 0.15906691551208496, 0.16936659812927246, 0.1595935821533203, 0.1609954833984375, 0.16154694557189941, 0.1591649055480957, 0.1587049961090088, 0.18089771270751953, 0.1531822681427002, 0.16356682777404785, 0.1539924144744873, 0.16939830780029297, 0.15244269371032715, 0.1581096649169922, 0.16038012504577637, 0.17289113998413086, 0.15868902206420898, 0.1692957878112793, 0.15826845169067383, 0.17320847511291504, 0.15960335731506348, 0.16488289833068848, 0.1552751064300537, 0.1659393310546875, 0.15271234512329102, 0.15064525604248047, 0.15652108192443848, 0.15979385375976562, 0.15701556205749512, 0.16747808456420898, 0.15461063385009766, 0.17131352424621582, 0.1539163589477539, 0.16691803932189941, 0.14824771881103516, 0.16020965576171875, 0.151932954788208, 0.15577316284179688, 0.15440106391906738, 0.16008520126342773, 0.16381001472473145, 0.1552135944366455, 0.15979480743408203, 0.15137219429016113, 0.16114139556884766, 0.14887356758117676, 0.15970087051391602, 0.1528933048248291, 0.16622638702392578, 0.1489858627319336, 0.25368237495422363, 0.17533278465270996, 0.16466093063354492, 0.17885923385620117, 0.16553044319152832, 0.17613530158996582, 0.1641378402709961, 0.17736124992370605, 0.16110706329345703, 0.17504477500915527, 0.16066217422485352, 0.17551374435424805, 0.16192269325256348, 0.17636871337890625, 0.16218113899230957, 0.1814560890197754, 0.16751456260681152, 0.1788177490234375, 0.16174888610839844, 0.18371224403381348, 0.1682753562927246, 0.18186545372009277, 0.1558852195739746, 0.18657159805297852, 0.15551471710205078, 0.18856525421142578, 0.15642023086547852, 0.18964862823486328, 0.15043425559997559, 0.4301719665527344, 0.15557146072387695, 0.21277236938476562, 0.15976524353027344, 0.18970990180969238, 0.1647346019744873, 0.2102203369140625, 0.16032981872558594, 0.16308999061584473, 0.16295409202575684, 0.14847946166992188, 0.16409826278686523, 0.16582727432250977, 0.15960097312927246, 0.1572563648223877, 0.17209553718566895, 0.16399073600769043, 0.18133258819580078, 0.13066864013671875, 0.18003487586975098, 0.1332089900970459, 0.19418048858642578, 0.13808274269104004, 0.20172595977783203, 0.1308741569519043, 0.20420622825622559, 0.13906264305114746, 0.1943526268005371, 0.1336958408355713, 0.1750044822692871, 0.13415026664733887, 0.18345379829406738, 0.1269397735595703, 0.1759953498840332, 0.1274561882019043, 0.18252992630004883, 0.13245725631713867, 0.1906452178955078, 0.13584065437316895, 0.1689286231994629, 0.1358654499053955, 0.17837023735046387, 0.13312292098999023, 0.17362546920776367, 0.13551712036132812, 0.24499773979187012, 0.15516376495361328, 0.19597482681274414, 0.161362886428833, 0.1950974464416504, 0.16006779670715332, 0.19417166709899902, 0.17824745178222656, 0.17945170402526855, 0.17657947540283203, 0.18224430084228516, 0.18005752563476562, 0.15356707572937012, 0.1963667869567871, 0.162431001663208, 0.18794608116149902, 0.15877532958984375, 0.18446135520935059, 0.15549874305725098, 0.19925832748413086, 0.15270519256591797, 0.18462920188903809, 0.1613292694091797, 0.187469482421875, 0.16637420654296875, 0.18447184562683105, 0.16037464141845703, 0.18544673919677734, 0.14847397804260254, 0.19514083862304688, 0.15848970413208008, 0.19100666046142578, 0.1626415252685547, 0.1863110065460205, 0.1526641845703125, 0.18138599395751953, 0.15847182273864746, 0.1802530288696289, 0.15816593170166016, 0.17406916618347168, 0.1588602066040039, 0.17379331588745117, 0.16261553764343262, 0.16397595405578613, 0.1740703582763672, 0.17264389991760254, 0.1674809455871582, 0.18009734153747559, 0.1683509349822998, 0.15837597846984863, 0.17280983924865723, 0.16030478477478027, 0.17552971839904785, 0.16281485557556152, 0.17338132858276367, 0.16125226020812988, 0.1756434440612793, 0.1641683578491211, 0.1725161075592041, 0.16145110130310059, 0.18506979942321777, 0.1558089256286621, 0.17171072959899902, 0.15739989280700684, 0.1553189754486084, 0.17033648490905762, 0.13438916206359863, 0.16536831855773926, 0.13912749290466309, 0.17483282089233398, 0.14509916305541992, 0.17387032508850098, 0.13499116897583008, 0.17457032203674316, 0.13713765144348145, 0.16749334335327148, 0.13892388343811035, 0.15902209281921387, 0.13953876495361328, 0.1732316017150879, 0.14173650741577148, 0.17612409591674805, 0.13735079765319824, 0.1749415397644043, 0.13692402839660645, 0.16179347038269043, 0.13506746292114258, 0.16700458526611328, 0.1349349021911621, 0.16105008125305176, 0.13974499702453613, 0.1692066192626953, 0.13801789283752441, 0.1615126132965088, 0.14473628997802734, 0.1702876091003418, 0.1372814178466797, 0.17453908920288086, 0.15160822868347168, 0.1594531536102295, 0.15848588943481445, 0.14300012588500977, 0.15721964836120605, 0.14660310745239258, 0.17213153839111328, 0.14136695861816406, 0.13062548637390137, 0.19832849502563477, 0.13507604598999023, 0.20220589637756348, 0.12817859649658203, 0.1844038963317871, 0.13497567176818848, 0.1862022876739502, 0.1250298023223877, 0.18352508544921875, 0.1365652084350586, 0.18256068229675293, 0.13290977478027344, 0.17982840538024902, 0.13037419319152832, 0.17917346954345703, 0.1309061050415039, 0.18108558654785156, 0.1397857666015625, 0.17707538604736328, 0.1402430534362793, 0.1719517707824707, 0.1366586685180664, 0.17237567901611328, 0.13346099853515625, 0.17382192611694336, 0.1327517032623291, 0.17022371292114258, 0.13268017768859863, 0.17925333976745605, 0.13074541091918945, 0.17032337188720703, 0.12730979919433594, 0.18035554885864258, 0.13419890403747559, 0.17925310134887695, 0.13018012046813965, 0.18253612518310547, 0.1310267448425293, 0.17611002922058105, 0.13433313369750977, 0.1762380599975586, 0.130828857421875, 0.16585755348205566, 0.13144922256469727, 0.16935944557189941, 0.1356656551361084, 0.17363786697387695, 0.13092517852783203, 0.17626357078552246, 0.13832402229309082, 0.1744861602783203, 0.13196206092834473, 0.17289328575134277, 0.1302807331085205, 0.16805267333984375, 0.13103461265563965, 0.17308735847473145, 0.1315000057220459, 0.16939949989318848, 0.134598970413208, 0.16961312294006348, 0.13189172744750977, 0.1725172996520996, 0.1296226978302002, 0.16806650161743164, 0.12862849235534668, 0.17145323753356934, 0.1305680274963379, 0.17147159576416016, 0.13816523551940918, 0.1627974510192871, 0.13242864608764648, 0.17388534545898438, 0.13224434852600098, 0.1721489429473877, 0.13678574562072754, 0.16227126121520996, 0.13418221473693848, 0.16398859024047852, 0.13810038566589355, 0.16613101959228516, 0.13828134536743164, 0.17373156547546387, 0.13975763320922852, 0.15880274772644043, 0.13383984565734863, 0.15898418426513672, 