{"ID": 5, "inference time": [8.346117973327637, 0.04489874839782715, 0.14678287506103516, 0.03503060340881348, 0.03513050079345703, 0.09687399864196777, 0.03571653366088867, 0.03806161880493164, 0.09589147567749023, 0.033887386322021484, 0.03612470626831055, 0.09668159484863281, 0.03352665901184082, 0.03749871253967285, 0.0970621109008789, 0.033954620361328125, 0.04133892059326172, 0.09697222709655762, 0.03475141525268555, 0.03591513633728027, 0.09491276741027832, 0.03490567207336426, 0.03406834602355957, 0.09853005409240723, 0.03461122512817383, 0.03687858581542969, 0.09905385971069336, 0.0940852165222168, 0.07170557975769043, 0.15269732475280762, 0.07281327247619629, 0.055510759353637695, 0.12454032897949219, 0.06577491760253906, 0.05585598945617676, 0.13540267944335938, 0.05408477783203125, 0.06164288520812988, 0.13341879844665527, 0.049775123596191406, 0.06459569931030273, 0.13982605934143066, 0.0527188777923584, 0.06297826766967773, 0.13962960243225098, 0.06146717071533203, 0.06245565414428711, 0.13651323318481445, 0.05263185501098633, 0.05350828170776367, 0.11411547660827637, 0.0487215518951416, 0.06070065498352051, 0.1353778839111328, 0.04936623573303223, 0.06069231033325195, 0.13448619842529297, 0.05652308464050293, 0.0619809627532959, 0.1343398094177246, 0.049863338470458984, 0.06250572204589844, 0.13122868537902832, 0.05653524398803711, 0.06120133399963379, 0.13882660865783691, 0.05198550224304199, 0.060689687728881836, 0.13414788246154785, 0.06412029266357422, 0.05948352813720703, 0.13399934768676758, 0.04947304725646973, 0.0563657283782959, 0.10801982879638672, 0.05063891410827637, 0.059912919998168945, 0.13190364837646484, 0.06225991249084473, 0.06131792068481445, 0.13149094581604004, 0.05677032470703125, 0.05974149703979492, 0.13116455078125, 0.05875229835510254, 0.060567378997802734, 0.13321781158447266, 0.049642324447631836, 0.0634770393371582, 0.1268172264099121, 0.04958653450012207, 0.06101226806640625, 0.13395428657531738, 0.06053566932678223, 0.05955982208251953, 0.14047527313232422, 0.06941652297973633, 0.06208634376525879, 0.128387451171875, 0.07133245468139648, 0.059906005859375, 0.13644766807556152, 0.07869124412536621, 0.060478925704956055, 0.13384747505187988, 0.07314491271972656, 0.05883622169494629, 0.13773322105407715, 0.0707557201385498, 0.06002330780029297, 0.13700532913208008, 0.06940293312072754, 0.059906959533691406, 0.14010286331176758, 0.06771707534790039, 0.058988332748413086, 0.12851214408874512, 0.07628989219665527, 0.05811595916748047, 0.13826203346252441, 0.07873988151550293, 0.06181168556213379, 0.13469147682189941, 0.07064199447631836, 0.05872964859008789, 0.1383352279663086, 0.0686941146850586, 0.05868172645568848, 0.1376330852508545, 0.0726015567779541, 0.05852770805358887, 0.13666582107543945, 0.09151625633239746, 0.058072566986083984, 0.13813090324401855, 0.06520342826843262, 0.05605912208557129, 0.13677000999450684, 0.043834686279296875, 0.04875588417053223, 0.12456488609313965, 0.082916259765625, 0.0566859245300293, 0.1353600025177002, 0.08263802528381348, 0.05771183967590332, 0.13463115692138672, 0.08735060691833496, 0.05696606636047363, 0.12705492973327637, 0.07131814956665039, 0.058374881744384766, 0.13357162475585938, 0.07282423973083496, 0.058423519134521484, 0.1339268684387207, 0.043891191482543945, 0.04715442657470703, 0.11132264137268066, 0.07892012596130371, 0.05750107765197754, 0.13242721557617188, 0.08966898918151855, 0.05773019790649414, 0.13324713706970215, 0.07258176803588867, 0.058608293533325195, 0.133375883102417, 0.07849645614624023, 0.055585622787475586, 0.13411378860473633, 0.07100582122802734, 0.056287288665771484, 0.13297367095947266, 0.07961106300354004, 0.05584001541137695, 0.13509845733642578, 0.07104110717773438, 0.05593466758728027, 0.13398528099060059, 0.08588814735412598, 0.05751442909240723, 0.12702155113220215, 0.07874298095703125, 0.05662178993225098, 0.13411235809326172, 0.08014345169067383, 0.055130958557128906, 0.1314983367919922, 0.04682421684265137, 0.04852938652038574, 0.11705613136291504, 0.0888059139251709, 0.05589127540588379, 0.13323664665222168, 0.07481169700622559, 0.05387139320373535, 0.13335490226745605, 0.06940674781799316, 0.05474972724914551, 0.13283443450927734, 0.07301855087280273, 0.0572202205657959, 0.12881183624267578, 0.07125616073608398, 0.055094242095947266, 0.13233733177185059, 0.07240700721740723, 0.0549466609954834, 0.13383245468139648, 0.06926584243774414, 0.055504560470581055, 0.1337287425994873, 0.0700840950012207, 0.053550004959106445, 0.13036203384399414, 0.0714271068572998, 0.05407428741455078, 0.1304645538330078, 0.09412741661071777, 0.05583977699279785, 0.1273024082183838, 0.06992053985595703, 0.05362057685852051, 0.13399004936218262, 0.07363438606262207, 0.0550384521484375, 0.13121843338012695, 0.07261443138122559, 0.053337812423706055, 0.13730812072753906, 0.06751704216003418, 0.05281352996826172, 0.12999653816223145, 0.06992650032043457, 0.053800344467163086, 0.13179826736450195, 0.07169127464294434, 0.05375075340270996, 0.1349022388458252, 0.071014404296875, 0.05367279052734375, 0.13092947006225586, 0.0694727897644043, 0.05297279357910156, 0.13382267951965332, 0.043967485427856445, 0.046451568603515625, 0.10930371284484863, 0.08777236938476562, 0.05209493637084961, 0.13524317741394043, 0.07616162300109863, 0.05366635322570801, 0.13036561012268066, 0.04255485534667969, 0.045366525650024414, 0.10957908630371094, 0.07292318344116211, 0.05344080924987793, 0.13077282905578613, 0.049279212951660156, 0.04658102989196777, 0.12153339385986328, 0.06096172332763672, 0.053093671798706055, 0.1281137466430664, 0.07190847396850586, 0.054813385009765625, 0.1352674961090088, 0.07152199745178223, 0.05395078659057617, 0.13143610954284668, 0.06631112098693848, 0.05756497383117676, 0.1313333511352539, 0.07498955726623535, 0.052672624588012695, 0.1306314468383789, 0.05158424377441406, 0.05166459083557129, 0.13104248046875, 0.06724381446838379, 0.05148911476135254, 0.1319561004638672, 0.060918569564819336, 0.05635714530944824, 0.13285326957702637, 0.07024645805358887, 0.05299854278564453, 0.13304972648620605, 0.07411456108093262, 0.05262637138366699, 0.13353681564331055, 0.07219719886779785, 0.053849220275878906, 0.13321709632873535, 0.07152795791625977, 0.05459141731262207, 0.13333797454833984, 0.07639122009277344, 0.053879737854003906, 0.13275527954101562, 0.06441688537597656, 0.04971027374267578, 0.13214874267578125, 0.07256603240966797, 0.052436113357543945, 0.13045430183410645, 0.06690454483032227, 0.04554939270019531, 0.11736369132995605, 0.09036087989807129, 0.05364251136779785, 0.13132858276367188, 0.07219767570495605, 0.053000688552856445, 0.13110780715942383, 0.08028793334960938, 0.05353212356567383, 0.13525176048278809, 0.07391858100891113, 0.05422091484069824, 0.13156461715698242, 0.07223749160766602, 0.052339792251586914, 0.1323838233947754, 0.06224465370178223, 0.04867362976074219, 0.12978911399841309, 0.08137774467468262, 0.05382704734802246, 0.1332988739013672, 0.07097029685974121, 0.0515294075012207, 0.13513541221618652, 0.07834458351135254, 0.05328512191772461, 0.13214516639709473, 0.0733635425567627, 0.05271649360656738, 0.13257908821105957, 0.06987786293029785, 0.05188751220703125, 0.13140583038330078, 0.0813140869140625, 0.054570674896240234, 0.13472747802734375, 0.07411503791809082, 0.052690982818603516, 0.13230562210083008, 0.0713357925415039, 0.05547499656677246, 0.13224101066589355, 0.0651705265045166, 0.05310630798339844, 0.13277602195739746, 0.07758688926696777, 0.05177497863769531, 0.13216686248779297, 0.08436846733093262, 0.05443859100341797, 0.13204646110534668, 0.047968387603759766, 0.0451807975769043, 0.11890339851379395, 0.08515310287475586, 0.05331778526306152, 0.13251733779907227, 0.07738065719604492, 0.05473065376281738, 0.13490557670593262, 0.10445070266723633, 0.05621504783630371, 0.1344590187072754, 0.10469889640808105, 0.05399131774902344, 0.13555073738098145, 0.07485437393188477, 0.05493593215942383, 