{"ID": 2, "inference time": [17.40130352973938, 0.15916943550109863, 0.12621808052062988, 0.14485406875610352, 0.1272907257080078, 0.11970210075378418, 0.15391898155212402, 0.14094996452331543, 0.11760520935058594, 0.1462719440460205, 0.13029742240905762, 0.11241555213928223, 0.15592026710510254, 0.13500714302062988, 0.12047600746154785, 0.15368294715881348, 0.13892292976379395, 0.11649227142333984, 0.15564894676208496, 0.13111066818237305, 0.11414051055908203, 0.16096115112304688, 0.13599514961242676, 0.11124014854431152, 0.1431884765625, 0.11646342277526855, 0.11180591583251953, 0.1417558193206787, 0.1273496150970459, 0.11585783958435059, 0.14386916160583496, 0.11602568626403809, 0.1254734992980957, 0.14853167533874512, 0.12530946731567383, 0.11520218849182129, 0.14844155311584473, 0.12018752098083496, 0.11941027641296387, 0.15372276306152344, 0.12064433097839355, 0.11910867691040039, 0.15894246101379395, 0.12048196792602539, 0.11388397216796875, 0.15024805068969727, 0.1211099624633789, 0.11649632453918457, 0.15259790420532227, 0.13365793228149414, 0.12308073043823242, 0.1465129852294922, 0.12164783477783203, 0.11515450477600098, 0.15655303001403809, 0.11896133422851562, 0.11980319023132324, 0.15058398246765137, 0.11709332466125488, 0.11561131477355957, 0.15720772743225098, 0.12450671195983887, 0.11412358283996582, 0.1552121639251709, 0.12292170524597168, 0.11659812927246094, 0.14789152145385742, 0.11743807792663574, 0.11884212493896484, 0.15495800971984863, 0.13442277908325195, 0.11574792861938477, 0.15681052207946777, 0.12030768394470215, 0.1203758716583252, 0.1537189483642578, 0.11762857437133789, 0.11355900764465332, 0.15159368515014648, 0.12459778785705566, 0.12473869323730469, 0.14783501625061035, 0.12000012397766113, 0.11416816711425781, 0.1591658592224121, 0.12415194511413574, 0.11409473419189453, 0.1470649242401123, 0.12116718292236328, 0.11770892143249512, 0.14970159530639648, 0.12145328521728516, 0.12085986137390137, 0.14621567726135254, 0.11664295196533203, 0.1238546371459961, 0.15102648735046387, 0.12517309188842773, 0.13321495056152344, 0.15138697624206543, 0.12726521492004395, 0.12425374984741211, 0.16716241836547852, 0.13430476188659668, 0.11414980888366699, 0.15438127517700195, 0.14539241790771484, 0.11111068725585938, 0.14129066467285156, 0.11937642097473145, 0.1163015365600586, 0.15884971618652344, 0.13322186470031738, 0.12472057342529297, 0.1473252773284912, 0.12446999549865723, 0.1161189079284668, 0.14870452880859375, 0.13068246841430664, 0.12517309188842773, 0.14464974403381348, 0.12326526641845703, 0.1149907112121582, 0.1473255157470703, 0.1468672752380371, 0.1210787296295166, 0.14990496635437012, 0.12415957450866699, 0.11445212364196777, 0.14969182014465332, 0.12024378776550293, 0.12050461769104004, 0.15441226959228516, 0.13409733772277832, 0.11815953254699707, 0.16166186332702637, 0.1217188835144043, 0.12121009826660156, 0.15621638298034668, 0.12521648406982422, 0.1167302131652832, 0.14900493621826172, 0.12459945678710938, 0.1130666732788086, 0.15581607818603516, 0.12073636054992676, 0.11826300621032715, 0.1520538330078125, 0.12734246253967285, 0.11382412910461426, 0.1585397720336914, 0.13187575340270996, 0.12164306640625, 0.1476612091064453, 0.1267096996307373, 0.11660265922546387, 0.1507878303527832, 0.1292417049407959, 0.11629843711853027, 0.1461784839630127, 0.12304425239562988, 0.11383986473083496, 0.154282808303833, 0.11767029762268066, 0.13505864143371582, 0.15189552307128906, 0.12755417823791504, 0.11525273323059082, 0.14081549644470215, 0.12215304374694824, 0.12735390663146973, 0.140519380569458, 0.12234950065612793, 0.11471223831176758, 0.15512371063232422, 0.12187576293945312, 0.11559844017028809, 0.15330910682678223, 0.12666034698486328, 0.11412978172302246, 0.14550399780273438, 0.1242380142211914, 0.1191558837890625, 0.14347410202026367, 0.12457108497619629, 0.1307234764099121, 0.15098166465759277, 0.12015223503112793, 0.1272571086883545, 0.15100598335266113, 0.12300658226013184, 0.11350011825561523, 0.1495072841644287, 0.1264052391052246, 0.12033939361572266, 0.15549135208129883, 0.12182855606079102, 0.11722922325134277, 0.14702677726745605, 0.12288737297058105, 0.11650490760803223, 0.15141916275024414, 0.1227879524230957, 0.11571621894836426, 0.14379405975341797, 0.11447811126708984, 0.11890769004821777, 0.15312409400939941, 0.11755084991455078, 0.12091708183288574, 0.1497492790222168, 0.12053084373474121, 0.12134981155395508, 0.14812612533569336, 0.1191396713256836, 0.11998438835144043, 0.15426254272460938, 0.11743807792663574, 0.12912249565124512, 0.15545058250427246, 0.11727261543273926, 0.11403727531433105, 0.15336036682128906, 0.11826133728027344, 0.13009119033813477, 0.15293288230895996, 0.11947035789489746, 0.12202167510986328, 0.15531253814697266, 0.12836313247680664, 0.11828184127807617, 0.14769268035888672, 0.12357592582702637, 0.11646723747253418, 0.14741873741149902, 0.11912274360656738, 0.11324119567871094, 0.14264512062072754, 0.12562155723571777, 0.11519050598144531, 0.15180397033691406, 0.11719608306884766, 0.11457443237304688, 0.15271711349487305, 0.12694025039672852, 0.11480283737182617, 0.14449620246887207, 0.12026453018188477, 0.11458945274353027, 0.14284706115722656, 0.11807394027709961, 0.11879849433898926, 0.14708781242370605, 0.12349534034729004, 0.11473631858825684, 0.14512157440185547, 0.1193082332611084, 0.11444258689880371, 0.15311908721923828, 0.12085700035095215, 0.11942672729492188, 0.1396026611328125, 0.12478113174438477, 0.11796188354492188, 0.14219284057617188, 0.12436413764953613, 0.11266422271728516, 0.14156818389892578, 0.1170816421508789, 0.11503219604492188, 0.14812850952148438, 0.12039446830749512, 0.11321115493774414, 0.13983798027038574, 0.11814308166503906, 0.11646580696105957, 0.1458733081817627, 0.12464547157287598, 0.11827206611633301, 0.15047144889831543, 0.12049746513366699, 0.11864924430847168, 0.14066100120544434, 0.12487506866455078, 0.11521029472351074, 0.1487722396850586, 0.120147705078125, 0.11282038688659668, 0.15219688415527344, 0.12104940414428711, 0.11395454406738281, 0.1413114070892334, 0.11642837524414062, 0.12356877326965332, 0.14915132522583008, 0.11591267585754395, 0.12166547775268555, 0.13865947723388672, 0.11024665832519531, 0.1160423755645752, 0.14946651458740234, 0.11601424217224121, 0.11528944969177246, 0.13670134544372559, 0.11698055267333984, 0.10977530479431152, 0.14989399909973145, 0.11965656280517578, 0.1286005973815918, 0.15062975883483887, 0.11890578269958496, 0.11515522003173828, 0.14633893966674805, 0.11698079109191895, 0.12219905853271484, 0.14570307731628418, 0.1243124008178711, 0.11686563491821289, 0.15072846412658691, 0.11948609352111816, 0.10963606834411621, 0.14715957641601562, 0.11384701728820801, 0.11818504333496094, 0.14206171035766602, 0.11699700355529785, 0.12204241752624512, 0.1508030891418457, 0.11351871490478516, 0.1230618953704834, 0.14902162551879883, 0.12017655372619629, 0.12704825401306152, 0.15043067932128906, 0.11865425109863281, 0.12126874923706055, 0.15034747123718262, 0.11555862426757812, 0.11673641204833984, 0.14511775970458984, 0.11394405364990234, 0.11854290962219238, 0.13897204399108887, 0.09929561614990234, 0.1130828857421875, 0.14709734916687012, 0.11293697357177734, 0.12410998344421387, 0.1463155746459961, 0.11656856536865234, 0.11903977394104004, 0.14156031608581543, 0.11712479591369629, 0.11661672592163086, 0.14489531517028809, 0.12214064598083496, 0.12598657608032227, 0.13723993301391602, 0.1149144172668457, 0.11593103408813477, 0.15026497840881348, 0.11660122871398926, 0.11771392822265625, 0.14348435401916504, 0.11299252510070801, 0.11351537704467773, 0.1492633819580078, 0.12135195732116699, 0.11622738838195801, 0.13837766647338867, 0.1149604320526123, 0.12093949317932129, 0.14574551582336426, 0.13357806205749512, 0.114288330078125, 0.13845586776733398, 0.11069965362548828, 0.11264538764953613, 0.13939523696899414, 0.10685181617736816, 0.12070131301879883, 0.15217137336730957, 0.11637759208679199, 