{"ID": 5, "inference time": [0.6769750118255615, 0.18586492538452148, 0.17655658721923828, 0.18977785110473633, 0.1956636905670166, 0.1795647144317627, 0.17577767372131348, 0.18112587928771973, 0.18590402603149414, 0.1768033504486084, 0.1881575584411621, 0.18688058853149414, 0.1877727508544922, 0.18307709693908691, 0.1838381290435791, 0.1783144474029541, 0.17789673805236816, 0.2075808048248291, 0.1723775863647461, 0.18535876274108887, 0.18787407875061035, 0.19000887870788574, 0.17915964126586914, 0.1813971996307373, 0.20196080207824707, 0.20370912551879883, 0.1867520809173584, 0.18901562690734863, 0.17055988311767578, 0.20330429077148438, 0.17798447608947754, 0.2314453125, 0.17986536026000977, 0.17981386184692383, 0.183518648147583, 0.18203067779541016, 0.189833402633667, 0.17857575416564941, 0.1802992820739746, 0.1755363941192627, 0.1919844150543213, 0.1715683937072754, 0.20248961448669434, 0.18578124046325684, 0.18487095832824707, 0.1943349838256836, 0.19404220581054688, 0.18641233444213867, 0.1957857608795166, 0.1813981533050537, 0.1856839656829834, 0.19362282752990723, 0.1782383918762207, 0.194260835647583, 0.1754288673400879, 0.20689940452575684, 0.17586064338684082, 0.21667146682739258, 0.17477130889892578, 0.20537543296813965, 0.18418169021606445, 0.20961952209472656, 0.1855478286743164, 0.20779824256896973, 0.1726386547088623, 0.19636201858520508, 0.17610502243041992, 0.20113062858581543, 0.16819524765014648, 0.21177935600280762, 0.16536831855773926, 0.2177121639251709, 0.17929553985595703, 0.25493955612182617, 0.22416114807128906, 0.17543959617614746, 0.2247142791748047, 0.16735315322875977, 0.2102370262145996, 0.16794681549072266, 0.19921350479125977, 0.17272281646728516, 0.19161629676818848, 0.1693580150604248, 0.20611071586608887, 0.1726396083831787, 0.20883679389953613, 0.17980146408081055, 0.2028043270111084, 0.1696333885192871, 0.20502567291259766, 0.1703929901123047, 0.1978931427001953, 0.16959404945373535, 0.20308995246887207, 0.17954683303833008, 0.212968111038208, 0.16305756568908691, 0.2031412124633789, 0.16806554794311523, 0.21314334869384766, 0.16370773315429688, 0.21833133697509766, 0.17384052276611328, 0.20075464248657227, 0.17908835411071777, 0.19518160820007324, 0.1824812889099121, 0.2010784149169922, 0.17327141761779785, 0.2004690170288086, 0.1866161823272705, 0.20178699493408203, 0.1806502342224121, 0.186234712600708, 0.1799607276916504, 0.1813650131225586, 0.18027925491333008, 0.1979227066040039, 0.17042326927185059, 0.20412158966064453, 0.17696857452392578, 0.19100022315979004, 0.1823897361755371, 0.1789705753326416, 0.19239354133605957, 0.17912840843200684, 0.20402765274047852, 0.18517088890075684, 0.22046947479248047, 0.17432618141174316, 0.20560956001281738, 0.17404437065124512, 0.20305657386779785, 0.1820201873779297, 0.20933198928833008, 0.17518281936645508, 0.20136761665344238, 0.1801464557647705, 0.19197964668273926, 0.17334699630737305, 0.21223998069763184, 0.18553471565246582, 0.2204725742340088, 0.1747887134552002, 0.2217400074005127, 0.17438125610351562, 0.20354795455932617, 0.18181252479553223, 0.1884474754333496, 0.18377137184143066, 0.18443584442138672, 0.18722152709960938, 0.17712879180908203, 0.1793510913848877, 0.1731557846069336, 0.19148516654968262, 0.1731574535369873, 0.18285202980041504, 0.18027567863464355, 0.1679847240447998, 0.19935917854309082, 0.18753409385681152, 0.2063586711883545, 0.16324996948242188, 0.2055983543395996, 0.16883420944213867, 0.197723388671875, 0.184952974319458, 0.2081305980682373, 0.17406415939331055, 0.2018425464630127, 0.16566991806030273, 0.1985781192779541, 0.16980457305908203, 0.20133471488952637, 0.1760544776916504, 0.21046733856201172, 0.17244696617126465, 0.21784472465515137, 0.1709885597229004, 0.20696330070495605, 0.17038369178771973, 0.1751863956451416, 0.17812824249267578, 0.1854090690612793, 0.1801156997680664, 0.1815495491027832, 0.2057642936706543, 0.17658209800720215, 0.18091702461242676, 0.19696879386901855, 0.17618227005004883, 0.18677973747253418, 0.1666548252105713, 0.1960747241973877, 0.1750185489654541, 0.181443452835083, 0.19171524047851562, 0.16433238983154297, 0.20865368843078613, 0.16184163093566895, 0.20216822624206543, 0.16824579238891602, 0.21192598342895508, 0.1806015968322754, 0.20285820960998535, 0.16218137741088867, 0.19493508338928223, 0.17665886878967285, 0.19941401481628418, 0.16881775856018066, 0.2135329246520996, 0.16986703872680664, 0.20180559158325195, 0.16819047927856445, 0.21840310096740723, 0.17860150337219238, 0.21097707748413086, 0.16745853424072266, 0.20972847938537598, 0.1744976043701172, 0.1792001724243164, 0.18144559860229492, 0.17470526695251465, 0.18488788604736328, 0.18788838386535645, 0.17437529563903809, 0.21142220497131348, 0.17152190208435059, 0.18419289588928223, 0.20385527610778809, 0.17710232734680176, 0.18634891510009766, 0.17225408554077148, 0.20552587509155273, 0.16616582870483398, 0.21813488006591797, 0.17867183685302734, 0.18598318099975586, 0.17024970054626465, 0.18907880783081055, 0.20300078392028809, 0.171295166015625, 0.18673372268676758, 0.20510315895080566, 0.1783759593963623, 0.17569303512573242, 0.19611787796020508, 0.19324183464050293, 0.1831951141357422, 0.1876988410949707, 0.17494630813598633, 0.20082783699035645, 0.17799043655395508, 0.20661449432373047, 0.17226934432983398, 0.17879080772399902, 0.17439579963684082, 0.18398404121398926, 0.20725226402282715, 0.1735548973083496, 0.1866016387939453, 0.20408940315246582, 0.18331289291381836, 0.1781635284423828, 0.1750044822692871, 0.19339990615844727, 0.19144463539123535, 0.18641066551208496, 0.20415306091308594, 0.17356252670288086, 0.1982591152191162, 0.1801910400390625, 0.20239806175231934, 0.1693863868713379, 0.21654462814331055, 0.17165565490722656, 0.20411276817321777, 0.17806744575500488, 0.19409942626953125, 0.17250514030456543, 0.17960906028747559, 0.17632627487182617, 0.19433999061584473, 0.1803743839263916, 0.20090532302856445, 0.1681985855102539, 0.21297097206115723, 0.16652202606201172, 0.20945978164672852, 0.17599081993103027, 0.19569182395935059, 0.16887712478637695, 0.21487021446228027, 0.17357921600341797, 0.20265889167785645, 0.20399236679077148, 0.17222881317138672, 0.18136978149414062, 0.17731261253356934, 0.17929649353027344, 0.1757030487060547, 0.17787814140319824, 0.17224645614624023, 0.17822027206420898, 0.19048690795898438, 0.17850160598754883, 0.2055046558380127, 0.1699230670928955, 0.20444631576538086, 0.17276716232299805, 0.20375943183898926, 0.15980744361877441, 0.20036721229553223, 0.17360401153564453, 0.20358014106750488, 0.1701803207397461, 0.2169361114501953, 0.17928075790405273, 0.24185895919799805, 0.18336844444274902, 0.18140196800231934, 0.18811941146850586, 0.18523645401000977, 0.1770029067993164, 0.19300246238708496, 0.1791694164276123, 0.19297075271606445, 0.1627509593963623, 0.19647741317749023, 0.1855754852294922, 0.19106578826904297, 0.1755387783050537, 0.20726585388183594, 0.16991901397705078, 0.20466232299804688, 0.1692943572998047, 0.19753074645996094, 0.1794424057006836, 0.19733572006225586, 0.1786787509918213, 0.17873477935791016, 0.1822214126586914, 0.1941394805908203, 0.18291831016540527, 0.20391297340393066, 0.17340993881225586, 0.21691179275512695, 0.1711869239807129, 0.24998116493225098, 0.20219993591308594, 0.1744248867034912, 0.2021489143371582, 0.1667945384979248, 0.19539642333984375, 0.16408777236938477, 0.19527602195739746, 0.17211699485778809, 0.20237016677856445, 0.16936349868774414, 0.19124746322631836, 0.17925453186035156, 0.20067286491394043, 0.17092394828796387, 0.21248650550842285, 0.1939558982849121, 0.20379090309143066, 0.16559410095214844, 0.19930195808410645, 0.17229247093200684, 0.19048357009887695, 0.18059420585632324, 0.20874881744384766, 0.17155981063842773, 0.20258688926696777, 0.18526887893676758, 0.20586895942687988, 0.1782236099243164, 0.2044370174407959, 0.17582488059997559, 0.20282912254333496, 0.17477750778198242, 0.19952630996704102, 0.18369030952453613, 