{"ID": 6, "inference time": [17.387212991714478, 0.20124077796936035, 0.14650869369506836, 0.1359705924987793, 0.10364198684692383, 0.11847376823425293, 0.12657403945922852, 0.10981893539428711, 0.11046409606933594, 0.12132835388183594, 0.10946798324584961, 0.10547327995300293, 0.11469388008117676, 0.11472034454345703, 0.11153340339660645, 0.11954069137573242, 0.11066079139709473, 0.12244009971618652, 0.11958694458007812, 0.10968494415283203, 0.11810779571533203, 0.12217140197753906, 0.10822153091430664, 0.10960960388183594, 0.13663268089294434, 0.11028552055358887, 0.10912919044494629, 0.11317014694213867, 0.11949276924133301, 0.1005089282989502, 0.11573100090026855, 0.12535858154296875, 0.10761451721191406, 0.1194159984588623, 0.12055444717407227, 0.10697054862976074, 0.11861109733581543, 0.11750125885009766, 0.11449384689331055, 0.11944127082824707, 0.1351003646850586, 0.1133878231048584, 0.12116527557373047, 0.13654804229736328, 0.1066431999206543, 0.12315726280212402, 0.12915372848510742, 0.11303329467773438, 0.122161865234375, 0.1318819522857666, 0.11540794372558594, 0.1209251880645752, 0.11685848236083984, 0.1167304515838623, 0.11403250694274902, 0.12530922889709473, 0.1135244369506836, 0.12164664268493652, 0.12921619415283203, 0.12116050720214844, 0.12418580055236816, 0.12544870376586914, 0.1084442138671875, 0.12218236923217773, 0.12860918045043945, 0.12287354469299316, 0.12507271766662598, 0.12813711166381836, 0.11297917366027832, 0.11891484260559082, 0.1300668716430664, 0.10826754570007324, 0.11514520645141602, 0.12464737892150879, 0.11318731307983398, 0.12065839767456055, 0.12699079513549805, 0.11426568031311035, 0.1221151351928711, 0.1312716007232666, 0.11344766616821289, 0.12325811386108398, 0.1325826644897461, 0.1156005859375, 0.11711931228637695, 0.12807679176330566, 0.1059105396270752, 0.11699628829956055, 0.12532377243041992, 0.1053016185760498, 0.1179962158203125, 0.12752389907836914, 0.10932254791259766, 0.1163330078125, 0.11991548538208008, 0.10756969451904297, 0.11957502365112305, 0.1264047622680664, 0.10972929000854492, 0.12133169174194336, 0.13561701774597168, 0.11611294746398926, 0.11814522743225098, 0.12851428985595703, 0.10735535621643066, 0.13002824783325195, 0.12936735153198242, 0.11626458168029785, 0.13237977027893066, 0.1255965232849121, 0.12162423133850098, 0.11894106864929199, 0.12763261795043945, 0.10507416725158691, 0.12006974220275879, 0.12538480758666992, 0.11058616638183594, 0.12071466445922852, 0.11058688163757324, 0.11913871765136719, 0.12492108345031738, 0.1337873935699463, 0.11138606071472168, 0.12054991722106934, 0.12952136993408203, 0.1052851676940918, 0.11619710922241211, 0.12585926055908203, 0.10980057716369629, 0.12497210502624512, 0.13046693801879883, 0.11072778701782227, 0.11699199676513672, 0.12761831283569336, 0.11741924285888672, 0.12285661697387695, 0.1348588466644287, 0.10563540458679199, 0.12588858604431152, 0.1323070526123047, 0.11012458801269531, 0.11993098258972168, 0.1267387866973877, 0.11059832572937012, 0.12054634094238281, 0.12002873420715332, 0.1115412712097168, 0.12157773971557617, 0.12498855590820312, 0.10842299461364746, 0.11641120910644531, 0.13018202781677246, 0.108917236328125, 0.1222686767578125, 0.13086175918579102, 0.1113443374633789, 0.12014126777648926, 0.13009119033813477, 0.11150264739990234, 0.1206064224243164, 0.12248063087463379, 0.10977840423583984, 0.12622690200805664, 0.12977027893066406, 0.12023258209228516, 0.1276230812072754, 0.1338944435119629, 0.11816883087158203, 0.12671804428100586, 0.13178205490112305, 0.11922812461853027, 0.12817168235778809, 0.1349198818206787, 0.11835551261901855, 0.1264784336090088, 0.13076519966125488, 0.10795450210571289, 0.1198883056640625, 0.12649250030517578, 0.11173629760742188, 0.12577247619628906, 0.11660885810852051, 0.11330652236938477, 0.12736725807189941, 0.12845301628112793, 0.1198587417602539, 0.12619948387145996, 0.1280968189239502, 0.11915159225463867, 0.12799501419067383, 0.13563179969787598, 0.12125372886657715, 0.12505340576171875, 0.13303208351135254, 0.11917686462402344, 0.12851309776306152, 0.13842248916625977, 0.12244486808776855, 0.1283872127532959, 0.14020490646362305, 0.12466669082641602, 0.13089680671691895, 0.1263430118560791, 0.11584615707397461, 0.12478065490722656, 0.1321251392364502, 0.12038564682006836, 0.13024115562438965, 0.12323164939880371, 0.12125921249389648, 0.13421130180358887, 0.1233820915222168, 0.11926651000976562, 0.13148140907287598, 0.12870073318481445, 0.11787748336791992, 0.12812089920043945, 0.13804173469543457, 0.12578105926513672, 0.1246500015258789, 0.12071442604064941, 0.12396454811096191, 0.1285109519958496, 0.13284873962402344, 0.12623167037963867, 0.1337425708770752, 0.12787675857543945, 0.12436819076538086, 0.13097214698791504, 0.1345052719116211, 0.12157678604125977, 0.1311638355255127, 0.12564969062805176, 0.11816716194152832, 0.13054895401000977, 0.14309144020080566, 0.11680889129638672, 0.13109040260314941, 0.1218116283416748, 0.1231381893157959, 0.13169431686401367, 0.14212727546691895, 0.11755228042602539, 0.1326303482055664, 0.1370372772216797, 0.11918830871582031, 0.1296555995941162, 0.12817788124084473, 0.12624049186706543, 0.12859296798706055, 0.13870477676391602, 0.1259138584136963, 0.13289165496826172, 0.13465189933776855, 0.12151646614074707, 0.13356590270996094, 0.12444829940795898, 0.11854219436645508, 0.1340324878692627, 0.119110107421875, 0.12948179244995117, 0.13415741920471191, 0.12382888793945312, 0.12050747871398926, 0.13501667976379395, 0.12694764137268066, 0.12098383903503418, 0.13345909118652344, 0.14327263832092285, 0.12247824668884277, 0.1296994686126709, 0.12522459030151367, 0.12183380126953125, 0.13613319396972656, 0.13052630424499512, 0.13590002059936523, 0.13382554054260254, 0.1344590187072754, 0.12137603759765625, 0.1337757110595703, 0.1299300193786621, 0.1222996711730957, 0.12969112396240234, 0.15015411376953125, 0.1195216178894043, 0.1356029510498047, 0.11187148094177246, 0.1313788890838623, 0.13215065002441406, 0.1416335105895996, 0.13019466400146484, 0.13469719886779785, 0.1469264030456543, 0.12082862854003906, 0.13832545280456543, 0.11929035186767578, 0.13400602340698242, 0.1373612880706787, 0.11966276168823242, 0.13241028785705566, 0.13738179206848145, 0.13791942596435547, 0.12351036071777344, 0.13535594940185547, 0.13943815231323242, 0.12539100646972656, 0.1420753002166748, 0.12763619422912598, 0.11717677116394043, 0.13548541069030762, 0.13239693641662598, 0.12670373916625977, 0.13502931594848633, 0.12607908248901367, 0.12722301483154297, 0.13670134544372559, 0.12277054786682129, 0.1334671974182129, 0.14305329322814941, 0.1254866123199463, 0.12248969078063965, 0.13627099990844727, 0.11640095710754395, 0.12548422813415527, 0.13863325119018555, 0.12876391410827637, 0.13489532470703125, 0.136488676071167, 0.11855816841125488, 0.12237691879272461, 0.13705706596374512, 0.1387040615081787, 0.11864733695983887, 0.13639187812805176, 0.11738872528076172, 0.13607525825500488, 0.1385180950164795, 0.1303393840789795, 0.12345004081726074, 0.13081598281860352, 0.13773322105407715, 0.1351161003112793, 0.13339543342590332, 0.11735725402832031, 0.13147974014282227, 0.13680481910705566, 0.12502527236938477, 0.13534069061279297, 0.14041519165039062, 0.11920833587646484, 0.12819385528564453, 0.13919305801391602, 0.12036347389221191, 0.12783384323120117, 0.13912224769592285, 0.1199960708618164, 0.12819504737854004, 0.1356668472290039, 0.12390971183776855, 0.12428784370422363, 0.13939833641052246, 0.11717987060546875, 0.13423562049865723, 0.14008593559265137, 0.12662029266357422, 0.12917733192443848, 0.1379547119140625, 0.1317746639251709, 0.12510895729064941, 0.13906431198120117, 0.12149262428283691, 0.13294005393981934, 0.13991928100585938, 0.12417745590209961, 0.128387451171875, 0.1402420997619629, 0.12905526161193848, 0.12628841400146484, 0.14061975479125977, 0.12073063850402832, 0.1242518424987793, 0.14188075065612793, 0.11605525016784668, 0.12931370735168457, 