{"ID": 5, "inference time": [8.892227172851562, 0.0576784610748291, 0.032878875732421875, 0.0510258674621582, 0.047022104263305664, 0.034731149673461914, 0.05071091651916504, 0.04285740852355957, 0.033417701721191406, 0.05186581611633301, 0.04512190818786621, 0.035780906677246094, 0.0569767951965332, 0.04227495193481445, 0.03342890739440918, 0.05071902275085449, 0.06128048896789551, 0.03437972068786621, 0.05093097686767578, 0.044460296630859375, 0.03238105773925781, 0.04635024070739746, 0.04305624961853027, 0.03275156021118164, 0.05052542686462402, 0.04388093948364258, 0.03262925148010254, 0.05286264419555664, 0.03882193565368652, 0.056470632553100586, 0.051558732986450195, 0.10733890533447266, 0.11913800239562988, 0.04726386070251465, 0.0676882266998291, 0.0554654598236084, 0.04729318618774414, 0.0716552734375, 0.0686960220336914, 0.05893564224243164, 0.07023167610168457, 0.07367181777954102, 0.05882668495178223, 0.07536101341247559, 0.06655454635620117, 0.04812979698181152, 0.07410764694213867, 0.06982994079589844, 0.04481029510498047, 0.07621073722839355, 0.07021903991699219, 0.044422149658203125, 0.0786290168762207, 0.07138276100158691, 0.05179953575134277, 0.07273507118225098, 0.08178591728210449, 0.05570507049560547, 0.07134032249450684, 0.06228351593017578, 0.05419635772705078, 0.06730008125305176, 0.06580901145935059, 0.05315518379211426, 0.0746617317199707, 0.07069659233093262, 0.060933589935302734, 0.07448101043701172, 0.0739285945892334, 0.057023048400878906, 0.06614446640014648, 0.061849117279052734, 0.05377531051635742, 0.06839632987976074, 0.06140279769897461, 0.05718183517456055, 0.062245845794677734, 0.06616568565368652, 0.0562441349029541, 0.0676114559173584, 0.06415748596191406, 0.06336808204650879, 0.0712592601776123, 0.06727218627929688, 0.052181243896484375, 0.0645599365234375, 0.062262535095214844, 0.05862903594970703, 0.06630849838256836, 0.05690336227416992, 0.05634737014770508, 0.07052755355834961, 0.06366825103759766, 0.05531668663024902, 0.06672048568725586, 0.06167244911193848, 0.0532841682434082, 0.0716547966003418, 0.06368899345397949, 0.06354880332946777, 0.06767106056213379, 0.061625003814697266, 0.05155825614929199, 0.06953120231628418, 0.0583953857421875, 0.05313992500305176, 0.06947898864746094, 0.05838775634765625, 0.051971435546875, 0.06090354919433594, 0.06724667549133301, 0.049753665924072266, 0.06382060050964355, 0.06026506423950195, 0.05152440071105957, 0.07040095329284668, 0.05998110771179199, 0.05126309394836426, 0.06726980209350586, 0.06342864036560059, 0.056116580963134766, 0.0649111270904541, 0.06504201889038086, 0.05546689033508301, 0.07133913040161133, 0.07510137557983398, 0.05971550941467285, 0.061913490295410156, 0.06013631820678711, 0.05370807647705078, 0.06793880462646484, 0.06015419960021973, 0.052609920501708984, 0.06596255302429199, 0.060758113861083984, 0.05340433120727539, 0.06502008438110352, 0.06036829948425293, 0.043503761291503906, 0.06858587265014648, 0.06107378005981445, 0.05452537536621094, 0.06326150894165039, 0.06339025497436523, 0.05670571327209473, 0.06644320487976074, 0.061927080154418945, 0.05247187614440918, 0.066314697265625, 0.060530662536621094, 0.05682706832885742, 0.0640265941619873, 0.06052660942077637, 0.05470895767211914, 0.06985187530517578, 0.06124281883239746, 0.05780529975891113, 0.06280517578125, 0.06023144721984863, 0.05300092697143555, 0.06517934799194336, 0.06075119972229004, 0.054428815841674805, 0.06986713409423828, 0.061121225357055664, 0.05136370658874512, 0.06529784202575684, 0.05990195274353027, 0.05596923828125, 0.06581950187683105, 0.06305551528930664, 0.0567774772644043, 0.0681753158569336, 0.06013011932373047, 0.054396629333496094, 0.06481409072875977, 0.059236764907836914, 0.054311513900756836, 0.0612485408782959, 0.059636592864990234, 0.05450844764709473, 0.06002688407897949, 0.05808687210083008, 0.05799603462219238, 0.060877323150634766, 0.06062936782836914, 0.05596137046813965, 0.06746554374694824, 0.06850314140319824, 0.05595517158508301, 0.07272481918334961, 0.06143641471862793, 0.05501580238342285, 0.061240434646606445, 0.06549286842346191, 0.0559382438659668, 0.06083488464355469, 0.06469893455505371, 0.05482172966003418, 0.06084728240966797, 0.06211733818054199, 0.05605745315551758, 0.06666374206542969, 0.05745387077331543, 0.05527853965759277, 0.06252312660217285, 0.05930304527282715, 0.054567813873291016, 0.05916190147399902, 0.06267333030700684, 0.055599212646484375, 0.07157659530639648, 0.06215071678161621, 0.05451369285583496, 0.06259608268737793, 0.06441354751586914, 0.05390143394470215, 0.07243800163269043, 0.06972002983093262, 0.05496048927307129, 0.06582283973693848, 0.059000492095947266, 0.055055856704711914, 0.06182074546813965, 0.05909585952758789, 0.055115699768066406, 0.06885814666748047, 0.06461858749389648, 0.054303646087646484, 0.06316328048706055, 0.05996513366699219, 0.05666041374206543, 0.0696115493774414, 0.06929278373718262, 0.05415678024291992, 0.06536245346069336, 0.06260180473327637, 0.05553603172302246, 0.06853485107421875, 0.06233525276184082, 0.05461597442626953, 0.0686502456665039, 0.05872035026550293, 0.05371832847595215, 0.07015538215637207, 0.06302952766418457, 0.053648948669433594, 0.05968046188354492, 0.06718659400939941, 0.06027102470397949, 0.06779336929321289, 0.056723833084106445, 0.05608963966369629, 0.07044529914855957, 0.06803536415100098, 0.05998873710632324, 0.06949090957641602, 0.06185197830200195, 0.05619192123413086, 0.06201958656311035, 0.06204104423522949, 0.05171060562133789, 0.07025718688964844, 0.062241315841674805, 0.05617380142211914, 0.05863690376281738, 0.06046414375305176, 0.055414676666259766, 0.07065773010253906, 0.06690263748168945, 0.05421900749206543, 0.06096005439758301, 0.061763763427734375, 0.05428290367126465, 0.059108734130859375, 0.05690908432006836, 0.05646491050720215, 0.06446456909179688, 0.05492830276489258, 0.044411420822143555, 0.06580162048339844, 0.061266183853149414, 0.05668497085571289, 0.058289527893066406, 0.0647428035736084, 0.05196332931518555, 0.06641435623168945, 0.06758522987365723, 0.058753252029418945, 0.06952285766601562, 0.0529780387878418, 0.056967973709106445, 0.06804513931274414, 0.06510734558105469, 0.055998802185058594, 0.07103967666625977, 0.059882402420043945, 0.05555391311645508, 0.0675501823425293, 0.06476974487304688, 0.055014848709106445, 0.07090473175048828, 0.06212329864501953, 0.05662703514099121, 0.06804132461547852, 0.06422591209411621, 0.054891347885131836, 0.057889461517333984, 0.056073665618896484, 0.054346561431884766, 0.06300520896911621, 0.056181907653808594, 0.0557551383972168, 0.06561446189880371, 0.05622124671936035, 0.05354642868041992, 0.06479477882385254, 0.051773786544799805, 0.055982351303100586, 0.05713367462158203, 0.06011629104614258, 0.056345224380493164, 0.06586217880249023, 0.06137561798095703, 0.05426931381225586, 0.06361746788024902, 0.05483412742614746, 0.05335116386413574, 0.06517791748046875, 0.052590131759643555, 0.04997086524963379, 0.06947517395019531, 0.05752205848693848, 0.05724596977233887, 0.06504368782043457, 0.05975747108459473, 0.05554986000061035, 0.0692291259765625, 0.06014227867126465, 0.056116342544555664, 0.0631251335144043, 0.06295204162597656, 0.054160356521606445, 0.0648040771484375, 0.05631542205810547, 0.054826974868774414, 0.06560206413269043, 0.06316161155700684, 0.057329416275024414, 0.06422114372253418, 0.05548262596130371, 0.05517745018005371, 0.06666088104248047, 0.06257033348083496, 0.05553603172302246, 0.0651235580444336, 0.052350521087646484, 0.05662822723388672, 0.06394195556640625, 0.057746171951293945, 0.05565333366394043, 0.06034445762634277, 0.055733442306518555, 0.05579686164855957, 0.06571125984191895, 0.05083942413330078, 0.055724382400512695, 0.06664276123046875, 0.05940127372741699, 0.05722308158874512, 0.06697463989257812, 0.057871341705322266, 0.05800437927246094, 0.06509017944335938, 0.05406618118286133, 0.05542349815368652, 0.0657346248626709, 0.05439400672912598, 