{"ID": 5, "inference time": [17.897245168685913, 0.10184550285339355, 0.11580538749694824, 0.11110281944274902, 0.09787917137145996, 0.10718512535095215, 0.12236404418945312, 0.09355378150939941, 0.12202048301696777, 0.1337580680847168, 0.10569119453430176, 0.11901259422302246, 0.11178135871887207, 0.10173249244689941, 0.10849809646606445, 0.10949921607971191, 0.09653019905090332, 0.09723186492919922, 0.11539006233215332, 0.09650325775146484, 0.09094476699829102, 0.12023425102233887, 0.10424065589904785, 0.11856842041015625, 0.13754725456237793, 0.10455822944641113, 0.1088724136352539, 0.11644124984741211, 0.11075377464294434, 0.10509896278381348, 0.1214897632598877, 0.1090085506439209, 0.12279534339904785, 0.12575936317443848, 0.09610962867736816, 0.1111454963684082, 0.12242865562438965, 0.10530257225036621, 0.10601496696472168, 0.12603044509887695, 0.10722947120666504, 0.10546541213989258, 0.12048149108886719, 0.11620354652404785, 0.09919929504394531, 0.12160921096801758, 0.1106564998626709, 0.10114550590515137, 0.11929464340209961, 0.11914324760437012, 0.11738991737365723, 0.12687969207763672, 0.10829424858093262, 0.10775208473205566, 0.12364435195922852, 0.1093904972076416, 0.10648298263549805, 0.11366128921508789, 0.11492252349853516, 0.11117291450500488, 0.1258702278137207, 0.10787677764892578, 0.08986639976501465, 0.12371253967285156, 0.1199643611907959, 0.1161949634552002, 0.12244749069213867, 0.12226676940917969, 0.11038661003112793, 0.12795376777648926, 0.11562371253967285, 0.11619257926940918, 0.12390875816345215, 0.11322522163391113, 0.11535453796386719, 0.1284160614013672, 0.11313581466674805, 0.08660411834716797, 0.13104510307312012, 0.10913848876953125, 0.10834097862243652, 0.12278342247009277, 0.12015032768249512, 0.11180615425109863, 0.12056756019592285, 0.1087949275970459, 0.10223007202148438, 0.1256096363067627, 0.11410784721374512, 0.11272692680358887, 0.1255197525024414, 0.11534762382507324, 0.12362074851989746, 0.13657307624816895, 0.12075996398925781, 0.10141634941101074, 0.11349034309387207, 0.1170644760131836, 0.10791254043579102, 0.12778043746948242, 0.11706256866455078, 0.09695100784301758, 0.13372564315795898, 0.11535191535949707, 0.09253740310668945, 0.1217656135559082, 0.1196439266204834, 0.09531426429748535, 0.11948895454406738, 0.12000584602355957, 0.09183025360107422, 0.12625741958618164, 0.11164331436157227, 0.1075599193572998, 0.1226949691772461, 0.1135404109954834, 0.12076544761657715, 0.11915898323059082, 0.12586116790771484, 0.09554433822631836, 0.12476301193237305, 0.11637616157531738, 0.11341023445129395, 0.1182248592376709, 0.12387776374816895, 0.10833477973937988, 0.12708616256713867, 0.12168145179748535, 0.10930490493774414, 0.11939406394958496, 0.11217498779296875, 0.11079621315002441, 0.12197208404541016, 0.11598014831542969, 0.09359931945800781, 0.12436842918395996, 0.11329936981201172, 0.09301519393920898, 0.12850236892700195, 0.11551713943481445, 0.11250162124633789, 0.11711859703063965, 0.10921025276184082, 0.1130211353302002, 0.11587405204772949, 0.11224007606506348, 0.09307289123535156, 0.11622357368469238, 0.11723899841308594, 0.09235405921936035, 0.12824201583862305, 0.11364150047302246, 0.08927130699157715, 0.1194913387298584, 0.11270761489868164, 0.1130681037902832, 0.13109230995178223, 0.11230325698852539, 0.11903786659240723, 0.12159538269042969, 0.11577129364013672, 0.09761810302734375, 0.1305532455444336, 0.11168575286865234, 0.09967613220214844, 0.12811779975891113, 0.11353063583374023, 0.09380507469177246, 0.11893916130065918, 0.11640095710754395, 0.09283328056335449, 0.12494301795959473, 0.11957454681396484, 0.09600472450256348, 0.12700605392456055, 0.11081242561340332, 0.08928203582763672, 0.12699389457702637, 0.11171817779541016, 0.1239926815032959, 0.1251966953277588, 0.11140775680541992, 0.10543465614318848, 0.1320326328277588, 0.11688637733459473, 0.12004232406616211, 0.13294529914855957, 0.11133575439453125, 0.09317517280578613, 0.13204264640808105, 0.1211099624633789, 0.09113788604736328, 0.12916064262390137, 0.1227118968963623, 0.08851408958435059, 0.1327223777770996, 0.12217283248901367, 0.09145188331604004, 0.1267702579498291, 0.12002730369567871, 0.12280058860778809, 0.1341845989227295, 0.10855984687805176, 0.10982203483581543, 0.12272286415100098, 0.11763930320739746, 0.12076306343078613, 0.12566208839416504, 0.11018013954162598, 0.1256122589111328, 0.11675095558166504, 0.11709475517272949, 0.12141132354736328, 0.12804436683654785, 0.1175236701965332, 0.08916759490966797, 0.13101840019226074, 0.12554669380187988, 0.12314963340759277, 0.11377263069152832, 0.11596918106079102, 0.12457513809204102, 0.12691187858581543, 0.12268209457397461, 0.12482786178588867, 0.1268324851989746, 0.11913132667541504, 0.10648512840270996, 0.12743401527404785, 0.12255978584289551, 0.1213376522064209, 0.13222169876098633, 0.11874985694885254, 0.09557843208312988, 0.13114452362060547, 0.1146402359008789, 0.12149333953857422, 0.12563228607177734, 0.11858344078063965, 0.10135483741760254, 0.1308140754699707, 0.11917972564697266, 0.08835005760192871, 0.1192617416381836, 0.12229514122009277, 0.10625815391540527, 0.11623358726501465, 0.11473226547241211, 0.09670758247375488, 0.12943696975708008, 0.12532496452331543, 0.09857535362243652, 0.13469743728637695, 0.12109971046447754, 0.11063528060913086, 0.13825416564941406, 0.11446046829223633, 0.12985610961914062, 0.12216424942016602, 0.1203920841217041, 0.1208336353302002, 0.13267874717712402, 0.11781549453735352, 0.1279153823852539, 0.13247418403625488, 0.12509703636169434, 0.0959312915802002, 0.1358168125152588, 0.11872601509094238, 0.12779927253723145, 0.1305234432220459, 0.11945557594299316, 0.11741018295288086, 0.12945342063903809, 0.11618638038635254, 0.0941624641418457, 0.12468504905700684, 0.12154841423034668, 0.10941219329833984, 0.12244844436645508, 0.11513638496398926, 0.09252429008483887, 0.1279914379119873, 0.12612009048461914, 0.12086963653564453, 0.11516642570495605, 0.12561941146850586, 0.09486651420593262, 0.12703633308410645, 0.12201166152954102, 0.09599781036376953, 0.13070058822631836, 0.12823176383972168, 0.10796427726745605, 0.1150820255279541, 0.12328004837036133, 0.12077808380126953, 0.123077392578125, 0.1167447566986084, 0.092987060546875, 0.13567805290222168, 0.1216738224029541, 0.10040283203125, 0.13531255722045898, 0.12093615531921387, 0.1207280158996582, 0.12553024291992188, 0.12138032913208008, 0.10769510269165039, 0.13371777534484863, 0.1218874454498291, 0.08574533462524414, 0.12343144416809082, 0.11724972724914551, 0.11646366119384766, 0.13369441032409668, 0.11930036544799805, 0.08360695838928223, 0.12546586990356445, 0.12012529373168945, 0.11982035636901855, 0.13525176048278809, 0.12268424034118652, 0.11680793762207031, 0.11673760414123535, 0.12092828750610352, 0.11983656883239746, 0.12711787223815918, 0.1238698959350586, 0.10001111030578613, 0.11852860450744629, 0.12430191040039062, 0.12131810188293457, 0.11736059188842773, 0.12291407585144043, 0.12336587905883789, 0.12593507766723633, 0.12734723091125488, 0.09482049942016602, 0.12260842323303223, 0.11782288551330566, 0.1191091537475586, 0.12208151817321777, 0.12870478630065918, 0.09941935539245605, 0.1199040412902832, 0.12033963203430176, 0.0994875431060791, 0.12036705017089844, 0.12164425849914551, 0.10778427124023438, 0.11619830131530762, 0.12361001968383789, 0.10602831840515137, 0.12020301818847656, 0.1221761703491211, 0.09927797317504883, 0.13863611221313477, 0.12914443016052246, 0.0804753303527832, 0.11455488204956055, 0.12284016609191895, 0.09561562538146973, 0.12417912483215332, 0.12448453903198242, 0.11412787437438965, 0.12485074996948242, 0.12062525749206543, 0.10125350952148438, 0.12786388397216797, 0.12604999542236328, 0.10635161399841309, 0.1184380054473877, 0.12252473831176758, 0.10753822326660156, 0.12392759323120117, 0.12061572074890137, 0.10560774803161621, 0.11799120903015137, 0.11923503875732422, 0.10906982421875, 0.12726831436157227, 0.12247252464294434,