{"ID": 6, "inference time": [6.355216026306152, 0.043047189712524414, 0.041214704513549805, 0.045928239822387695, 0.04104900360107422, 0.04193592071533203, 0.04336380958557129, 0.05105233192443848, 0.050562143325805664, 0.046881675720214844, 0.05574202537536621, 0.0562283992767334, 0.06908702850341797, 0.048259735107421875, 0.04475879669189453, 0.06356215476989746, 0.05142378807067871, 0.041466712951660156, 0.06615519523620605, 0.05237603187561035, 0.04090404510498047, 0.05757546424865723, 0.051271915435791016, 0.03918051719665527, 0.057760000228881836, 0.05715775489807129, 0.042272329330444336, 0.06138324737548828, 0.054189205169677734, 0.03773355484008789, 0.05721545219421387, 0.0515291690826416, 0.03809714317321777, 0.058331966400146484, 0.0497279167175293, 0.04097580909729004, 0.05921459197998047, 0.04961585998535156, 0.03983592987060547, 0.1197052001953125, 0.1442573070526123, 0.10458183288574219, 0.13269448280334473, 0.10419726371765137, 0.053941965103149414, 0.04070544242858887, 0.10038566589355469, 0.06761622428894043, 0.05106759071350098, 0.08651185035705566, 0.060582637786865234, 0.04850149154663086, 0.08283019065856934, 0.06411862373352051, 0.07910609245300293, 0.09376978874206543, 0.07304954528808594, 0.09431958198547363, 0.09718036651611328, 0.0748291015625, 0.08483433723449707, 0.10437130928039551, 0.07521462440490723, 0.08102846145629883, 0.09424853324890137, 0.0677642822265625, 0.056642770767211914, 0.06781530380249023, 0.08114099502563477, 0.04057145118713379, 0.06758689880371094, 0.08589529991149902, 0.0490267276763916, 0.07303214073181152, 0.08206987380981445, 0.058275699615478516, 0.07990241050720215, 0.08130550384521484, 0.05497241020202637, 0.06690859794616699, 0.0780487060546875, 0.04219698905944824, 0.06766104698181152, 0.08004093170166016, 0.03901243209838867, 0.06859993934631348, 0.08067035675048828, 0.0473935604095459, 0.06630206108093262, 0.08195853233337402, 0.04450058937072754, 0.06604671478271484, 0.06918597221374512, 0.04874086380004883, 0.0653533935546875, 0.0831153392791748, 0.04130387306213379, 0.06991910934448242, 0.07586669921875, 0.04210233688354492, 0.06696128845214844, 0.08348870277404785, 0.05070233345031738, 0.07386255264282227, 0.0813899040222168, 0.04956388473510742, 0.06853890419006348, 0.07987117767333984, 0.04816293716430664, 0.06918978691101074, 0.076995849609375, 0.04117560386657715, 0.07359075546264648, 0.07996582984924316, 0.039316654205322266, 0.07203364372253418, 0.08025455474853516, 0.039923906326293945, 0.07310295104980469, 0.06847357749938965, 0.04887104034423828, 0.06823396682739258, 0.08402323722839355, 0.04075050354003906, 0.0743703842163086, 0.08067464828491211, 0.04065823554992676, 0.07676219940185547, 0.08613991737365723, 0.04513096809387207, 0.07288384437561035, 0.06939148902893066, 0.05033373832702637, 0.06873178482055664, 0.07636761665344238, 0.049526214599609375, 0.07201933860778809, 0.07439994812011719, 0.04187154769897461, 0.06797623634338379, 0.08568763732910156, 0.04777979850769043, 0.07261538505554199, 0.08521342277526855, 0.0427548885345459, 0.08419108390808105, 0.07972192764282227, 0.047154903411865234, 0.09463787078857422, 0.0854337215423584, 0.05877685546875, 0.07946515083312988, 0.0861809253692627, 0.04059457778930664, 0.07593131065368652, 0.08003711700439453, 0.05273318290710449, 0.06834101676940918, 0.07243990898132324, 0.05866837501525879, 0.07849788665771484, 0.0818321704864502, 0.042414188385009766, 0.0747382640838623, 0.08254075050354004, 0.04415488243103027, 0.07757115364074707, 0.07811164855957031, 0.0443110466003418, 0.07343435287475586, 0.07456660270690918, 0.0447385311126709, 0.07177996635437012, 0.08150458335876465, 0.04935741424560547, 0.07178974151611328, 0.0807187557220459, 0.04165172576904297, 0.09370994567871094, 0.08236360549926758, 0.046276092529296875, 0.07799220085144043, 0.08053803443908691, 0.043260812759399414, 0.07759642601013184, 0.07341623306274414, 0.04415082931518555, 0.07605767250061035, 0.07367467880249023, 0.04418444633483887, 0.07857370376586914, 0.08208560943603516, 0.04458928108215332, 0.0827791690826416, 0.07716131210327148, 0.0547177791595459, 0.07298517227172852, 0.0845789909362793, 0.055565595626831055, 0.0765390396118164, 0.07653594017028809, 0.04246020317077637, 0.07885980606079102, 0.06810641288757324, 0.05417060852050781, 0.07533550262451172, 0.08003902435302734, 0.049880266189575195, 0.08062291145324707, 0.08637714385986328, 0.050429344177246094, 0.07546520233154297, 0.08508658409118652, 0.04555797576904297, 0.07994484901428223, 0.08311200141906738, 0.04616498947143555, 0.0803840160369873, 0.08519864082336426, 0.05479764938354492, 0.07995414733886719, 0.07391667366027832, 0.05430459976196289, 0.07561779022216797, 0.08170747756958008, 0.054030656814575195, 0.07653284072875977, 0.07386946678161621, 0.053209781646728516, 0.07427668571472168, 0.08465576171875, 0.04626035690307617, 0.0858304500579834, 0.08423733711242676, 0.04706287384033203, 0.09735321998596191, 0.08431529998779297, 0.05429482460021973, 0.08153104782104492, 0.08404541015625, 0.047631025314331055, 0.08593869209289551, 0.07395553588867188, 0.05821967124938965, 0.07714700698852539, 0.08088278770446777, 0.044925689697265625, 0.0828857421875, 0.07639336585998535, 0.05442023277282715, 0.07820296287536621, 0.07730460166931152, 0.048439979553222656, 0.08872818946838379, 0.07489895820617676, 0.04882240295410156, 0.07992911338806152, 0.08648800849914551, 0.054444313049316406, 0.07644271850585938, 0.07462692260742188, 0.05216073989868164, 0.0819847583770752, 0.07532620429992676, 0.057753562927246094, 0.08685660362243652, 0.07921624183654785, 0.052082061767578125, 0.08416509628295898, 0.07929325103759766, 0.05682492256164551, 0.0823216438293457, 0.07480955123901367, 0.05361795425415039, 0.0865020751953125, 0.08578205108642578, 0.04931020736694336, 0.0832052230834961, 0.07344532012939453, 0.05687904357910156, 0.08204269409179688, 0.08339762687683105, 0.04891705513000488, 0.08558368682861328, 0.08559799194335938, 0.04974031448364258, 0.0842282772064209, 0.0754556655883789, 0.05345439910888672, 0.08886551856994629, 0.08542180061340332, 0.05662107467651367, 0.08390593528747559, 0.08482146263122559, 0.05489921569824219, 0.07872509956359863, 0.07578253746032715, 0.0663614273071289, 0.08360600471496582, 0.07325911521911621, 0.05769991874694824, 0.09124898910522461, 0.07126021385192871, 0.06702232360839844, 0.07610225677490234, 0.07581901550292969, 0.05242443084716797, 0.08654141426086426, 0.08626651763916016, 0.06836271286010742, 0.07993364334106445, 0.07692623138427734, 0.052321434020996094, 0.08547544479370117, 0.07908463478088379, 0.058722496032714844, 0.08273911476135254, 0.08516693115234375, 0.05290412902832031, 0.0865325927734375, 0.08557844161987305, 0.05682635307312012, 0.08964323997497559, 0.08376741409301758, 0.061274051666259766, 0.08812618255615234, 0.07900762557983398, 0.06143331527709961, 0.0878913402557373, 0.08520078659057617, 0.06461024284362793, 0.08739566802978516, 0.08469820022583008, 0.0522465705871582, 0.08714079856872559, 0.07800793647766113, 0.07106328010559082, 0.08800458908081055, 0.07485175132751465, 0.06938028335571289, 0.09616303443908691, 0.08525395393371582, 0.05370497703552246, 0.08687567710876465, 0.08627104759216309, 0.055710554122924805, 0.09582638740539551, 0.07817554473876953, 0.0582585334777832, 0.08550715446472168, 0.0781397819519043, 0.06487536430358887, 0.0832517147064209, 0.07933640480041504, 0.05276346206665039, 0.08624744415283203, 0.07786273956298828, 0.06986570358276367, 0.09534287452697754, 0.07556986808776855, 0.0589754581451416, 0.08846735954284668, 0.07703113555908203, 0.06606936454772949, 0.08372783660888672, 0.07715201377868652, 0.07171177864074707, 0.0892796516418457, 0.08002471923828125, 0.05885791778564453, 0.08864045143127441, 0.08483099937438965, 0.06304740905761719, 0.0879514217376709, 0.07626509666442871, 0.0760810375213623, 0.08613348007202148, 0.07854008674621582, 0.058446645736694336, 0.09000205993652344, 0.08404016494750977,